session_id,cashier_id,terminal_id,member_id,session_type,duration_min,order_transfer,usage,discount,total
11243,5,6,,Free,32,1.54,4.22,0.0,5.76
11244,2,16,50.0,Member,131,3.74,10.39,0.0,14.13
11245,2,9,,Standard,117,0.64,11.52,0.0,12.16
11246,3,13,,Standard,103,5.67,7.88,0.48,13.07
11247,5,5,,Standard,81,5.73,12.85,0.0,18.58
11248,1,6,,Standard,85,0.36,12.46,0.0,12.82
11249,5,16,,Standard,43,6.67,6.31,0.0,12.98
11250,3,5,9.0,Member,162,2.25,25.62,0.0,27.87
11251,2,7,,Standard,122,4.37,14.18,0.0,18.55
11252,2,5,,Standard,70,0.99,5.8,0.0,6.79
11253,2,9,,Standard,66,6.88,9.14,0.0,16.02
11254,1,6,,Standard,101,3.25,14.67,0.0,17.92
11255,4,11,,Administrator,27,7.38,1.8,0.0,9.18
11256,2,10,21.0,Member,83,1.7,9.72,0.0,11.42
11257,5,9,,Time Limited,79,4.5,6.45,0.0,10.95
11258,1,6,,Standard,107,0.69,16.65,0.0,17.34
11259,3,11,33.0,Member,117,4.16,14.1,0.0,18.26
11260,2,6,9.0,Member,135,6.31,10.59,0.79,16.11
11261,3,10,50.0,Member,101,7.1,15.42,0.0,22.52
11262,1,15,,Time Limited,76,3.76,5.16,0.59,8.33
11263,3,9,39.0,Member,171,0.01,21.39,0.0,21.4
11264,2,10,44.0,Member,116,6.92,7.71,0.0,14.63
11265,4,4,,Free,58,7.11,4.13,0.25,10.99
11266,5,14,,Standard,72,3.16,6.01,0.0,9.17
11267,4,10,,Standard,107,5.06,14.39,0.0,19.45
11268,5,6,,Standard,34,5.87,4.61,0.0,10.48
11269,4,2,4.0,Member,161,2.15,24.87,0.0,27.02
11270,5,14,6.0,Member,64,5.33,5.29,1.21,9.41
11271,1,7,,Time Limited,54,2.04,5.95,0.0,7.99
11272,5,12,,Standard,51,5.87,7.89,0.98,12.78
11273,2,2,32.0,Member,105,1.31,7.44,0.83,7.92
11274,1,4,,Time Limited,73,7.59,4.55,0.4,11.74
11275,1,6,,Time Limited,40,4.91,3.43,0.0,8.34
11276,1,4,,Free,23,0.62,3.25,1.71,2.16
11277,5,16,,Standard,104,6.61,13.83,0.0,20.44
11278,1,16,,Standard,69,6.98,6.1,0.0,13.08
11279,4,14,,Standard,67,3.78,6.27,0.0,10.05
11280,1,5,,Administrator,45,7.69,4.86,0.0,12.55
11281,5,15,,Administrator,27,5.85,3.0,0.0,8.85
11282,4,3,60.0,Member,119,5.72,12.18,0.0,17.9
11283,3,11,,Standard,65,4.2,9.99,0.0,14.19
11284,1,8,,Standard,108,5.32,13.39,0.0,18.71
11285,3,5,,Standard,122,1.53,7.63,0.0,9.16
11286,2,6,,Standard,35,4.32,2.59,1.9,5.01
11287,5,5,,Administrator,44,6.7,3.32,0.0,10.02
11288,4,14,,Standard,94,3.97,9.51,0.0,13.48
11289,5,3,6.0,Member,164,4.83,22.15,0.0,26.98
11290,5,2,17.0,Member,150,6.15,20.31,2.91,23.55
11291,3,16,,Administrator,11,1.82,0.98,0.67,2.13
11292,4,9,,Standard,150,6.25,12.96,0.0,19.21
11293,1,6,,Standard,56,2.41,5.42,0.0,7.83
11294,5,16,,Free,31,1.19,3.01,0.0,4.2
11295,2,11,,Free,45,3.1,3.4,0.0,6.5
11296,4,9,,Standard,104,4.31,16.47,0.0,20.78
11297,5,7,,Standard,134,7.11,18.4,0.0,25.51
11298,3,5,,Standard,145,6.11,8.96,0.0,15.07
11299,5,4,,Standard,44,1.78,4.61,0.25,6.14
11300,5,15,,Standard,103,7.17,14.62,1.03,20.76
11301,1,15,,Time Limited,76,5.62,9.04,0.0,14.66
11302,3,11,,Standard,68,4.35,5.44,0.88,8.91
11303,3,15,,Administrator,14,4.02,1.84,0.0,5.86
11304,5,2,65.0,Member,77,7.36,4.96,0.0,12.32
11305,4,10,4.0,Member,156,3.5,20.17,0.0,23.67
11306,4,5,,Time Limited,37,5.15,4.72,0.49,9.38
11307,4,4,18.0,Member,142,5.53,11.81,0.0,17.34
11308,1,8,,Standard,71,3.37,6.19,0.0,9.56
11309,1,5,21.0,Member,129,7.11,20.59,0.0,27.7
11310,1,12,61.0,Member,45,5.02,7.06,1.71,10.37
11311,2,7,4.0,Member,111,3.02,15.85,0.0,18.87
11312,3,3,51.0,Member,117,5.79,18.6,0.0,24.39
11313,2,1,66.0,Member,93,0.73,12.64,0.0,13.37
11314,1,14,31.0,Member,178,2.86,22.48,0.69,24.65
11315,4,10,45.0,Member,109,6.06,16.99,0.0,23.05
11316,1,15,,Administrator,29,2.39,2.96,0.0,5.35
11317,3,10,,Time Limited,82,1.58,8.28,0.83,9.03
11318,5,5,,Time Limited,82,3.75,10.46,1.35,12.86
11319,4,8,,Standard,86,4.84,5.74,0.0,10.58
11320,3,5,,Standard,30,0.5,2.38,0.0,2.88
11321,3,15,32.0,Member,71,7.22,6.67,0.0,13.89
11322,5,11,,Administrator,29,6.4,1.92,0.0,8.32
11323,4,2,,Standard,136,3.37,16.2,0.0,19.57
11324,1,2,,Standard,107,3.32,17.11,0.0,20.43
11325,1,6,10.0,Member,128,1.06,19.33,0.0,20.39
11326,3,9,,Time Limited,59,5.05,8.3,0.0,13.35
11327,3,14,,Time Limited,61,2.48,8.06,0.0,10.54
11328,5,10,,Standard,92,6.88,6.13,0.0,13.01
11329,3,15,37.0,Member,154,5.85,17.77,1.41,22.21
11330,1,13,,Standard,143,6.65,22.83,1.52,27.96
11331,3,14,59.0,Member,162,3.87,21.24,0.0,25.11
11332,4,6,,Standard,48,7.51,7.03,0.0,14.54
11333,4,3,,Standard,60,2.44,5.24,0.0,7.68
11334,4,12,,Standard,114,1.55,13.86,0.0,15.41
11335,3,3,62.0,Member,88,7.79,5.4,2.42,10.77
11336,3,10,,Standard,87,0.35,9.5,1.55,8.3
11337,2,5,10.0,Member,72,3.78,10.86,0.0,14.64
11338,1,2,,Standard,56,6.06,5.25,0.92,10.39
11339,3,12,,Free,29,6.66,3.16,0.0,9.82
11340,3,1,,Standard,87,3.94,12.62,0.0,16.56
11341,2,15,22.0,Member,131,1.53,13.63,0.0,15.16
11342,3,8,1.0,Member,120,6.59,16.92,0.0,23.51
11343,3,12,,Time Limited,81,1.41,6.52,0.0,7.93
11344,1,14,,Standard,81,0.64,12.73,0.0,13.37
11345,1,9,,Standard,112,5.52,7.46,0.0,12.98
11346,4,12,7.0,Member,137,1.31,11.29,0.0,12.6
11347,1,2,,Standard,93,3.22,10.41,0.0,13.63
11348,4,12,4.0,Member,53,2.92,8.15,0.0,11.07
11349,4,6,,Time Limited,64,2.31,7.33,0.0,9.64
11350,4,7,19.0,Member,81,4.72,10.07,0.0,14.79
11351,5,6,52.0,Member,74,3.88,10.13,1.69,12.32
11352,3,5,,Time Limited,58,1.84,5.39,0.28,6.95
11353,5,2,,Standard,53,3.43,8.42,0.0,11.85
11354,5,4,,Standard,126,3.9,9.2,0.0,13.1
11355,1,8,,Standard,124,6.35,18.7,0.0,25.05
11356,1,12,,Standard,59,1.25,8.78,0.0,10.03
11357,3,7,,Free,49,1.48,7.43,2.03,6.88
11358,5,10,8.0,Member,139,5.72,13.95,0.0,19.67
11359,1,7,57.0,Member,62,4.95,4.57,0.0,9.52
11360,5,15,,Standard,102,2.44,13.26,0.0,15.7
11361,5,8,,Time Limited,82,3.51,10.59,0.0,14.1
11362,1,10,,Free,53,3.77,8.32,0.0,12.09
11363,5,16,25.0,Member,149,6.46,13.22,2.3,17.38
11364,5,2,,Standard,55,6.93,4.91,0.0,11.84
11365,2,14,,Standard,103,1.0,6.71,0.0,7.71
11366,4,9,2.0,Member,174,3.98,17.66,0.0,21.64
11367,2,16,,Standard,137,5.21,20.54,1.63,24.12
11368,2,6,29.0,Member,86,6.35,9.15,0.0,15.5
11369,3,10,11.0,Member,70,3.93,5.79,2.37,7.35
11370,3,16,,Administrator,25,4.92,2.83,0.0,7.75
11371,5,3,,Standard,31,7.88,2.86,1.4,9.34
11372,1,5,,Standard,141,4.65,11.85,0.0,16.5
11373,3,7,,Standard,78,5.36,11.08,0.0,16.44
11374,1,5,,Administrator,26,3.78,3.94,0.0,7.72
11375,2,2,,Standard,59,7.25,3.98,0.0,11.23
11376,1,11,,Standard,128,4.82,9.23,0.0,14.05
11377,5,4,,Time Limited,55,3.27,4.56,0.0,7.83
11378,2,8,,Standard,42,6.5,4.26,1.16,9.6
11379,4,16,2.0,Member,141,0.58,20.67,2.46,18.79
11380,1,15,24.0,Member,104,7.86,7.62,0.0,15.48
11381,1,1,44.0,Member,157,7.1,17.87,0.0,24.97
11382,1,9,57.0,Member,94,5.63,11.61,0.0,17.24
11383,4,5,,Standard,36,7.71,3.04,0.0,10.75
11384,4,3,,Standard,76,4.15,5.4,0.0,9.55
11385,4,13,,Standard,35,0.4,2.98,0.71,2.67
11386,5,8,,Standard,58,7.94,7.16,0.0,15.1
11387,1,15,,Standard,109,6.36,10.87,0.0,17.23
11388,2,3,5.0,Member,165,0.31,17.44,0.0,17.75
11389,1,8,,Standard,37,6.74,4.4,0.0,11.14
11390,1,6,,Standard,69,3.61,4.76,1.13,7.24
11391,2,1,,Standard,123,6.4,17.02,0.0,23.42
11392,2,12,,Standard,147,5.28,20.41,0.0,25.69
11393,4,9,31.0,Member,136,0.38,8.94,0.0,9.32
11394,2,14,,Standard,44,6.16,4.39,0.0,10.55
11395,1,13,,Standard,103,4.18,8.44,0.3,12.32
11396,4,14,,Administrator,45,0.44,6.37,0.0,6.81
11397,2,2,7.0,Member,153,4.5,13.44,0.0,17.94
11398,1,6,,Free,39,7.87,4.7,0.05,12.52
11399,2,12,6.0,Member,105,3.62,7.49,0.0,11.11
11400,5,14,,Administrator,15,0.56,1.49,0.0,2.05
11401,5,16,4.0,Member,158,5.61,13.55,0.0,19.16
11402,5,1,9.0,Member,107,6.24,12.74,0.0,18.98
11403,4,14,,Standard,105,7.51,7.6,0.0,15.11
11404,2,10,,Standard,142,7.75,12.01,0.0,19.76
11405,4,12,,Standard,39,0.62,4.12,0.0,4.74
11406,1,5,63.0,Member,70,1.74,8.75,0.0,10.49
11407,4,12,9.0,Member,90,5.46,13.06,1.1,17.42
11408,5,4,,Free,59,5.81,7.16,0.0,12.97
11409,2,3,16.0,Member,136,1.49,18.12,0.0,19.61
11410,1,16,,Time Limited,74,7.06,6.67,0.05,13.68
11411,4,8,,Standard,145,1.79,21.69,2.37,21.11
11412,4,12,,Administrator,45,7.42,5.07,0.0,12.49
11413,2,13,,Standard,51,2.26,5.9,0.0,8.16
11414,3,7,,Standard,53,2.07,8.29,0.0,10.36
11415,5,9,,Standard,34,0.32,2.47,0.0,2.79
11416,3,12,,Time Limited,47,3.97,3.13,0.0,7.1
11417,5,10,,Standard,99,0.21,10.6,0.94,9.87
11418,3,11,,Standard,148,2.12,9.26,0.0,11.38
11419,5,6,20.0,Member,148,1.54,14.41,2.37,13.58
11420,4,4,,Standard,51,1.19,3.16,1.05,3.3
11421,4,15,4.0,Member,150,5.32,11.05,0.0,16.37
11422,2,14,,Standard,105,7.25,12.08,0.0,19.33
11423,4,15,,Standard,80,2.2,11.07,0.94,12.33
11424,2,3,,Standard,54,1.71,4.33,0.0,6.04
11425,2,2,,Standard,146,7.77,15.25,0.0,23.02
11426,2,14,28.0,Member,120,2.13,13.45,0.66,14.92
11427,4,13,,Standard,77,1.58,9.12,0.0,10.7
11428,2,10,,Administrator,29,4.91,2.97,1.61,6.27
11429,1,2,43.0,Member,102,6.53,7.12,0.0,13.65
11430,1,8,,Standard,80,4.31,12.05,0.0,16.36
11431,3,3,,Standard,42,4.34,4.26,0.0,8.6
11432,5,10,,Standard,31,7.67,4.34,1.74,10.27
11433,1,11,49.0,Member,143,5.47,9.79,0.0,15.26
11434,5,15,33.0,Member,86,0.22,8.82,0.98,8.06
11435,2,1,,Standard,110,2.6,8.93,0.0,11.53
11436,4,10,34.0,Member,143,6.36,17.53,0.0,23.89
11437,2,12,22.0,Member,145,1.89,12.56,0.0,14.45
11438,4,13,25.0,Member,108,3.66,7.99,0.0,11.65
11439,3,1,4.0,Member,163,1.48,9.84,2.33,8.99
11440,3,14,,Free,34,0.4,2.41,0.13,2.68
11441,4,16,9.0,Member,171,5.62,21.18,0.0,26.8
11442,4,8,,Standard,44,6.05,5.55,0.0,11.6
11443,4,9,,Standard,106,3.48,13.08,0.0,16.56
11444,4,6,6.0,Member,80,2.0,8.28,0.0,10.28
11445,2,10,,Standard,145,0.97,17.22,0.0,18.19
11446,4,16,7.0,Member,130,5.81,9.48,0.0,15.29
11447,4,10,,Administrator,45,3.75,4.66,0.0,8.41
11448,1,12,,Standard,69,1.62,10.89,0.0,12.51
11449,4,9,17.0,Member,133,5.56,14.99,0.27,20.28
11450,5,8,,Standard,96,6.27,8.71,0.0,14.98
11451,3,4,,Standard,144,2.18,10.94,0.0,13.12
11452,3,9,33.0,Member,102,2.96,8.94,0.0,11.9
11453,3,12,,Standard,98,2.09,13.95,0.0,16.04
11454,4,2,8.0,Member,130,1.65,18.61,0.0,20.26
11455,1,12,,Administrator,14,0.56,1.54,0.0,2.1
11456,5,3,,Time Limited,78,0.37,11.83,1.09,11.11
11457,5,4,,Standard,148,5.27,12.01,0.0,17.28
11458,2,16,,Time Limited,71,4.27,10.74,2.26,12.75
11459,5,7,18.0,Member,141,1.71,10.33,0.0,12.04
11460,3,15,,Standard,53,1.53,4.15,0.0,5.68
11461,4,7,39.0,Member,80,5.63,8.95,2.22,12.36
11462,2,4,,Free,21,7.16,2.35,0.0,9.51
11463,3,7,1.0,Member,137,7.03,19.41,0.0,26.44
11464,2,7,,Free,37,3.04,4.27,0.35,6.96
11465,3,7,48.0,Member,110,0.94,11.16,0.0,12.1
11466,5,5,24.0,Member,61,0.76,8.98,0.0,9.74
11467,4,15,,Administrator,35,0.66,3.18,0.71,3.13
11468,1,1,,Standard,88,5.72,6.97,0.0,12.69
11469,2,14,,Standard,53,7.9,3.55,1.04,10.41
11470,2,7,27.0,Member,178,7.34,14.19,0.0,21.53
11471,5,1,,Standard,34,4.29,4.62,0.0,8.91
11472,1,5,,Standard,98,2.94,8.17,2.37,8.74
11473,5,11,,Standard,118,7.69,7.99,0.0,15.68
11474,3,9,15.0,Member,93,1.8,8.63,1.21,9.22
11475,1,6,,Standard,85,0.94,11.48,0.0,12.42
11476,5,2,40.0,Member,88,1.39,7.56,0.0,8.95
11477,1,14,32.0,Member,170,6.54,16.8,0.0,23.34
11478,2,12,8.0,Member,76,2.31,7.71,0.0,10.02
11479,2,7,,Administrator,23,1.38,3.28,1.25,3.41
11480,3,11,,Standard,86,6.39,13.49,1.1,18.78
11481,4,8,,Standard,65,6.06,10.12,0.0,16.18
11482,5,13,,Standard,84,6.99,7.52,0.0,14.51
11483,2,15,,Time Limited,46,1.89,4.93,1.1,5.72
11484,2,6,,Administrator,43,4.89,5.26,0.0,10.15
11485,1,8,,Standard,145,5.92,21.73,0.0,27.65
11486,3,5,,Standard,96,7.9,12.99,0.0,20.89
11487,2,9,,Standard,90,1.41,5.61,0.0,7.02
11488,1,8,,Standard,87,2.01,11.98,0.0,13.99
11489,2,3,,Standard,86,6.69,10.95,0.0,17.64
11490,1,5,60.0,Member,144,6.6,10.38,0.0,16.98
11491,1,16,,Standard,94,0.84,6.46,1.74,5.56
11492,5,14,,Standard,129,1.48,18.02,1.82,17.68
11493,2,10,,Time Limited,74,4.56,11.64,0.0,16.2
11494,2,10,,Time Limited,60,0.89,7.79,0.0,8.68
11495,1,9,,Standard,80,3.21,9.09,1.79,10.51
11496,3,1,,Standard,127,5.94,11.44,0.14,17.24
11497,3,6,,Standard,54,4.53,8.23,0.0,12.76
11498,5,9,,Standard,48,4.33,4.75,0.0,9.08
11499,1,1,,Standard,72,5.08,7.68,0.0,12.76
11500,3,4,21.0,Member,86,3.23,7.08,0.0,10.31
11501,2,5,,Standard,65,4.24,5.17,0.0,9.41
11502,1,11,3.0,Member,134,3.27,16.19,0.0,19.46
11503,2,4,49.0,Member,60,1.93,7.77,0.0,9.7
11504,1,12,,Standard,92,5.2,12.52,0.0,17.72
11505,4,7,,Standard,85,3.89,5.21,1.48,7.62
11506,1,4,64.0,Member,126,6.61,9.43,2.69,13.35
11507,4,15,,Standard,72,2.53,9.38,0.0,11.91
11508,2,14,4.0,Member,172,3.69,22.27,0.0,25.96
11509,3,15,6.0,Member,52,0.77,6.67,0.0,7.44
11510,4,13,,Standard,128,0.28,13.02,0.0,13.3
11511,1,14,,Standard,119,5.35,13.36,0.0,18.71
11512,1,16,,Standard,30,0.94,4.65,0.0,5.59
11513,5,2,50.0,Member,153,2.05,18.66,0.0,20.71
11514,2,6,,Standard,103,1.24,16.32,1.02,16.54
11515,1,9,38.0,Member,86,6.3,11.2,0.0,17.5
11516,2,11,,Administrator,32,0.44,4.2,0.0,4.64
11517,5,11,,Time Limited,89,5.55,12.77,0.0,18.32
11518,4,8,,Standard,58,6.73,4.37,0.0,11.1
11519,3,14,20.0,Member,97,1.94,14.31,0.0,16.25
11520,3,9,31.0,Member,82,3.25,9.72,2.74,10.23
11521,4,3,,Standard,72,5.28,11.42,0.0,16.7
11522,3,14,,Standard,48,7.42,7.1,0.0,14.52
11523,4,10,,Free,52,3.01,5.15,1.68,6.48
11524,4,3,,Standard,79,4.79,8.51,0.0,13.3
11525,1,2,,Standard,83,1.72,8.38,1.81,8.29
11526,5,11,,Time Limited,60,0.8,4.76,0.0,5.56
11527,5,13,,Free,46,5.47,6.84,1.49,10.82
11528,4,8,5.0,Member,120,3.5,16.07,0.0,19.57
11529,5,8,,Standard,128,5.22,10.18,0.0,15.4
11530,4,1,,Standard,109,5.47,14.12,0.0,19.59
11531,4,9,57.0,Member,82,6.59,12.92,0.0,19.51
11532,1,15,,Free,21,0.64,3.27,0.0,3.91
11533,2,13,,Standard,62,7.23,9.14,0.06,16.31
11534,4,13,,Standard,93,6.28,8.02,0.0,14.3
11535,5,16,,Standard,116,2.5,7.1,1.37,8.23
11536,4,7,,Time Limited,76,3.89,7.28,1.11,10.06
11537,1,4,,Standard,130,5.69,12.04,1.22,16.51
11538,3,8,,Time Limited,88,7.71,7.58,0.0,15.29
11539,4,6,12.0,Member,60,3.09,8.9,0.0,11.99
11540,3,8,60.0,Member,173,6.38,12.6,1.76,17.22
11541,4,8,1.0,Member,110,1.17,11.37,0.49,12.05
11542,4,9,57.0,Member,117,0.4,16.96,0.0,17.36
11543,3,15,,Time Limited,46,2.75,3.53,0.0,6.28
11544,3,13,,Standard,136,2.16,17.43,2.78,16.81
11545,5,7,34.0,Member,136,0.23,12.03,0.0,12.26
11546,4,14,,Free,24,5.08,1.64,0.35,6.37
11547,4,16,,Standard,85,2.57,6.68,0.0,9.25
11548,4,16,,Time Limited,59,3.5,7.46,0.0,10.96
11549,2,9,,Standard,59,2.08,7.15,0.73,8.5
11550,1,9,,Standard,131,2.29,13.82,0.0,16.11
11551,4,4,1.0,Member,93,2.22,8.62,0.0,10.84
11552,3,5,33.0,Member,91,4.7,11.92,0.0,16.62
11553,5,14,,Standard,43,6.13,6.03,0.0,12.16
11554,1,6,8.0,Member,143,7.68,13.48,0.0,21.16
11555,2,15,5.0,Member,116,0.47,18.44,1.3,17.61
11556,2,12,20.0,Member,63,6.55,6.49,0.0,13.04
11557,2,8,,Standard,42,7.16,5.14,0.0,12.3
11558,3,1,12.0,Member,174,6.33,21.45,0.39,27.39
11559,2,9,,Standard,139,5.53,12.79,0.53,17.79
11560,2,15,8.0,Member,110,1.21,14.7,0.0,15.91
11561,5,8,58.0,Member,57,2.9,4.22,2.72,4.4
11562,4,9,,Standard,134,0.75,20.83,0.84,20.74
11563,5,16,3.0,Member,100,1.37,13.09,0.0,14.46
11564,4,10,64.0,Member,78,1.92,8.11,0.0,10.03
11565,1,15,59.0,Member,180,4.37,28.27,0.0,32.64
11566,3,1,42.0,Member,124,2.91,12.44,2.94,12.41
11567,2,12,,Free,40,5.82,3.87,1.87,7.82
11568,1,14,,Standard,127,4.4,12.53,0.0,16.93
11569,1,16,,Standard,39,4.67,2.71,0.0,7.38
11570,5,7,,Standard,67,4.58,7.14,2.13,9.59
11571,2,1,7.0,Member,162,4.78,16.86,0.0,21.64
11572,2,16,,Standard,140,1.34,19.94,0.0,21.28
11573,3,13,,Standard,76,2.73,6.39,0.0,9.12
11574,3,16,,Standard,137,7.86,11.71,0.0,19.57
11575,2,4,25.0,Member,94,6.61,6.12,1.08,11.65
11576,2,15,5.0,Member,85,6.55,9.3,0.0,15.85
11577,1,12,41.0,Member,110,7.79,14.22,0.0,22.01
11578,4,4,,Standard,47,6.98,3.72,0.0,10.7
11579,1,2,,Standard,45,4.12,4.46,0.0,8.58
11580,4,14,,Standard,98,7.54,14.78,0.86,21.46
11581,3,15,,Standard,138,7.72,20.88,0.0,28.6
11582,2,11,,Standard,118,7.23,8.55,0.0,15.78
11583,4,5,,Standard,117,0.59,16.61,0.0,17.2
11584,5,3,24.0,Member,54,1.46,7.91,0.0,9.37
11585,1,16,,Standard,136,7.61,16.7,0.0,24.31
11586,3,15,,Standard,50,1.71,6.44,0.0,8.15
11587,3,13,,Time Limited,70,4.42,9.12,0.0,13.54
11588,5,3,,Standard,38,0.84,5.06,0.0,5.9
11589,5,5,,Standard,97,2.35,11.59,2.23,11.71
11590,3,10,26.0,Member,118,2.65,12.6,1.79,13.46
11591,4,1,,Standard,70,7.04,8.06,0.0,15.1
11592,4,14,,Time Limited,69,6.05,8.92,0.0,14.97
11593,4,2,4.0,Member,146,2.95,9.24,0.0,12.19
11594,5,6,,Time Limited,59,1.95,7.42,0.0,9.37
11595,4,16,,Standard,65,3.83,5.78,0.0,9.61
11596,2,7,,Time Limited,82,5.11,12.13,0.0,17.24
11597,1,2,,Standard,137,5.07,21.4,1.38,25.09
11598,3,4,,Time Limited,58,1.36,6.46,0.0,7.82
11599,3,1,,Standard,111,6.77,10.19,0.34,16.62
11600,5,12,,Time Limited,85,4.93,10.44,2.17,13.2
11601,3,12,8.0,Member,49,5.01,7.78,1.34,11.45
11602,4,2,,Time Limited,85,6.14,7.4,0.0,13.54
11603,4,3,,Standard,48,7.0,6.63,0.0,13.63
11604,5,11,,Standard,147,2.37,12.66,0.0,15.03
11605,2,16,,Time Limited,90,5.32,13.27,0.0,18.59
11606,1,9,,Standard,99,7.89,11.79,0.0,19.68
11607,4,13,,Standard,141,6.66,11.23,2.93,14.96
11608,4,2,28.0,Member,135,6.96,9.5,0.61,15.85
11609,5,15,,Administrator,15,3.25,1.4,0.0,4.65
11610,2,4,4.0,Member,64,0.11,6.45,0.32,6.24
11611,3,2,45.0,Member,94,7.74,11.79,1.75,17.78
11612,2,13,,Time Limited,71,7.62,8.25,0.0,15.87
11613,5,12,,Standard,80,7.22,6.35,0.0,13.57
11614,1,9,,Standard,115,2.67,11.02,0.0,13.69
11615,3,9,60.0,Member,170,4.1,24.98,0.0,29.08
11616,3,2,62.0,Member,148,6.05,19.71,0.0,25.76
11617,5,2,,Standard,50,7.97,5.36,0.0,13.33
11618,1,16,,Standard,139,4.58,16.33,0.0,20.91
11619,5,11,7.0,Member,121,3.37,10.52,0.0,13.89
11620,5,14,,Standard,96,5.27,14.35,0.0,19.62
11621,2,11,,Time Limited,81,6.12,8.42,2.64,11.9
11622,1,14,,Standard,110,5.02,16.52,0.0,21.54
11623,2,2,59.0,Member,168,1.09,25.32,0.0,26.41
11624,1,11,,Administrator,27,4.17,3.68,0.0,7.85
11625,2,16,,Standard,131,1.97,13.84,0.0,15.81
11626,3,10,29.0,Member,59,6.71,5.72,0.0,12.43
11627,5,15,35.0,Member,117,2.68,15.27,0.95,17.0
11628,4,2,,Standard,117,5.05,7.46,1.88,10.63
11629,5,10,,Standard,93,4.78,6.63,0.0,11.41
11630,3,4,,Standard,31,6.9,4.22,2.73,8.39
11631,4,5,,Time Limited,56,3.4,7.02,0.0,10.42
11632,3,14,3.0,Member,80,3.78,12.2,0.0,15.98
11633,5,9,53.0,Member,71,4.49,9.65,0.0,14.14
11634,4,15,36.0,Member,49,5.84,7.26,0.0,13.1
11635,1,13,36.0,Member,95,1.58,13.2,0.0,14.78
11636,1,11,5.0,Member,78,1.42,10.59,2.37,9.64
11637,5,16,37.0,Member,121,4.16,7.71,0.0,11.87
11638,4,12,38.0,Member,62,0.23,3.89,0.0,4.12
11639,1,10,,Standard,97,0.54,7.48,0.0,8.02
11640,5,4,15.0,Member,96,5.08,11.65,0.0,16.73
11641,2,2,,Time Limited,49,4.17,4.27,0.0,8.44
11642,2,14,,Standard,50,3.3,6.44,1.43,8.31
11643,5,12,,Standard,57,6.61,9.07,0.0,15.68
11644,4,16,,Free,43,0.58,2.7,0.0,3.28
11645,4,2,6.0,Member,128,4.28,15.7,0.0,19.98
11646,1,5,,Standard,146,5.34,8.92,0.0,14.26
11647,4,14,,Standard,101,7.28,9.88,0.0,17.16
11648,2,9,,Standard,149,0.4,20.92,0.0,21.32
11649,4,12,,Free,47,4.34,3.79,0.0,8.13
11650,3,3,8.0,Member,148,6.21,10.92,1.64,15.49
11651,3,8,,Standard,147,5.75,15.98,2.97,18.76
11652,5,2,,Standard,37,6.98,5.53,0.0,12.51
11653,5,14,25.0,Member,71,1.92,5.15,0.0,7.07
11654,5,12,,Time Limited,39,6.28,5.77,0.0,12.05
11655,3,6,,Standard,102,2.44,15.51,0.0,17.95
11656,2,10,,Standard,118,3.42,9.21,0.0,12.63
11657,3,2,,Standard,62,1.6,5.47,2.8,4.27
11658,5,1,,Standard,82,0.89,10.16,0.0,11.05
11659,2,5,,Standard,106,6.5,6.68,0.0,13.18
11660,3,5,,Standard,114,4.29,10.64,0.0,14.93
11661,3,13,,Time Limited,79,1.59,10.55,0.0,12.14
11662,2,2,,Free,50,3.75,4.92,0.0,8.67
11663,1,14,20.0,Member,157,1.62,21.35,0.0,22.97
11664,1,5,34.0,Member,180,0.18,12.69,0.0,12.87
11665,3,14,4.0,Member,112,5.29,9.15,0.0,14.44
11666,4,13,,Standard,123,1.87,15.49,0.0,17.36
11667,1,10,39.0,Member,113,5.28,6.8,0.0,12.08
11668,2,1,,Standard,53,7.83,8.44,0.0,16.27
11669,3,7,33.0,Member,91,0.43,11.72,2.74,9.41
11670,5,5,7.0,Member,148,6.75,20.59,0.0,27.34
11671,2,8,,Standard,37,7.88,4.7,0.0,12.58
11672,5,13,27.0,Member,87,5.16,6.71,0.0,11.87
11673,1,10,,Standard,132,5.9,17.97,0.0,23.87
11674,3,6,,Standard,58,1.72,9.01,0.0,10.73
11675,5,3,,Standard,105,0.12,12.11,0.0,12.23
11676,4,5,,Standard,100,5.71,15.37,0.0,21.08
11677,5,11,,Standard,82,4.11,9.33,0.0,13.44
11678,1,2,60.0,Member,152,3.72,16.66,0.0,20.38
11679,2,16,6.0,Member,148,7.75,21.48,2.85,26.38
11680,2,8,,Standard,117,3.34,15.17,0.0,18.51
11681,2,9,,Standard,36,5.29,3.02,0.0,8.31
11682,3,11,,Free,57,1.98,8.41,0.0,10.39
11683,4,10,35.0,Member,159,6.81,13.07,0.0,19.88
11684,3,6,,Time Limited,63,7.11,6.86,0.0,13.97
11685,5,6,,Administrator,27,2.39,3.95,0.0,6.34
11686,3,14,,Standard,84,4.83,6.15,0.0,10.98
11687,5,11,24.0,Member,160,1.21,23.17,0.0,24.38
11688,1,9,,Standard,125,0.52,18.25,2.14,16.63
11689,5,8,,Time Limited,48,2.43,7.13,0.0,9.56
11690,1,4,,Standard,73,0.82,10.97,0.0,11.79
11691,5,12,,Standard,75,0.96,6.82,0.83,6.95
11692,4,14,,Standard,35,5.83,2.33,0.0,8.16
11693,5,11,,Standard,48,2.39,7.19,0.0,9.58
11694,1,2,8.0,Member,132,7.31,13.01,2.39,17.93
11695,2,13,,Standard,33,1.39,3.81,2.91,2.29
11696,2,14,6.0,Member,158,6.42,13.96,0.0,20.38
11697,1,4,2.0,Member,97,5.76,15.41,0.0,21.17
11698,5,10,,Free,54,4.31,5.11,1.21,8.21
11699,1,1,,Time Limited,49,0.64,4.93,0.23,5.34
11700,3,10,,Standard,74,4.97,8.84,0.0,13.81
11701,2,10,,Time Limited,38,3.98,3.35,0.0,7.33
11702,1,13,,Standard,36,7.9,5.39,0.0,13.29
11703,5,6,10.0,Member,114,6.88,13.02,1.71,18.19
11704,1,8,,Standard,109,2.34,12.56,0.0,14.9
11705,1,12,,Standard,147,4.07,12.45,0.0,16.52
11706,2,11,,Standard,73,3.88,11.07,0.0,14.95
11707,5,12,,Standard,77,4.93,10.23,0.0,15.16
11708,4,14,,Standard,66,3.05,4.27,0.0,7.32
11709,5,5,25.0,Member,143,0.04,13.15,2.29,10.9
11710,5,14,44.0,Member,164,0.58,15.06,0.0,15.64
11711,2,3,,Standard,99,4.98,8.08,0.0,13.06
11712,3,7,,Standard,61,3.41,5.97,1.56,7.82
11713,1,13,,Free,38,1.81,2.89,0.47,4.23
11714,5,7,,Standard,148,7.42,21.69,0.0,29.11
11715,2,15,39.0,Member,63,6.22,6.67,0.89,12.0
11716,5,7,,Time Limited,40,6.82,3.5,2.71,7.61
11717,3,3,2.0,Member,84,4.9,11.23,0.0,16.13
11718,1,11,27.0,Member,100,1.84,13.79,2.14,13.49
11719,5,3,,Standard,65,6.81,6.92,0.0,13.73
11720,5,16,,Standard,35,7.77,3.54,0.0,11.31
11721,1,8,,Administrator,21,5.35,2.63,0.0,7.98
11722,2,6,,Administrator,25,7.16,2.03,0.0,9.19
11723,1,16,,Standard,50,2.74,7.14,0.0,9.88
11724,5,7,,Standard,117,4.79,10.27,0.0,15.06
11725,2,10,,Standard,126,4.9,10.59,1.11,14.38
11726,4,16,9.0,Member,126,7.22,7.59,0.0,14.81
11727,3,1,,Administrator,12,1.83,0.94,0.0,2.77
11728,2,8,,Standard,124,1.67,9.42,0.79,10.3
11729,2,6,,Standard,34,6.48,5.37,0.0,11.85
11730,2,16,,Free,39,1.43,3.98,0.0,5.41
11731,3,8,66.0,Member,58,3.28,7.4,0.0,10.68
11732,5,16,,Standard,108,2.72,17.12,0.0,19.84
11733,4,15,,Standard,78,5.42,9.83,2.08,13.17
11734,2,11,25.0,Member,60,3.23,5.27,2.52,5.98
11735,3,8,,Standard,83,5.47,12.71,0.0,18.18
11736,4,4,,Time Limited,61,2.48,5.22,0.0,7.7
11737,3,13,,Standard,31,6.89,3.98,2.75,8.12
11738,2,10,,Standard,126,1.12,15.59,2.49,14.22
11739,3,1,,Standard,77,7.56,8.72,0.0,16.28
11740,2,12,,Time Limited,54,4.17,8.29,0.0,12.46
11741,3,3,,Standard,45,1.14,4.18,0.0,5.32
11742,3,7,,Standard,149,3.97,20.33,0.0,24.3
11743,3,10,,Administrator,24,2.2,3.14,0.0,5.34
11744,3,16,57.0,Member,120,3.03,9.46,0.0,12.49
11745,5,11,9.0,Member,144,0.81,21.57,0.0,22.38
11746,3,12,,Free,50,4.99,4.36,0.0,9.35
11747,5,1,,Time Limited,42,3.7,6.11,0.0,9.81
11748,5,12,,Standard,61,0.89,8.24,0.0,9.13
11749,1,7,4.0,Member,63,0.61,7.48,0.0,8.09
11750,4,9,,Standard,31,2.0,4.62,0.0,6.62
11751,3,5,5.0,Member,152,6.86,13.65,1.75,18.76
11752,2,12,,Free,19,6.75,2.24,0.0,8.99
11753,1,8,,Standard,113,2.68,11.72,0.7,13.7
11754,5,15,,Free,33,4.05,3.1,0.0,7.15
11755,2,15,,Administrator,45,5.77,6.13,0.0,11.9
11756,3,14,,Free,60,7.53,9.18,0.05,16.66
11757,5,8,16.0,Member,133,2.3,15.56,0.0,17.86
11758,1,16,,Standard,55,1.49,6.01,0.0,7.5
11759,4,12,,Standard,53,1.49,8.23,0.0,9.72
11760,1,5,3.0,Member,169,2.81,23.46,0.0,26.27
11761,3,16,,Time Limited,49,2.29,4.43,0.0,6.72
11762,4,11,,Standard,108,3.55,10.17,0.0,13.72
11763,1,4,,Time Limited,38,6.96,4.75,0.0,11.71
11764,2,13,,Free,39,1.39,5.06,0.0,6.45
11765,2,12,,Standard,109,1.13,11.62,0.0,12.75
11766,1,5,24.0,Member,170,4.75,21.92,0.0,26.67
11767,1,5,51.0,Member,125,0.99,18.33,0.0,19.32
11768,3,5,,Standard,114,3.63,10.4,0.0,14.03
11769,5,7,,Standard,149,5.04,13.1,0.0,18.14
11770,2,7,,Standard,136,3.17,10.39,0.0,13.56
11771,1,14,52.0,Member,97,5.68,8.52,0.15,14.05
11772,3,5,,Standard,75,3.63,8.9,0.0,12.53
11773,3,3,58.0,Member,66,5.19,4.4,0.0,9.59
11774,4,6,,Free,54,1.6,4.25,0.0,5.85
11775,4,5,56.0,Member,173,5.74,21.14,0.0,26.88
11776,1,5,16.0,Member,133,0.62,19.83,0.0,20.45
11777,1,4,,Free,22,0.82,3.15,2.1,1.87
11778,3,3,,Standard,46,4.57,7.2,0.0,11.77
11779,1,5,,Free,31,4.26,4.06,0.0,8.32
11780,4,6,,Free,37,4.94,2.36,1.09,6.21
11781,2,11,41.0,Member,91,5.66,10.6,0.55,15.71
11782,3,10,,Standard,48,7.51,6.35,0.0,13.86
11783,2,9,,Standard,61,0.17,8.8,0.0,8.97
11784,2,2,,Time Limited,87,4.36,10.79,0.0,15.15
11785,4,6,61.0,Member,146,6.95,17.96,0.0,24.91
11786,4,13,20.0,Member,80,2.07,4.87,0.98,5.96
11787,5,15,,Standard,62,2.76,3.76,0.0,6.52
11788,4,3,,Administrator,28,7.98,2.45,0.0,10.43
11789,5,8,7.0,Member,156,0.46,21.37,0.06,21.77
11790,4,10,,Standard,142,1.78,14.48,0.0,16.26
11791,1,6,,Standard,136,1.9,12.51,0.0,14.41
11792,1,5,,Standard,101,3.62,6.44,0.0,10.06
11793,3,14,1.0,Member,140,5.27,16.03,2.62,18.68
11794,2,1,,Free,39,7.82,3.98,0.0,11.8
11795,2,6,,Free,15,4.55,1.75,0.0,6.3
11796,3,13,14.0,Member,69,6.3,6.22,2.98,9.54
11797,2,13,,Standard,49,5.52,7.83,2.32,11.03
11798,2,11,,Administrator,25,5.09,2.72,2.17,5.64
11799,5,6,,Time Limited,72,2.23,9.92,0.0,12.15
11800,5,13,,Administrator,22,2.68,1.67,0.0,4.35
11801,2,3,,Standard,37,7.0,3.33,0.0,10.33
11802,4,4,,Time Limited,31,0.93,4.87,0.0,5.8
11803,4,6,,Free,21,5.43,3.28,1.84,6.87
11804,4,14,,Standard,53,5.31,4.45,2.81,6.95
11805,1,9,48.0,Member,56,4.97,4.79,0.0,9.76
11806,3,3,1.0,Member,178,0.7,11.35,0.0,12.05
11807,3,7,13.0,Member,75,4.73,11.75,0.0,16.48
11808,1,12,7.0,Member,96,5.45,11.81,0.0,17.26
11809,4,10,,Standard,53,6.08,4.94,0.0,11.02
11810,5,3,45.0,Member,162,6.93,18.05,0.0,24.98
11811,1,1,,Standard,56,1.31,5.06,0.0,6.37
11812,1,12,,Standard,31,7.21,3.5,0.0,10.71
11813,5,4,,Free,15,4.78,1.58,0.0,6.36
11814,4,3,,Time Limited,52,1.45,4.62,0.0,6.07
11815,4,9,,Standard,140,5.73,8.68,0.0,14.41
11816,1,12,,Time Limited,43,5.62,3.23,0.0,8.85
11817,4,13,3.0,Member,110,4.71,16.17,0.0,20.88
11818,1,3,,Standard,120,6.25,13.0,0.0,19.25
11819,1,3,,Standard,57,7.26,6.67,0.0,13.93
11820,1,11,31.0,Member,118,6.95,12.51,0.0,19.46
11821,5,4,59.0,Member,144,5.03,12.78,2.99,14.82
11822,1,6,,Standard,51,1.38,3.22,0.0,4.6
11823,3,11,,Standard,116,6.06,12.99,0.0,19.05
11824,2,14,,Administrator,41,0.5,4.31,0.0,4.81
11825,3,11,,Time Limited,88,1.97,8.29,2.69,7.57
11826,3,10,,Time Limited,49,0.78,3.34,0.0,4.12
11827,2,13,34.0,Member,81,4.29,10.9,0.0,15.19
11828,3,15,,Standard,30,6.76,2.7,0.0,9.46
11829,3,7,,Standard,118,5.24,15.95,0.0,21.19
11830,1,8,60.0,Member,154,1.86,23.68,0.0,25.54
11831,2,5,54.0,Member,69,1.08,6.49,0.0,7.57
11832,3,4,39.0,Member,72,2.73,6.45,0.0,9.18
11833,4,15,6.0,Member,157,7.34,12.21,0.0,19.55
11834,2,9,,Standard,68,3.99,10.78,1.08,13.69
11835,4,1,,Standard,80,3.32,8.71,2.23,9.8
11836,4,9,,Time Limited,38,0.22,5.31,0.0,5.53
11837,4,15,,Standard,113,1.42,10.29,0.0,11.71
11838,2,10,9.0,Member,91,6.79,6.35,0.0,13.14
11839,2,12,7.0,Member,71,3.18,4.74,1.95,5.97
11840,5,10,,Time Limited,80,5.57,8.85,0.0,14.42
11841,4,11,,Standard,93,0.2,10.94,2.68,8.46
11842,2,10,,Administrator,34,2.61,2.78,0.0,5.39
11843,2,6,,Standard,94,3.05,10.7,0.56,13.19
11844,1,7,,Standard,44,2.43,6.45,0.0,8.88
11845,5,2,40.0,Member,80,3.45,5.6,0.43,8.62
11846,4,8,2.0,Member,132,1.4,8.84,0.89,9.35
11847,2,5,,Standard,117,2.44,13.14,0.0,15.58
11848,3,6,,Standard,113,0.07,16.78,1.68,15.17
11849,5,9,4.0,Member,99,0.49,7.46,0.0,7.95
11850,3,8,,Administrator,36,4.27,5.59,1.22,8.64
11851,1,6,,Time Limited,72,0.61,6.64,0.0,7.25
11852,4,14,61.0,Member,173,3.14,20.24,0.0,23.38
11853,5,7,65.0,Member,125,0.06,10.59,1.81,8.84
11854,3,7,31.0,Member,77,2.39,5.73,0.0,8.12
11855,5,14,,Time Limited,35,7.78,3.54,0.48,10.84
11856,2,14,30.0,Member,104,1.83,10.62,0.0,12.45
11857,1,16,1.0,Member,103,1.12,11.28,0.0,12.4
11858,1,13,,Standard,61,1.66,4.79,0.0,6.45
11859,3,11,,Time Limited,63,5.76,5.56,1.33,9.99
11860,4,15,,Standard,46,7.11,4.12,2.98,8.25
11861,3,6,,Free,30,0.6,2.37,0.0,2.97
11862,4,4,,Time Limited,40,4.25,2.49,0.0,6.74
11863,5,12,36.0,Member,55,3.72,4.94,0.0,8.66
11864,3,12,,Standard,79,0.48,9.83,0.1,10.21
11865,2,13,,Free,17,3.44,1.77,0.0,5.21
11866,1,12,51.0,Member,72,6.14,9.47,0.0,15.61
11867,2,5,22.0,Member,60,1.17,4.85,0.03,5.99
11868,1,5,19.0,Member,179,0.48,27.45,0.0,27.93
11869,3,7,,Standard,147,1.13,20.12,0.0,21.25
11870,1,6,,Standard,41,4.25,4.5,0.0,8.75
11871,1,13,49.0,Member,130,3.34,20.47,0.0,23.81
11872,5,2,,Standard,55,6.83,6.45,0.0,13.28
11873,3,6,28.0,Member,133,4.41,14.89,0.0,19.3
11874,1,11,,Time Limited,46,2.32,2.93,0.0,5.25
11875,2,10,37.0,Member,66,6.19,9.75,2.01,13.93
11876,1,8,1.0,Member,135,0.02,16.63,1.02,15.63
11877,3,12,,Standard,107,2.17,10.98,1.4,11.75
11878,5,13,,Standard,130,1.99,13.56,0.0,15.55
11879,1,10,62.0,Member,142,4.24,16.8,0.0,21.04
11880,5,4,10.0,Member,98,2.3,14.49,0.0,16.79
11881,3,15,5.0,Member,73,5.09,5.97,0.0,11.06
11882,3,3,,Standard,142,2.08,17.67,0.0,19.75
11883,3,13,49.0,Member,97,0.97,15.35,0.0,16.32
11884,3,2,,Standard,40,6.51,3.01,0.0,9.52
11885,1,8,,Standard,99,4.82,10.71,0.0,15.53
11886,5,14,,Administrator,24,5.89,2.57,1.25,7.21
11887,2,3,57.0,Member,179,4.22,21.38,0.0,25.6
11888,3,9,,Free,54,0.21,3.81,0.92,3.1
11889,1,12,,Standard,51,3.07,7.77,2.69,8.15
11890,4,3,,Standard,70,1.93,9.21,2.19,8.95
11891,1,5,31.0,Member,109,6.25,14.6,0.0,20.85
11892,3,12,56.0,Member,140,2.76,21.6,0.69,23.67
11893,4,3,,Standard,52,0.35,7.94,2.72,5.57
11894,3,16,,Free,59,4.7,5.59,0.0,10.29
11895,4,14,,Administrator,43,1.98,4.08,0.0,6.06
11896,3,8,,Standard,75,4.07,6.48,0.0,10.55
11897,4,13,42.0,Member,130,1.86,16.59,0.09,18.36
11898,5,16,,Standard,88,1.54,12.45,0.0,13.99
11899,2,15,65.0,Member,146,1.88,10.06,0.0,11.94
11900,5,2,17.0,Member,101,3.86,9.63,0.55,12.94
11901,2,16,,Standard,66,3.45,4.74,1.37,6.82
11902,5,11,6.0,Member,160,3.62,13.68,0.0,17.3
11903,2,8,,Time Limited,31,1.04,2.04,0.0,3.08
11904,2,13,51.0,Member,134,7.04,12.71,0.0,19.75
11905,3,11,,Standard,46,2.05,6.88,0.5,8.43
11906,1,9,,Standard,132,1.69,11.77,0.0,13.46
11907,2,9,,Administrator,21,1.37,2.09,0.0,3.46
11908,1,15,,Standard,49,3.82,7.16,0.31,10.67
11909,1,6,,Standard,112,4.08,14.65,0.0,18.73
11910,2,2,,Standard,92,6.67,7.04,0.0,13.71
11911,5,9,6.0,Member,171,2.26,25.32,0.0,27.58
11912,1,1,,Standard,132,4.7,10.51,0.0,15.21
11913,5,3,,Standard,46,1.37,5.89,0.0,7.26
11914,5,1,,Standard,80,2.33,7.06,0.0,9.39
11915,5,5,,Free,33,5.64,2.01,0.0,7.65
11916,2,14,,Standard,97,1.82,7.5,0.0,9.32
11917,4,5,,Standard,82,1.44,7.04,2.72,5.76
11918,4,1,,Standard,109,0.47,16.51,0.0,16.98
11919,2,11,,Free,37,0.05,2.71,1.82,0.94
11920,2,1,,Standard,126,4.89,16.45,0.0,21.34
11921,1,16,,Standard,118,6.61,17.53,0.0,24.14
11922,1,15,,Standard,31,3.46,1.96,0.0,5.42
11923,3,14,,Standard,66,5.46,7.36,0.0,12.82
11924,4,5,,Time Limited,59,6.27,4.91,0.0,11.18
11925,4,13,8.0,Member,60,1.55,6.48,0.0,8.03
11926,2,4,,Standard,38,4.25,3.96,0.0,8.21
11927,5,6,,Standard,45,0.89,5.22,0.0,6.11
11928,3,16,53.0,Member,140,1.77,22.25,0.53,23.49
11929,3,7,,Standard,89,6.44,9.44,0.0,15.88
11930,1,16,,Time Limited,31,1.6,4.68,0.0,6.28
11931,1,15,,Time Limited,39,3.9,2.45,2.96,3.39
11932,4,16,,Standard,53,0.01,7.55,0.04,7.52
11933,1,2,,Free,52,1.42,4.52,0.0,5.94
11934,4,6,,Standard,64,0.88,9.44,2.63,7.69
11935,1,14,,Standard,86,0.42,13.52,0.0,13.94
11936,5,16,,Standard,93,6.74,14.72,0.0,21.46
11937,4,4,,Free,19,1.82,1.86,0.0,3.68
11938,3,15,,Standard,45,7.96,5.26,0.0,13.22
11939,1,7,,Standard,143,7.01,12.37,0.0,19.38
11940,5,8,4.0,Member,120,6.26,12.72,0.0,18.98
11941,1,2,,Standard,88,2.83,8.84,0.0,11.67
11942,3,14,1.0,Member,118,3.27,17.8,0.0,21.07
11943,4,13,,Standard,65,3.42,9.88,0.0,13.3
11944,1,16,,Standard,66,3.42,6.64,0.0,10.06
11945,1,13,11.0,Member,116,1.03,8.77,0.17,9.63
11946,1,1,,Standard,94,8.0,14.16,0.59,21.57
11947,2,16,1.0,Member,141,1.57,17.08,0.0,18.65
11948,2,11,,Standard,150,4.66,23.29,0.0,27.95
11949,2,4,,Standard,66,7.67,8.53,0.0,16.2
11950,3,6,5.0,Member,104,7.06,10.73,0.0,17.79
11951,4,10,,Standard,123,5.59,9.76,0.0,15.35
11952,2,9,,Standard,99,0.93,12.82,0.0,13.75
11953,3,12,,Administrator,38,7.2,4.92,0.0,12.12
11954,2,4,,Standard,118,4.26,11.8,0.0,16.06
11955,1,6,,Time Limited,85,3.15,5.99,1.9,7.24
11956,3,3,5.0,Member,164,2.59,16.15,0.0,18.74
11957,1,12,15.0,Member,80,3.7,5.29,0.0,8.99
11958,3,15,,Standard,130,0.06,9.76,0.0,9.82
11959,5,14,,Administrator,38,3.53,3.04,0.0,6.57
11960,5,4,,Standard,57,4.82,7.29,0.0,12.11
11961,1,12,,Standard,104,4.62,14.17,0.0,18.79
11962,3,15,,Standard,121,1.86,11.25,0.0,13.11
11963,3,12,,Standard,73,0.56,9.72,0.98,9.3
11964,3,2,,Administrator,17,2.88,1.71,0.0,4.59
11965,2,8,,Time Limited,40,5.39,3.41,0.0,8.8
11966,2,11,29.0,Member,71,5.4,9.18,0.39,14.19
11967,2,3,,Standard,42,2.21,6.38,0.61,7.98
11968,4,16,,Administrator,18,6.31,2.44,0.0,8.75
11969,1,3,,Time Limited,87,1.39,9.78,2.6,8.57
11970,3,15,,Standard,87,3.13,5.65,0.0,8.78
11971,4,12,23.0,Member,141,2.53,20.16,1.23,21.46
11972,2,8,,Time Limited,90,7.25,8.99,0.0,16.24
11973,2,13,,Free,50,7.42,3.91,0.0,11.33
11974,1,13,,Standard,108,6.48,16.03,0.0,22.51
11975,3,15,,Standard,31,4.44,3.9,0.0,8.34
11976,5,9,,Standard,58,0.54,5.27,0.0,5.81
11977,5,5,,Standard,76,4.47,4.97,0.0,9.44
11978,1,5,,Time Limited,56,3.76,3.6,1.32,6.04
11979,2,11,,Standard,56,2.55,8.1,0.0,10.65
11980,1,2,,Standard,59,4.65,8.37,2.41,10.61
11981,1,16,,Standard,51,2.96,5.38,0.0,8.34
11982,2,5,21.0,Member,52,2.55,6.11,0.0,8.66
11983,4,14,,Standard,57,2.82,8.63,0.0,11.45
11984,5,12,,Standard,77,5.61,9.29,1.44,13.46
11985,4,8,,Administrator,34,7.98,2.31,0.0,10.29
11986,2,12,17.0,Member,159,0.33,21.43,0.0,21.76
11987,2,10,,Standard,57,5.64,4.82,0.0,10.46
11988,2,14,,Standard,61,7.33,8.9,2.16,14.07
11989,5,4,,Standard,102,5.67,10.47,0.0,16.14
11990,2,15,,Standard,138,5.13,21.09,0.0,26.22
11991,5,3,,Standard,31,2.03,1.89,2.15,1.77
11992,1,3,37.0,Member,55,3.53,4.12,0.0,7.65
11993,3,13,22.0,Member,75,5.26,4.98,0.0,10.24
11994,5,15,27.0,Member,117,4.08,10.5,0.0,14.58
11995,1,16,,Administrator,43,0.77,6.26,0.0,7.03
11996,4,8,41.0,Member,54,4.01,6.52,2.38,8.15
11997,1,4,,Standard,87,4.47,10.29,1.9,12.86
11998,4,1,,Standard,31,5.33,2.18,0.0,7.51
11999,5,13,,Standard,67,5.13,7.83,0.0,12.96
12000,4,8,4.0,Member,119,3.35,9.91,0.0,13.26
12001,3,15,48.0,Member,102,6.16,7.26,0.0,13.42
12002,5,8,,Free,19,5.09,1.36,0.0,6.45
12003,3,10,33.0,Member,154,2.53,19.17,0.0,21.7
12004,2,1,,Standard,105,6.18,6.5,0.0,12.68
12005,4,10,64.0,Member,164,1.19,17.67,0.0,18.86
12006,2,3,,Administrator,36,7.62,3.72,0.0,11.34
12007,4,5,14.0,Member,166,0.57,21.07,0.0,21.64
12008,1,14,,Free,19,4.3,1.55,0.0,5.85
12009,1,13,,Standard,142,6.66,20.57,0.0,27.23
12010,1,12,56.0,Member,48,2.74,6.72,2.95,6.51
12011,1,10,4.0,Member,84,1.58,11.8,0.0,13.38
12012,1,5,,Time Limited,81,0.23,10.68,0.0,10.91
12013,2,6,,Standard,143,6.49,16.52,0.0,23.01
12014,1,13,10.0,Member,66,4.98,7.29,0.0,12.27
12015,3,3,,Standard,144,7.96,22.78,2.93,27.81
12016,2,8,,Standard,36,7.59,2.55,0.0,10.14
12017,3,6,,Standard,90,2.77,12.43,2.66,12.54
12018,3,5,,Standard,33,3.9,2.79,0.0,6.69
12019,2,13,,Standard,80,5.95,10.88,0.0,16.83
12020,2,2,,Time Limited,63,6.36,8.28,0.0,14.64
12021,1,14,,Standard,98,3.43,15.64,0.0,19.07
12022,2,10,,Standard,58,1.98,6.64,0.0,8.62
12023,4,11,,Standard,71,1.71,6.6,0.59,7.72
12024,4,11,,Standard,115,7.02,8.19,0.0,15.21
12025,1,13,49.0,Member,141,5.25,12.45,0.0,17.7
12026,4,11,,Standard,143,0.08,16.11,0.0,16.19
12027,1,8,,Administrator,17,5.48,2.19,0.0,7.67
12028,3,15,,Standard,36,0.02,3.53,0.0,3.55
12029,1,7,10.0,Member,72,2.06,9.46,0.0,11.52
12030,1,8,,Standard,109,1.11,8.93,0.0,10.04
12031,4,12,7.0,Member,138,6.39,17.56,0.0,23.95
12032,1,15,,Standard,97,0.13,10.73,0.0,10.86
12033,2,13,,Standard,104,1.5,8.24,0.0,9.74
12034,4,14,,Standard,32,2.64,3.37,0.0,6.01
12035,2,2,16.0,Member,145,7.89,18.78,2.87,23.8
12036,4,16,,Standard,134,7.39,10.3,0.0,17.69
12037,5,8,18.0,Member,130,5.02,20.32,0.0,25.34
12038,4,10,60.0,Member,172,5.46,25.45,0.0,30.91
12039,3,16,,Standard,102,5.32,11.38,1.85,14.85
12040,2,8,,Free,49,4.82,3.31,0.0,8.13
12041,2,16,32.0,Member,126,6.06,18.43,0.0,24.49
12042,3,1,,Standard,141,7.26,15.71,2.24,20.73
12043,2,3,,Administrator,25,2.81,1.94,0.0,4.75
12044,1,7,,Standard,93,3.87,13.49,0.0,17.36
12045,3,11,,Standard,121,7.37,14.26,1.42,20.21
12046,2,11,,Standard,81,3.74,12.19,0.0,15.93
12047,3,3,,Standard,137,7.56,12.27,0.0,19.83
12048,4,16,,Standard,148,5.25,21.5,0.0,26.75
12049,2,7,,Standard,68,2.95,9.59,0.0,12.54
12050,4,5,5.0,Member,63,6.14,8.24,0.0,14.38
12051,5,9,,Standard,80,3.85,5.51,0.0,9.36
12052,2,6,26.0,Member,125,4.46,11.66,0.0,16.12
12053,3,11,,Standard,150,3.24,20.76,0.0,24.0
12054,5,5,3.0,Member,91,3.96,10.24,0.0,14.2
12055,1,10,,Standard,109,0.52,14.21,2.63,12.1
12056,1,14,2.0,Member,117,4.68,12.28,0.0,16.96
12057,1,6,24.0,Member,155,2.1,15.58,1.36,16.32
12058,5,13,,Administrator,26,6.91,3.92,0.0,10.83
12059,5,7,,Standard,114,7.7,15.97,0.36,23.31
12060,1,1,,Standard,57,7.57,7.76,0.0,15.33
12061,2,8,,Free,45,4.02,4.06,1.94,6.14
12062,4,10,,Standard,129,2.69,12.23,1.67,13.25
12063,2,7,,Standard,30,1.6,2.36,0.0,3.96
12064,5,4,,Standard,76,3.88,9.51,0.0,13.39
12065,3,7,5.0,Member,94,3.77,6.63,0.74,9.66
12066,3,11,,Time Limited,80,7.63,6.48,0.27,13.84
12067,2,6,29.0,Member,89,2.24,7.95,0.0,10.19
12068,3,11,,Standard,112,7.76,15.97,0.0,23.73
12069,1,16,,Time Limited,81,4.58,7.56,0.71,11.43
12070,4,16,1.0,Member,51,3.72,3.98,1.71,5.99
12071,2,4,,Time Limited,77,5.53,5.0,0.0,10.53
12072,2,13,,Time Limited,48,0.47,6.58,0.0,7.05
12073,4,6,,Free,41,5.9,4.47,0.0,10.37
12074,1,10,5.0,Member,47,2.86,6.21,0.0,9.07
12075,2,2,,Standard,117,1.62,18.39,0.22,19.79
12076,2,8,4.0,Member,157,3.29,24.34,1.93,25.7
12077,4,14,,Standard,51,7.87,7.41,0.0,15.28
12078,5,5,,Standard,106,3.49,12.75,0.0,16.24
12079,5,16,,Standard,127,6.41,17.24,0.0,23.65
12080,5,1,,Free,33,7.53,3.57,0.0,11.1
12081,4,6,,Standard,38,6.26,3.85,0.0,10.11
12082,4,5,,Free,57,1.06,7.12,0.0,8.18
12083,3,2,,Standard,125,0.26,12.56,2.4,10.42
12084,3,2,22.0,Member,169,6.45,20.5,0.0,26.95
12085,1,5,60.0,Member,162,6.73,16.74,0.0,23.47
12086,4,1,,Standard,56,7.45,6.66,0.0,14.11
12087,2,15,5.0,Member,147,0.91,13.97,2.28,12.6
12088,1,2,,Standard,115,3.1,8.57,0.0,11.67
12089,5,11,,Standard,48,7.04,4.39,0.0,11.43
12090,5,15,43.0,Member,169,2.17,23.78,0.0,25.95
12091,4,4,48.0,Member,54,6.31,4.51,1.51,9.31
12092,4,8,,Standard,35,2.33,3.67,0.0,6.0
12093,1,1,,Standard,131,5.83,12.83,0.0,18.66
12094,4,2,7.0,Member,85,4.62,6.01,0.0,10.63
12095,4,4,33.0,Member,162,4.12,13.24,0.0,17.36
12096,4,16,,Standard,62,5.01,7.98,0.0,12.99
12097,2,6,,Standard,53,0.97,5.26,2.67,3.56
12098,3,10,,Standard,53,5.42,7.33,0.0,12.75
12099,3,10,32.0,Member,84,0.83,10.69,0.0,11.52
12100,4,13,43.0,Member,100,6.34,10.19,0.23,16.3
12101,3,12,,Standard,32,0.03,2.39,0.0,2.42
12102,4,13,53.0,Member,115,7.51,18.35,0.0,25.86
12103,2,16,,Time Limited,30,4.02,3.94,0.0,7.96
12104,3,2,33.0,Member,55,0.09,3.34,0.0,3.43
12105,5,6,,Time Limited,51,0.62,3.46,0.0,4.08
12106,2,8,37.0,Member,176,6.45,13.67,1.18,18.94
12107,5,10,,Standard,147,4.78,16.89,0.0,21.67
12108,5,8,32.0,Member,179,2.37,25.81,0.78,27.4
12109,3,2,,Standard,78,1.5,6.84,1.49,6.85
12110,3,12,,Standard,72,1.88,5.39,0.0,7.27
12111,2,8,,Standard,82,1.82,9.26,1.58,9.5
12112,5,1,,Standard,112,0.97,11.75,0.0,12.72
12113,5,2,,Standard,45,5.37,3.99,0.0,9.36
12114,5,14,,Standard,126,4.78,10.21,0.0,14.99
12115,4,5,,Standard,83,4.07,5.74,0.0,9.81
12116,4,5,,Standard,103,7.77,16.1,0.0,23.87
12117,4,3,,Time Limited,67,5.14,5.72,2.55,8.31
12118,2,16,,Standard,92,0.96,5.92,0.0,6.88
12119,4,15,,Standard,89,5.83,6.59,0.93,11.49
12120,2,11,,Time Limited,82,1.65,12.0,0.0,13.65
12121,4,2,,Standard,40,4.68,5.37,0.0,10.05
12122,3,7,,Standard,132,3.86,17.33,0.0,21.19
12123,2,5,,Time Limited,52,4.81,6.34,0.0,11.15
12124,4,2,,Standard,32,3.38,3.94,0.0,7.32
12125,3,14,,Standard,59,5.78,7.72,0.0,13.5
12126,4,13,,Standard,55,6.5,3.4,2.23,7.67
12127,1,1,23.0,Member,142,2.92,12.91,0.0,15.83
12128,5,4,,Standard,86,2.06,9.8,0.0,11.86
12129,4,2,,Standard,39,0.69,5.86,0.0,6.55
12130,4,7,,Standard,101,3.1,9.39,0.0,12.49
12131,4,12,7.0,Member,174,3.66,18.29,0.0,21.95
12132,5,5,22.0,Member,50,1.55,7.19,0.0,8.74
12133,1,8,,Time Limited,32,4.82,4.77,0.0,9.59
12134,3,10,,Standard,81,2.84,11.7,0.0,14.54
12135,3,3,,Standard,125,2.84,19.29,0.0,22.13
12136,5,3,,Free,49,6.14,3.23,0.0,9.37
12137,3,10,,Administrator,22,3.43,3.1,0.0,6.53
12138,2,14,,Standard,106,3.81,9.42,0.0,13.23
12139,2,9,4.0,Member,49,5.93,6.78,0.21,12.5
12140,5,6,,Standard,88,3.54,10.2,0.0,13.74
12141,5,6,49.0,Member,149,5.74,12.15,0.0,17.89
12142,4,14,,Standard,47,4.96,3.3,2.27,5.99
12143,5,9,,Free,34,0.56,3.34,0.0,3.9
12144,2,14,,Standard,70,2.96,5.9,0.0,8.86
12145,1,1,,Free,33,2.48,3.57,0.0,6.05
12146,4,6,,Time Limited,70,7.14,4.24,1.73,9.65
12147,5,11,,Standard,137,0.19,19.81,0.0,20.0
12148,2,9,5.0,Member,157,4.13,17.25,0.0,21.38
12149,1,16,,Standard,91,1.38,10.36,0.0,11.74
12150,4,15,,Standard,65,0.94,5.17,0.03,6.08
12151,3,14,,Standard,120,3.21,16.08,0.0,19.29
12152,4,8,55.0,Member,154,6.59,18.3,0.0,24.89
12153,1,5,60.0,Member,45,6.15,3.12,0.0,9.27
12154,5,10,,Free,21,1.86,1.51,2.15,1.22
12155,4,8,,Standard,55,7.95,8.27,0.0,16.22
12156,4,9,,Standard,48,3.12,5.11,0.0,8.23
12157,2,13,,Free,36,0.38,2.72,0.0,3.1
12158,2,11,21.0,Member,79,2.07,8.85,0.0,10.92
12159,3,7,,Standard,38,4.9,3.36,0.0,8.26
12160,2,1,,Standard,98,2.34,11.68,0.0,14.02
12161,1,5,,Free,49,6.14,6.99,0.0,13.13
12162,3,7,,Standard,89,2.71,10.95,0.72,12.94
12163,3,11,,Standard,133,4.75,8.53,0.0,13.28
12164,3,1,4.0,Member,59,3.0,3.6,0.0,6.6
12165,2,9,,Free,51,0.12,8.14,0.0,8.26
12166,1,10,,Standard,31,0.22,4.32,2.35,2.19
12167,3,6,,Time Limited,46,6.08,5.16,0.0,11.24
12168,2,15,2.0,Member,140,2.3,13.97,0.0,16.27
12169,5,1,,Standard,54,7.78,7.78,0.0,15.56
12170,1,2,,Administrator,28,6.95,2.65,0.0,9.6
12171,5,5,,Standard,84,5.16,11.46,0.0,16.62
12172,2,12,,Time Limited,76,3.98,9.46,2.94,10.5
12173,4,14,,Standard,90,6.46,7.09,1.61,11.94
12174,5,11,,Time Limited,31,4.11,4.13,0.0,8.24
12175,1,6,,Administrator,41,7.8,5.64,0.92,12.52
12176,4,1,47.0,Member,121,5.05,10.87,0.0,15.92
12177,2,6,1.0,Member,58,5.37,7.41,0.0,12.78
12178,1,10,50.0,Member,165,6.77,22.27,0.0,29.04
12179,4,7,23.0,Member,158,0.95,23.2,2.42,21.73
12180,3,10,,Standard,133,1.6,13.53,0.0,15.13
12181,4,3,,Standard,76,6.13,10.63,0.0,16.76
12182,2,9,62.0,Member,172,2.61,20.81,0.0,23.42
12183,1,8,,Standard,62,4.18,6.39,0.0,10.57
12184,5,14,,Time Limited,31,4.98,3.6,0.0,8.58
12185,1,8,,Standard,62,3.13,4.14,0.0,7.27
12186,5,4,,Standard,75,1.06,11.42,0.07,12.41
12187,2,1,49.0,Member,148,0.85,12.23,0.0,13.08
12188,5,2,,Standard,134,3.96,13.91,0.0,17.87
12189,2,3,,Standard,70,0.92,10.97,0.0,11.89
12190,2,5,9.0,Member,130,4.22,11.13,0.0,15.35
12191,2,1,,Standard,64,2.6,7.52,0.0,10.12
12192,4,4,64.0,Member,116,2.11,12.41,0.0,14.52
12193,1,12,,Standard,149,0.31,15.97,0.0,16.28
12194,4,8,,Standard,127,2.57,12.78,1.78,13.57
12195,1,13,,Standard,126,1.69,18.66,0.24,20.11
12196,4,16,,Free,28,2.23,1.84,0.0,4.07
12197,4,8,,Standard,39,1.92,3.62,0.0,5.54
12198,1,8,,Free,54,4.52,7.35,0.0,11.87
12199,4,7,,Standard,130,4.22,9.05,0.58,12.69
12200,2,13,8.0,Member,74,2.88,8.12,0.0,11.0
12201,2,10,,Standard,33,5.21,3.26,0.0,8.47
12202,4,8,6.0,Member,71,2.17,10.48,0.0,12.65
12203,1,7,,Time Limited,47,4.34,4.27,2.83,5.78
12204,1,14,,Standard,50,6.63,6.03,0.0,12.66
12205,4,11,62.0,Member,180,4.8,15.59,0.0,20.39
12206,1,12,,Administrator,40,7.11,3.39,0.0,10.5
12207,2,9,,Standard,99,0.19,15.28,0.0,15.47
12208,2,9,,Standard,106,2.82,8.87,0.0,11.69
12209,4,6,,Standard,91,5.63,13.34,2.37,16.6
12210,2,5,63.0,Member,105,1.04,9.11,0.0,10.15
12211,3,1,3.0,Member,91,2.53,13.64,0.0,16.17
12212,4,8,,Standard,87,3.97,7.42,0.0,11.39
12213,4,2,,Standard,64,2.35,7.17,0.0,9.52
12214,3,16,53.0,Member,175,7.78,14.32,0.0,22.1
12215,3,14,,Free,53,6.96,4.61,2.95,8.62
12216,5,12,29.0,Member,136,0.56,8.52,1.47,7.61
12217,1,10,,Standard,62,1.37,7.17,0.0,8.54
12218,4,5,7.0,Member,137,5.77,8.83,0.05,14.55
12219,1,10,,Standard,60,4.22,8.46,0.0,12.68
12220,5,11,,Standard,50,5.4,7.63,0.0,13.03
12221,1,14,,Standard,58,0.9,8.83,0.0,9.73
12222,4,1,,Standard,50,6.43,7.6,2.64,11.39
12223,2,3,,Free,59,7.61,8.17,0.0,15.78
12224,1,13,,Standard,104,3.89,8.15,0.0,12.04
12225,3,2,,Standard,130,0.86,10.25,0.0,11.11
12226,1,3,43.0,Member,161,3.77,20.04,0.52,23.29
12227,1,11,,Time Limited,57,1.89,5.65,0.0,7.54
12228,5,5,,Standard,119,1.84,12.7,0.0,14.54
12229,3,8,,Standard,103,5.63,16.29,0.0,21.92
12230,5,14,,Time Limited,59,7.37,7.33,0.0,14.7
12231,3,8,,Standard,135,7.27,18.52,0.0,25.79
12232,3,13,,Standard,34,6.15,3.35,0.0,9.5
12233,4,16,,Standard,62,7.92,9.02,1.03,15.91
12234,5,11,35.0,Member,88,5.87,6.76,0.0,12.63
12235,1,9,,Administrator,44,6.43,5.9,0.0,12.33
12236,2,11,,Standard,111,7.62,7.4,0.0,15.02
12237,1,5,,Standard,97,0.98,11.45,0.0,12.43
12238,5,12,3.0,Member,127,7.27,19.37,0.0,26.64
12239,4,3,,Standard,33,6.77,3.63,0.0,10.4
12240,4,8,,Standard,68,6.5,5.63,0.0,12.13
12241,4,4,,Standard,137,0.79,10.64,0.0,11.43
12242,4,13,,Standard,43,4.91,5.28,2.01,8.18
12243,1,9,,Free,31,4.24,4.54,0.0,8.78
12244,1,5,14.0,Member,172,6.09,17.85,0.0,23.94
12245,1,13,,Time Limited,37,1.43,3.22,0.0,4.65
12246,1,13,49.0,Member,109,5.34,15.63,0.0,20.97
12247,5,8,,Standard,102,1.36,6.69,0.0,8.05
12248,4,15,,Standard,119,7.91,16.9,0.54,24.27
12249,4,9,,Standard,50,2.35,4.98,2.39,4.94
12250,5,15,,Time Limited,78,3.23,7.75,0.0,10.98
12251,3,10,5.0,Member,67,1.51,10.44,0.0,11.95
12252,2,13,27.0,Member,175,1.89,14.39,0.0,16.28
12253,1,7,,Free,46,1.93,4.81,0.0,6.74
12254,4,9,3.0,Member,175,3.14,14.57,0.0,17.71
12255,5,9,,Standard,77,6.28,7.13,0.0,13.41
12256,1,9,,Time Limited,83,5.07,12.12,0.0,17.19
12257,1,10,,Standard,116,5.73,7.89,0.0,13.62
12258,2,8,,Administrator,33,6.37,5.17,0.0,11.54
12259,2,7,,Standard,73,0.21,6.47,0.0,6.68
12260,5,8,,Free,47,3.96,4.07,0.0,8.03
12261,5,10,,Standard,135,7.84,16.5,0.0,24.34
12262,3,6,63.0,Member,93,1.64,12.67,0.0,14.31
12263,3,2,8.0,Member,115,7.23,10.39,0.0,17.62
12264,4,1,3.0,Member,115,0.51,14.06,0.0,14.57
12265,5,11,,Time Limited,79,2.14,11.47,0.0,13.61
12266,1,5,,Free,37,2.33,3.28,0.0,5.61
12267,5,13,,Free,52,7.99,7.3,0.0,15.29
12268,1,6,4.0,Member,103,3.12,14.48,0.0,17.6
12269,4,16,11.0,Member,98,1.89,14.19,2.35,13.73
12270,2,16,,Time Limited,47,1.78,7.41,0.0,9.19
12271,4,9,25.0,Member,123,4.93,13.44,0.0,18.37
12272,3,16,39.0,Member,105,6.89,8.24,0.0,15.13
12273,2,14,,Standard,101,7.43,11.44,0.0,18.87
12274,5,16,25.0,Member,51,2.42,7.13,0.0,9.55
12275,4,8,55.0,Member,172,1.7,22.88,0.0,24.58
12276,4,14,,Free,51,6.65,6.87,0.0,13.52
12277,5,1,,Time Limited,68,3.01,9.08,0.0,12.09
12278,2,4,,Free,27,6.69,2.69,0.0,9.38
12279,4,6,17.0,Member,144,6.62,11.62,0.0,18.24
12280,4,12,,Free,24,6.18,2.79,0.0,8.97
12281,5,1,,Standard,41,2.06,4.27,0.0,6.33
12282,2,14,45.0,Member,96,3.95,6.12,0.0,10.07
12283,5,9,,Standard,92,2.34,7.77,1.01,9.1
12284,5,2,9.0,Member,140,3.51,11.71,0.0,15.22
12285,4,10,,Standard,141,6.52,16.18,0.5,22.2
12286,1,4,,Time Limited,77,0.7,7.67,0.0,8.37
12287,1,9,,Standard,142,1.62,21.15,1.71,21.06
12288,1,10,7.0,Member,79,1.13,9.26,0.0,10.39
12289,1,3,45.0,Member,150,1.26,13.17,0.0,14.43
12290,1,14,,Time Limited,32,6.88,2.79,0.0,9.67
12291,1,12,,Standard,39,6.99,2.77,0.53,9.23
12292,2,11,3.0,Member,125,1.16,11.14,0.0,12.3
12293,4,7,6.0,Member,112,0.53,12.58,0.0,13.11
12294,2,3,,Standard,110,5.72,11.07,2.78,14.01
12295,2,1,,Standard,119,7.89,17.53,0.0,25.42
12296,1,12,,Time Limited,39,4.49,2.51,0.0,7.0
12297,1,15,,Time Limited,31,0.58,3.63,2.7,1.51
12298,3,13,,Standard,129,5.13,11.88,0.0,17.01
12299,2,15,33.0,Member,119,6.49,11.61,0.69,17.41
12300,3,6,,Standard,81,4.67,5.25,0.0,9.92
12301,1,13,11.0,Member,58,4.78,5.7,0.0,10.48
12302,5,7,,Standard,118,0.49,12.52,0.0,13.01
12303,1,16,,Standard,146,5.24,23.08,0.0,28.32
12304,4,5,,Standard,113,0.53,7.73,0.0,8.26
12305,5,14,,Time Limited,62,6.32,5.89,0.0,12.21
12306,1,8,,Standard,64,7.99,9.08,0.0,17.07
12307,3,11,,Standard,30,3.02,3.19,0.0,6.21
12308,1,7,,Administrator,37,3.76,2.42,0.0,6.18
12309,5,9,6.0,Member,172,2.99,14.65,0.0,17.64
12310,4,2,,Standard,42,0.38,3.94,1.14,3.18
12311,2,6,,Standard,30,6.68,3.18,0.0,9.86
12312,5,8,,Administrator,14,6.33,2.21,0.0,8.54
12313,2,15,,Standard,70,7.64,6.24,0.0,13.88
12314,5,5,,Standard,149,1.34,10.06,0.1,11.3
12315,1,8,,Standard,81,0.18,6.84,2.65,4.37
12316,2,2,3.0,Member,88,7.34,8.98,0.19,16.13
12317,2,11,10.0,Member,107,1.25,6.44,0.0,7.69
12318,4,15,,Standard,116,3.26,14.62,0.0,17.88
12319,2,13,,Standard,97,4.6,14.54,1.76,17.38
12320,1,1,,Standard,91,2.15,8.91,0.0,11.06
12321,1,13,,Standard,116,2.93,16.13,0.0,19.06
12322,3,14,,Free,53,4.49,7.21,0.0,11.7
12323,2,10,,Standard,87,2.52,6.31,0.97,7.86
12324,2,15,,Standard,125,1.5,15.26,0.0,16.76
12325,2,10,,Free,48,7.12,5.14,2.89,9.37
12326,5,2,10.0,Member,102,5.55,7.17,0.0,12.72
12327,3,3,52.0,Member,102,5.75,10.83,1.05,15.53
12328,1,3,,Time Limited,62,7.66,4.71,0.0,12.37
12329,4,2,44.0,Member,73,7.49,4.74,0.0,12.23
12330,2,12,2.0,Member,162,7.63,13.09,0.0,20.72
12331,5,12,,Standard,67,0.55,7.6,0.0,8.15
12332,2,12,,Standard,121,7.34,10.58,0.0,17.92
12333,4,11,,Administrator,13,3.38,1.95,2.55,2.78
12334,5,10,5.0,Member,87,3.75,8.88,0.0,12.63
12335,3,8,36.0,Member,129,2.25,10.79,0.0,13.04
12336,4,13,,Standard,86,7.47,7.42,0.0,14.89
12337,5,5,,Standard,67,6.74,9.59,0.0,16.33
12338,2,2,,Standard,58,6.72,8.83,0.0,15.55
12339,3,2,54.0,Member,52,0.73,4.15,0.0,4.88
12340,1,14,,Administrator,42,3.12,6.48,0.0,9.6
12341,1,10,,Standard,36,2.44,2.61,0.0,5.05
12342,4,4,,Free,36,3.53,5.11,0.0,8.64
12343,2,9,10.0,Member,110,5.15,6.77,0.0,11.92
12344,4,14,27.0,Member,73,1.84,6.57,0.0,8.41
12345,2,7,33.0,Member,54,2.13,5.1,0.87,6.36
12346,5,9,,Standard,53,5.11,6.35,0.0,11.46
12347,1,3,,Free,20,0.19,2.41,0.0,2.6
12348,2,12,,Administrator,34,7.89,3.78,0.0,11.67
12349,4,4,,Standard,54,3.29,6.29,0.0,9.58
12350,5,12,,Standard,111,2.5,10.28,1.73,11.05
12351,5,2,,Standard,88,7.64,12.34,2.7,17.28
12352,2,5,,Standard,58,3.14,8.32,0.58,10.88
12353,4,10,33.0,Member,158,4.56,13.6,0.0,18.16
12354,1,13,,Time Limited,90,3.05,8.92,0.0,11.97
12355,5,8,1.0,Member,60,2.28,9.58,0.0,11.86
12356,5,7,,Time Limited,48,4.32,3.88,0.0,8.2
12357,1,1,2.0,Member,148,6.79,16.4,1.16,22.03
12358,3,9,38.0,Member,144,5.12,12.06,0.0,17.18
12359,2,7,,Standard,59,1.76,5.71,0.0,7.47
12360,2,14,,Standard,52,0.99,6.88,0.0,7.87
12361,4,12,,Time Limited,86,1.42,10.3,0.0,11.72
12362,1,8,,Standard,50,7.1,6.57,0.0,13.67
12363,5,1,,Standard,150,4.82,23.38,0.0,28.2
12364,3,15,,Standard,103,4.72,9.08,0.0,13.8
12365,5,4,,Standard,59,0.08,5.09,0.0,5.17
12366,1,14,9.0,Member,79,0.02,6.79,0.0,6.81
12367,2,4,,Standard,57,7.68,5.99,0.0,13.67
12368,1,7,42.0,Member,172,0.33,13.31,0.0,13.64
12369,3,12,,Standard,135,1.67,20.88,0.0,22.55
12370,5,3,,Standard,62,7.51,9.53,0.0,17.04
12371,1,8,,Standard,112,5.51,9.04,0.0,14.55
12372,4,11,,Standard,89,1.28,8.16,0.0,9.44
12373,2,6,,Time Limited,76,6.11,8.66,1.29,13.48
12374,2,13,,Standard,40,7.65,5.04,2.48,10.21
12375,1,9,,Standard,68,1.99,9.08,0.0,11.07
12376,3,1,,Standard,124,2.48,7.57,0.0,10.05
12377,1,14,58.0,Member,45,2.84,5.35,0.0,8.19
12378,5,1,,Time Limited,30,4.29,2.27,0.0,6.56
12379,4,3,,Standard,110,2.63,16.46,0.0,19.09
12380,2,10,,Time Limited,58,3.6,4.93,0.0,8.53
12381,4,7,,Standard,35,5.56,3.29,2.37,6.48
12382,3,14,52.0,Member,75,3.75,7.91,0.0,11.66
12383,2,13,2.0,Member,126,0.78,15.48,0.0,16.26
12384,5,1,,Free,43,1.78,4.89,0.0,6.67
12385,1,12,,Standard,120,1.34,9.17,0.0,10.51
12386,5,16,,Standard,40,6.71,5.76,0.0,12.47
12387,2,7,,Free,57,6.09,5.47,0.0,11.56
12388,1,7,,Standard,37,6.03,3.82,0.0,9.85
12389,3,6,,Standard,36,6.43,3.94,0.0,10.37
12390,4,5,,Standard,129,1.16,20.54,0.0,21.7
12391,3,2,6.0,Member,133,3.02,20.25,0.0,23.27
12392,3,3,,Standard,60,4.52,9.28,0.0,13.8
12393,5,2,7.0,Member,134,7.05,14.1,0.0,21.15
12394,3,10,,Administrator,17,1.54,1.05,2.43,0.16
12395,4,1,,Standard,146,5.76,20.2,0.0,25.96
12396,3,5,,Standard,149,6.93,16.28,0.0,23.21
12397,4,8,,Free,55,4.95,4.63,0.0,9.58
12398,5,4,9.0,Member,164,5.59,24.43,0.34,29.68
12399,2,4,,Standard,93,5.72,10.08,0.0,15.8
12400,4,12,,Standard,53,2.36,3.55,0.0,5.91
12401,3,5,5.0,Member,171,2.57,10.68,0.0,13.25
12402,4,10,,Standard,54,2.47,7.37,0.0,9.84
12403,1,13,,Standard,76,1.71,7.43,0.16,8.98
12404,1,3,,Standard,144,3.97,11.87,0.0,15.84
12405,2,11,,Standard,138,3.36,18.43,0.0,21.79
12406,2,4,,Standard,46,3.09,3.64,0.0,6.73
12407,4,15,,Standard,94,7.3,7.24,1.51,13.03
12408,5,7,26.0,Member,51,2.78,5.63,0.0,8.41
12409,1,6,,Time Limited,44,1.34,6.72,0.0,8.06
12410,2,10,,Time Limited,41,4.19,4.43,0.0,8.62
12411,3,9,,Administrator,18,7.25,1.54,0.0,8.79
12412,5,9,1.0,Member,117,4.37,17.27,0.06,21.58
12413,1,13,,Standard,128,1.27,8.83,0.0,10.1
12414,3,6,,Free,27,6.25,3.25,0.0,9.5
12415,3,4,40.0,Member,129,1.1,9.28,0.61,9.77
12416,1,9,37.0,Member,124,6.09,17.74,0.0,23.83
12417,3,6,,Standard,97,2.63,10.14,0.0,12.77
12418,5,5,3.0,Member,103,7.72,7.59,0.0,15.31
12419,3,11,,Standard,104,7.06,13.35,0.0,20.41
12420,4,10,,Free,15,5.3,1.6,0.0,6.9
12421,5,12,8.0,Member,102,5.41,7.42,0.0,12.83
12422,3,14,32.0,Member,63,1.77,8.42,0.0,10.19
12423,3,2,40.0,Member,96,4.17,6.06,0.85,9.38
12424,5,16,,Standard,135,0.13,11.09,2.46,8.76
12425,3,13,,Standard,150,6.12,9.24,0.1,15.26
12426,3,3,,Standard,95,3.17,14.88,0.0,18.05
12427,2,4,14.0,Member,134,6.81,20.33,1.13,26.01
12428,5,11,,Standard,139,5.08,18.81,0.0,23.89
12429,4,4,,Standard,75,2.26,6.29,2.01,6.54
12430,1,2,,Time Limited,35,6.47,2.17,0.0,8.64
12431,2,1,40.0,Member,118,5.03,13.94,2.14,16.83
12432,5,12,,Standard,129,1.19,19.59,0.0,20.78
12433,2,9,,Time Limited,53,0.7,5.55,0.0,6.25
12434,3,10,,Standard,78,2.86,5.52,0.0,8.38
12435,2,11,,Standard,134,5.88,20.08,1.36,24.6
12436,2,14,6.0,Member,165,4.92,25.32,0.0,30.24
12437,2,16,,Standard,148,1.96,21.15,0.0,23.11
12438,5,12,,Standard,143,4.03,12.47,0.0,16.5
12439,5,10,,Administrator,24,5.38,3.16,0.0,8.54
12440,3,10,,Standard,144,6.63,15.13,1.14,20.62
12441,3,1,52.0,Member,73,6.08,9.92,2.13,13.87
12442,5,7,,Time Limited,58,1.77,7.49,0.0,9.26
12443,3,14,,Time Limited,68,7.01,9.4,2.16,14.25
12444,2,8,9.0,Member,87,3.5,12.11,0.0,15.61
12445,2,11,,Standard,150,7.47,11.81,0.0,19.28
12446,1,15,,Standard,99,7.42,7.21,0.0,14.63
12447,5,5,2.0,Member,127,2.89,17.5,0.0,20.39
12448,5,16,,Standard,52,1.36,4.23,0.0,5.59
12449,2,13,,Standard,78,2.81,6.84,0.0,9.65
12450,1,10,,Standard,128,7.05,11.03,0.0,18.08
12451,1,12,,Standard,44,2.25,5.71,0.0,7.96
12452,3,9,13.0,Member,54,0.93,3.71,2.11,2.53
12453,1,6,,Standard,72,5.96,8.12,0.0,14.08
12454,2,16,,Standard,71,4.96,5.34,0.0,10.3
12455,1,12,,Free,26,7.93,2.43,0.0,10.36
12456,5,13,,Standard,36,6.77,2.62,0.0,9.39
12457,5,1,18.0,Member,80,1.42,7.26,0.0,8.68
12458,4,1,15.0,Member,175,4.15,22.66,0.0,26.81
12459,4,8,,Standard,90,7.85,6.13,1.93,12.05
12460,1,10,,Standard,105,4.52,9.77,1.36,12.93
12461,1,10,47.0,Member,52,5.81,6.68,0.0,12.49
12462,1,12,,Time Limited,63,0.55,5.67,0.0,6.22
12463,3,11,63.0,Member,119,1.02,18.95,0.0,19.97
12464,2,15,,Standard,30,1.15,3.29,0.0,4.44
12465,4,7,,Standard,142,1.78,22.08,0.0,23.86
12466,3,2,,Administrator,16,1.75,2.3,0.77,3.28
12467,5,6,10.0,Member,179,4.29,16.78,0.0,21.07
12468,1,10,5.0,Member,125,4.59,8.81,0.0,13.4
12469,5,16,,Free,38,7.91,5.62,0.0,13.53
12470,2,11,1.0,Member,94,4.57,10.71,0.97,14.31
12471,1,4,,Free,34,6.39,2.07,0.79,7.67
12472,3,6,,Standard,131,7.38,16.46,0.0,23.84
12473,3,11,,Free,39,3.75,2.35,0.0,6.1
12474,5,4,,Standard,92,4.3,14.35,0.56,18.09
12475,4,4,,Standard,121,5.11,10.08,0.0,15.19
12476,5,7,4.0,Member,70,4.46,7.5,0.0,11.96
12477,5,16,57.0,Member,91,1.45,14.37,2.97,12.85
12478,4,4,,Standard,113,6.59,13.5,0.0,20.09
12479,3,13,,Standard,99,4.48,14.12,0.0,18.6
12480,4,8,,Standard,69,6.62,11.01,0.0,17.63
12481,2,10,,Standard,145,1.85,19.69,0.0,21.54
12482,2,15,4.0,Member,119,4.48,12.02,0.49,16.01
12483,1,11,,Standard,36,4.93,3.45,0.0,8.38
12484,4,4,,Standard,102,5.25,8.32,2.07,11.5
12485,2,4,,Standard,94,0.37,14.42,0.0,14.79
12486,2,14,3.0,Member,98,2.74,7.32,1.54,8.52
12487,4,12,53.0,Member,177,6.77,25.33,1.26,30.84
12488,3,15,37.0,Member,166,7.9,12.67,0.0,20.57
12489,4,16,17.0,Member,80,3.85,7.02,0.29,10.58
12490,3,3,,Standard,118,5.41,14.3,0.0,19.71
12491,2,11,,Time Limited,42,3.16,4.01,0.0,7.17
12492,5,10,,Standard,146,7.22,19.83,0.0,27.05
12493,4,1,28.0,Member,124,5.86,11.98,0.0,17.84
12494,1,14,,Standard,129,3.35,13.92,0.0,17.27
12495,2,11,,Standard,100,5.05,14.6,0.0,19.65
12496,1,8,,Standard,69,5.77,8.38,0.0,14.15
12497,3,5,,Standard,80,3.12,9.74,0.0,12.86
12498,1,1,,Standard,63,1.3,6.19,2.29,5.2
12499,5,6,51.0,Member,79,4.67,8.71,1.98,11.4
12500,1,9,,Standard,40,4.17,3.08,2.03,5.22
12501,1,3,,Standard,110,0.77,14.79,0.0,15.56
12502,4,1,,Standard,75,1.07,6.74,0.0,7.81
12503,4,12,,Standard,105,7.6,10.44,2.18,15.86
12504,1,2,1.0,Member,70,2.64,5.99,2.79,5.84
12505,2,16,40.0,Member,170,3.69,23.22,0.0,26.91
12506,5,14,,Standard,115,2.87,7.37,0.0,10.24
12507,1,12,,Time Limited,40,5.53,4.44,0.0,9.97
12508,3,4,2.0,Member,180,6.94,21.24,0.57,27.61
12509,5,1,,Standard,66,4.09,4.23,0.0,8.32
12510,4,3,,Administrator,17,0.56,2.55,0.0,3.11
12511,1,2,,Time Limited,70,6.96,6.99,2.22,11.73
12512,4,15,1.0,Member,116,4.51,17.46,0.0,21.97
12513,4,6,1.0,Member,156,6.3,22.5,0.0,28.8
12514,3,13,,Standard,70,7.84,10.51,0.37,17.98
12515,5,6,,Standard,83,3.89,9.53,1.04,12.38
12516,1,10,,Standard,59,7.46,6.63,0.0,14.09
12517,2,7,,Standard,127,3.69,17.4,0.0,21.09
12518,5,8,,Standard,42,5.47,4.31,0.0,9.78
12519,1,5,,Standard,108,6.5,15.69,2.35,19.84
12520,1,10,,Time Limited,70,1.57,5.52,2.26,4.83
12521,4,6,24.0,Member,162,4.14,11.44,0.0,15.58
12522,3,14,,Standard,78,1.98,8.29,0.0,10.27
12523,3,7,,Standard,58,2.76,5.29,2.84,5.21
12524,3,11,,Standard,37,6.32,3.01,0.0,9.33
12525,5,4,,Standard,39,6.81,3.9,0.0,10.71
12526,4,7,38.0,Member,47,4.99,4.08,0.0,9.07
12527,5,1,24.0,Member,47,0.85,3.85,1.54,3.16
12528,3,14,,Standard,107,5.28,10.88,0.0,16.16
12529,3,4,,Standard,148,3.65,14.25,0.0,17.9
12530,1,5,,Free,59,4.09,7.9,0.0,11.99
12531,1,7,,Time Limited,67,2.92,9.3,0.0,12.22
12532,4,8,58.0,Member,84,7.52,5.79,0.0,13.31
12533,2,12,,Standard,100,0.08,14.16,0.0,14.24
12534,4,1,,Standard,45,4.09,3.23,0.0,7.32
12535,1,11,14.0,Member,156,3.17,15.25,0.0,18.42
12536,1,3,,Standard,36,3.42,4.11,0.0,7.53
12537,4,14,5.0,Member,81,1.99,9.13,0.0,11.12
12538,5,1,,Standard,72,0.88,6.25,0.0,7.13
12539,4,8,,Standard,74,7.45,8.18,0.0,15.63
12540,4,15,4.0,Member,152,5.04,16.62,0.0,21.66
12541,4,14,,Standard,109,7.11,15.7,0.0,22.81
12542,3,11,,Free,45,4.29,6.46,0.0,10.75
12543,4,4,44.0,Member,180,5.29,11.73,0.0,17.02
12544,1,13,,Standard,35,4.48,3.52,0.0,8.0
12545,1,6,6.0,Member,170,1.14,14.88,0.0,16.02
12546,5,4,10.0,Member,78,4.46,7.18,0.0,11.64
12547,2,15,,Standard,81,3.08,10.22,0.0,13.3
12548,4,9,,Time Limited,48,0.24,5.31,0.0,5.55
12549,4,6,,Standard,100,3.15,11.6,1.42,13.33
12550,5,14,,Standard,34,7.95,3.02,0.0,10.97
12551,5,7,46.0,Member,155,2.75,19.45,0.0,22.2
12552,3,2,15.0,Member,70,4.78,8.03,0.0,12.81
12553,5,6,63.0,Member,113,3.99,10.67,1.95,12.71
12554,4,7,,Time Limited,60,6.48,7.01,0.0,13.49
12555,4,11,6.0,Member,177,7.14,23.62,0.0,30.76
12556,1,3,,Standard,95,2.53,13.3,0.0,15.83
12557,5,1,9.0,Member,71,6.38,9.21,0.0,15.59
12558,5,2,,Time Limited,86,6.32,7.86,0.0,14.18
12559,1,8,,Standard,85,7.71,12.31,0.0,20.02
12560,4,9,39.0,Member,147,4.7,14.24,0.0,18.94
12561,1,6,,Standard,128,2.4,14.31,2.53,14.18
12562,1,9,,Administrator,25,0.63,3.43,0.0,4.06
12563,4,6,,Administrator,41,1.8,6.26,0.0,8.06
12564,4,7,33.0,Member,122,7.27,13.3,0.0,20.57
12565,4,6,,Administrator,31,3.8,3.92,0.0,7.72
12566,3,7,,Time Limited,50,4.21,4.81,1.0,8.02
12567,4,8,8.0,Member,125,4.49,14.57,0.83,18.23
12568,1,9,58.0,Member,167,7.7,24.4,0.0,32.1
12569,5,6,,Standard,35,4.77,5.32,0.0,10.09
12570,1,4,,Standard,91,4.24,10.74,0.0,14.98
12571,1,12,,Standard,130,4.55,11.33,0.26,15.62
12572,1,2,,Standard,94,6.36,14.88,0.0,21.24
12573,3,9,,Standard,137,4.83,17.9,0.0,22.73
12574,3,9,,Free,60,4.64,3.83,2.39,6.08
12575,3,14,,Standard,117,6.37,7.18,0.0,13.55
12576,1,13,,Standard,67,0.6,10.16,0.0,10.76
12577,2,12,,Standard,82,2.34,5.64,0.0,7.98
12578,3,4,10.0,Member,106,7.65,16.15,0.0,23.8
12579,5,2,,Standard,95,2.33,12.39,0.39,14.33
12580,2,2,47.0,Member,50,6.08,6.55,1.34,11.29
12581,4,8,,Standard,76,6.45,5.78,0.0,12.23
12582,5,2,18.0,Member,155,5.04,10.08,0.0,15.12
12583,3,13,,Time Limited,30,1.08,3.05,0.0,4.13
12584,1,2,,Standard,31,1.44,4.81,1.14,5.11
12585,2,4,,Standard,64,6.7,6.57,0.0,13.27
12586,2,11,,Standard,114,4.2,15.35,0.0,19.55
12587,1,5,,Standard,128,1.62,10.72,0.0,12.34
12588,1,9,9.0,Member,79,4.92,7.86,0.0,12.78
12589,2,12,,Standard,56,0.91,4.64,0.0,5.55
12590,1,11,5.0,Member,51,6.97,4.64,0.0,11.61
12591,3,8,,Standard,38,7.95,2.56,1.61,8.9
12592,1,2,3.0,Member,76,3.8,10.83,0.0,14.63
12593,5,12,,Standard,78,0.44,8.77,0.0,9.21
12594,2,12,,Standard,52,6.61,5.14,0.0,11.75
12595,3,15,,Standard,53,0.46,7.93,2.42,5.97
12596,1,5,,Administrator,38,1.7,2.29,0.0,3.99
12597,1,7,,Standard,99,5.33,8.53,2.61,11.25
12598,1,7,62.0,Member,111,2.55,15.79,0.0,18.34
12599,3,14,26.0,Member,135,4.07,15.89,0.0,19.96
12600,4,13,63.0,Member,63,3.16,9.63,0.0,12.79
12601,4,10,,Standard,106,4.51,11.99,0.0,16.5
12602,5,4,8.0,Member,125,1.39,18.88,0.0,20.27
12603,5,14,,Standard,99,0.93,7.32,0.0,8.25
12604,4,14,6.0,Member,169,7.54,15.06,0.0,22.6
12605,1,13,,Time Limited,50,4.61,5.15,0.46,9.3
12606,4,3,,Standard,103,3.96,15.19,0.0,19.15
12607,1,1,,Standard,90,2.27,5.6,1.07,6.8
12608,2,2,,Time Limited,48,5.41,4.01,2.89,6.53
12609,5,7,,Standard,125,5.96,11.66,0.0,17.62
12610,2,13,,Standard,54,3.18,6.24,0.0,9.42
12611,1,9,10.0,Member,124,1.96,15.73,0.0,17.69
12612,3,16,,Standard,88,7.47,7.6,0.0,15.07
12613,2,6,,Standard,35,4.4,2.51,0.0,6.91
12614,3,3,,Standard,117,2.32,18.6,0.0,20.92
12615,4,1,,Standard,130,7.64,11.56,0.5,18.7
12616,2,16,27.0,Member,62,7.07,4.47,0.0,11.54
12617,1,10,,Standard,83,1.82,5.67,0.0,7.49
12618,1,8,,Standard,143,6.42,15.86,0.0,22.28
12619,1,6,,Standard,126,2.62,11.21,0.0,13.83
12620,5,4,4.0,Member,80,2.64,5.53,2.62,5.55
12621,3,2,,Standard,55,7.28,5.03,0.0,12.31
12622,1,15,,Standard,63,6.86,7.72,0.0,14.58
12623,1,15,,Standard,106,5.47,7.41,1.42,11.46
12624,2,16,35.0,Member,58,0.05,6.16,0.0,6.21
12625,3,5,46.0,Member,62,6.83,7.0,0.0,13.83
12626,4,1,,Standard,55,7.67,3.65,0.0,11.32
12627,4,2,,Standard,78,7.76,5.46,0.0,13.22
12628,2,5,,Standard,55,5.35,5.74,0.0,11.09
12629,2,15,47.0,Member,164,1.89,23.91,0.0,25.8
12630,5,5,7.0,Member,76,3.02,5.77,0.0,8.79
12631,1,10,,Standard,80,0.29,11.03,0.0,11.32
12632,5,10,,Standard,96,6.07,12.5,1.33,17.24
12633,1,12,,Standard,129,0.1,8.9,0.0,9.0
12634,1,13,35.0,Member,144,0.35,17.37,0.0,17.72
12635,2,7,,Standard,147,1.78,13.07,0.0,14.85
12636,1,3,,Standard,117,4.5,18.15,1.74,20.91
12637,3,9,,Standard,117,6.05,9.79,0.19,15.65
12638,1,14,,Standard,35,1.99,3.36,1.3,4.05
12639,1,15,,Standard,83,6.18,5.89,0.0,12.07
12640,5,8,,Standard,81,3.63,6.63,0.0,10.26
12641,5,5,60.0,Member,173,1.37,20.88,0.16,22.09
12642,5,8,,Time Limited,77,7.97,8.84,0.0,16.81
12643,1,1,11.0,Member,87,6.24,9.25,0.0,15.49
12644,4,10,,Standard,113,0.64,14.09,0.0,14.73
12645,4,7,,Standard,56,5.73,4.3,0.0,10.03
12646,5,8,54.0,Member,178,1.66,25.46,0.0,27.12
12647,5,1,,Free,26,7.08,3.62,0.0,10.7
12648,3,14,,Standard,100,2.08,9.86,0.0,11.94
12649,3,14,,Standard,131,5.05,15.76,0.0,20.81
12650,4,3,,Standard,120,3.12,13.09,0.0,16.21
12651,4,5,,Standard,128,1.75,18.15,0.39,19.51
12652,3,13,,Standard,48,1.61,5.51,0.0,7.12
12653,5,11,9.0,Member,80,5.12,7.06,0.0,12.18
12654,1,9,,Standard,146,1.98,14.2,0.0,16.18
12655,1,8,,Standard,119,6.9,10.07,0.0,16.97
12656,4,13,,Administrator,30,2.91,4.22,0.0,7.13
12657,2,2,8.0,Member,178,3.68,20.59,0.0,24.27
12658,3,15,,Standard,148,5.74,19.46,0.0,25.2
12659,4,2,,Administrator,22,7.5,1.7,0.0,9.2
12660,1,14,,Standard,69,4.59,4.27,0.0,8.86
12661,4,4,61.0,Member,55,5.83,3.54,0.0,9.37
12662,5,2,8.0,Member,80,5.87,11.58,0.0,17.45
12663,2,7,9.0,Member,161,4.11,21.42,0.0,25.53
12664,1,12,,Standard,72,3.31,9.03,0.0,12.34
12665,5,3,,Standard,108,0.06,13.95,0.0,14.01
12666,1,9,10.0,Member,69,4.89,5.84,0.0,10.73
12667,1,12,,Standard,99,7.62,11.95,2.63,16.94
12668,3,16,,Standard,93,5.34,5.61,0.0,10.95
12669,5,9,,Standard,134,6.15,14.4,0.0,20.55
12670,4,7,,Free,19,1.86,1.47,0.0,3.33
12671,3,16,,Time Limited,48,2.95,5.9,0.0,8.85
12672,5,13,3.0,Member,170,4.0,22.79,0.0,26.79
12673,4,7,,Time Limited,36,2.28,5.76,0.0,8.04
12674,3,16,,Standard,128,4.78,15.01,0.0,19.79
12675,4,7,,Standard,34,7.1,4.39,2.44,9.05
12676,5,11,57.0,Member,94,6.64,12.53,0.0,19.17
12677,2,16,,Administrator,21,0.49,3.35,0.0,3.84
12678,2,15,23.0,Member,49,3.78,3.47,0.0,7.25
12679,5,13,1.0,Member,140,2.22,18.13,0.0,20.35
12680,5,7,,Standard,66,1.46,5.26,0.0,6.72
12681,5,6,,Standard,106,1.9,9.41,1.4,9.91
12682,3,11,28.0,Member,96,5.11,10.34,0.0,15.45
12683,3,14,5.0,Member,54,1.22,3.66,0.0,4.88
12684,4,15,,Standard,46,5.4,4.93,0.0,10.33
12685,1,10,,Standard,141,5.62,21.15,0.0,26.77
12686,3,3,,Standard,52,1.44,6.84,0.0,8.28
12687,3,14,7.0,Member,78,5.26,9.85,0.23,14.88
12688,4,4,,Standard,30,7.12,3.27,1.11,9.28
12689,2,6,,Standard,98,5.5,9.19,0.0,14.69
12690,1,7,,Standard,124,5.13,18.58,0.34,23.37
12691,5,15,34.0,Member,157,3.57,19.33,0.0,22.9
12692,2,13,30.0,Member,180,1.0,11.8,0.0,12.8
12693,2,11,,Standard,81,4.05,10.35,0.0,14.4
12694,3,9,,Standard,56,4.18,8.3,0.0,12.48
12695,4,2,,Standard,54,5.67,6.09,1.29,10.47
12696,1,10,,Administrator,41,6.0,6.25,0.0,12.25
12697,2,11,,Free,55,0.8,6.31,0.17,6.94
12698,5,1,,Standard,133,4.63,9.19,0.0,13.82
12699,2,3,,Standard,125,1.76,9.41,0.34,10.83
12700,4,11,,Standard,124,5.18,12.3,0.07,17.41
12701,4,5,,Standard,43,5.18,6.6,0.0,11.78
12702,3,9,,Standard,103,6.1,6.78,0.0,12.88
12703,3,7,8.0,Member,134,2.75,8.51,0.0,11.26
12704,1,12,,Standard,55,3.95,6.01,0.0,9.96
12705,5,1,,Standard,141,4.9,9.65,0.0,14.55
12706,3,4,,Time Limited,62,0.43,5.24,0.0,5.67
12707,1,13,,Standard,123,6.23,15.01,0.0,21.24
12708,1,8,,Administrator,11,0.5,0.68,0.0,1.18
12709,3,5,63.0,Member,109,5.25,7.06,2.11,10.2
12710,5,8,,Time Limited,59,3.38,5.68,0.0,9.06
12711,4,3,,Time Limited,37,3.22,3.92,0.0,7.14
12712,4,4,4.0,Member,62,0.71,7.52,0.0,8.23
12713,5,14,,Standard,106,2.25,13.88,0.0,16.13
12714,1,16,2.0,Member,177,6.29,25.56,1.58,30.27
12715,4,4,66.0,Member,157,4.07,10.97,0.0,15.04
12716,4,12,19.0,Member,51,4.32,5.77,0.0,10.09
12717,5,8,,Time Limited,85,2.25,8.77,0.0,11.02
12718,1,8,14.0,Member,166,6.06,18.8,0.0,24.86
12719,1,10,24.0,Member,77,0.81,6.55,2.28,5.08
12720,3,9,,Standard,106,7.4,7.17,0.0,14.57
12721,5,7,,Standard,34,4.36,2.56,0.0,6.92
12722,3,15,22.0,Member,99,2.46,9.14,0.0,11.6
12723,3,8,,Free,30,3.36,1.89,0.0,5.25
12724,1,14,,Standard,85,7.72,12.11,0.0,19.83
12725,3,6,,Standard,40,2.47,6.03,0.0,8.5
12726,2,4,,Standard,97,6.48,12.28,0.0,18.76
12727,2,15,,Free,29,5.81,2.33,0.0,8.14
12728,1,6,,Standard,138,4.99,10.19,0.66,14.52
12729,5,9,,Standard,65,1.98,7.6,0.0,9.58
12730,4,8,20.0,Member,171,0.07,16.65,0.0,16.72
12731,1,9,,Standard,46,3.39,4.97,0.0,8.36
12732,3,16,2.0,Member,129,5.0,14.31,0.0,19.31
12733,3,7,,Standard,118,7.4,17.67,0.94,24.13
12734,4,12,,Standard,102,2.32,13.12,0.0,15.44
12735,3,12,2.0,Member,161,6.17,15.92,0.0,22.09
12736,3,9,,Standard,96,1.84,8.86,2.54,8.16
12737,3,16,,Time Limited,42,7.21,2.9,2.94,7.17
12738,1,2,,Standard,99,2.53,6.25,2.37,6.41
12739,5,11,,Standard,41,6.31,5.22,0.0,11.53
12740,4,7,,Standard,62,7.57,8.06,0.0,15.63
12741,2,6,8.0,Member,147,2.85,14.02,0.0,16.87
12742,4,14,,Standard,137,4.77,12.26,1.41,15.62
12743,4,7,,Time Limited,59,6.95,4.84,0.0,11.79
12744,4,4,,Standard,59,4.94,6.65,0.0,11.59
12745,5,12,,Time Limited,48,4.08,4.09,0.0,8.17
12746,4,12,54.0,Member,119,1.06,15.69,0.0,16.75
12747,4,12,,Time Limited,79,2.83,7.31,0.0,10.14
12748,4,4,,Standard,146,1.49,21.77,0.0,23.26
12749,5,16,66.0,Member,156,0.94,19.26,0.0,20.2
12750,4,8,,Free,39,4.63,5.97,0.0,10.6
12751,3,14,,Time Limited,76,7.06,11.03,0.0,18.09
12752,1,9,61.0,Member,112,3.1,7.14,0.0,10.24
12753,5,15,,Time Limited,48,5.83,3.65,0.0,9.48
12754,4,11,,Time Limited,69,7.26,8.0,0.0,15.26
12755,2,4,,Standard,85,4.81,5.31,0.0,10.12
12756,3,8,,Standard,113,0.86,10.55,0.0,11.41
12757,3,13,,Standard,64,5.09,9.83,0.0,14.92
12758,4,4,47.0,Member,98,5.59,15.48,1.0,20.07
12759,5,15,,Standard,89,4.7,12.62,0.47,16.85
12760,5,7,51.0,Member,180,7.44,21.2,1.26,27.38
12761,4,13,,Standard,34,1.41,3.82,0.67,4.56
12762,2,14,,Free,24,3.18,2.35,0.0,5.53
12763,2,5,,Standard,144,6.58,9.41,0.0,15.99
12764,1,8,,Standard,101,3.43,6.42,0.0,9.85
12765,2,7,,Time Limited,58,0.17,5.46,0.0,5.63
12766,5,15,52.0,Member,113,2.0,17.68,0.0,19.68
12767,2,8,,Standard,67,6.81,9.39,2.85,13.35
12768,1,15,64.0,Member,118,3.98,12.32,0.0,16.3
12769,3,16,,Standard,67,6.33,8.66,0.0,14.99
12770,1,15,56.0,Member,108,6.63,8.44,0.0,15.07
12771,3,5,,Standard,66,7.92,9.24,0.0,17.16
12772,5,6,,Standard,147,6.98,21.05,0.0,28.03
12773,3,13,,Time Limited,64,2.47,6.87,0.0,9.34
12774,1,8,,Standard,149,7.09,23.19,0.0,30.28
12775,5,14,61.0,Member,74,6.48,9.28,0.0,15.76
12776,1,10,,Standard,34,7.77,2.07,2.19,7.65
12777,2,2,,Time Limited,82,6.19,12.35,0.0,18.54
12778,3,16,,Standard,50,3.48,3.64,0.0,7.12
12779,3,4,,Standard,92,7.43,12.25,0.0,19.68
12780,3,7,10.0,Member,123,1.99,11.78,0.86,12.91
12781,1,1,,Standard,62,0.29,9.62,2.2,7.71
12782,5,1,,Standard,102,4.04,12.47,1.1,15.41
12783,4,1,66.0,Member,166,1.64,20.4,0.0,22.04
12784,1,7,,Time Limited,65,2.23,7.83,0.0,10.06
12785,1,6,37.0,Member,91,1.34,12.98,0.0,14.32
12786,4,6,66.0,Member,168,3.13,24.92,0.0,28.05
12787,3,6,17.0,Member,125,7.81,8.93,0.0,16.74
12788,4,6,,Time Limited,80,0.21,7.93,0.0,8.14
12789,2,13,,Standard,72,3.47,6.61,0.0,10.08
12790,2,14,,Standard,97,5.0,9.7,1.92,12.78
12791,2,4,57.0,Member,149,6.96,23.25,0.0,30.21
12792,4,6,44.0,Member,58,2.28,4.18,1.69,4.77
12793,4,9,59.0,Member,58,3.73,5.97,0.0,9.7
12794,2,6,,Standard,49,6.05,5.18,0.0,11.23
12795,4,3,,Standard,59,5.33,8.59,0.0,13.92
12796,3,11,,Standard,79,6.74,7.56,0.0,14.3
12797,3,16,,Standard,141,1.13,17.78,0.0,18.91
12798,3,9,,Standard,141,2.54,9.76,0.0,12.3
12799,5,12,66.0,Member,81,5.57,5.22,0.0,10.79
12800,5,15,,Standard,61,5.46,9.13,1.34,13.25
12801,4,7,,Standard,125,0.77,12.29,2.29,10.77
12802,3,2,,Free,60,0.98,4.49,0.0,5.47
12803,5,3,,Time Limited,48,7.54,4.24,0.0,11.78
12804,3,15,20.0,Member,90,7.3,13.94,0.0,21.24
12805,5,8,,Standard,53,1.75,8.19,0.0,9.94
12806,5,4,40.0,Member,75,6.37,4.7,0.0,11.07
12807,1,8,,Standard,140,7.06,11.88,1.98,16.96
12808,1,3,,Free,58,0.74,5.47,0.0,6.21
12809,5,10,,Time Limited,62,2.62,7.49,0.0,10.11
12810,5,6,,Standard,77,5.29,10.11,0.0,15.4
12811,4,2,28.0,Member,123,7.59,13.75,0.0,21.34
12812,5,15,,Standard,32,5.04,2.34,0.26,7.12
12813,4,4,,Standard,135,2.89,21.39,0.0,24.28
12814,5,14,,Free,37,5.99,3.11,0.0,9.1
12815,4,16,,Standard,67,0.95,5.51,0.0,6.46
12816,5,9,9.0,Member,178,3.77,20.48,0.0,24.25
12817,5,14,,Standard,82,4.77,11.34,0.0,16.11
12818,3,7,52.0,Member,87,6.32,6.44,2.46,10.3
12819,3,15,,Standard,125,3.0,8.01,0.0,11.01
12820,5,15,,Free,31,0.83,3.21,2.35,1.69
12821,2,6,,Free,59,0.2,5.42,2.96,2.66
12822,3,12,,Standard,129,7.13,9.88,0.0,17.01
12823,2,4,13.0,Member,59,3.02,6.73,0.0,9.75
12824,5,4,,Standard,133,0.9,16.82,0.0,17.72
12825,1,12,24.0,Member,127,3.14,14.83,0.39,17.58
12826,5,2,,Standard,97,0.99,10.13,0.0,11.12
12827,3,6,,Time Limited,65,4.14,6.54,0.0,10.68
12828,5,11,17.0,Member,125,0.59,9.46,0.0,10.05
12829,2,8,16.0,Member,168,4.55,26.74,0.0,31.29
12830,3,11,,Standard,62,3.81,9.1,0.0,12.91
12831,4,1,61.0,Member,49,5.8,5.79,0.0,11.59
12832,5,4,,Administrator,32,6.29,3.86,1.73,8.42
12833,1,1,1.0,Member,62,2.43,9.64,0.0,12.07
12834,3,3,,Standard,72,6.79,5.18,0.0,11.97
12835,5,4,,Standard,128,6.58,13.57,0.0,20.15
12836,2,13,,Time Limited,87,4.28,12.82,0.0,17.1
12837,1,12,,Standard,137,5.91,10.96,0.37,16.5
12838,4,12,,Standard,87,0.66,10.59,0.0,11.25
12839,3,9,2.0,Member,61,3.75,6.52,0.0,10.27
12840,4,12,11.0,Member,98,5.27,8.82,0.0,14.09
12841,2,7,,Standard,86,7.66,8.57,2.72,13.51
12842,5,4,,Time Limited,49,4.44,2.98,2.51,4.91
12843,4,10,,Standard,44,1.76,6.85,0.0,8.61
12844,4,2,,Standard,83,1.06,12.85,0.35,13.56
12845,3,15,10.0,Member,147,4.04,8.88,0.0,12.92
12846,1,8,56.0,Member,74,4.46,6.99,0.0,11.45
12847,3,15,24.0,Member,170,2.51,22.4,2.95,21.96
12848,2,5,,Standard,104,0.39,14.62,0.0,15.01
12849,5,13,,Time Limited,78,5.04,8.5,0.0,13.54
12850,3,5,2.0,Member,49,3.99,3.61,0.0,7.6
12851,3,11,,Free,41,4.73,4.79,0.0,9.52
12852,5,6,,Standard,145,3.78,11.83,1.97,13.64
12853,4,6,31.0,Member,74,6.72,4.54,0.0,11.26
12854,3,1,,Free,56,5.36,6.23,0.0,11.59
12855,1,5,,Time Limited,64,3.29,4.86,0.0,8.15
12856,3,16,,Administrator,38,6.1,2.63,0.0,8.73
12857,2,16,,Free,27,4.06,3.04,0.0,7.1
12858,5,11,,Standard,50,4.0,6.22,0.0,10.22
12859,3,4,,Standard,52,0.49,4.38,0.0,4.87
12860,1,6,,Standard,40,4.59,6.19,0.0,10.78
12861,3,8,,Free,43,3.84,4.67,0.5,8.01
12862,1,16,,Administrator,32,6.25,3.48,1.62,8.11
12863,5,12,,Standard,47,0.25,5.27,0.0,5.52
12864,1,3,,Standard,138,0.7,13.66,0.0,14.36
12865,1,4,29.0,Member,142,7.31,11.2,0.0,18.51
12866,5,6,,Time Limited,64,4.51,9.86,0.0,14.37
12867,1,11,,Standard,94,0.52,9.35,0.0,9.87
12868,1,7,,Standard,144,2.8,12.06,0.0,14.86
12869,2,13,,Standard,100,1.06,13.71,0.0,14.77
12870,5,11,,Standard,142,7.12,21.87,2.41,26.58
12871,2,15,,Standard,50,6.35,6.01,0.0,12.36
12872,3,2,,Time Limited,47,5.1,5.5,0.0,10.6
12873,2,13,4.0,Member,134,2.82,21.08,2.42,21.48
12874,5,2,,Administrator,31,1.96,3.2,0.25,4.91
12875,4,11,4.0,Member,69,3.65,4.79,0.0,8.44
12876,3,3,,Standard,57,7.87,5.63,0.0,13.5
12877,2,10,,Time Limited,80,6.97,10.57,0.0,17.54
12878,3,11,40.0,Member,93,5.86,12.93,0.0,18.79
12879,3,6,,Standard,77,6.16,8.82,0.0,14.98
12880,3,3,,Standard,148,7.76,9.51,0.98,16.29
12881,1,1,,Standard,64,2.64,9.77,0.0,12.41
12882,5,14,,Standard,46,7.23,4.45,1.97,9.71
12883,1,2,,Standard,50,4.53,6.44,0.0,10.97
12884,3,16,,Free,38,2.79,3.78,0.01,6.56
12885,3,4,,Standard,98,1.35,6.49,0.0,7.84
12886,5,12,,Standard,127,0.3,19.37,0.0,19.67
12887,1,13,,Standard,91,3.35,13.86,0.0,17.21
12888,5,12,,Time Limited,40,0.37,5.5,0.4,5.47
12889,3,11,,Free,43,1.79,4.34,0.0,6.13
12890,5,8,,Standard,74,3.97,5.68,0.0,9.65
12891,1,7,,Standard,65,3.86,9.55,0.0,13.41
12892,2,9,,Standard,94,3.46,6.81,2.35,7.92
12893,2,7,,Standard,43,3.87,6.66,0.0,10.53
12894,1,3,,Standard,51,1.03,6.9,0.0,7.93
12895,5,3,,Standard,150,1.5,14.22,0.0,15.72
12896,1,4,1.0,Member,93,5.41,7.45,1.23,11.63
12897,3,11,,Standard,145,4.26,14.05,0.0,18.31
12898,1,16,3.0,Member,67,3.57,9.11,0.0,12.68
12899,4,15,,Standard,81,5.74,12.67,0.0,18.41
12900,5,2,,Time Limited,52,1.18,6.15,0.0,7.33
12901,2,6,,Standard,80,4.67,6.79,0.0,11.46
12902,5,13,,Standard,91,0.93,8.33,0.0,9.26
12903,4,13,,Free,35,5.71,4.72,0.0,10.43
12904,5,8,,Free,54,0.68,6.76,0.45,6.99
12905,3,2,,Standard,139,0.04,11.41,2.26,9.19
12906,1,13,,Standard,128,3.03,10.45,0.0,13.48
12907,5,13,,Free,44,0.5,5.22,0.0,5.72
12908,1,6,,Standard,145,7.07,11.64,0.0,18.71
12909,3,12,52.0,Member,72,7.5,8.77,0.0,16.27
12910,2,12,,Standard,139,0.42,11.15,0.0,11.57
12911,2,6,,Standard,48,1.97,5.0,0.48,6.49
12912,3,9,,Administrator,42,1.64,5.4,0.0,7.04
12913,3,4,,Standard,79,7.99,11.94,0.0,19.93
12914,2,11,54.0,Member,72,7.01,11.26,2.26,16.01
12915,4,8,52.0,Member,82,7.25,5.32,0.22,12.35
12916,1,4,44.0,Member,168,3.9,26.6,0.0,30.5
12917,5,5,,Standard,86,5.54,11.69,0.0,17.23
12918,3,5,10.0,Member,137,1.26,11.74,0.0,13.0
12919,4,12,,Standard,36,0.73,3.58,0.0,4.31
12920,2,16,,Standard,140,1.3,19.01,1.0,19.31
12921,1,8,52.0,Member,152,3.07,17.93,0.0,21.0
12922,4,8,,Time Limited,38,6.95,6.04,0.1,12.89
12923,4,6,53.0,Member,102,1.08,11.06,1.78,10.36
12924,1,8,51.0,Member,110,7.95,12.47,0.57,19.85
12925,4,9,58.0,Member,126,0.45,17.74,0.0,18.19
12926,2,12,8.0,Member,159,2.28,20.17,0.0,22.45
12927,5,16,,Free,41,3.85,2.48,0.68,5.65
12928,1,13,,Time Limited,69,7.75,7.19,0.0,14.94
12929,3,14,,Standard,90,5.49,6.54,0.0,12.03
12930,1,1,2.0,Member,180,6.55,19.27,0.0,25.82
12931,3,6,,Standard,53,4.61,4.54,0.0,9.15
12932,2,4,,Standard,59,5.94,4.02,0.0,9.96
12933,1,16,,Standard,78,3.58,5.29,0.0,8.87
12934,4,16,23.0,Member,148,5.42,19.21,0.0,24.63
12935,1,6,,Standard,119,2.55,17.42,0.0,19.97
12936,2,4,8.0,Member,83,7.44,6.25,0.0,13.69
12937,3,14,3.0,Member,155,4.97,15.36,0.73,19.6
12938,3,7,,Standard,107,7.81,12.2,0.0,20.01
12939,3,3,,Time Limited,42,0.11,5.2,0.0,5.31
12940,4,11,,Standard,90,0.37,8.09,0.0,8.46
12941,4,4,,Administrator,18,7.44,2.5,0.0,9.94
12942,5,12,65.0,Member,155,7.96,20.36,0.0,28.32
12943,4,10,,Standard,98,1.01,6.51,0.0,7.52
12944,2,6,15.0,Member,103,7.83,10.92,0.0,18.75
12945,4,1,,Administrator,20,0.3,3.19,0.0,3.49
12946,4,6,,Standard,57,4.92,5.36,0.0,10.28
12947,1,15,,Standard,113,2.02,7.58,1.72,7.88
12948,2,4,,Time Limited,89,0.24,8.0,0.0,8.24
12949,1,8,,Standard,94,6.3,5.8,1.59,10.51
12950,5,3,,Standard,69,5.26,9.27,0.0,14.53
12951,1,2,,Time Limited,38,7.09,4.86,1.48,10.47
12952,5,8,,Standard,51,6.31,5.2,0.0,11.51
12953,5,10,,Time Limited,83,4.39,9.07,0.0,13.46
12954,4,3,,Standard,124,7.34,9.86,0.0,17.2
12955,4,16,,Standard,113,4.36,15.75,2.13,17.98
12956,3,7,,Standard,140,7.75,16.89,0.0,24.64
12957,3,15,,Standard,132,4.63,10.83,2.74,12.72
12958,4,13,,Standard,125,3.77,7.61,0.0,11.38
12959,5,13,,Standard,43,5.81,6.46,1.07,11.2
12960,2,11,,Standard,58,0.48,7.32,0.0,7.8
12961,2,12,,Time Limited,56,5.15,8.12,0.0,13.27
12962,4,7,3.0,Member,64,6.83,6.44,0.0,13.27
12963,2,9,26.0,Member,121,2.14,12.66,0.46,14.34
12964,4,1,,Standard,77,4.65,11.94,0.0,16.59
12965,5,8,,Standard,94,3.78,8.08,0.0,11.86
12966,5,4,5.0,Member,178,7.89,13.78,0.0,21.67
12967,3,3,2.0,Member,113,6.32,7.12,0.0,13.44
12968,1,2,41.0,Member,180,0.36,23.43,0.0,23.79
12969,2,16,,Standard,48,2.85,7.58,0.0,10.43
12970,3,6,,Standard,54,3.02,3.55,0.0,6.57
12971,4,9,56.0,Member,93,7.43,6.56,2.41,11.58
12972,4,8,,Time Limited,89,4.59,13.25,0.0,17.84
12973,4,10,,Standard,127,0.04,8.77,0.0,8.81
12974,1,5,,Standard,119,6.83,16.86,0.0,23.69
12975,2,14,,Standard,116,1.58,9.03,0.0,10.61
12976,5,14,,Standard,67,1.36,6.33,0.0,7.69
12977,1,15,,Standard,33,1.99,2.66,1.48,3.17
12978,3,15,44.0,Member,174,6.81,22.46,2.36,26.91
12979,4,12,,Standard,40,0.7,4.45,0.0,5.15
12980,1,3,32.0,Member,98,5.43,7.69,0.26,12.86
12981,2,9,,Standard,96,1.26,10.79,0.0,12.05
12982,5,13,16.0,Member,124,7.94,11.56,0.0,19.5
12983,1,9,,Free,58,7.31,4.34,0.0,11.65
12984,2,16,,Standard,98,2.68,7.02,0.0,9.7
12985,3,7,,Standard,35,0.16,2.17,0.0,2.33
12986,2,16,,Time Limited,85,5.38,11.5,0.85,16.03
12987,1,6,47.0,Member,106,1.2,11.65,0.0,12.85
12988,1,5,49.0,Member,67,3.97,4.71,0.0,8.68
12989,4,2,,Standard,109,3.03,9.66,0.0,12.69
12990,4,11,,Standard,54,5.3,4.4,2.14,7.56
12991,5,1,,Time Limited,89,5.21,12.87,0.0,18.08
12992,3,15,,Standard,34,2.76,3.51,1.93,4.34
12993,1,13,,Standard,103,5.16,12.85,2.46,15.55
12994,5,12,,Standard,146,4.89,14.8,0.0,19.69
12995,4,6,,Free,35,5.25,2.3,0.0,7.55
12996,2,8,,Standard,134,3.94,16.69,0.0,20.63
12997,5,4,47.0,Member,76,2.9,9.99,0.0,12.89
12998,5,1,27.0,Member,147,4.33,15.16,0.0,19.49
12999,2,8,,Standard,59,4.69,6.75,0.0,11.44
13000,4,12,,Time Limited,39,2.96,5.9,0.0,8.86
13001,5,6,,Time Limited,35,7.64,2.98,2.57,8.05
13002,2,15,63.0,Member,49,5.73,5.7,0.0,11.43
13003,2,1,,Time Limited,38,3.55,2.38,0.95,4.98
13004,1,12,,Administrator,34,5.67,3.51,0.4,8.78
13005,4,15,,Standard,43,4.12,4.18,0.0,8.3
13006,3,4,,Free,48,2.67,7.51,2.25,7.93
13007,4,10,,Standard,81,2.38,6.95,0.14,9.19
13008,5,8,,Standard,141,7.6,11.16,0.0,18.76
13009,2,1,,Standard,74,3.24,8.29,0.0,11.53
13010,5,1,,Standard,114,0.61,11.25,0.0,11.86
13011,1,10,2.0,Member,69,0.18,4.24,0.0,4.42
13012,4,14,,Standard,126,1.22,13.17,2.84,11.55
13013,1,7,24.0,Member,110,3.39,9.65,0.0,13.04
13014,3,12,44.0,Member,65,0.96,4.16,0.0,5.12
13015,3,1,61.0,Member,86,1.98,9.39,0.0,11.37
13016,1,10,,Standard,65,2.46,5.95,0.0,8.41
13017,5,2,,Time Limited,86,6.33,8.98,0.0,15.31
13018,2,14,58.0,Member,75,2.6,5.33,0.0,7.93
13019,3,16,,Standard,141,5.96,13.69,0.11,19.54
13020,4,7,8.0,Member,61,1.08,9.15,0.0,10.23
13021,5,3,,Time Limited,51,4.0,4.68,0.0,8.68
13022,5,1,,Standard,58,3.85,7.31,0.0,11.16
13023,5,4,34.0,Member,140,1.11,11.94,0.38,12.67
13024,3,4,54.0,Member,162,3.1,20.46,0.0,23.56
13025,3,12,,Standard,57,7.36,4.84,0.0,12.2
13026,5,7,47.0,Member,162,0.25,10.45,0.0,10.7
13027,2,3,,Standard,102,4.4,11.09,0.0,15.49
13028,4,1,,Standard,124,1.6,13.58,0.0,15.18
13029,4,11,,Standard,120,0.9,17.11,0.0,18.01
13030,5,15,,Standard,147,7.46,19.41,0.0,26.87
13031,3,14,,Standard,48,4.46,3.05,0.0,7.51
13032,2,1,16.0,Member,91,1.92,6.69,0.0,8.61
13033,2,16,43.0,Member,163,5.15,18.17,0.0,23.32
13034,4,16,5.0,Member,119,2.36,18.24,0.0,20.6
13035,2,10,,Standard,116,4.28,11.88,0.0,16.16
13036,1,13,,Standard,68,6.96,6.72,0.0,13.68
13037,3,11,66.0,Member,90,2.6,6.07,0.0,8.67
13038,4,3,,Standard,81,5.08,4.95,0.36,9.67
13039,1,10,28.0,Member,115,6.53,7.89,0.69,13.73
13040,3,11,,Standard,145,4.41,18.23,0.0,22.64
13041,5,14,,Standard,91,1.35,6.85,0.0,8.2
13042,2,2,,Standard,119,6.52,11.31,0.0,17.83
13043,2,12,,Standard,95,4.64,6.14,0.0,10.78
13044,2,9,,Standard,46,7.92,4.9,0.27,12.55
13045,1,7,,Administrator,11,6.82,0.68,0.0,7.5
13046,5,6,,Standard,114,2.36,9.45,0.0,11.81
13047,1,11,,Standard,47,7.08,6.01,2.17,10.92
13048,5,11,19.0,Member,134,3.64,17.04,0.0,20.68
13049,4,13,,Standard,38,2.65,4.14,2.82,3.97
13050,1,14,,Standard,76,3.05,7.77,0.0,10.82
13051,2,6,,Time Limited,75,2.07,10.52,0.37,12.22
13052,2,15,,Standard,37,1.77,3.52,0.0,5.29
13053,5,16,,Standard,120,7.92,8.67,0.0,16.59
13054,4,10,,Standard,75,1.6,10.74,0.26,12.08
13055,2,13,,Free,54,5.88,3.77,0.0,9.65
13056,3,2,,Free,16,5.02,1.88,1.35,5.55
13057,1,6,,Standard,121,0.03,8.5,0.0,8.53
13058,3,14,,Standard,51,4.84,6.7,0.0,11.54
13059,2,2,,Standard,50,5.59,7.38,2.61,10.36
13060,4,2,27.0,Member,138,2.0,20.44,2.54,19.9
13061,4,10,1.0,Member,93,1.19,7.3,0.0,8.49
13062,5,10,10.0,Member,90,7.18,10.52,2.95,14.75
13063,5,13,11.0,Member,78,2.28,12.37,0.0,14.65
13064,4,5,6.0,Member,49,7.22,3.9,0.0,11.12
13065,5,12,2.0,Member,129,3.32,11.57,0.0,14.89
13066,3,15,1.0,Member,128,5.6,10.96,0.0,16.56
13067,5,3,,Standard,74,0.98,10.82,2.19,9.61
13068,2,15,1.0,Member,169,4.61,24.59,0.0,29.2
13069,3,15,17.0,Member,136,0.69,12.73,0.14,13.28
13070,5,3,57.0,Member,94,3.56,8.28,0.0,11.84
13071,1,15,,Administrator,23,4.23,1.64,0.0,5.87
13072,4,15,,Standard,46,5.65,5.13,0.0,10.78
13073,3,7,,Standard,68,0.65,5.97,0.0,6.62
13074,3,11,,Standard,35,1.91,4.62,2.72,3.81
13075,4,13,,Standard,94,0.8,8.89,0.0,9.69
13076,1,9,,Free,45,1.79,4.66,0.0,6.45
13077,3,4,65.0,Member,85,3.15,5.21,1.39,6.97
13078,5,11,,Administrator,24,7.53,3.81,2.36,8.98
13079,3,16,,Standard,104,1.88,13.2,0.0,15.08
13080,2,1,26.0,Member,155,5.53,14.02,0.0,19.55
13081,4,16,,Time Limited,75,5.43,7.69,1.09,12.03
13082,4,1,,Standard,131,3.59,9.41,0.0,13.0
13083,2,14,9.0,Member,149,1.45,16.05,0.0,17.5
13084,1,8,7.0,Member,119,6.57,17.81,0.0,24.38
13085,1,1,,Time Limited,69,0.53,8.88,1.92,7.49
13086,3,2,,Standard,87,7.18,5.97,0.0,13.15
13087,5,1,,Time Limited,62,7.03,3.95,0.0,10.98
13088,1,5,,Standard,117,0.69,9.48,0.0,10.17
13089,5,16,,Time Limited,32,6.35,2.12,0.0,8.47
13090,4,6,27.0,Member,111,4.93,8.46,0.81,12.58
13091,4,3,,Standard,122,3.19,11.95,0.95,14.19
13092,1,9,,Standard,71,7.85,9.71,0.0,17.56
13093,2,9,,Standard,74,7.28,8.51,0.0,15.79
13094,5,7,,Free,57,3.13,6.65,0.0,9.78
13095,1,15,,Standard,69,5.89,10.67,1.22,15.34
13096,1,11,65.0,Member,45,2.91,6.72,0.0,9.63
13097,1,8,,Standard,135,7.18,9.23,0.0,16.41
13098,5,2,,Standard,63,5.18,7.6,0.0,12.78
13099,1,14,,Standard,87,6.2,7.36,0.0,13.56
13100,5,11,,Standard,55,2.66,8.58,0.0,11.24
13101,3,12,39.0,Member,86,0.5,13.58,0.86,13.22
13102,2,7,,Standard,57,7.99,8.11,1.91,14.19
13103,2,16,34.0,Member,137,6.78,12.72,0.0,19.5
13104,4,6,66.0,Member,67,2.44,4.84,0.0,7.28
13105,1,3,,Standard,119,2.45,18.83,0.0,21.28
13106,2,6,,Time Limited,47,5.84,6.88,0.0,12.72
13107,1,16,,Free,25,0.94,2.59,2.73,0.8
13108,2,9,2.0,Member,171,4.76,15.94,0.0,20.7
13109,5,4,,Standard,103,6.28,11.12,0.0,17.4
13110,4,12,,Standard,145,2.13,21.39,0.0,23.52
13111,5,14,,Time Limited,45,5.62,5.38,2.02,8.98
13112,2,3,,Standard,65,3.87,9.89,0.0,13.76
13113,4,10,44.0,Member,130,5.14,20.32,0.0,25.46
13114,1,3,,Standard,58,7.15,6.04,0.0,13.19
13115,4,2,6.0,Member,61,0.31,4.59,0.0,4.9
13116,1,11,,Standard,143,1.59,9.03,2.21,8.41
13117,1,14,33.0,Member,94,6.21,14.62,0.0,20.83
13118,4,7,6.0,Member,156,3.97,12.21,0.0,16.18
13119,1,16,,Time Limited,64,5.21,5.89,0.0,11.1
13120,5,3,5.0,Member,176,0.79,18.33,0.0,19.12
13121,5,16,,Standard,60,2.73,7.38,2.28,7.83
13122,3,9,,Standard,49,0.59,7.71,0.0,8.3
13123,1,7,,Standard,30,6.81,4.43,0.0,11.24
13124,5,4,,Standard,144,2.21,21.4,0.0,23.61
13125,2,13,,Standard,146,2.97,13.06,0.0,16.03
13126,3,15,,Standard,107,4.72,15.49,0.87,19.34
13127,1,3,,Standard,77,2.17,8.86,0.0,11.03
13128,5,11,,Time Limited,74,6.94,9.71,0.0,16.65
13129,4,1,,Standard,103,7.68,12.06,0.0,19.74
13130,1,3,,Standard,128,6.28,8.95,0.0,15.23
13131,4,2,,Standard,68,4.71,7.92,0.0,12.63
13132,3,8,,Standard,147,2.97,23.49,0.0,26.46
13133,5,9,53.0,Member,96,4.14,13.15,0.0,17.29
13134,3,12,26.0,Member,149,7.03,10.75,0.0,17.78
13135,1,2,,Administrator,25,3.95,3.58,1.01,6.52
13136,2,4,,Standard,138,4.57,10.16,0.0,14.73
13137,3,12,,Time Limited,62,3.29,8.31,0.0,11.6
13138,3,2,,Standard,141,3.88,10.14,0.0,14.02
13139,3,10,,Standard,126,2.98,14.29,0.0,17.27
13140,2,3,,Standard,118,1.37,8.46,0.0,9.83
13141,2,14,,Standard,49,1.94,7.35,0.0,9.29
13142,4,7,,Standard,111,1.66,16.26,0.0,17.92
13143,2,12,,Standard,39,6.82,5.15,0.0,11.97
13144,2,8,,Standard,108,3.27,14.44,1.87,15.84
13145,5,13,4.0,Member,92,0.65,7.36,0.0,8.01
13146,1,9,,Standard,116,3.98,17.03,1.75,19.26
13147,2,3,24.0,Member,172,7.18,17.12,0.0,24.3
13148,3,15,,Standard,48,6.79,5.25,0.0,12.04
13149,5,8,,Standard,68,3.38,8.06,0.0,11.44
13150,3,15,,Standard,63,0.18,6.26,0.0,6.44
13151,5,3,,Standard,89,2.64,7.96,0.0,10.6
13152,4,9,,Administrator,36,6.05,5.62,0.0,11.67
13153,2,15,,Standard,47,1.22,5.66,0.0,6.88
13154,2,7,,Standard,37,5.37,4.38,0.0,9.75
13155,3,10,43.0,Member,53,3.3,6.62,0.0,9.92
13156,1,8,32.0,Member,83,5.25,7.98,0.0,13.23
13157,5,16,6.0,Member,176,2.91,25.12,0.0,28.03
13158,3,14,33.0,Member,139,7.51,16.21,0.0,23.72
13159,1,1,9.0,Member,177,2.81,26.01,0.0,28.82
13160,5,11,9.0,Member,46,2.46,5.98,0.0,8.44
13161,3,6,,Standard,145,7.43,11.14,2.93,15.64
13162,4,16,,Standard,82,5.81,6.78,0.0,12.59
13163,2,16,27.0,Member,85,0.37,12.47,0.0,12.84
13164,5,13,,Standard,129,6.08,16.36,1.07,21.37
13165,1,12,,Standard,62,7.39,5.11,0.0,12.5
13166,1,7,,Standard,47,3.53,4.76,2.0,6.29
13167,1,1,,Free,50,2.23,5.28,0.0,7.51
13168,1,12,8.0,Member,88,7.55,7.06,0.0,14.61
13169,2,10,,Standard,131,0.45,16.84,0.0,17.29
13170,3,13,,Free,50,5.01,4.33,0.0,9.34
13171,5,12,,Standard,33,0.4,2.98,0.0,3.38
13172,1,7,3.0,Member,77,7.63,7.08,0.0,14.71
13173,1,8,15.0,Member,171,5.4,21.04,0.0,26.44
13174,3,2,,Time Limited,66,6.19,7.18,2.18,11.19
13175,4,4,33.0,Member,58,5.98,4.92,0.0,10.9
13176,4,8,38.0,Member,56,2.65,8.64,0.0,11.29
13177,2,14,5.0,Member,121,4.74,18.17,0.0,22.91
13178,4,11,6.0,Member,69,4.7,7.86,0.0,12.56
13179,1,8,,Standard,31,2.93,4.33,0.0,7.26
13180,3,16,,Time Limited,47,6.13,6.74,0.0,12.87
13181,2,10,,Standard,67,4.03,4.39,0.0,8.42
13182,1,2,,Standard,135,0.7,18.85,0.0,19.55
13183,4,5,,Standard,74,6.43,6.65,0.0,13.08
13184,4,11,,Standard,59,6.71,9.05,1.18,14.58
13185,5,4,,Standard,63,3.16,8.47,0.0,11.63
13186,3,15,7.0,Member,153,0.14,12.87,0.0,13.01
13187,3,10,12.0,Member,164,4.59,23.79,0.0,28.38
13188,5,9,,Time Limited,86,6.08,13.21,0.0,19.29
13189,1,10,32.0,Member,54,6.44,8.15,0.0,14.59
13190,5,5,,Time Limited,84,4.3,10.91,0.0,15.21
13191,2,14,,Standard,118,0.29,17.27,2.65,14.91
13192,1,10,,Standard,70,0.86,5.74,0.0,6.6
13193,2,3,10.0,Member,118,2.49,12.0,0.0,14.49
13194,4,13,,Administrator,30,4.76,3.49,0.0,8.25
13195,2,13,46.0,Member,87,1.72,7.28,0.0,9.0
13196,3,3,,Time Limited,38,4.87,3.71,0.0,8.58
13197,4,11,,Standard,96,2.85,9.16,0.0,12.01
13198,3,4,64.0,Member,98,7.02,11.42,0.0,18.44
13199,2,9,,Standard,44,6.31,3.88,0.0,10.19
13200,2,5,62.0,Member,147,3.82,10.92,0.0,14.74
13201,3,11,,Standard,123,4.28,15.98,0.0,20.26
13202,1,4,1.0,Member,138,6.74,18.85,0.0,25.59
13203,5,9,38.0,Member,108,3.01,13.93,0.87,16.07
13204,4,14,,Standard,75,0.73,10.13,0.0,10.86
13205,3,4,63.0,Member,73,2.7,8.87,0.0,11.57
13206,3,14,,Standard,119,3.36,13.6,1.07,15.89
13207,5,10,,Standard,79,1.69,8.8,0.0,10.49
13208,1,14,,Standard,34,7.48,2.49,0.0,9.97
13209,5,14,24.0,Member,122,6.73,17.08,0.0,23.81
13210,1,6,6.0,Member,173,5.98,21.56,0.0,27.54
13211,5,15,,Standard,42,5.96,6.37,2.33,10.0
13212,4,10,,Time Limited,77,7.46,11.49,0.0,18.95
13213,5,5,30.0,Member,160,3.55,17.63,0.0,21.18
13214,1,7,,Standard,122,3.28,10.82,1.36,12.74
13215,4,11,,Standard,138,2.32,20.37,0.0,22.69
13216,5,14,,Standard,122,0.03,8.64,0.0,8.67
13217,2,13,,Free,23,7.52,3.44,0.0,10.96
13218,3,1,,Standard,63,2.89,5.47,0.0,8.36
13219,2,12,,Standard,127,0.89,16.58,0.0,17.47
13220,3,4,,Standard,113,2.3,15.38,0.0,17.68
13221,3,2,52.0,Member,162,4.09,22.89,0.0,26.98
13222,1,13,,Standard,123,1.52,16.89,1.04,17.37
13223,5,5,10.0,Member,94,6.78,12.33,0.0,19.11
13224,2,2,,Standard,148,4.36,10.54,0.94,13.96
13225,4,3,,Standard,35,0.55,4.85,0.0,5.4
13226,2,11,,Standard,45,3.73,5.17,0.0,8.9
13227,1,7,,Standard,141,1.19,16.66,0.0,17.85
13228,3,9,,Standard,126,1.64,10.13,0.0,11.77
13229,1,15,,Standard,91,5.45,11.49,0.0,16.94
13230,5,8,,Standard,57,0.26,5.91,2.44,3.73
13231,3,4,4.0,Member,152,0.08,15.62,1.37,14.33
13232,3,8,,Time Limited,55,5.66,5.44,0.0,11.1
13233,3,5,,Standard,67,1.15,8.02,0.0,9.17
13234,2,7,,Standard,83,2.78,4.98,1.25,6.51
13235,1,16,,Standard,77,2.94,10.04,1.07,11.91
13236,2,2,5.0,Member,55,7.4,4.91,0.0,12.31
13237,1,13,,Standard,46,6.88,5.47,1.66,10.69
13238,3,3,,Free,43,1.29,5.97,0.0,7.26
13239,4,1,,Free,44,6.97,4.41,0.0,11.38
13240,5,8,,Standard,93,5.23,10.27,0.0,15.5
13241,2,14,,Standard,143,6.35,11.45,0.0,17.8
13242,2,13,,Standard,90,5.0,13.29,0.0,18.29
13243,5,9,,Standard,120,7.8,13.37,1.07,20.1
13244,3,7,,Time Limited,62,2.48,9.71,0.0,12.19
13245,4,8,,Administrator,17,1.94,1.58,0.0,3.52
13246,1,14,,Free,21,2.3,2.11,0.0,4.41
13247,1,9,,Free,26,1.59,1.72,0.0,3.31
13248,3,9,,Standard,146,0.29,11.22,0.0,11.51
13249,4,12,,Administrator,16,7.37,2.49,0.0,9.86
13250,3,12,,Standard,31,2.83,3.78,0.0,6.61
13251,5,11,21.0,Member,136,6.9,9.21,0.0,16.11
13252,4,10,,Standard,99,1.23,6.39,0.0,7.62
13253,3,14,,Standard,138,3.65,10.08,0.0,13.73
13254,2,11,,Standard,95,7.54,11.55,0.0,19.09
13255,3,15,,Administrator,11,0.44,0.67,0.0,1.11
13256,1,16,,Free,53,0.12,8.15,0.0,8.27
13257,2,5,,Time Limited,78,3.92,5.78,0.0,9.7
13258,2,2,,Standard,59,5.28,9.25,0.0,14.53
13259,5,5,,Standard,61,1.87,4.9,0.0,6.77
13260,1,10,20.0,Member,162,6.87,13.57,0.0,20.44
13261,3,6,,Standard,80,4.85,10.94,2.66,13.13
13262,2,1,14.0,Member,51,6.97,7.43,0.0,14.4
13263,5,15,,Standard,132,3.42,11.39,0.0,14.81
13264,5,3,,Standard,60,2.56,8.02,0.0,10.58
13265,5,12,,Standard,31,2.22,3.37,0.0,5.59
13266,2,10,,Standard,44,4.0,3.47,0.0,7.47
13267,2,7,60.0,Member,152,7.26,13.67,0.0,20.93
13268,1,5,,Standard,105,5.21,9.94,0.0,15.15
13269,2,7,25.0,Member,65,2.64,3.91,0.0,6.55
13270,5,15,,Standard,136,8.0,16.94,0.0,24.94
13271,4,7,,Standard,124,5.39,8.41,0.0,13.8
13272,5,2,,Standard,89,0.37,7.16,0.7,6.83
13273,5,12,,Standard,126,3.07,11.96,0.0,15.03
13274,3,15,51.0,Member,142,1.13,13.71,0.0,14.84
13275,2,7,60.0,Member,159,4.01,22.64,0.0,26.65
13276,5,11,51.0,Member,176,4.4,27.99,0.0,32.39
13277,1,15,,Standard,149,0.95,22.75,0.0,23.7
13278,4,4,7.0,Member,50,7.27,7.52,0.39,14.4
13279,2,13,,Time Limited,63,0.55,6.41,0.0,6.96
13280,1,15,58.0,Member,134,2.45,16.79,0.67,18.57
13281,5,15,58.0,Member,172,5.63,18.16,0.0,23.79
13282,3,8,,Standard,31,6.03,3.05,1.54,7.54
13283,1,11,24.0,Member,167,1.46,17.1,0.0,18.56
13284,1,15,,Standard,77,5.0,9.58,0.27,14.31
13285,3,11,,Standard,121,6.35,15.37,0.0,21.72
13286,5,16,,Standard,60,6.15,7.68,0.0,13.83
13287,2,12,13.0,Member,70,7.56,7.44,0.0,15.0
13288,1,3,,Time Limited,85,7.24,10.71,2.22,15.73
13289,4,3,,Time Limited,88,0.73,5.87,0.65,5.95
13290,3,8,,Standard,32,5.3,4.24,0.0,9.54
13291,3,9,,Standard,147,6.06,10.08,0.0,16.14
13292,1,11,,Standard,137,5.92,12.6,0.26,18.26
13293,3,13,,Standard,128,6.37,16.83,0.0,23.2
13294,2,4,,Standard,122,1.58,17.02,0.93,17.67
13295,3,13,,Standard,31,0.69,4.67,0.0,5.36
13296,3,10,,Free,58,3.63,5.5,0.0,9.13
13297,2,8,13.0,Member,94,1.91,14.42,0.0,16.33
13298,3,4,24.0,Member,64,2.72,6.11,0.0,8.83
13299,5,10,,Standard,132,1.83,14.75,1.74,14.84
13300,1,16,,Time Limited,71,4.68,7.08,0.0,11.76
13301,2,16,,Standard,110,0.76,9.81,0.0,10.57
13302,4,5,,Standard,111,7.98,16.29,0.0,24.27
13303,4,7,,Standard,45,0.22,5.46,0.0,5.68
13304,3,9,,Standard,52,6.67,4.92,0.0,11.59
13305,4,15,10.0,Member,53,3.0,7.07,0.0,10.07
13306,3,11,,Standard,133,0.9,14.73,0.0,15.63
13307,5,11,16.0,Member,172,6.46,25.3,0.0,31.76
13308,3,11,7.0,Member,58,3.36,6.95,0.0,10.31
13309,5,5,12.0,Member,145,3.57,10.26,0.66,13.17
13310,3,9,,Standard,145,7.89,16.69,1.76,22.82
13311,5,15,,Standard,80,5.51,10.13,0.0,15.64
13312,2,11,,Standard,105,5.29,8.18,0.09,13.38
13313,2,3,,Standard,40,5.76,3.08,0.0,8.84
13314,2,11,47.0,Member,62,4.78,7.35,0.0,12.13
13315,4,14,,Standard,125,7.52,15.41,0.0,22.93
13316,1,6,,Standard,76,1.14,7.69,0.0,8.83
13317,1,8,19.0,Member,47,3.37,3.73,0.0,7.1
13318,2,13,,Standard,44,0.15,6.88,0.0,7.03
13319,1,14,,Standard,119,0.01,18.03,0.0,18.04
13320,3,11,,Free,40,0.56,5.96,0.0,6.52
13321,3,9,,Administrator,36,3.81,4.18,0.0,7.99
13322,1,12,,Time Limited,50,2.79,7.63,0.0,10.42
13323,5,3,,Standard,51,3.25,4.75,0.0,8.0
13324,4,11,,Standard,137,3.52,14.67,0.0,18.19
13325,4,5,4.0,Member,65,5.8,8.03,0.0,13.83
13326,5,12,66.0,Member,116,6.31,16.4,0.0,22.71
13327,2,1,,Standard,36,0.02,3.61,0.87,2.76
13328,3,16,50.0,Member,168,6.86,14.8,0.0,21.66
13329,3,11,34.0,Member,161,4.19,25.08,1.97,27.3
13330,5,10,18.0,Member,82,7.58,6.7,0.0,14.28
13331,2,3,54.0,Member,173,4.18,12.1,0.0,16.28
13332,2,3,,Standard,148,3.98,13.09,0.0,17.07
13333,4,3,60.0,Member,133,3.46,18.18,0.0,21.64
13334,3,15,55.0,Member,104,7.87,11.33,0.0,19.2
13335,1,13,,Standard,104,6.47,8.55,0.33,14.69
13336,5,11,12.0,Member,118,3.04,11.51,0.0,14.55
13337,3,10,,Standard,62,0.7,9.41,0.19,9.92
13338,4,14,,Standard,100,2.51,15.9,0.0,18.41
13339,3,4,,Standard,111,2.89,14.12,0.0,17.01
13340,5,7,,Time Limited,72,4.02,5.9,0.0,9.92
13341,3,1,,Time Limited,64,4.28,4.91,0.0,9.19
13342,2,14,,Standard,116,1.67,15.21,0.0,16.88
13343,5,2,,Standard,68,6.15,6.63,0.0,12.78
13344,1,12,,Standard,119,0.14,17.49,0.0,17.63
13345,4,7,25.0,Member,120,0.2,9.31,0.0,9.51
13346,1,9,41.0,Member,168,2.17,18.83,0.0,21.0
13347,3,8,,Standard,50,0.73,5.12,0.0,5.85
13348,5,8,50.0,Member,77,4.05,10.13,2.5,11.68
13349,5,14,33.0,Member,153,3.04,20.55,0.0,23.59
13350,4,2,,Standard,105,1.39,14.95,0.0,16.34
13351,3,10,,Standard,30,6.53,3.17,0.14,9.56
13352,5,16,,Standard,90,4.42,5.53,0.0,9.95
13353,4,16,,Standard,50,3.95,3.62,0.0,7.57
13354,2,15,,Standard,144,1.83,9.65,0.0,11.48
13355,2,4,,Standard,62,3.61,4.69,0.0,8.3
13356,2,3,,Standard,52,0.18,4.2,0.53,3.85
13357,5,13,31.0,Member,113,2.48,17.63,0.0,20.11
13358,4,9,,Standard,119,2.6,15.7,1.43,16.87
13359,2,2,,Standard,108,6.58,15.79,0.0,22.37
13360,1,15,,Standard,146,1.85,15.99,2.94,14.9
13361,5,13,,Standard,70,1.8,4.82,0.0,6.62
13362,1,10,56.0,Member,136,3.02,19.41,0.0,22.43
13363,2,7,,Standard,76,3.62,5.87,2.75,6.74
13364,3,15,,Standard,91,0.55,14.39,0.0,14.94
13365,1,3,,Standard,39,5.63,4.72,0.0,10.35
13366,2,4,36.0,Member,69,4.29,6.67,0.09,10.87
13367,1,6,,Standard,94,7.0,9.49,2.23,14.26
13368,3,5,,Administrator,43,2.13,5.51,0.0,7.64
13369,4,15,,Standard,81,7.78,5.55,0.75,12.58
13370,3,13,7.0,Member,141,7.16,20.91,0.0,28.07
13371,1,8,,Administrator,31,2.08,3.32,0.0,5.4
13372,4,13,,Time Limited,50,5.24,4.16,0.0,9.4
13373,1,14,18.0,Member,153,4.51,12.41,1.58,15.34
13374,2,3,,Standard,63,3.61,7.37,0.0,10.98
13375,3,6,42.0,Member,73,3.43,8.51,0.0,11.94
13376,2,11,8.0,Member,162,0.61,12.2,0.0,12.81
13377,2,13,,Standard,44,6.52,6.45,0.0,12.97
13378,5,12,,Standard,112,2.95,12.01,2.11,12.85
13379,3,16,44.0,Member,59,6.0,4.36,0.0,10.36
13380,3,3,,Standard,90,7.24,13.72,0.0,20.96
13381,4,2,,Standard,113,5.51,11.32,0.0,16.83
13382,2,12,57.0,Member,164,2.15,18.51,0.0,20.66
13383,3,2,10.0,Member,68,1.02,6.15,0.0,7.17
13384,5,15,,Standard,136,7.62,16.33,0.0,23.95
13385,2,12,,Standard,137,7.44,14.15,0.0,21.59
13386,3,4,,Standard,41,6.72,2.98,2.4,7.3
13387,1,5,29.0,Member,66,3.0,9.49,0.0,12.49
13388,4,5,21.0,Member,54,1.33,4.26,0.0,5.59
13389,5,5,,Standard,45,7.26,5.97,0.55,12.68
13390,1,14,3.0,Member,168,4.23,17.65,0.0,21.88
13391,3,4,,Standard,92,5.76,9.93,0.87,14.82
13392,5,12,14.0,Member,141,5.62,21.3,0.0,26.92
13393,3,4,5.0,Member,85,4.06,11.94,0.0,16.0
13394,1,3,46.0,Member,65,1.16,5.86,0.0,7.02
13395,3,16,8.0,Member,126,4.16,14.68,0.0,18.84
13396,1,11,5.0,Member,69,2.24,7.26,0.18,9.32
13397,3,11,,Time Limited,40,6.12,5.26,0.0,11.38
13398,4,12,,Standard,34,5.21,3.47,0.0,8.68
13399,2,13,,Administrator,37,7.74,4.88,0.0,12.62
13400,4,10,,Standard,103,0.24,7.5,0.92,6.82
13401,4,5,,Standard,60,5.57,8.42,1.1,12.89
13402,1,12,9.0,Member,79,0.92,5.94,0.0,6.86
13403,5,16,22.0,Member,49,0.01,4.79,1.11,3.69
13404,2,10,,Standard,118,4.59,12.2,0.0,16.79
13405,3,16,,Standard,111,7.82,11.79,0.0,19.61
13406,1,8,8.0,Member,84,1.21,9.88,1.03,10.06
13407,4,2,,Time Limited,34,4.52,4.37,0.0,8.89
13408,4,5,,Standard,119,1.62,14.33,0.0,15.95
13409,5,7,12.0,Member,122,0.54,18.32,0.0,18.86
13410,4,11,,Time Limited,60,4.31,4.44,0.0,8.75
13411,1,9,1.0,Member,81,0.06,10.34,0.0,10.4
13412,5,5,10.0,Member,70,4.42,8.47,0.85,12.04
13413,3,6,,Standard,116,6.81,14.91,2.5,19.22
13414,4,8,,Standard,63,0.56,10.07,0.0,10.63
13415,4,8,,Standard,43,1.41,3.78,0.0,5.19
13416,4,8,,Standard,62,1.67,7.85,0.0,9.52
13417,3,14,,Standard,32,0.02,1.95,0.0,1.97
13418,3,11,17.0,Member,49,5.1,4.13,0.0,9.23
13419,5,5,,Standard,112,3.97,16.68,0.0,20.65
13420,4,12,,Free,55,7.73,3.71,1.99,9.45
13421,1,5,29.0,Member,117,5.16,14.3,0.0,19.46
13422,5,9,,Standard,86,0.32,13.47,0.0,13.79
13423,3,2,,Standard,49,1.66,7.32,0.0,8.98
13424,1,8,,Time Limited,54,1.01,5.21,0.66,5.56
13425,5,16,66.0,Member,121,7.78,14.38,0.0,22.16
13426,5,16,,Time Limited,45,5.76,6.68,0.0,12.44
13427,5,12,,Standard,115,1.56,15.29,0.0,16.85
13428,1,2,3.0,Member,128,0.94,15.88,0.0,16.82
13429,5,1,,Standard,33,4.78,4.7,0.0,9.48
13430,3,12,,Standard,82,2.7,8.49,0.0,11.19
13431,1,6,35.0,Member,132,7.62,11.13,0.0,18.75
13432,5,14,,Time Limited,32,4.78,3.11,0.0,7.89
13433,3,9,,Time Limited,59,2.02,4.75,0.98,5.79
13434,1,3,7.0,Member,71,2.96,8.25,0.0,11.21
13435,5,1,9.0,Member,154,5.5,16.77,2.34,19.93
13436,2,2,,Administrator,28,1.07,1.97,0.0,3.04
13437,4,1,,Time Limited,64,7.35,8.57,0.0,15.92
13438,1,7,24.0,Member,83,5.39,12.03,2.67,14.75
13439,2,15,,Standard,82,0.43,5.65,2.82,3.26
13440,3,13,,Time Limited,51,1.79,6.46,0.0,8.25
13441,1,12,,Standard,49,4.84,6.75,0.0,11.59
13442,1,3,,Time Limited,80,1.08,6.49,1.68,5.89
13443,2,12,58.0,Member,156,1.61,19.29,0.23,20.67
13444,3,7,,Standard,50,4.91,7.81,0.0,12.72
13445,3,5,,Standard,41,7.87,3.49,0.0,11.36
13446,1,8,,Standard,118,0.02,17.15,0.0,17.17
13447,3,16,,Administrator,45,2.4,2.9,0.0,5.3
13448,2,14,,Administrator,10,4.61,0.65,0.71,4.55
13449,4,6,,Standard,83,5.26,8.0,0.0,13.26
13450,5,13,26.0,Member,120,5.2,9.4,1.49,13.11
13451,3,4,,Standard,33,6.48,3.07,0.0,9.55
13452,5,16,,Standard,81,2.18,11.35,0.71,12.82
13453,1,3,8.0,Member,135,0.45,20.18,0.0,20.63
13454,4,12,,Time Limited,74,6.31,6.12,1.61,10.82
13455,1,7,,Standard,82,6.04,11.09,0.0,17.13
13456,1,10,17.0,Member,76,6.75,8.12,0.0,14.87
13457,1,9,,Standard,117,4.63,7.17,0.0,11.8
13458,5,2,,Standard,80,5.28,5.82,0.0,11.1
13459,2,11,,Standard,103,5.11,7.46,0.0,12.57
13460,3,6,,Time Limited,78,5.39,7.08,0.0,12.47
13461,2,11,,Standard,144,1.24,9.68,0.0,10.92
13462,3,5,,Standard,139,0.09,10.2,0.0,10.29
13463,2,11,9.0,Member,145,7.08,20.8,0.0,27.88
13464,2,4,,Standard,123,1.62,8.86,0.0,10.48
13465,1,11,,Standard,105,0.03,11.5,0.0,11.53
13466,5,8,,Standard,34,6.71,3.63,0.0,10.34
13467,4,11,43.0,Member,77,7.22,8.22,1.85,13.59
13468,5,9,26.0,Member,52,6.13,6.18,0.0,12.31
13469,5,14,51.0,Member,170,1.25,18.61,0.77,19.09
13470,2,9,,Standard,60,6.81,7.29,0.0,14.1
13471,4,4,,Time Limited,69,7.72,5.59,0.0,13.31
13472,1,1,,Administrator,45,2.44,6.0,0.27,8.17
13473,5,13,,Standard,86,3.39,8.71,0.0,12.1
13474,4,2,,Standard,117,1.09,10.23,0.93,10.39
13475,4,6,,Standard,58,3.56,8.05,0.0,11.61
13476,2,7,,Standard,68,3.57,6.78,2.83,7.52
13477,1,6,,Time Limited,90,3.25,12.77,0.0,16.02
13478,3,7,,Time Limited,74,4.32,6.31,0.0,10.63
13479,2,2,,Standard,74,4.41,10.37,0.0,14.78
13480,3,3,,Standard,148,6.53,12.07,0.0,18.6
13481,1,13,,Standard,64,2.72,3.95,0.0,6.67
13482,2,4,6.0,Member,61,0.97,7.21,0.0,8.18
13483,2,9,,Standard,52,0.57,6.17,0.0,6.74
13484,1,16,,Standard,66,2.92,5.25,0.0,8.17
13485,4,1,,Standard,99,2.45,7.16,0.0,9.61
13486,5,16,,Standard,53,7.1,8.21,0.0,15.31
13487,1,15,,Standard,81,3.89,5.75,2.84,6.8
13488,1,10,,Standard,121,7.6,12.81,0.0,20.41
13489,1,8,,Standard,140,7.55,21.84,2.14,27.25
13490,5,14,,Standard,93,6.62,5.76,1.64,10.74
13491,1,10,,Standard,133,7.6,20.39,0.0,27.99
13492,2,15,,Standard,110,1.34,7.8,0.0,9.14
13493,5,12,26.0,Member,96,3.74,12.18,0.0,15.92
13494,3,6,,Administrator,41,0.37,2.7,0.0,3.07
13495,3,7,,Standard,108,6.05,11.86,0.0,17.91
13496,3,13,26.0,Member,133,3.93,17.92,0.0,21.85
13497,4,15,55.0,Member,166,0.78,20.01,0.0,20.79
13498,4,8,,Standard,95,0.65,11.61,0.0,12.26
13499,4,11,,Standard,68,4.31,4.77,0.0,9.08
13500,5,7,4.0,Member,74,1.78,7.25,2.36,6.67
13501,2,14,,Standard,63,0.76,4.38,0.0,5.14
13502,5,13,,Standard,65,2.79,9.71,0.0,12.5
13503,3,9,,Standard,145,2.04,21.98,0.51,23.51
13504,5,14,,Standard,92,3.17,13.72,0.0,16.89
13505,4,10,65.0,Member,71,3.03,9.13,0.21,11.95
13506,3,1,,Standard,77,0.99,8.78,0.0,9.77
13507,3,6,,Time Limited,45,4.41,4.89,0.0,9.3
13508,4,13,,Time Limited,86,7.62,7.19,1.08,13.73
13509,1,4,,Standard,54,0.23,4.29,1.04,3.48
13510,3,10,43.0,Member,99,4.07,15.56,0.0,19.63
13511,3,11,,Standard,73,7.0,5.15,0.95,11.2
13512,5,6,,Standard,32,5.78,4.83,0.0,10.61
13513,2,1,,Administrator,43,1.11,4.83,0.0,5.94
13514,2,13,52.0,Member,172,3.23,19.29,0.0,22.52
13515,2,8,3.0,Member,122,3.8,12.97,0.0,16.77
13516,1,3,8.0,Member,134,3.01,11.25,0.0,14.26
13517,5,13,,Time Limited,87,0.71,12.28,2.74,10.25
13518,1,2,9.0,Member,87,0.51,7.12,0.0,7.63
13519,5,6,,Standard,95,3.96,9.56,0.0,13.52
13520,5,16,8.0,Member,95,7.58,10.41,0.0,17.99
13521,4,9,,Standard,134,1.37,18.06,0.4,19.03
13522,5,5,,Time Limited,52,2.16,7.31,0.0,9.47
13523,3,10,,Standard,135,1.47,19.26,0.0,20.73
13524,5,7,,Free,60,5.59,4.27,0.0,9.86
13525,5,14,,Standard,87,6.85,10.56,0.0,17.41
13526,5,10,,Standard,34,6.54,4.85,0.0,11.39
13527,1,16,,Standard,97,2.59,15.35,0.48,17.46
13528,4,10,,Standard,55,4.25,5.03,0.21,9.07
13529,2,12,,Standard,82,5.41,6.29,0.0,11.7
13530,4,7,,Standard,44,3.65,3.38,0.0,7.03
13531,5,13,,Standard,122,2.69,16.33,0.0,19.02
13532,5,14,,Time Limited,88,6.86,11.79,1.13,17.52
13533,1,16,15.0,Member,168,1.12,24.0,0.0,25.12
13534,5,15,,Free,44,2.8,5.93,0.0,8.73
13535,2,10,,Standard,132,0.21,19.61,0.0,19.82
13536,5,2,,Standard,135,0.67,12.65,0.0,13.32
13537,2,8,57.0,Member,166,0.52,24.09,0.89,23.72
13538,2,8,56.0,Member,68,3.49,10.87,0.0,14.36
13539,4,7,27.0,Member,164,1.67,20.09,0.0,21.76
13540,5,3,,Time Limited,53,7.91,7.47,0.0,15.38
13541,3,14,,Standard,34,1.74,2.21,0.0,3.95
13542,3,7,,Time Limited,85,2.51,12.31,0.86,13.96
13543,2,6,,Standard,92,3.46,7.93,0.0,11.39
13544,4,16,5.0,Member,79,7.49,10.15,0.0,17.64
13545,1,16,55.0,Member,164,6.04,16.01,0.0,22.05
13546,5,11,39.0,Member,45,0.06,2.84,0.0,2.9
13547,3,14,,Standard,73,1.83,9.36,0.0,11.19
13548,4,1,,Standard,57,5.9,3.73,0.0,9.63
13549,4,12,,Standard,80,7.07,11.73,0.1,18.7
13550,2,10,55.0,Member,75,3.96,8.59,0.0,12.55
13551,5,10,39.0,Member,60,2.48,4.2,0.0,6.68
13552,1,4,,Standard,146,4.58,14.32,0.0,18.9
13553,5,10,,Standard,102,0.39,10.23,0.0,10.62
13554,5,5,,Free,38,0.11,4.46,0.0,4.57
13555,1,9,27.0,Member,168,0.6,19.96,0.0,20.56
13556,3,5,,Standard,147,4.4,12.94,0.0,17.34
13557,2,6,,Time Limited,46,2.45,3.69,0.0,6.14
13558,1,2,,Standard,109,5.79,15.55,0.0,21.34
13559,2,15,,Standard,111,6.33,10.51,0.0,16.84
13560,2,15,,Standard,100,5.81,10.43,0.07,16.17
13561,4,16,,Time Limited,65,7.87,5.92,0.86,12.93
13562,3,15,,Standard,127,6.98,8.14,0.0,15.12
13563,1,9,3.0,Member,93,5.11,13.77,0.0,18.88
13564,2,8,,Administrator,41,7.01,3.04,0.0,10.05
13565,3,11,,Standard,55,3.76,7.03,1.84,8.95
13566,3,7,,Administrator,28,3.76,4.02,1.3,6.48
13567,1,16,,Administrator,30,5.04,4.72,0.0,9.76
13568,2,6,58.0,Member,60,5.09,7.0,0.0,12.09
13569,1,13,,Standard,131,1.25,8.04,1.86,7.43
13570,4,2,,Time Limited,86,6.43,9.51,0.0,15.94
13571,4,4,13.0,Member,170,1.36,11.19,2.04,10.51
13572,2,6,,Time Limited,55,4.95,4.91,0.66,9.2
13573,4,16,,Standard,86,5.45,10.6,0.22,15.83
13574,1,10,,Standard,107,1.03,6.71,0.0,7.74
13575,3,5,,Standard,95,1.51,13.53,1.89,13.15
13576,1,15,,Standard,109,6.54,15.22,0.0,21.76
13577,1,1,42.0,Member,171,2.68,22.37,1.69,23.36
13578,3,2,,Free,59,6.09,4.92,0.0,11.01
13579,2,7,,Standard,71,4.24,4.7,0.0,8.94
13580,5,1,,Standard,55,1.48,7.4,0.0,8.88
13581,4,12,59.0,Member,96,7.46,9.9,0.0,17.36
13582,5,8,,Time Limited,76,2.22,8.83,0.0,11.05
13583,1,15,,Standard,104,6.35,10.18,0.0,16.53
13584,3,12,6.0,Member,119,5.76,16.31,0.0,22.07
13585,4,5,,Time Limited,84,2.0,11.31,0.0,13.31
13586,5,10,,Free,35,6.16,4.22,0.0,10.38
13587,2,15,,Time Limited,34,1.07,3.2,1.83,2.44
13588,3,16,,Standard,141,0.74,14.54,2.92,12.36
13589,2,4,,Standard,41,4.0,4.67,0.0,8.67
13590,2,7,,Standard,93,5.05,6.44,0.0,11.49
13591,4,8,,Standard,52,6.23,6.78,0.0,13.01
13592,4,16,,Standard,137,4.64,15.79,0.0,20.43
13593,2,15,,Standard,107,1.37,8.76,0.0,10.13
13594,5,13,,Standard,89,6.89,13.49,0.0,20.38
13595,3,9,24.0,Member,51,6.26,4.93,0.0,11.19
13596,1,16,,Standard,138,7.76,8.73,0.0,16.49
13597,2,9,38.0,Member,168,1.43,18.93,0.0,20.36
13598,5,8,,Standard,38,0.44,4.12,0.0,4.56
13599,2,16,,Standard,91,0.01,5.7,2.73,2.98
13600,4,7,,Standard,104,5.82,11.12,0.0,16.94
13601,1,10,,Standard,60,6.85,5.57,0.0,12.42
13602,1,2,,Standard,137,4.18,10.27,0.0,14.45
13603,4,13,,Standard,34,0.84,4.56,0.0,5.4
13604,1,15,,Standard,108,3.15,11.2,0.0,14.35
13605,5,2,,Standard,117,0.38,9.88,0.0,10.26
13606,4,6,,Standard,91,5.23,8.91,0.0,14.14
13607,4,16,6.0,Member,176,1.23,22.49,2.99,20.73
13608,2,3,,Time Limited,70,1.25,7.81,0.0,9.06
13609,4,13,,Standard,66,3.52,6.65,0.0,10.17
13610,3,10,5.0,Member,52,3.08,3.18,0.0,6.26
13611,2,4,4.0,Member,68,3.76,7.84,0.0,11.6
13612,5,10,,Administrator,40,6.01,5.49,0.0,11.5
13613,1,2,,Administrator,43,3.4,3.3,0.0,6.7
13614,2,12,,Standard,73,0.6,8.11,0.0,8.71
13615,3,4,,Standard,143,7.42,20.16,0.0,27.58
13616,5,13,36.0,Member,60,5.7,6.07,1.96,9.81
13617,5,2,,Standard,75,2.76,11.68,0.0,14.44
13618,4,7,,Standard,89,0.92,5.49,0.0,6.41
13619,5,4,,Standard,149,7.86,15.87,0.0,23.73
13620,3,16,44.0,Member,58,3.27,6.59,0.0,9.86
13621,3,5,,Standard,35,0.34,2.21,0.0,2.55
13622,3,14,,Standard,139,0.02,8.71,0.0,8.73
13623,1,15,,Standard,75,0.51,9.28,0.0,9.79
13624,4,4,,Standard,118,5.78,16.92,0.0,22.7
13625,4,5,,Standard,48,4.01,7.05,1.28,9.78
13626,4,14,48.0,Member,125,7.19,19.97,0.0,27.16
13627,2,16,,Standard,105,4.2,8.39,0.0,12.59
13628,5,12,,Standard,76,7.18,10.57,0.0,17.75
13629,2,8,,Standard,41,4.68,4.62,0.0,9.3
13630,4,12,,Standard,131,7.66,8.09,1.24,14.51
13631,3,8,,Free,54,3.74,7.5,0.13,11.11
13632,1,13,,Time Limited,56,2.45,5.6,0.0,8.05
13633,4,3,,Administrator,14,3.72,1.25,0.0,4.97
13634,4,12,14.0,Member,67,5.69,9.51,0.0,15.2
13635,2,3,,Standard,106,0.93,9.28,0.0,10.21
13636,1,9,,Standard,106,1.58,9.62,2.69,8.51
13637,2,11,,Standard,42,1.05,4.28,2.04,3.29
13638,3,4,,Standard,96,7.52,6.31,0.0,13.83
13639,3,8,,Standard,141,6.39,13.08,2.5,16.97
13640,1,5,,Standard,125,2.74,16.09,0.0,18.83
13641,2,4,,Time Limited,52,0.58,7.5,0.0,8.08
13642,2,1,,Standard,71,7.55,10.49,2.35,15.69
13643,5,2,,Time Limited,83,5.39,9.4,1.11,13.68
13644,3,5,,Administrator,39,3.75,2.61,0.0,6.36
13645,1,8,,Standard,98,5.99,8.42,0.0,14.41
13646,1,1,,Standard,148,2.76,23.46,0.0,26.22
13647,4,4,,Standard,43,4.8,6.57,0.0,11.37
13648,5,6,,Standard,63,7.42,7.11,0.0,14.53
13649,5,15,36.0,Member,109,2.09,10.53,0.0,12.62
13650,2,1,12.0,Member,164,4.88,14.57,0.0,19.45
13651,4,8,9.0,Member,121,5.6,7.57,0.0,13.17
13652,2,11,,Standard,75,7.04,10.09,2.64,14.49
13653,4,12,,Free,29,3.99,3.09,0.0,7.08
13654,5,4,,Free,55,6.39,4.65,0.0,11.04
13655,4,15,,Standard,49,7.08,3.2,0.84,9.44
13656,1,7,,Standard,99,1.73,15.82,1.13,16.42
13657,1,15,,Standard,47,6.18,5.6,0.0,11.78
13658,2,9,,Standard,84,7.16,6.71,2.98,10.89
13659,4,5,,Time Limited,63,5.95,6.61,0.0,12.56
13660,2,9,43.0,Member,75,5.33,8.35,0.0,13.68
13661,4,9,,Standard,119,2.25,17.12,0.11,19.26
13662,1,10,,Standard,30,4.07,1.87,0.46,5.48
13663,5,16,,Standard,46,2.92,3.91,0.0,6.83
13664,4,9,52.0,Member,108,5.13,7.48,0.0,12.61
13665,5,4,,Standard,76,4.16,8.73,0.0,12.89
13666,4,11,,Standard,107,0.23,14.65,0.0,14.88
13667,2,3,,Standard,50,0.44,6.89,0.0,7.33
13668,5,2,,Standard,43,1.22,4.63,0.0,5.85
13669,4,2,,Standard,67,6.66,4.83,0.0,11.49
13670,5,8,,Standard,48,3.98,5.32,0.0,9.3
13671,2,13,58.0,Member,51,5.82,4.29,0.0,10.11
13672,1,2,,Standard,139,2.13,19.41,0.0,21.54
13673,3,14,,Standard,120,4.62,16.08,0.0,20.7
13674,5,9,,Standard,145,0.23,12.87,0.0,13.1
13675,2,11,,Standard,121,5.03,14.52,0.0,19.55
13676,3,10,,Standard,34,7.7,2.7,1.48,8.92
13677,1,3,13.0,Member,113,3.2,10.81,0.0,14.01
13678,1,7,,Standard,33,6.01,3.52,2.3,7.23
13679,4,2,,Standard,83,4.8,10.93,0.0,15.73
13680,2,9,,Standard,138,4.05,15.28,0.0,19.33
13681,5,5,,Time Limited,38,4.02,6.06,0.0,10.08
13682,4,1,,Administrator,38,7.25,3.54,1.73,9.06
13683,2,3,1.0,Member,85,0.11,5.41,0.0,5.52
13684,3,15,,Standard,123,0.34,12.02,0.0,12.36
13685,4,10,,Time Limited,71,2.76,4.73,1.76,5.73
13686,4,8,35.0,Member,162,0.78,13.35,0.0,14.13
13687,3,9,56.0,Member,60,4.12,8.67,0.0,12.79
13688,1,11,37.0,Member,131,5.98,12.3,0.0,18.28
13689,5,5,,Standard,82,4.64,12.25,0.0,16.89
13690,2,11,,Standard,115,1.73,15.95,1.58,16.1
13691,5,12,2.0,Member,75,5.43,9.35,2.94,11.84
13692,3,9,,Standard,81,7.17,7.1,0.0,14.27
13693,2,12,,Standard,132,1.34,15.97,1.15,16.16
13694,4,8,,Standard,144,0.31,19.51,0.0,19.82
13695,5,14,,Standard,31,0.07,4.58,0.3,4.35
13696,4,3,3.0,Member,174,1.63,14.48,1.82,14.29
13697,4,2,,Time Limited,63,5.64,9.06,0.0,14.7
13698,5,10,,Free,22,0.85,3.19,0.0,4.04
13699,1,3,4.0,Member,151,6.29,10.41,1.68,15.02
13700,2,16,,Time Limited,30,0.57,1.83,0.6,1.8
13701,5,1,64.0,Member,135,6.61,21.23,0.0,27.84
13702,4,11,30.0,Member,92,5.23,8.83,0.69,13.37
13703,3,16,,Standard,84,1.98,6.33,0.0,8.31
13704,4,14,28.0,Member,142,3.92,9.71,0.0,13.63
13705,2,8,,Standard,76,6.2,9.52,0.0,15.72
13706,1,7,,Standard,32,7.54,3.96,0.17,11.33
13707,2,14,58.0,Member,107,0.1,11.7,0.0,11.8
13708,2,13,,Standard,121,5.55,16.11,0.0,21.66
13709,4,9,,Standard,83,3.12,5.83,0.96,7.99
13710,1,5,,Time Limited,88,6.63,11.46,0.0,18.09
13711,5,5,10.0,Member,48,5.73,3.2,0.0,8.93
13712,5,2,9.0,Member,175,4.11,12.34,0.0,16.45
13713,5,15,,Time Limited,85,1.88,12.79,1.31,13.36
13714,3,4,8.0,Member,134,2.17,14.4,2.63,13.94
13715,3,3,,Time Limited,58,2.07,7.09,0.0,9.16
13716,1,14,,Standard,60,1.57,6.72,0.0,8.29
13717,1,10,2.0,Member,81,5.43,9.42,0.0,14.85
13718,3,15,,Standard,63,5.51,8.54,0.0,14.05
13719,1,6,,Standard,91,5.24,8.57,0.0,13.81
13720,4,1,21.0,Member,143,0.05,12.01,0.0,12.06
13721,3,11,,Standard,113,3.36,16.03,0.0,19.39
13722,4,16,,Standard,124,3.4,19.81,0.0,23.21
13723,4,1,6.0,Member,134,6.28,15.6,0.0,21.88
13724,4,13,,Standard,100,7.14,7.37,0.0,14.51
13725,5,7,,Standard,132,3.55,9.06,0.0,12.61
13726,2,12,,Standard,54,6.06,8.29,0.0,14.35
13727,1,1,30.0,Member,92,4.42,10.44,0.0,14.86
13728,3,15,2.0,Member,113,3.12,14.86,0.0,17.98
13729,2,9,35.0,Member,56,2.87,6.37,0.0,9.24
13730,5,9,36.0,Member,135,4.23,15.42,1.72,17.93
13731,1,14,,Standard,45,7.49,3.22,0.0,10.71
13732,3,12,,Standard,104,0.05,9.19,0.0,9.24
13733,4,14,,Standard,31,0.74,2.53,0.0,3.27
13734,3,6,,Standard,100,0.89,11.11,2.32,9.68
13735,3,2,,Standard,140,2.54,16.08,0.0,18.62
13736,1,8,,Administrator,15,5.94,1.53,1.96,5.51
13737,5,11,,Standard,118,7.99,8.42,0.0,16.41
13738,2,12,4.0,Member,134,1.03,16.07,2.26,14.84
13739,5,9,,Standard,83,1.09,10.14,0.0,11.23
13740,2,15,6.0,Member,49,7.13,4.19,0.0,11.32
13741,2,10,,Standard,83,6.55,10.3,0.0,16.85
13742,4,5,,Standard,147,6.16,11.0,0.0,17.16
13743,4,16,61.0,Member,68,2.79,4.93,2.53,5.19
13744,1,4,41.0,Member,142,7.47,14.61,0.0,22.08
13745,2,15,2.0,Member,179,6.32,13.5,0.0,19.82
13746,5,9,,Standard,103,3.05,15.07,0.0,18.12
13747,3,3,,Administrator,11,6.57,1.22,0.0,7.79
13748,3,8,,Standard,148,4.31,17.41,0.0,21.72
13749,4,15,3.0,Member,180,3.67,25.64,0.0,29.31
13750,3,10,,Standard,109,2.84,10.34,0.0,13.18
13751,5,9,,Standard,46,7.17,3.35,0.0,10.52
13752,3,10,,Free,41,3.53,3.54,0.0,7.07
13753,4,11,9.0,Member,140,5.85,19.25,0.0,25.1
13754,2,2,,Standard,79,5.67,12.34,0.0,18.01
13755,4,6,24.0,Member,134,7.76,11.35,0.0,19.11
13756,4,1,39.0,Member,161,7.77,18.16,0.0,25.93
13757,4,12,,Standard,77,7.44,4.87,1.5,10.81
13758,3,3,,Standard,99,6.03,5.99,0.0,12.02
13759,1,6,,Administrator,26,4.62,3.06,0.0,7.68
13760,1,4,,Standard,44,1.31,2.83,0.0,4.14
13761,1,4,17.0,Member,132,6.32,9.13,0.0,15.45
13762,3,3,5.0,Member,115,4.97,17.73,0.0,22.7
13763,1,16,,Standard,143,6.32,22.64,2.78,26.18
13764,4,13,6.0,Member,152,3.14,21.34,0.0,24.48
13765,1,2,,Standard,115,4.4,17.09,0.0,21.49
13766,5,1,,Time Limited,75,5.54,7.48,0.0,13.02
13767,1,5,,Standard,77,6.44,7.75,0.0,14.19
13768,3,3,,Standard,99,4.81,12.92,0.0,17.73
13769,5,4,,Standard,69,0.78,5.49,0.0,6.27
13770,3,13,18.0,Member,76,7.66,6.4,0.0,14.06
13771,2,1,,Free,28,2.46,2.87,0.0,5.33
13772,2,9,23.0,Member,66,2.11,7.51,0.0,9.62
13773,4,9,,Free,56,3.95,5.21,0.0,9.16
13774,5,12,,Time Limited,37,2.21,5.54,0.0,7.75
13775,3,14,4.0,Member,74,7.82,7.23,1.98,13.07
13776,1,9,,Time Limited,67,4.24,7.54,0.0,11.78
13777,4,16,,Standard,64,2.72,9.47,0.0,12.19
13778,2,2,,Free,42,6.55,6.25,0.0,12.8
13779,4,15,,Time Limited,56,6.84,6.84,0.0,13.68
13780,4,12,,Standard,102,2.42,16.24,0.0,18.66
13781,1,12,6.0,Member,139,5.56,17.9,0.0,23.46
13782,2,11,3.0,Member,143,1.65,8.77,0.0,10.42
13783,5,12,,Standard,58,2.29,7.31,1.11,8.49
13784,1,14,,Standard,90,0.66,8.74,0.0,9.4
13785,5,8,,Standard,115,6.43,9.2,0.0,15.63
13786,4,8,,Time Limited,53,7.49,4.22,0.0,11.71
13787,4,12,,Standard,141,1.29,20.7,0.0,21.99
13788,3,12,40.0,Member,74,1.04,10.19,0.0,11.23
13789,1,10,2.0,Member,99,2.7,8.7,0.0,11.4
13790,2,9,,Standard,138,3.34,10.11,0.0,13.45
13791,4,2,3.0,Member,156,1.46,12.29,0.0,13.75
13792,5,6,6.0,Member,124,2.45,8.97,0.0,11.42
13793,2,11,,Administrator,37,3.94,3.29,2.8,4.43
13794,1,6,43.0,Member,57,7.67,6.97,0.0,14.64
13795,5,12,,Standard,109,2.37,16.64,0.0,19.01
13796,2,1,18.0,Member,49,5.32,6.17,0.0,11.49
13797,4,10,,Standard,83,2.78,6.31,0.0,9.09
13798,5,1,,Standard,85,4.72,13.24,0.0,17.96
13799,5,5,30.0,Member,105,4.81,16.58,0.0,21.39
13800,2,11,32.0,Member,73,1.04,5.72,2.28,4.48
13801,4,11,,Time Limited,34,7.98,2.8,0.0,10.78
13802,1,7,,Standard,131,7.58,8.81,2.01,14.38
13803,1,10,,Free,25,3.47,2.88,0.0,6.35
13804,4,10,,Standard,91,2.59,9.79,0.0,12.38
13805,3,9,20.0,Member,49,3.56,5.2,0.0,8.76
13806,1,14,8.0,Member,97,4.54,8.66,0.0,13.2
13807,1,6,,Standard,93,6.55,6.83,1.84,11.54
13808,3,11,,Standard,65,4.09,7.74,0.0,11.83
13809,5,6,,Standard,110,4.32,9.86,0.0,14.18
13810,5,13,41.0,Member,121,3.59,16.86,0.0,20.45
13811,2,11,8.0,Member,135,5.97,11.46,0.76,16.67
13812,1,10,,Free,60,1.27,8.74,0.0,10.01
13813,2,16,,Standard,126,4.0,11.11,0.0,15.11
13814,2,9,,Standard,38,4.17,3.93,0.0,8.1
13815,4,1,14.0,Member,50,6.86,7.2,0.0,14.06
13816,1,8,,Standard,69,1.73,5.34,0.59,6.48
13817,5,3,59.0,Member,45,1.32,5.8,0.0,7.12
13818,2,8,,Standard,111,2.95,9.76,0.0,12.71
13819,1,10,,Standard,103,6.02,12.13,0.0,18.15
13820,1,9,40.0,Member,111,2.98,7.35,0.0,10.33
13821,3,6,,Standard,84,0.2,12.82,1.69,11.33
13822,3,9,,Time Limited,33,4.3,3.65,1.71,6.24
13823,3,9,37.0,Member,149,0.51,22.15,0.0,22.66
13824,5,1,,Free,27,0.4,2.31,0.0,2.71
13825,5,9,26.0,Member,129,6.13,15.66,0.23,21.56
13826,5,6,,Standard,63,4.68,4.78,0.0,9.46
13827,1,13,2.0,Member,52,6.73,5.42,0.0,12.15
13828,1,6,,Standard,137,1.87,17.54,0.0,19.41
13829,1,7,,Standard,136,4.03,20.87,0.0,24.9
13830,1,14,,Administrator,42,4.11,5.54,0.0,9.65
13831,5,1,,Standard,144,1.44,10.8,0.0,12.24
13832,5,1,,Standard,51,2.97,5.98,0.0,8.95
13833,3,4,,Standard,104,1.74,15.13,0.0,16.87
13834,4,3,,Standard,61,5.46,6.98,0.0,12.44
13835,5,5,,Standard,104,5.11,11.26,0.56,15.81
13836,4,9,20.0,Member,104,5.57,13.56,0.15,18.98
13837,3,16,,Administrator,40,5.99,4.74,0.0,10.73
13838,4,6,,Standard,109,2.1,14.32,0.0,16.42
13839,1,11,25.0,Member,178,1.25,19.96,0.0,21.21
13840,3,13,35.0,Member,168,7.09,21.83,0.48,28.44
13841,5,9,,Standard,89,1.96,7.28,0.47,8.77
13842,3,15,31.0,Member,57,5.12,8.84,0.0,13.96
13843,5,8,,Standard,43,2.9,5.79,0.0,8.69
13844,5,14,,Standard,117,2.22,7.04,0.0,9.26
13845,2,8,,Standard,90,2.88,14.25,0.95,16.18
13846,1,3,66.0,Member,120,3.62,18.49,0.0,22.11
13847,5,4,5.0,Member,179,5.02,22.22,0.0,27.24
13848,3,3,3.0,Member,62,3.48,9.67,0.0,13.15
13849,1,10,,Standard,124,3.55,14.49,0.0,18.04
13850,3,14,8.0,Member,106,0.78,15.48,0.0,16.26
13851,3,15,,Time Limited,77,4.77,7.22,0.0,11.99
13852,1,5,,Standard,132,4.0,11.73,0.0,15.73
13853,3,5,,Standard,99,6.43,7.74,0.0,14.17
13854,3,2,,Standard,69,3.77,7.11,0.24,10.64
13855,2,15,,Time Limited,77,4.46,8.46,0.0,12.92
13856,2,16,,Administrator,19,5.25,1.45,0.0,6.7
13857,3,6,,Standard,55,2.31,5.55,0.0,7.86
13858,5,16,,Time Limited,83,4.55,12.52,2.76,14.31
13859,1,15,64.0,Member,178,7.34,11.1,2.05,16.39
13860,1,6,60.0,Member,59,2.43,5.97,0.0,8.4
13861,4,5,42.0,Member,127,7.65,7.64,0.0,15.29
13862,2,6,,Standard,56,5.36,3.93,0.29,9.0
13863,5,5,,Time Limited,40,6.68,4.8,0.0,11.48
13864,3,10,4.0,Member,118,0.7,15.81,0.0,16.51
13865,3,2,,Standard,44,0.72,3.4,0.0,4.12
13866,1,10,,Standard,85,6.89,5.45,0.0,12.34
13867,5,16,,Standard,143,0.75,10.73,0.0,11.48
13868,5,3,,Time Limited,85,4.84,6.24,0.0,11.08
13869,2,1,,Standard,71,0.7,10.21,2.08,8.83
13870,1,13,,Standard,59,2.11,8.68,0.0,10.79
13871,1,15,7.0,Member,103,6.31,6.78,0.0,13.09
13872,3,2,,Standard,118,0.93,9.9,0.0,10.83
13873,3,12,,Standard,53,4.54,7.5,0.0,12.04
13874,2,14,,Free,45,3.28,4.1,0.0,7.38
13875,5,13,,Time Limited,74,7.1,9.38,0.05,16.43
13876,4,6,18.0,Member,148,3.49,18.89,2.21,20.17
13877,1,2,,Standard,112,6.47,15.72,1.29,20.9
13878,5,11,,Standard,143,3.23,16.03,0.0,19.26
13879,5,14,17.0,Member,148,7.42,18.01,0.0,25.43
13880,1,6,,Standard,82,1.74,7.6,2.13,7.21
13881,5,8,,Standard,81,1.06,12.9,0.27,13.69
13882,5,9,,Standard,83,5.44,5.78,0.0,11.22
13883,1,3,,Standard,54,0.9,8.03,0.58,8.35
13884,4,1,,Standard,62,5.67,8.87,0.0,14.54
13885,4,5,,Time Limited,77,2.98,10.92,0.0,13.9
13886,5,2,,Standard,85,0.07,6.73,1.05,5.75
13887,5,12,,Standard,132,2.27,9.55,0.0,11.82
13888,3,6,,Standard,150,2.77,20.35,0.0,23.12
13889,4,12,,Standard,47,3.55,5.01,0.0,8.56
13890,3,1,,Standard,61,7.75,6.09,0.0,13.84
13891,5,5,48.0,Member,170,3.66,25.86,0.0,29.52
13892,5,5,,Time Limited,51,5.52,4.08,0.1,9.5
13893,4,13,22.0,Member,84,3.97,6.6,0.0,10.57
13894,1,8,66.0,Member,110,1.0,13.28,0.0,14.28
13895,5,14,,Standard,73,5.76,9.05,1.45,13.36
13896,2,14,,Standard,130,0.33,8.27,0.0,8.6
13897,1,7,5.0,Member,80,1.63,6.63,0.0,8.26
13898,1,2,44.0,Member,54,4.42,6.89,0.0,11.31
13899,3,5,,Free,51,4.98,8.07,0.0,13.05
13900,1,15,30.0,Member,136,6.43,14.85,0.0,21.28
13901,5,16,5.0,Member,180,4.79,25.81,1.38,29.22
13902,3,6,53.0,Member,96,0.95,9.65,0.0,10.6
13903,2,8,,Free,59,2.09,6.68,0.0,8.77
13904,3,7,,Standard,63,4.46,7.31,0.0,11.77
13905,1,11,33.0,Member,113,3.13,16.7,0.0,19.83
13906,2,1,,Standard,76,4.54,8.78,0.0,13.32
13907,4,14,,Standard,121,6.14,8.31,0.0,14.45
13908,5,16,,Standard,117,6.14,15.37,0.0,21.51
13909,4,2,,Free,53,5.75,4.72,0.0,10.47
13910,2,8,5.0,Member,159,7.92,20.12,0.0,28.04
13911,2,15,65.0,Member,130,4.03,12.76,0.0,16.79
13912,2,16,,Standard,41,6.18,6.32,0.0,12.5
13913,3,15,9.0,Member,68,2.53,7.88,2.64,7.77
13914,4,4,,Standard,140,1.47,21.11,0.65,21.93
13915,5,5,18.0,Member,169,3.81,24.68,0.0,28.49
13916,2,9,2.0,Member,63,0.83,5.59,2.84,3.58
13917,2,8,,Standard,110,2.58,9.4,1.72,10.26
13918,3,7,,Standard,130,2.29,20.06,0.0,22.35
13919,1,2,29.0,Member,154,7.0,19.07,0.0,26.07
13920,5,1,,Standard,127,5.58,18.54,0.0,24.12
13921,5,7,48.0,Member,119,6.83,8.03,0.0,14.86
13922,4,5,,Standard,55,3.39,4.33,0.46,7.26
13923,5,11,5.0,Member,104,5.91,10.3,1.38,14.83
13924,5,6,,Standard,73,0.83,5.52,0.0,6.35
13925,2,9,,Standard,104,5.08,14.93,1.04,18.97
13926,3,9,,Administrator,23,6.83,1.41,0.0,8.24
13927,3,8,45.0,Member,127,2.03,10.08,0.0,12.11
13928,1,15,,Standard,149,0.47,17.28,0.0,17.75
13929,5,9,,Standard,31,6.03,4.53,0.0,10.56
13930,2,12,,Free,29,0.69,3.63,0.0,4.32
13931,5,11,,Standard,90,7.73,8.83,0.0,16.56
13932,2,1,34.0,Member,128,7.45,12.8,2.18,18.07
13933,2,4,10.0,Member,133,5.44,9.62,1.11,13.95
13934,4,8,10.0,Member,86,2.63,6.07,0.0,8.7
13935,4,10,,Standard,80,3.5,12.59,0.0,16.09
13936,1,5,,Standard,50,2.97,7.26,1.88,8.35
13937,4,8,13.0,Member,168,3.59,19.09,0.0,22.68
13938,5,3,66.0,Member,131,4.35,8.12,0.0,12.47
13939,3,15,,Standard,72,1.51,7.58,0.93,8.16
13940,4,16,,Standard,106,1.5,15.98,0.0,17.48
13941,5,12,57.0,Member,67,0.94,4.68,1.29,4.33
13942,1,9,,Time Limited,35,3.15,4.13,0.0,7.28
13943,4,11,7.0,Member,103,5.39,8.98,0.0,14.37
13944,2,10,,Time Limited,40,7.02,2.44,0.0,9.46
13945,3,12,8.0,Member,89,5.94,10.14,0.0,16.08
13946,4,14,8.0,Member,64,6.14,8.29,0.0,14.43
13947,2,2,,Standard,96,6.63,10.9,0.9,16.63
13948,2,11,25.0,Member,159,1.17,16.31,0.0,17.48
13949,2,10,,Standard,45,1.49,6.92,0.37,8.04
13950,2,6,53.0,Member,132,6.05,12.43,0.0,18.48
13951,1,7,,Standard,124,5.92,18.21,0.0,24.13
13952,4,15,,Standard,47,7.02,7.3,0.0,14.32
13953,2,1,,Free,18,6.72,2.3,0.0,9.02
13954,3,14,,Standard,88,6.14,11.93,0.0,18.07
13955,2,8,,Standard,78,0.48,4.99,0.0,5.47
13956,3,1,60.0,Member,56,5.28,5.62,0.0,10.9
13957,5,12,54.0,Member,69,4.5,5.71,0.0,10.21
13958,3,10,1.0,Member,53,3.96,7.89,0.0,11.85
13959,3,2,,Standard,36,4.42,3.75,0.0,8.17
13960,5,10,11.0,Member,151,7.06,14.79,0.0,21.85
13961,2,6,,Standard,65,3.79,7.2,0.0,10.99
13962,4,15,,Standard,50,1.7,5.09,2.52,4.27
13963,5,3,,Free,47,7.39,3.98,0.0,11.37
13964,5,4,,Standard,63,3.69,9.77,0.92,12.54
13965,1,12,,Time Limited,63,1.87,6.72,0.0,8.59
13966,5,12,,Time Limited,63,2.16,4.54,0.0,6.7
13967,5,16,,Standard,105,1.42,14.16,0.0,15.58
13968,2,5,,Time Limited,30,7.14,4.78,0.0,11.92
13969,4,16,,Standard,137,1.43,15.45,0.0,16.88
13970,5,4,,Standard,79,3.94,6.09,0.0,10.03
13971,2,1,,Free,22,7.87,2.52,0.0,10.39
13972,5,6,,Standard,131,5.11,13.69,0.0,18.8
13973,1,10,,Standard,30,1.53,3.14,0.0,4.67
13974,3,15,,Free,39,6.17,4.9,0.0,11.07
13975,3,3,2.0,Member,118,4.9,13.27,0.26,17.91
13976,2,6,,Standard,32,7.23,3.74,0.0,10.97
13977,1,9,,Standard,110,3.8,17.03,0.0,20.83
13978,3,5,58.0,Member,104,6.89,6.33,0.0,13.22
13979,3,12,,Time Limited,90,2.96,12.36,0.0,15.32
13980,2,6,31.0,Member,82,5.0,7.86,0.0,12.86
13981,2,12,,Standard,103,5.36,13.24,0.0,18.6
13982,2,8,24.0,Member,155,5.94,21.83,0.89,26.88
13983,3,7,,Standard,150,2.33,22.16,0.0,24.49
13984,5,3,,Standard,109,5.18,12.07,0.0,17.25
13985,1,3,,Standard,124,4.75,7.54,0.0,12.29
13986,4,15,,Standard,146,6.05,11.14,2.87,14.32
13987,2,3,30.0,Member,171,2.74,24.99,2.53,25.2
13988,2,9,,Standard,55,5.79,6.31,0.0,12.1
13989,4,11,,Standard,90,3.08,10.54,0.0,13.62
13990,4,10,,Standard,40,3.81,4.54,0.0,8.35
13991,5,11,,Standard,102,2.56,12.44,0.0,15.0
13992,5,1,,Standard,37,5.74,5.23,0.0,10.97
13993,5,5,,Free,41,5.69,3.87,0.0,9.56
13994,1,3,,Time Limited,39,7.57,4.44,0.0,12.01
13995,5,14,,Standard,122,3.8,16.74,0.0,20.54
13996,1,11,7.0,Member,169,5.75,12.1,2.16,15.69
13997,4,10,,Time Limited,81,6.88,6.13,0.0,13.01
13998,1,9,,Standard,58,7.94,5.09,0.0,13.03
13999,2,13,15.0,Member,169,2.02,24.82,0.0,26.84
14000,5,12,1.0,Member,133,3.64,12.49,0.0,16.13
14001,4,7,,Time Limited,78,3.18,11.59,0.0,14.77
14002,2,4,,Standard,64,6.82,6.5,0.0,13.32
14003,2,10,,Standard,116,0.51,15.11,0.0,15.62
14004,4,8,9.0,Member,80,7.16,5.91,0.0,13.07
14005,5,11,31.0,Member,52,1.8,8.29,0.0,10.09
14006,4,8,,Time Limited,30,7.69,4.2,0.0,11.89
14007,2,3,44.0,Member,123,1.23,16.0,0.91,16.32
14008,1,9,,Standard,64,2.42,9.45,0.0,11.87
14009,5,14,4.0,Member,160,1.01,19.63,0.0,20.64
14010,3,14,,Standard,139,1.65,9.51,0.0,11.16
14011,4,9,,Time Limited,89,2.8,8.91,0.0,11.71
14012,2,7,8.0,Member,68,2.61,8.38,0.12,10.87
14013,4,14,,Standard,123,3.13,16.06,0.96,18.23
14014,4,9,,Standard,125,6.84,13.34,0.0,20.18
14015,5,3,6.0,Member,47,4.34,3.71,0.0,8.05
14016,1,10,,Free,34,0.56,3.9,0.0,4.46
14017,4,8,,Standard,144,6.79,9.9,0.0,16.69
14018,3,14,,Standard,130,5.35,11.58,0.0,16.93
14019,1,14,,Administrator,33,6.93,3.32,0.0,10.25
14020,4,14,,Standard,52,3.46,4.45,0.0,7.91
14021,5,2,,Standard,57,3.02,7.24,0.0,10.26
14022,4,4,,Standard,72,0.47,6.11,1.82,4.76
14023,2,9,43.0,Member,61,0.67,8.68,0.0,9.35
14024,4,4,,Time Limited,47,5.02,5.08,0.0,10.1
14025,3,8,,Standard,124,4.94,19.6,0.0,24.54
14026,3,7,,Time Limited,59,2.51,4.51,0.0,7.02
14027,1,7,56.0,Member,143,4.53,11.27,0.06,15.74
14028,3,4,33.0,Member,139,7.23,10.39,2.03,15.59
14029,4,16,,Standard,95,7.01,8.83,0.34,15.5
14030,3,16,,Standard,54,4.12,8.13,2.98,9.27
14031,3,2,,Time Limited,83,1.94,5.62,0.0,7.56
14032,3,4,65.0,Member,154,5.78,18.28,0.0,24.06
14033,3,15,,Standard,101,1.53,10.58,0.0,12.11
14034,5,11,,Free,34,3.16,3.79,0.0,6.95
14035,2,13,,Standard,133,3.3,11.52,0.0,14.82
14036,2,11,,Standard,107,2.24,9.89,2.46,9.67
14037,1,5,7.0,Member,135,6.91,18.7,0.0,25.61
14038,5,15,,Standard,50,3.76,3.19,0.0,6.95
14039,3,8,20.0,Member,94,6.42,6.83,0.0,13.25
14040,1,3,,Free,53,2.29,7.74,0.0,10.03
14041,1,16,3.0,Member,62,6.3,8.04,0.0,14.34
14042,4,15,,Standard,68,5.42,10.82,0.0,16.24
14043,2,1,32.0,Member,121,2.27,18.02,0.0,20.29
14044,4,12,,Time Limited,68,1.92,8.67,0.0,10.59
14045,1,4,,Standard,94,0.21,14.8,0.0,15.01
14046,2,6,,Standard,51,7.91,3.99,2.1,9.8
14047,4,14,,Standard,54,3.51,3.93,2.6,4.84
14048,4,12,38.0,Member,78,3.99,6.0,0.0,9.99
14049,4,3,,Standard,48,7.45,5.16,0.0,12.61
14050,4,13,17.0,Member,123,6.95,7.75,0.0,14.7
14051,2,8,,Standard,123,0.42,17.06,0.0,17.48
14052,3,15,,Standard,87,3.9,6.44,0.0,10.34
14053,2,11,,Standard,49,0.75,5.35,0.0,6.1
14054,3,7,,Time Limited,60,0.69,7.23,0.0,7.92
14055,2,4,59.0,Member,155,7.01,24.58,0.0,31.59
14056,2,15,,Administrator,16,7.72,2.01,0.0,9.73
14057,3,10,,Standard,130,1.65,18.57,2.83,17.39
14058,1,8,,Standard,132,3.46,8.17,0.0,11.63
14059,2,13,,Time Limited,70,7.52,8.21,0.0,15.73
14060,5,4,,Free,57,2.61,4.14,1.28,5.47
14061,3,14,,Standard,132,3.4,20.41,0.0,23.81
14062,4,10,,Standard,135,7.99,8.6,0.0,16.59
14063,5,14,,Standard,147,6.14,11.31,0.0,17.45
14064,5,5,56.0,Member,170,7.8,21.47,0.0,29.27
14065,4,16,,Standard,132,0.29,13.41,0.0,13.7
14066,4,13,,Standard,107,6.68,16.8,0.0,23.48
14067,4,12,,Time Limited,53,6.33,4.6,0.0,10.93
14068,1,14,,Standard,116,4.99,11.97,0.0,16.96
14069,5,2,,Standard,128,3.29,20.33,0.0,23.62
14070,1,12,,Standard,108,3.98,10.68,0.0,14.66
14071,3,9,,Standard,43,7.76,4.29,2.01,10.04
14072,1,14,41.0,Member,129,7.96,13.99,0.0,21.95
14073,4,15,59.0,Member,50,3.78,3.74,0.32,7.2
14074,2,8,,Standard,144,1.42,15.03,0.0,16.45
14075,3,10,,Free,57,1.09,5.32,0.0,6.41
14076,1,7,,Time Limited,63,3.32,4.94,0.0,8.26
14077,4,10,,Standard,38,6.85,4.24,1.65,9.44
14078,5,7,14.0,Member,173,5.86,27.06,0.0,32.92
14079,4,1,50.0,Member,140,0.29,11.04,0.0,11.33
14080,3,7,,Administrator,43,4.62,3.68,0.0,8.3
14081,1,4,,Administrator,23,1.74,3.13,0.0,4.87
14082,1,13,7.0,Member,109,5.66,8.17,0.0,13.83
14083,2,12,,Time Limited,42,0.51,4.36,2.67,2.2
14084,4,13,,Standard,139,6.43,9.2,0.0,15.63
14085,4,13,,Standard,101,6.61,14.85,0.0,21.46
14086,1,15,,Standard,56,7.45,5.75,0.0,13.2
14087,1,2,,Standard,37,0.9,4.58,0.17,5.31
14088,4,12,10.0,Member,54,1.6,3.73,0.04,5.29
14089,3,3,,Standard,59,1.63,6.93,0.58,7.98
14090,2,3,,Standard,106,6.59,8.39,0.0,14.98
14091,2,2,53.0,Member,109,4.54,15.08,0.0,19.62
14092,1,13,39.0,Member,48,5.13,3.99,0.28,8.84
14093,4,2,,Time Limited,70,3.54,4.3,1.23,6.61
14094,2,15,49.0,Member,135,2.22,16.25,0.0,18.47
14095,1,12,,Standard,111,3.04,14.82,0.0,17.86
14096,5,3,,Standard,101,0.6,13.23,0.0,13.83
14097,5,6,,Standard,127,1.18,16.41,0.0,17.59
14098,2,8,13.0,Member,79,7.64,9.72,1.42,15.94
14099,2,10,,Standard,109,3.39,13.68,0.14,16.93
14100,4,14,,Administrator,17,2.95,2.21,0.0,5.16
14101,5,11,,Standard,39,2.87,3.99,0.0,6.86
14102,5,11,,Standard,73,4.38,6.35,2.4,8.33
14103,1,1,,Time Limited,67,7.03,4.94,2.42,9.55
14104,4,5,,Standard,103,4.47,15.54,0.0,20.01
14105,1,11,,Standard,105,5.67,16.44,0.0,22.11
14106,5,14,,Free,29,3.56,2.74,0.08,6.22
14107,3,8,58.0,Member,110,2.83,16.94,0.0,19.77
14108,3,7,,Administrator,25,3.09,3.15,0.0,6.24
14109,2,12,7.0,Member,117,7.7,17.53,1.56,23.67
14110,4,14,37.0,Member,57,5.69,6.83,2.93,9.59
14111,1,3,,Standard,67,6.58,4.22,0.0,10.8
14112,5,6,63.0,Member,169,6.26,13.73,0.0,19.99
14113,3,16,1.0,Member,139,1.81,11.35,0.0,13.16
14114,1,10,,Standard,31,2.55,2.87,0.0,5.42
14115,2,2,3.0,Member,71,3.22,6.83,2.47,7.58
14116,3,14,,Standard,96,1.77,13.15,0.0,14.92
14117,5,5,7.0,Member,80,3.39,10.05,0.0,13.44
14118,5,4,,Administrator,29,7.99,4.53,0.0,12.52
14119,1,3,,Time Limited,78,5.11,8.39,0.0,13.5
14120,1,15,,Standard,138,1.53,13.22,0.0,14.75
14121,4,11,,Time Limited,31,6.0,2.49,1.56,6.93
14122,4,6,,Standard,130,1.08,14.72,0.0,15.8
14123,1,11,50.0,Member,141,7.45,12.85,0.88,19.42
14124,5,14,,Standard,46,1.15,6.49,0.0,7.64
14125,1,12,39.0,Member,127,4.9,10.5,0.0,15.4
14126,1,16,,Time Limited,56,5.15,5.65,1.92,8.88
14127,5,7,,Standard,40,7.92,2.63,0.0,10.55
14128,5,1,,Standard,150,7.15,14.79,1.32,20.62
14129,3,12,,Standard,66,6.61,8.67,0.0,15.28
14130,2,3,6.0,Member,62,1.29,8.76,0.0,10.05
14131,5,12,,Standard,42,6.88,4.85,0.0,11.73
14132,5,2,,Administrator,21,7.23,1.9,0.0,9.13
14133,3,2,,Standard,33,6.85,3.92,0.0,10.77
14134,3,3,,Standard,117,0.15,12.01,0.0,12.16
14135,2,11,,Standard,122,2.37,12.39,2.17,12.59
14136,1,3,,Standard,69,6.4,10.53,0.0,16.93
14137,4,16,3.0,Member,123,8.0,12.21,0.0,20.21
14138,1,15,10.0,Member,142,3.54,11.49,0.0,15.03
14139,1,10,,Standard,70,4.82,6.96,0.0,11.78
14140,2,12,31.0,Member,155,2.27,10.19,0.0,12.46
14141,1,11,,Administrator,21,0.73,3.28,2.03,1.98
14142,5,9,,Standard,50,6.58,4.67,0.0,11.25
14143,5,5,9.0,Member,166,3.02,10.89,0.0,13.91
14144,3,2,31.0,Member,86,4.5,6.73,0.0,11.23
14145,3,8,48.0,Member,94,6.91,7.18,0.0,14.09
14146,2,7,64.0,Member,156,6.3,13.29,0.0,19.59
14147,5,2,63.0,Member,132,7.63,10.18,0.0,17.81
14148,1,10,,Standard,49,7.66,3.34,0.0,11.0
14149,5,10,,Administrator,28,1.11,2.15,0.0,3.26
14150,1,16,,Free,32,4.96,2.97,0.0,7.93
14151,4,11,,Time Limited,55,3.75,6.45,0.0,10.2
14152,4,2,22.0,Member,50,6.46,4.6,2.47,8.59
14153,3,3,,Time Limited,40,5.81,4.78,0.0,10.59
14154,2,15,,Time Limited,64,1.46,3.84,0.0,5.3
14155,3,13,,Standard,68,4.48,6.08,0.0,10.56
14156,3,12,37.0,Member,151,4.09,10.24,0.0,14.33
14157,1,15,,Standard,92,5.7,10.24,0.0,15.94
14158,1,11,,Standard,101,8.0,7.27,0.0,15.27
14159,1,6,,Standard,83,7.69,7.26,2.19,12.76
14160,2,2,,Standard,81,3.02,7.88,0.0,10.9
14161,1,15,48.0,Member,113,5.11,17.63,0.0,22.74
14162,1,12,18.0,Member,57,2.85,6.95,0.0,9.8
14163,3,15,42.0,Member,146,5.39,21.11,0.0,26.5
14164,3,1,,Standard,62,6.02,3.91,0.0,9.93
14165,3,15,,Standard,109,7.21,8.03,0.0,15.24
14166,1,6,,Standard,46,0.45,4.17,0.0,4.62
14167,3,12,,Standard,123,4.51,19.12,1.33,22.3
14168,4,16,,Standard,81,4.49,6.0,0.0,10.49
14169,3,7,7.0,Member,86,4.41,5.6,1.8,8.21
14170,1,2,51.0,Member,68,5.16,5.08,0.0,10.24
14171,5,7,,Time Limited,38,2.28,2.64,1.52,3.4
14172,2,8,,Standard,95,1.2,6.21,0.0,7.41
14173,5,3,,Time Limited,48,1.91,5.26,0.0,7.17
14174,5,7,,Time Limited,46,1.35,4.99,0.0,6.34
14175,3,11,30.0,Member,163,3.5,11.59,0.0,15.09
14176,5,12,,Standard,138,4.42,18.12,0.0,22.54
14177,5,8,,Standard,140,6.15,22.15,1.22,27.08
14178,2,4,32.0,Member,62,1.0,7.27,0.0,8.27
14179,5,10,,Free,15,5.11,1.42,0.0,6.53
14180,3,15,6.0,Member,155,4.0,14.02,0.0,18.02
14181,4,10,6.0,Member,111,1.62,10.88,2.04,10.46
14182,5,15,,Standard,104,3.95,7.31,0.0,11.26
14183,4,6,,Standard,97,4.28,10.24,0.0,14.52
14184,2,8,,Standard,54,5.25,4.19,0.0,9.44
14185,5,7,,Standard,94,4.81,13.89,2.33,16.37
14186,5,12,,Administrator,23,1.22,3.05,0.0,4.27
14187,5,12,9.0,Member,79,5.8,9.09,1.83,13.06
14188,5,13,,Standard,125,3.41,15.34,0.0,18.75
14189,2,6,,Time Limited,55,4.17,4.17,0.0,8.34
14190,5,6,9.0,Member,116,6.94,9.3,0.0,16.24
14191,3,15,,Administrator,27,2.94,2.99,2.8,3.13
14192,2,14,,Time Limited,36,3.05,4.94,0.0,7.99
14193,2,3,,Standard,59,6.07,5.25,0.0,11.32
14194,5,16,,Time Limited,35,2.1,4.78,0.0,6.88
14195,5,11,41.0,Member,105,6.67,10.58,0.0,17.25
14196,4,5,10.0,Member,138,5.32,21.06,0.0,26.38
14197,2,2,,Standard,143,6.78,16.57,1.61,21.74
14198,1,13,,Standard,48,7.4,3.78,0.0,11.18
14199,2,14,30.0,Member,89,3.88,7.65,0.0,11.53
14200,5,6,60.0,Member,113,3.92,16.76,0.0,20.68
14201,5,11,61.0,Member,167,5.74,19.89,0.0,25.63
14202,5,3,2.0,Member,119,4.55,18.36,1.06,21.85
14203,3,15,3.0,Member,110,5.38,7.6,0.0,12.98
14204,1,9,,Standard,70,0.69,9.0,0.48,9.21
14205,3,2,,Standard,114,0.65,12.19,0.0,12.84
14206,4,16,,Standard,98,7.9,12.41,0.0,20.31
14207,3,3,,Standard,102,6.57,13.7,2.16,18.11
14208,1,8,2.0,Member,87,6.09,12.23,0.0,18.32
14209,2,14,,Standard,76,4.44,6.68,0.0,11.12
14210,1,10,,Standard,125,4.44,13.11,2.65,14.9
14211,3,10,,Standard,96,0.61,9.69,0.89,9.41
14212,1,14,,Administrator,37,1.8,5.35,0.0,7.15
14213,1,10,,Standard,92,3.99,6.98,0.0,10.97
14214,4,3,,Administrator,43,2.78,5.95,2.27,6.46
14215,3,8,,Standard,110,5.98,9.13,0.52,14.59
14216,5,12,10.0,Member,145,5.1,10.78,0.0,15.88
14217,4,7,,Standard,145,1.53,15.11,2.4,14.24
14218,3,9,,Administrator,20,1.08,1.86,0.0,2.94
14219,2,14,45.0,Member,98,5.61,14.18,0.0,19.79
14220,5,8,,Standard,118,4.8,11.34,0.0,16.14
14221,5,4,,Standard,139,0.64,20.03,0.0,20.67
14222,4,1,,Standard,37,3.6,2.37,0.0,5.97
14223,4,5,,Standard,100,5.71,8.95,2.81,11.85
14224,1,4,,Administrator,26,5.51,1.57,0.0,7.08
14225,4,16,,Standard,83,2.67,9.98,1.49,11.16
14226,5,2,,Standard,64,6.8,6.01,0.0,12.81
14227,3,5,,Standard,41,4.55,5.87,0.0,10.42
14228,3,16,10.0,Member,77,4.32,11.13,0.0,15.45
14229,5,16,,Standard,90,4.1,11.5,0.0,15.6
14230,1,12,8.0,Member,163,1.19,15.57,0.0,16.76
14231,3,13,,Standard,54,3.48,7.18,0.0,10.66
14232,5,5,1.0,Member,67,4.88,10.23,0.0,15.11
14233,3,4,,Standard,74,2.97,8.36,0.0,11.33
14234,4,13,,Standard,57,7.65,4.54,0.0,12.19
14235,4,9,,Standard,54,1.57,7.16,0.38,8.35
14236,2,1,2.0,Member,60,2.95,8.16,0.0,11.11
14237,5,7,8.0,Member,145,0.71,14.77,0.0,15.48
14238,2,8,,Time Limited,41,2.51,3.19,0.0,5.7
14239,3,11,,Standard,39,2.04,3.48,0.0,5.52
14240,2,4,,Standard,70,7.3,8.52,0.0,15.82
14241,2,2,,Standard,148,1.91,19.34,0.47,20.78
14242,5,16,,Standard,93,0.88,13.84,1.52,13.2
14243,2,10,,Standard,50,4.69,4.94,0.0,9.63
14244,1,11,46.0,Member,164,1.82,11.58,0.0,13.4
14245,4,1,,Administrator,26,1.4,3.91,0.0,5.31
14246,4,7,,Standard,87,0.18,10.68,0.0,10.86
14247,4,11,,Time Limited,64,2.59,4.0,0.0,6.59
14248,3,4,,Administrator,45,1.68,3.45,0.0,5.13
14249,2,10,,Time Limited,55,6.95,6.45,0.0,13.4
14250,5,14,,Standard,127,2.03,13.99,0.0,16.02
14251,4,10,,Standard,84,1.72,7.16,0.0,8.88
14252,3,11,28.0,Member,134,6.06,14.8,2.34,18.52
14253,1,12,,Administrator,15,7.04,1.58,0.37,8.25
14254,1,13,,Standard,73,2.61,7.72,0.0,10.33
14255,4,12,24.0,Member,155,5.6,24.38,0.0,29.98
14256,1,7,,Free,48,4.08,2.92,1.27,5.73
14257,2,4,9.0,Member,77,7.06,9.16,2.99,13.23
14258,1,13,47.0,Member,83,7.33,9.23,0.0,16.56
14259,5,3,,Standard,124,3.22,10.51,2.88,10.85
14260,5,12,,Standard,146,5.69,17.48,0.0,23.17
14261,5,6,34.0,Member,142,5.77,9.49,0.0,15.26
14262,3,6,,Standard,48,7.39,5.12,1.98,10.53
14263,5,11,,Standard,64,0.46,8.84,0.0,9.3
14264,2,14,6.0,Member,174,4.86,13.07,0.0,17.93
14265,2,13,,Time Limited,32,1.03,3.1,0.0,4.13
14266,2,5,,Standard,48,6.22,3.3,0.0,9.52
14267,4,7,,Standard,66,1.65,5.31,0.0,6.96
14268,2,9,,Time Limited,36,5.47,4.55,0.0,10.02
14269,2,11,65.0,Member,120,2.72,12.07,0.0,14.79
14270,4,11,6.0,Member,108,2.94,12.18,0.0,15.12
14271,5,16,,Standard,38,0.5,3.72,0.0,4.22
14272,5,4,14.0,Member,151,3.39,14.36,0.0,17.75
14273,1,5,,Time Limited,57,6.15,7.86,0.59,13.42
14274,4,12,,Standard,60,5.63,3.87,1.44,8.06
14275,3,12,,Time Limited,45,3.89,3.85,0.0,7.74
14276,3,9,,Standard,32,2.07,4.7,1.4,5.37
14277,5,14,,Standard,106,3.52,16.11,0.0,19.63
14278,2,4,8.0,Member,150,0.63,9.7,0.0,10.33
14279,5,2,10.0,Member,84,4.97,9.2,0.0,14.17
14280,3,9,,Time Limited,48,3.12,4.14,0.0,7.26
14281,1,16,28.0,Member,115,0.58,14.08,0.0,14.66
14282,4,4,,Free,55,5.55,5.36,0.0,10.91
14283,4,14,,Free,31,7.94,4.17,0.0,12.11
14284,4,6,,Standard,58,4.66,4.48,0.0,9.14
14285,5,8,35.0,Member,118,4.92,11.86,0.0,16.78
14286,3,7,34.0,Member,137,7.81,14.57,0.0,22.38
14287,2,1,,Standard,59,4.4,7.26,0.0,11.66
14288,1,6,,Administrator,32,1.43,4.16,0.0,5.59
14289,1,3,58.0,Member,118,1.42,7.15,0.0,8.57
14290,2,9,,Standard,145,3.87,14.8,0.0,18.67
14291,3,9,20.0,Member,60,7.98,5.87,0.0,13.85
14292,3,14,5.0,Member,67,4.84,6.14,0.0,10.98
14293,3,4,,Administrator,11,7.76,0.68,0.0,8.44
14294,1,2,,Free,29,5.69,2.77,0.0,8.46
14295,3,10,,Standard,67,1.67,7.08,0.0,8.75
14296,5,12,,Administrator,38,6.0,2.53,0.0,8.53
14297,3,13,61.0,Member,62,0.82,7.28,2.09,6.01
14298,3,16,8.0,Member,166,5.36,25.72,0.0,31.08
14299,1,11,3.0,Member,121,3.77,18.37,1.94,20.2
14300,4,6,,Standard,95,7.77,14.93,0.0,22.7
14301,2,15,42.0,Member,65,3.46,3.95,0.0,7.41
14302,5,8,26.0,Member,137,6.1,14.54,0.0,20.64
14303,1,16,,Free,28,2.82,2.57,0.83,4.56
14304,5,13,,Standard,142,7.21,13.08,2.68,17.61
14305,3,11,,Administrator,12,7.85,1.56,0.94,8.47
14306,3,6,,Time Limited,52,3.03,6.86,0.0,9.89
14307,4,4,19.0,Member,151,4.25,15.71,2.97,16.99
14308,3,12,5.0,Member,116,7.32,12.09,0.0,19.41
14309,3,16,,Free,44,3.07,6.16,0.0,9.23
14310,3,8,,Standard,90,6.29,11.85,0.0,18.14
14311,1,12,,Standard,148,4.31,11.18,0.0,15.49
14312,1,5,,Standard,135,7.8,13.54,0.0,21.34
14313,5,12,,Standard,102,5.28,10.53,0.0,15.81
14314,2,11,33.0,Member,85,2.52,5.66,0.0,8.18
14315,3,3,,Standard,74,6.1,9.84,0.0,15.94
14316,1,3,44.0,Member,153,2.14,10.96,0.0,13.1
14317,1,15,,Standard,57,1.45,4.28,0.0,5.73
14318,4,9,,Standard,124,6.41,13.7,0.0,20.11
14319,2,11,43.0,Member,107,7.63,12.63,0.0,20.26
14320,2,12,,Time Limited,86,5.52,13.31,0.2,18.63
14321,2,15,,Standard,124,5.15,7.87,0.0,13.02
14322,2,7,,Standard,52,6.46,4.92,0.98,10.4
14323,4,4,,Standard,134,6.04,12.96,0.0,19.0
14324,4,5,,Standard,39,2.14,3.74,0.0,5.88
14325,5,3,60.0,Member,90,6.43,9.25,0.0,15.68
14326,5,2,,Free,19,6.69,1.79,0.32,8.16
14327,1,1,6.0,Member,132,3.16,20.64,0.0,23.8
14328,2,7,,Standard,90,2.2,6.93,0.0,9.13
14329,1,7,,Standard,43,2.91,5.06,0.0,7.97
14330,5,15,,Standard,145,3.37,20.53,0.0,23.9
14331,1,2,,Standard,75,3.95,6.88,0.0,10.83
14332,5,9,,Standard,125,6.75,19.95,0.0,26.7
14333,3,13,,Standard,86,5.97,12.88,0.81,18.04
14334,4,13,,Standard,134,2.99,17.29,0.0,20.28
14335,3,12,,Standard,34,4.43,4.12,0.0,8.55
14336,4,7,,Standard,47,7.98,4.84,0.5,12.32
14337,4,11,50.0,Member,48,2.98,6.39,0.0,9.37
14338,5,13,,Standard,38,0.41,5.73,1.89,4.25
14339,5,13,,Standard,43,7.7,5.01,0.0,12.71
14340,4,8,,Standard,138,6.73,10.37,1.01,16.09
14341,3,16,,Standard,112,3.28,15.03,0.0,18.31
14342,2,8,,Free,39,4.03,5.04,0.0,9.07
14343,5,14,,Standard,88,7.89,10.75,1.52,17.12
14344,2,1,46.0,Member,175,1.12,16.02,0.0,17.14
14345,1,9,3.0,Member,132,3.93,17.51,0.0,21.44
14346,5,2,,Free,29,5.07,2.93,1.96,6.04
14347,3,12,,Standard,35,0.45,5.08,0.0,5.53
14348,5,1,27.0,Member,103,5.84,13.89,0.0,19.73
14349,3,4,,Standard,146,7.16,19.92,0.0,27.08
14350,3,13,,Standard,90,2.13,6.01,1.75,6.39
14351,1,5,,Standard,37,2.15,2.66,0.0,4.81
14352,4,5,,Time Limited,71,7.23,10.13,0.0,17.36
14353,4,9,,Standard,144,1.33,10.93,0.0,12.26
14354,3,7,,Administrator,44,5.7,4.38,0.0,10.08
14355,3,11,,Standard,48,4.0,4.13,0.0,8.13
14356,5,7,,Standard,115,2.9,7.9,0.0,10.8
14357,3,7,9.0,Member,107,4.13,11.46,2.63,12.96
14358,4,12,,Standard,42,0.71,6.3,0.0,7.01
14359,4,4,,Standard,70,7.08,7.3,0.0,14.38
14360,3,15,,Standard,135,0.73,12.65,0.0,13.38
14361,3,5,,Administrator,19,6.19,2.91,1.24,7.86
14362,5,16,43.0,Member,50,0.18,6.16,0.0,6.34
14363,1,11,,Standard,53,0.76,7.63,0.0,8.39
14364,2,11,,Free,23,4.35,2.72,0.0,7.07
14365,5,3,,Free,29,2.3,1.86,0.0,4.16
14366,3,11,,Standard,132,2.82,12.86,0.0,15.68
14367,3,6,14.0,Member,54,2.81,8.1,0.0,10.91
14368,4,11,,Standard,97,4.21,9.5,0.0,13.71
14369,1,1,61.0,Member,130,4.43,7.92,1.4,10.95
14370,1,12,9.0,Member,128,6.58,19.31,0.0,25.89
14371,4,3,,Standard,93,5.74,6.44,0.0,12.18
14372,4,2,,Standard,113,7.77,11.51,0.0,19.28
14373,4,11,,Time Limited,49,2.84,3.11,1.94,4.01
14374,5,4,17.0,Member,150,5.39,20.43,0.0,25.82
14375,2,7,,Standard,86,5.94,10.82,0.28,16.48
14376,5,10,23.0,Member,53,2.5,7.34,0.0,9.84
14377,2,3,,Standard,118,5.14,13.22,0.0,18.36
14378,2,10,,Free,44,5.37,5.31,0.0,10.68
14379,2,9,,Administrator,17,4.67,1.16,0.0,5.83
14380,1,15,,Standard,54,1.72,4.85,0.0,6.57
14381,1,12,66.0,Member,83,0.55,9.61,0.0,10.16
14382,5,1,,Standard,97,2.9,13.84,0.0,16.74
14383,5,2,,Standard,110,7.16,16.5,0.0,23.66
14384,2,2,,Time Limited,89,4.8,5.87,0.0,10.67
14385,3,14,,Standard,103,5.65,13.94,0.0,19.59
14386,1,1,,Free,37,6.66,2.54,0.0,9.2
14387,3,5,,Standard,52,1.41,7.9,0.8,8.51
14388,2,2,,Administrator,28,0.88,3.1,2.69,1.29
14389,2,1,,Standard,89,4.55,13.36,0.0,17.91
14390,5,3,44.0,Member,179,1.79,28.61,0.0,30.4
14391,5,8,,Standard,147,7.67,9.9,0.0,17.57
14392,1,8,4.0,Member,56,6.76,4.88,0.0,11.64
14393,1,10,,Standard,99,4.06,9.97,0.0,14.03
14394,2,15,,Standard,83,3.48,10.3,0.0,13.78
14395,1,13,51.0,Member,152,3.22,19.32,0.0,22.54
14396,2,3,,Free,58,3.04,6.59,0.0,9.63
14397,5,14,14.0,Member,136,1.89,12.61,0.0,14.5
14398,5,16,,Standard,54,5.74,4.6,0.0,10.34
14399,2,5,28.0,Member,164,3.78,18.71,0.0,22.49
14400,1,9,,Standard,82,0.54,11.46,0.0,12.0
14401,1,1,2.0,Member,174,4.36,14.94,0.0,19.3
14402,3,3,3.0,Member,178,5.08,12.46,1.14,16.4
14403,3,11,,Administrator,26,3.21,3.36,2.12,4.45
14404,1,3,,Standard,90,6.6,12.48,1.25,17.83
14405,5,16,59.0,Member,81,2.68,11.69,0.0,14.37
14406,1,1,,Standard,64,7.1,9.18,0.0,16.28
14407,3,6,,Standard,53,4.26,6.79,0.0,11.05
14408,3,10,3.0,Member,71,2.29,4.48,1.47,5.3
14409,5,8,25.0,Member,116,4.0,9.89,0.0,13.89
14410,2,8,,Standard,35,5.37,5.32,0.0,10.69
14411,3,14,,Standard,116,5.25,9.74,0.0,14.99
14412,3,6,45.0,Member,128,5.11,8.0,0.0,13.11
14413,2,12,,Standard,138,1.24,15.03,0.0,16.27
14414,5,3,,Administrator,37,0.33,2.91,2.76,0.48
14415,1,16,,Administrator,15,4.92,0.93,0.0,5.85
14416,5,10,,Time Limited,65,0.5,5.2,0.0,5.7
14417,1,2,,Standard,43,0.03,5.95,0.0,5.98
14418,4,12,,Administrator,19,3.51,1.24,0.0,4.75
14419,1,2,,Standard,113,3.2,14.21,1.52,15.89
14420,1,6,,Free,28,7.81,4.31,0.0,12.12
14421,2,9,,Standard,126,1.02,13.21,0.0,14.23
14422,3,2,27.0,Member,48,1.61,5.99,0.08,7.52
14423,5,9,,Standard,72,2.63,11.17,0.0,13.8
14424,1,12,,Standard,112,0.27,16.78,1.77,15.28
14425,4,16,,Administrator,32,4.27,2.57,1.13,5.71
14426,2,1,,Time Limited,55,1.08,7.41,0.0,8.49
14427,5,12,38.0,Member,173,1.85,21.98,0.0,23.83
14428,5,6,,Standard,131,7.85,20.19,1.54,26.5
14429,4,4,,Standard,142,6.32,13.24,0.0,19.56
14430,4,6,,Standard,31,5.19,2.39,0.0,7.58
14431,1,1,,Standard,66,2.39,9.66,0.0,12.05
14432,2,15,5.0,Member,171,5.34,24.29,0.0,29.63
14433,5,4,57.0,Member,177,7.1,25.64,0.0,32.74
14434,5,12,,Administrator,35,0.27,2.39,0.08,2.58
14435,1,2,,Standard,86,3.78,10.59,0.0,14.37
14436,4,1,5.0,Member,58,0.53,5.91,0.0,6.44
14437,4,7,40.0,Member,155,1.56,11.84,1.7,11.7
14438,2,11,,Standard,121,1.59,18.14,2.07,17.66
14439,2,16,,Standard,44,1.04,4.2,1.07,4.17
14440,1,3,,Standard,42,5.57,2.76,0.26,8.07
14441,4,3,,Standard,121,4.21,17.14,0.0,21.35
14442,2,1,,Time Limited,42,5.32,6.49,0.0,11.81
14443,5,2,,Standard,36,0.39,5.38,0.0,5.77
14444,3,13,,Standard,84,4.69,7.56,0.0,12.25
14445,2,6,1.0,Member,145,7.99,17.67,0.0,25.66
14446,5,16,,Standard,48,3.1,3.54,2.82,3.82
14447,2,1,,Standard,86,1.5,6.41,0.0,7.91
14448,2,2,,Standard,39,1.36,4.47,1.81,4.02
14449,5,10,,Standard,93,1.71,9.84,0.0,11.55
14450,3,8,4.0,Member,150,4.12,19.37,0.0,23.49
14451,1,11,,Standard,142,7.46,18.82,0.0,26.28
14452,4,10,,Standard,44,4.91,4.14,0.0,9.05
14453,4,15,8.0,Member,158,7.16,18.81,0.0,25.97
14454,2,15,,Time Limited,58,2.69,5.94,0.0,8.63
14455,4,15,,Standard,125,4.13,19.4,0.0,23.53
14456,3,10,1.0,Member,179,2.28,23.0,0.07,25.21
14457,3,16,34.0,Member,118,0.18,15.46,1.32,14.32
14458,4,9,,Time Limited,78,5.21,7.62,0.0,12.83
14459,1,13,,Standard,114,6.48,13.64,0.52,19.6
14460,3,16,,Standard,30,7.32,3.3,0.0,10.62
14461,5,12,10.0,Member,105,3.17,15.07,0.0,18.24
14462,5,3,4.0,Member,61,4.98,4.19,0.0,9.17
14463,1,4,,Administrator,10,0.66,1.17,0.0,1.83
14464,1,12,65.0,Member,121,5.14,14.72,0.0,19.86
14465,5,2,40.0,Member,97,4.86,9.18,0.0,14.04
14466,2,9,,Free,28,4.31,1.75,0.0,6.06
14467,3,7,,Standard,66,0.8,7.32,1.13,6.99
14468,1,10,37.0,Member,136,7.72,16.5,0.0,24.22
14469,2,7,3.0,Member,110,6.7,12.34,0.0,19.04
14470,4,3,,Standard,90,0.11,11.13,1.74,9.5
14471,2,3,,Standard,147,2.72,23.16,1.93,23.95
14472,5,15,,Standard,42,5.57,6.35,0.0,11.92
14473,2,10,,Standard,106,4.45,10.45,0.0,14.9
14474,1,6,,Free,42,7.4,4.7,0.0,12.1
14475,5,3,,Standard,118,5.97,15.13,0.0,21.1
14476,3,15,2.0,Member,176,3.37,21.9,0.0,25.27
14477,3,10,48.0,Member,180,0.24,14.05,0.0,14.29
14478,4,5,14.0,Member,63,0.03,7.02,0.0,7.05
14479,5,13,,Standard,96,6.65,10.88,0.0,17.53
14480,1,8,50.0,Member,149,7.51,19.2,0.0,26.71
14481,3,14,,Standard,83,1.82,8.42,0.0,10.24
14482,5,1,8.0,Member,158,0.33,22.91,0.0,23.24
14483,4,3,19.0,Member,86,2.53,11.02,1.42,12.13
14484,5,11,,Standard,100,2.48,8.59,0.0,11.07
14485,4,12,22.0,Member,89,2.11,11.91,1.37,12.65
14486,2,3,3.0,Member,54,6.84,5.57,0.0,12.41
14487,2,1,,Standard,112,1.92,12.09,0.0,14.01
14488,5,12,,Administrator,10,2.03,1.15,0.0,3.18
14489,2,16,,Standard,145,3.25,20.89,0.0,24.14
14490,5,16,,Standard,97,4.01,11.29,0.0,15.3
14491,1,5,,Standard,104,3.98,12.41,0.0,16.39
14492,5,14,50.0,Member,100,5.82,9.44,0.73,14.53
14493,4,1,,Standard,98,0.73,9.16,0.0,9.89
14494,5,9,60.0,Member,99,5.57,12.72,0.0,18.29
14495,4,16,2.0,Member,173,5.5,20.09,0.0,25.59
14496,5,6,,Standard,81,7.05,7.94,0.0,14.99
14497,4,13,,Standard,83,0.81,8.97,0.0,9.78
14498,1,5,,Administrator,14,2.08,1.76,0.0,3.84
14499,1,9,,Standard,65,3.2,5.89,0.0,9.09
14500,3,4,,Standard,105,6.75,14.38,0.0,21.13
14501,5,16,,Standard,113,1.03,8.38,0.0,9.41
14502,2,11,,Time Limited,87,1.93,5.49,2.23,5.19
14503,4,16,4.0,Member,69,1.21,10.94,0.0,12.15
14504,3,5,,Standard,71,7.71,7.25,1.57,13.39
14505,1,12,,Standard,145,1.76,16.42,0.0,18.18
14506,2,14,,Standard,77,6.17,11.6,0.0,17.77
14507,5,14,7.0,Member,173,5.03,12.05,0.0,17.08
14508,5,14,,Standard,114,1.42,14.9,0.0,16.32
14509,4,1,45.0,Member,54,2.02,3.34,1.11,4.25
14510,1,13,,Time Limited,70,5.75,5.19,0.0,10.94
14511,2,5,50.0,Member,88,6.92,8.03,0.0,14.95
14512,1,15,49.0,Member,71,2.39,9.95,0.88,11.46
14513,4,15,,Standard,150,4.29,21.28,0.0,25.57
14514,3,14,,Time Limited,46,7.94,5.29,0.0,13.23
14515,1,2,,Time Limited,37,3.43,3.78,0.0,7.21
14516,3,14,,Standard,50,4.69,7.11,0.0,11.8
14517,2,16,,Standard,139,3.35,10.9,0.0,14.25
14518,5,13,40.0,Member,98,1.1,7.98,0.0,9.08
14519,2,14,,Standard,82,1.3,12.75,0.0,14.05
14520,2,14,30.0,Member,45,3.36,2.92,0.0,6.28
14521,4,5,2.0,Member,95,3.89,10.15,0.0,14.04
14522,3,14,27.0,Member,171,7.98,13.86,0.0,21.84
14523,2,7,,Standard,42,5.47,5.42,0.0,10.89
14524,1,1,,Time Limited,47,3.43,4.14,0.0,7.57
14525,1,7,,Standard,66,0.67,5.06,2.25,3.48
14526,5,3,,Time Limited,59,0.65,3.89,0.0,4.54
14527,5,10,,Time Limited,76,5.51,6.54,2.5,9.55
14528,4,2,,Standard,50,2.53,3.54,0.0,6.07
14529,3,10,,Standard,118,0.57,11.58,0.0,12.15
14530,1,14,,Time Limited,63,0.37,8.04,0.0,8.41
14531,5,13,,Time Limited,73,0.32,4.43,0.0,4.75
14532,4,8,47.0,Member,80,4.25,9.71,0.0,13.96
14533,5,10,45.0,Member,89,1.68,11.87,0.0,13.55
14534,1,10,,Standard,82,4.48,5.04,0.0,9.52
14535,3,11,7.0,Member,121,4.95,7.84,0.0,12.79
14536,1,14,,Standard,31,4.42,4.68,0.0,9.1
14537,5,4,,Administrator,24,1.2,3.49,0.0,4.69
14538,3,3,28.0,Member,53,1.96,6.12,0.0,8.08
14539,2,16,,Standard,80,0.61,4.92,0.0,5.53
14540,2,15,,Standard,92,3.05,8.01,0.0,11.06
14541,1,12,,Standard,141,2.76,12.1,0.0,14.86
14542,3,16,42.0,Member,111,3.68,8.01,0.93,10.76
14543,3,6,24.0,Member,144,6.1,11.09,0.0,17.19
14544,3,8,,Standard,132,7.52,19.71,0.85,26.38
14545,1,6,,Standard,56,4.41,5.32,0.0,9.73
14546,2,16,,Administrator,32,3.65,3.24,0.0,6.89
14547,2,11,,Standard,115,4.99,17.69,0.0,22.68
14548,2,11,,Standard,141,2.05,17.06,0.0,19.11
14549,2,10,,Standard,109,2.69,13.98,0.0,16.67
14550,5,1,,Standard,53,4.68,5.44,0.0,10.12
14551,1,10,9.0,Member,96,3.99,14.31,0.0,18.3
14552,2,5,,Standard,147,4.7,15.23,0.0,19.93
14553,2,7,,Standard,85,1.79,7.39,0.0,9.18
14554,5,13,,Standard,142,3.55,11.94,0.13,15.36
14555,3,9,39.0,Member,100,3.38,8.73,0.0,12.11
14556,3,12,8.0,Member,94,1.2,12.48,2.01,11.67
14557,2,15,,Standard,108,6.9,15.16,0.0,22.06
14558,5,13,,Free,56,6.95,4.96,0.0,11.91
14559,5,13,,Standard,33,6.9,3.45,0.0,10.35
14560,2,4,,Standard,133,3.99,16.25,0.0,20.24
14561,3,4,,Standard,112,7.73,10.04,0.0,17.77
14562,3,5,,Free,45,6.58,3.36,2.44,7.5
14563,2,4,35.0,Member,69,1.56,8.23,0.0,9.79
14564,4,16,,Time Limited,31,5.83,2.71,0.4,8.14
14565,2,12,27.0,Member,157,1.22,11.83,0.0,13.05
14566,4,11,,Standard,92,6.24,9.05,0.0,15.29
14567,2,7,2.0,Member,138,7.78,11.25,0.06,18.97
14568,2,1,19.0,Member,103,5.92,9.94,0.0,15.86
14569,4,9,,Standard,107,2.85,10.35,1.93,11.27
14570,1,13,,Standard,109,2.29,14.02,0.0,16.31
14571,5,11,,Time Limited,67,3.67,5.31,0.0,8.98
14572,2,16,25.0,Member,127,0.87,12.76,0.0,13.63
14573,4,5,,Standard,136,7.14,15.67,0.0,22.81
14574,1,8,,Time Limited,80,6.28,9.55,0.0,15.83
14575,2,14,12.0,Member,70,1.04,9.21,0.0,10.25
14576,2,8,45.0,Member,70,4.08,7.76,0.0,11.84
14577,3,13,,Standard,119,7.39,8.4,0.0,15.79
14578,4,11,18.0,Member,151,1.76,22.99,2.79,21.96
14579,5,9,,Free,57,4.03,8.36,0.0,12.39
14580,4,9,,Standard,56,0.5,5.06,0.0,5.56
14581,4,4,57.0,Member,130,2.87,13.02,0.08,15.81
14582,4,2,1.0,Member,80,2.38,10.89,0.0,13.27
14583,5,13,,Administrator,41,6.86,4.13,0.0,10.99
14584,5,5,,Time Limited,50,5.24,7.6,0.0,12.84
14585,2,12,,Standard,58,6.88,4.58,0.0,11.46
14586,3,6,,Standard,38,1.23,2.97,0.0,4.2
14587,2,7,,Standard,38,5.34,4.55,0.0,9.89
14588,5,4,,Standard,95,5.68,6.75,0.0,12.43
14589,3,9,,Standard,34,4.03,2.83,0.0,6.86
14590,4,6,10.0,Member,127,2.5,12.86,0.0,15.36
14591,4,8,39.0,Member,149,0.7,9.71,0.0,10.41
14592,5,12,,Standard,150,5.34,16.78,1.43,20.69
14593,1,7,35.0,Member,59,7.72,5.93,1.25,12.4
14594,2,2,,Standard,127,4.41,8.9,0.0,13.31
14595,5,15,,Standard,102,0.39,10.57,0.0,10.96
14596,3,1,10.0,Member,57,3.86,6.86,0.0,10.72
14597,2,12,,Time Limited,39,7.58,4.98,0.0,12.56
14598,2,11,,Standard,141,5.41,15.76,0.0,21.17
14599,3,13,,Standard,95,1.68,10.87,0.0,12.55
14600,2,3,,Standard,145,6.0,15.34,0.0,21.34
14601,3,5,61.0,Member,56,0.95,6.42,2.2,5.17
14602,3,2,7.0,Member,91,6.15,9.74,2.21,13.68
14603,1,9,,Standard,144,5.8,18.27,0.73,23.34
14604,3,3,,Standard,138,7.58,10.21,0.0,17.79
14605,1,8,,Standard,53,4.63,3.29,2.29,5.63
14606,5,15,,Standard,134,7.6,11.57,0.0,19.17
14607,2,1,,Standard,145,3.26,11.84,0.0,15.1
14608,4,11,48.0,Member,93,4.46,9.73,0.0,14.19
14609,1,2,,Standard,77,3.42,4.8,0.0,8.22
14610,4,5,,Standard,117,4.85,10.16,0.0,15.01
14611,2,10,5.0,Member,139,0.32,21.54,1.92,19.94
14612,5,16,,Time Limited,78,7.22,8.72,0.0,15.94
14613,1,16,,Time Limited,45,6.04,4.12,0.0,10.16
14614,5,13,,Standard,130,4.92,17.31,1.98,20.25
14615,4,5,,Time Limited,31,1.46,4.06,0.0,5.52
14616,3,16,40.0,Member,116,3.91,14.49,0.0,18.4
14617,2,16,3.0,Member,140,4.1,22.22,0.0,26.32
14618,1,1,,Standard,55,1.42,5.18,0.0,6.6
14619,5,7,26.0,Member,149,3.8,19.71,1.19,22.32
14620,2,3,,Standard,125,6.66,13.32,0.0,19.98
14621,5,6,32.0,Member,160,4.77,22.09,2.97,23.89
14622,2,15,,Standard,124,6.56,10.06,0.0,16.62
14623,3,10,,Standard,43,4.7,3.05,0.0,7.75
14624,4,14,10.0,Member,136,2.87,19.7,0.7,21.87
14625,2,10,,Time Limited,89,4.27,8.75,0.94,12.08
14626,1,6,,Standard,48,6.5,5.33,2.15,9.68
14627,2,12,,Time Limited,40,6.76,4.59,2.12,9.23
14628,4,8,,Standard,99,3.71,10.83,0.0,14.54
14629,3,13,,Standard,52,1.21,5.73,2.73,4.21
14630,4,1,,Standard,126,3.06,15.51,0.0,18.57
14631,3,9,26.0,Member,149,1.26,13.86,0.0,15.12
14632,3,7,8.0,Member,107,2.52,12.05,0.0,14.57
14633,5,6,,Time Limited,53,2.81,3.73,0.0,6.54
14634,4,2,23.0,Member,117,6.04,11.67,0.0,17.71
14635,1,15,6.0,Member,77,7.27,7.23,0.0,14.5
14636,2,6,,Standard,78,0.84,5.91,1.38,5.37
14637,3,2,35.0,Member,163,1.02,26.01,0.0,27.03
14638,3,6,,Standard,107,0.74,16.38,0.0,17.12
14639,5,9,,Free,19,5.01,2.42,1.68,5.75
14640,2,16,,Standard,50,6.75,6.94,0.0,13.69
14641,2,1,,Standard,130,2.34,18.39,0.0,20.73
14642,2,15,28.0,Member,83,0.61,7.3,0.0,7.91
14643,2,11,9.0,Member,115,0.25,14.21,0.0,14.46
14644,3,6,,Standard,54,2.46,8.61,1.66,9.41
14645,3,6,,Standard,100,1.67,15.09,2.58,14.18
14646,1,3,,Standard,79,0.41,5.55,0.0,5.96
14647,1,2,,Standard,98,4.89,13.23,0.0,18.12
14648,1,2,,Standard,115,2.25,12.62,1.82,13.05
14649,5,5,7.0,Member,169,2.84,11.92,0.0,14.76
14650,4,2,8.0,Member,114,0.68,18.05,0.0,18.73
14651,5,10,40.0,Member,79,5.6,11.03,0.0,16.63
14652,3,15,,Free,18,5.34,2.86,0.0,8.2
14653,5,13,,Standard,57,2.85,7.41,0.0,10.26
14654,5,16,54.0,Member,82,5.01,10.77,0.0,15.78
14655,1,6,,Free,48,6.03,4.31,0.0,10.34
14656,5,5,,Free,41,0.14,5.25,0.0,5.39
14657,2,6,49.0,Member,60,7.49,4.72,2.25,9.96
14658,5,9,,Administrator,26,6.12,3.69,0.0,9.81
14659,3,10,,Free,17,2.85,1.21,0.0,4.06
14660,2,3,,Standard,101,1.57,10.33,0.0,11.9
14661,4,13,,Standard,102,3.84,12.18,0.0,16.02
14662,1,9,54.0,Member,62,0.28,6.56,0.0,6.84
14663,1,9,,Administrator,20,2.73,2.95,0.21,5.47
14664,3,15,,Free,41,6.96,5.58,0.0,12.54
14665,1,8,,Standard,117,3.78,15.13,0.0,18.91
14666,5,15,,Standard,89,0.78,13.08,1.25,12.61
14667,3,15,,Standard,74,5.94,7.03,0.0,12.97
14668,4,7,,Time Limited,85,2.62,8.77,0.0,11.39
14669,1,11,,Standard,87,5.66,9.32,1.75,13.23
14670,2,3,1.0,Member,163,1.96,25.57,0.0,27.53
14671,1,14,,Standard,80,5.59,7.17,0.0,12.76
14672,4,14,4.0,Member,152,3.31,23.03,0.0,26.34
14673,3,12,,Standard,59,5.86,5.98,0.0,11.84
14674,5,5,,Standard,128,7.48,10.15,2.34,15.29
14675,2,3,3.0,Member,145,0.2,12.5,0.0,12.7
14676,2,2,,Standard,51,4.29,5.32,0.97,8.64
14677,5,4,,Administrator,33,5.8,4.62,0.0,10.42
14678,2,12,42.0,Member,70,0.39,11.17,0.0,11.56
14679,1,8,,Standard,56,3.52,3.72,0.0,7.24
14680,4,7,,Time Limited,72,4.18,5.91,0.0,10.09
14681,2,7,2.0,Member,168,7.64,26.66,0.0,34.3
14682,5,16,46.0,Member,148,1.76,18.19,0.0,19.95
14683,1,14,,Standard,99,7.41,9.78,0.0,17.19
14684,4,1,,Free,47,6.54,7.09,0.0,13.63
14685,2,7,,Free,45,7.43,6.97,0.0,14.4
14686,5,4,,Standard,135,0.71,14.25,0.0,14.96
14687,2,5,22.0,Member,61,1.55,5.16,0.0,6.71
14688,1,3,,Standard,132,0.58,18.32,0.0,18.9
14689,4,1,,Standard,47,5.35,3.21,0.64,7.92
14690,4,12,14.0,Member,67,7.03,4.26,0.0,11.29
14691,2,2,,Administrator,32,1.49,2.21,0.12,3.58
14692,1,15,22.0,Member,139,0.26,13.31,0.0,13.57
14693,1,2,,Time Limited,71,6.22,5.69,0.0,11.91
14694,2,6,10.0,Member,64,1.82,6.03,0.0,7.85
14695,4,15,,Free,36,3.87,4.77,0.0,8.64
14696,4,2,48.0,Member,45,0.73,3.0,0.0,3.73
14697,4,11,,Time Limited,70,5.63,10.11,2.8,12.94
14698,5,11,25.0,Member,139,8.0,11.53,0.0,19.53
14699,1,15,,Standard,79,1.49,5.76,0.0,7.25
14700,5,13,,Time Limited,84,5.35,8.22,0.0,13.57
14701,5,12,,Administrator,13,2.4,0.84,0.17,3.07
14702,5,6,55.0,Member,83,0.77,12.62,0.0,13.39
14703,3,8,,Time Limited,58,4.18,3.72,0.0,7.9
14704,4,14,,Standard,95,4.65,6.08,2.16,8.57
14705,3,9,,Standard,132,1.37,8.11,0.0,9.48
14706,3,4,,Standard,123,6.43,19.22,0.0,25.65
14707,3,13,,Standard,137,7.53,21.58,0.0,29.11
14708,4,13,,Standard,144,2.06,19.81,0.0,21.87
14709,2,11,22.0,Member,48,7.37,3.69,2.84,8.22
14710,5,9,27.0,Member,172,4.69,12.58,0.0,17.27
14711,4,6,,Standard,71,7.88,6.33,0.0,14.21
14712,1,9,,Standard,71,2.94,10.04,0.0,12.98
14713,5,8,5.0,Member,86,1.14,12.21,0.0,13.35
14714,4,3,29.0,Member,108,6.32,9.4,0.0,15.72
14715,5,8,,Standard,102,2.43,7.3,0.0,9.73
14716,2,12,,Standard,125,7.01,18.44,0.0,25.45
14717,1,10,,Standard,120,0.9,9.06,2.45,7.51
14718,1,15,,Time Limited,90,1.6,5.99,0.0,7.59
14719,4,5,17.0,Member,112,4.33,12.8,0.0,17.13
14720,3,11,,Standard,104,4.71,8.96,0.0,13.67
14721,2,3,,Standard,82,0.97,6.5,0.0,7.47
14722,3,12,14.0,Member,87,4.86,8.62,0.0,13.48
14723,2,4,,Time Limited,50,7.3,7.15,0.0,14.45
14724,1,11,53.0,Member,151,6.36,10.32,0.0,16.68
14725,1,7,,Standard,74,1.27,5.64,0.0,6.91
14726,3,16,50.0,Member,67,3.86,8.82,0.0,12.68
14727,5,6,,Standard,87,2.34,13.55,0.0,15.89
14728,1,9,,Free,59,7.5,4.69,0.0,12.19
14729,5,3,,Standard,83,4.02,5.64,0.0,9.66
14730,4,13,,Standard,36,2.54,2.36,0.0,4.9
14731,5,16,8.0,Member,47,3.31,3.81,0.0,7.12
14732,5,14,58.0,Member,159,0.47,19.54,0.0,20.01
14733,3,10,,Time Limited,79,3.43,9.14,0.0,12.57
14734,4,10,,Standard,85,6.18,5.29,0.0,11.47
14735,3,4,,Standard,95,3.18,11.28,1.22,13.24
14736,3,11,9.0,Member,78,7.38,5.06,0.0,12.44
14737,2,1,,Standard,127,6.23,15.74,1.91,20.06
14738,1,15,,Standard,39,3.0,3.89,0.0,6.89
14739,2,16,,Standard,136,7.77,19.8,0.0,27.57
14740,4,6,,Standard,62,0.6,6.63,0.0,7.23
14741,3,1,,Time Limited,69,1.43,9.63,0.0,11.06
14742,5,2,,Standard,65,7.11,4.92,0.0,12.03
14743,4,1,,Free,27,0.93,4.03,2.49,2.47
14744,2,6,,Standard,103,0.84,13.01,0.0,13.85
14745,2,14,58.0,Member,64,3.61,6.62,0.0,10.23
14746,1,10,,Standard,58,4.3,4.53,2.99,5.84
14747,3,10,,Standard,43,6.78,3.44,0.0,10.22
14748,5,3,20.0,Member,50,3.77,6.46,0.0,10.23
14749,5,4,7.0,Member,101,7.08,12.38,0.0,19.46
14750,3,12,,Standard,141,5.64,20.53,0.0,26.17
14751,5,7,,Standard,65,5.68,8.17,0.0,13.85
14752,3,9,,Standard,113,5.65,8.18,0.0,13.83
14753,4,15,,Standard,80,5.26,10.59,0.0,15.85
14754,2,13,40.0,Member,164,5.5,14.57,0.0,20.07
14755,5,9,,Standard,73,0.53,9.18,0.0,9.71
14756,1,3,,Standard,113,2.89,13.49,0.0,16.38
14757,5,5,,Standard,113,0.5,13.04,0.0,13.54
14758,4,12,22.0,Member,122,6.24,9.31,0.0,15.55
14759,5,6,,Standard,116,2.28,12.7,0.0,14.98
14760,1,16,,Standard,70,1.96,5.73,0.0,7.69
14761,1,10,,Standard,148,4.75,17.19,0.0,21.94
14762,3,12,,Standard,101,5.32,9.51,1.2,13.63
14763,1,3,61.0,Member,83,7.88,12.97,0.0,20.85
14764,2,5,,Standard,142,2.45,20.01,0.0,22.46
14765,3,7,,Administrator,18,4.01,1.73,2.43,3.31
14766,4,4,,Standard,61,2.83,9.13,0.0,11.96
14767,1,11,,Standard,112,7.75,11.68,0.0,19.43
14768,2,15,,Administrator,28,7.96,4.04,0.0,12.0
14769,5,11,52.0,Member,172,0.54,18.96,0.0,19.5
14770,1,12,45.0,Member,62,5.99,4.97,1.81,9.15
14771,4,11,,Standard,117,7.49,17.51,0.0,25.0
14772,2,6,33.0,Member,110,6.02,16.44,0.6,21.86
14773,5,10,,Time Limited,55,4.92,4.22,0.0,9.14
14774,5,7,,Standard,105,2.85,14.17,0.0,17.02
14775,1,6,,Standard,101,6.4,11.3,0.0,17.7
14776,3,6,,Free,57,0.43,4.57,0.0,5.0
14777,1,1,,Standard,97,1.17,7.66,0.0,8.83
14778,4,2,7.0,Member,68,7.13,6.5,0.0,13.63
14779,5,13,,Standard,33,1.8,2.15,1.33,2.62
14780,3,5,,Standard,93,5.4,7.45,0.0,12.85
14781,1,1,,Time Limited,36,7.17,3.46,0.0,10.63
14782,3,11,,Time Limited,70,1.8,9.23,0.0,11.03
14783,5,9,5.0,Member,162,6.26,18.18,0.0,24.44
14784,5,15,4.0,Member,152,3.28,17.54,0.0,20.82
14785,5,1,,Standard,41,7.58,5.03,0.0,12.61
14786,4,10,,Standard,95,1.52,11.58,0.0,13.1
14787,5,14,,Administrator,39,2.73,5.52,2.16,6.09
14788,2,14,,Standard,42,7.47,6.72,0.0,14.19
14789,3,9,8.0,Member,127,4.37,8.56,0.0,12.93
14790,4,10,,Standard,97,7.71,8.12,1.63,14.2
14791,2,5,,Standard,51,0.83,6.27,0.0,7.1
14792,5,8,,Free,33,7.95,3.73,0.33,11.35
14793,2,5,,Standard,79,3.74,8.48,0.0,12.22
14794,3,14,42.0,Member,55,7.29,8.54,0.0,15.83
14795,1,12,,Standard,106,4.12,15.81,1.06,18.87
14796,3,6,,Standard,37,6.01,3.5,0.15,9.36
14797,5,8,,Standard,118,3.5,12.92,0.0,16.42
14798,5,7,,Free,60,2.91,9.42,0.0,12.33
14799,3,7,,Time Limited,61,6.65,8.83,0.0,15.48
14800,3,13,,Standard,80,4.36,9.92,1.45,12.83
14801,4,12,,Standard,85,0.18,8.17,0.0,8.35
14802,5,11,,Standard,42,7.24,2.77,0.0,10.01
14803,4,10,,Standard,137,6.9,18.09,0.0,24.99
14804,2,1,,Time Limited,65,0.33,7.25,0.0,7.58
14805,1,16,,Standard,142,2.76,19.02,0.0,21.78
14806,1,2,,Standard,126,7.94,11.83,0.0,19.77
14807,1,8,7.0,Member,83,6.76,12.88,0.0,19.64
14808,3,3,10.0,Member,177,1.19,19.72,0.0,20.91
14809,4,4,3.0,Member,123,6.41,9.71,0.0,16.12
14810,5,9,,Standard,90,1.94,6.51,0.0,8.45
14811,4,11,,Administrator,38,6.71,6.07,0.0,12.78
14812,1,14,,Standard,57,6.19,5.11,1.49,9.81
14813,2,3,,Standard,110,7.66,13.78,0.18,21.26
14814,3,6,,Standard,87,1.67,5.65,0.0,7.32
14815,2,5,,Standard,123,3.07,14.6,0.0,17.67
14816,1,6,,Standard,116,1.68,17.47,0.94,18.21
14817,4,5,,Standard,47,6.79,3.54,0.0,10.33
14818,1,9,17.0,Member,135,5.89,9.73,0.0,15.62
14819,3,7,5.0,Member,150,4.67,11.0,1.63,14.04
14820,1,6,,Time Limited,80,3.42,11.45,0.0,14.87
14821,2,3,,Standard,118,6.09,18.32,0.0,24.41
14822,1,4,31.0,Member,46,7.02,6.41,0.0,13.43
14823,4,4,,Standard,47,3.56,2.9,0.0,6.46
14824,1,9,28.0,Member,55,1.23,6.69,0.0,7.92
14825,5,14,,Standard,50,6.64,4.96,2.26,9.34
14826,1,4,,Standard,66,1.54,10.21,0.0,11.75
14827,1,12,8.0,Member,137,0.99,11.63,0.0,12.62
14828,3,10,,Standard,83,2.19,6.15,0.0,8.34
14829,1,1,,Free,17,4.79,2.37,0.0,7.16
14830,5,15,,Standard,148,5.43,19.02,0.97,23.48
14831,3,9,,Standard,31,5.18,4.83,0.0,10.01
14832,4,7,,Administrator,40,2.18,5.56,0.68,7.06
14833,1,16,,Time Limited,43,5.52,6.09,0.0,11.61
14834,4,16,,Standard,66,4.58,6.41,0.0,10.99
14835,3,15,3.0,Member,172,5.17,24.87,1.3,28.74
14836,5,10,,Free,54,7.65,7.45,0.0,15.1
14837,3,5,,Time Limited,86,4.46,9.63,0.0,14.09
14838,2,10,,Standard,103,2.01,8.5,2.36,8.15
14839,2,12,28.0,Member,81,7.41,9.51,1.08,15.84
14840,1,3,,Standard,134,0.15,16.6,0.99,15.76
14841,3,4,,Time Limited,72,0.84,9.22,0.0,10.06
14842,2,10,,Standard,82,1.96,6.82,0.0,8.78
14843,2,15,,Time Limited,39,7.16,3.32,0.0,10.48
14844,1,16,,Standard,120,4.07,7.96,0.0,12.03
14845,4,8,,Standard,112,3.62,14.59,2.73,15.48
14846,2,6,,Standard,147,1.72,10.22,0.7,11.24
14847,5,16,,Free,56,4.1,3.9,0.0,8.0
14848,1,9,,Standard,107,7.76,15.66,0.0,23.42
14849,1,2,,Time Limited,61,1.27,6.73,0.0,8.0
14850,5,1,3.0,Member,119,6.03,7.23,0.0,13.26
14851,2,2,45.0,Member,60,2.73,8.12,2.88,7.97
14852,4,14,,Standard,30,5.73,4.49,0.0,10.22
14853,4,6,53.0,Member,83,6.6,9.45,0.0,16.05
14854,4,16,,Standard,111,1.53,13.41,0.0,14.94
14855,2,9,11.0,Member,111,3.99,17.31,0.0,21.3
14856,3,15,6.0,Member,120,3.14,7.41,0.0,10.55
14857,4,10,,Standard,88,3.28,11.95,0.0,15.23
14858,2,12,,Standard,43,2.93,3.75,1.85,4.83
14859,1,4,61.0,Member,77,5.34,8.45,0.0,13.79
14860,3,5,36.0,Member,99,0.26,12.21,0.41,12.06
14861,5,15,,Standard,102,2.73,11.41,0.0,14.14
14862,4,9,,Standard,30,7.2,3.21,0.0,10.41
14863,3,7,14.0,Member,66,5.07,9.62,2.29,12.4
14864,4,3,9.0,Member,57,1.58,3.82,0.0,5.4
14865,3,1,,Standard,54,7.15,7.58,2.12,12.61
14866,1,11,,Standard,122,0.39,8.71,2.96,6.14
14867,1,11,,Standard,72,2.82,6.5,0.0,9.32
14868,4,12,,Free,44,4.77,5.09,0.0,9.86
14869,1,11,42.0,Member,113,5.18,8.8,0.0,13.98
14870,5,1,3.0,Member,55,0.85,8.78,0.15,9.48
14871,2,16,,Standard,123,7.27,14.01,0.0,21.28
14872,1,14,,Standard,146,3.23,18.62,0.51,21.34
14873,1,15,49.0,Member,114,7.63,12.85,0.0,20.48
14874,5,10,21.0,Member,51,2.74,5.32,0.0,8.06
14875,1,15,,Standard,135,6.73,21.28,0.47,27.54
14876,1,9,,Free,60,6.5,3.82,0.0,10.32
14877,3,2,,Time Limited,75,7.49,10.33,1.76,16.06
14878,5,9,,Standard,148,3.84,9.21,0.0,13.05
14879,2,2,,Standard,129,5.01,11.11,0.51,15.61
14880,1,2,,Standard,125,7.67,12.46,0.0,20.13
14881,2,12,57.0,Member,115,4.08,18.06,1.62,20.52
14882,1,3,,Standard,123,6.45,14.7,0.0,21.15
14883,4,8,,Administrator,35,7.97,2.76,0.0,10.73
14884,2,1,1.0,Member,136,1.34,12.02,1.17,12.19
14885,5,1,,Standard,137,4.2,11.76,0.0,15.96
14886,1,5,,Administrator,27,5.25,2.33,2.1,5.48
14887,5,13,27.0,Member,72,7.07,4.54,0.0,11.61
14888,4,15,,Standard,35,0.28,3.96,1.63,2.61
14889,5,4,,Free,49,7.98,3.48,0.0,11.46
14890,5,15,4.0,Member,144,0.94,15.51,0.0,16.45
14891,4,14,,Standard,64,3.76,5.96,2.72,7.0
14892,2,7,,Standard,33,1.79,3.31,0.0,5.1
14893,3,6,,Free,55,2.07,7.26,0.0,9.33
14894,2,5,,Time Limited,42,2.62,3.45,0.89,5.18
14895,4,15,43.0,Member,159,3.41,10.72,0.0,14.13
14896,5,5,32.0,Member,96,4.15,6.23,0.0,10.38
14897,3,15,10.0,Member,146,0.01,8.8,0.0,8.81
14898,1,8,,Standard,108,1.49,17.22,0.0,18.71
14899,1,16,,Standard,34,4.28,2.49,0.0,6.77
14900,5,5,,Standard,97,3.71,14.51,0.0,18.22
14901,1,13,,Administrator,26,1.95,3.34,0.0,5.29
14902,1,11,,Standard,53,0.29,4.96,0.11,5.14
14903,5,13,,Standard,97,0.68,7.08,2.55,5.21
14904,5,9,8.0,Member,103,3.36,15.16,0.0,18.52
14905,4,3,6.0,Member,103,3.79,10.9,2.84,11.85
14906,1,2,,Time Limited,62,1.92,4.94,0.0,6.86
14907,5,1,,Free,16,4.52,2.13,0.0,6.65
14908,1,14,7.0,Member,152,0.77,9.88,2.06,8.59
14909,1,3,,Time Limited,69,7.86,4.94,0.0,12.8
14910,2,14,,Standard,132,5.2,19.93,2.13,23.0
14911,1,15,2.0,Member,137,2.61,13.17,0.0,15.78
14912,3,4,,Standard,76,4.49,7.78,0.0,12.27
14913,5,1,,Free,21,0.03,1.3,0.94,0.39
14914,3,2,,Standard,118,2.44,18.86,0.0,21.3
14915,2,14,,Standard,132,2.95,12.51,0.0,15.46
14916,2,9,,Standard,122,1.11,16.6,0.0,17.71
14917,4,16,,Time Limited,40,3.96,5.24,0.95,8.25
14918,1,12,42.0,Member,125,5.82,14.04,0.0,19.86
14919,4,4,32.0,Member,158,3.33,19.11,0.0,22.44
14920,2,5,,Standard,129,5.11,8.46,0.0,13.57
14921,5,16,,Standard,39,4.96,3.4,0.0,8.36
14922,3,6,28.0,Member,96,5.26,8.86,0.36,13.76
14923,3,13,,Standard,36,5.31,2.25,0.0,7.56
14924,5,3,47.0,Member,131,3.68,12.4,0.0,16.08
14925,4,8,,Time Limited,47,6.72,5.65,0.0,12.37
14926,2,2,,Standard,148,4.69,21.09,0.0,25.78
14927,3,13,26.0,Member,101,3.88,10.35,0.0,14.23
14928,5,7,,Standard,100,4.38,7.22,2.34,9.26
14929,1,12,54.0,Member,96,5.72,12.55,0.0,18.27
14930,3,9,,Standard,102,4.04,9.83,0.0,13.87
14931,1,15,5.0,Member,72,7.39,9.8,0.0,17.19
14932,3,12,51.0,Member,106,5.19,16.6,0.0,21.79
14933,3,13,,Standard,110,7.17,16.02,0.0,23.19
14934,5,5,,Standard,114,5.07,17.11,0.0,22.18
14935,4,11,16.0,Member,74,6.89,4.76,0.0,11.65
14936,1,1,,Time Limited,60,4.53,5.96,0.0,10.49
14937,5,12,4.0,Member,140,3.06,12.14,0.0,15.2
14938,4,7,,Standard,69,2.48,7.59,0.83,9.24
14939,2,16,58.0,Member,93,5.94,12.66,0.0,18.6
14940,3,13,,Free,27,4.15,2.29,1.25,5.19
14941,1,1,,Standard,107,7.7,11.3,0.0,19.0
14942,5,2,,Time Limited,51,1.56,5.95,0.0,7.51
14943,1,4,3.0,Member,117,7.76,11.5,0.0,19.26
14944,5,7,,Standard,113,0.22,7.21,0.0,7.43
14945,3,8,,Standard,83,2.59,12.57,2.34,12.82
14946,4,16,47.0,Member,166,7.93,22.42,0.0,30.35
14947,5,13,,Standard,95,2.53,14.93,0.0,17.46
14948,4,13,66.0,Member,92,5.76,11.61,0.0,17.37
14949,4,4,,Standard,123,2.61,13.33,0.0,15.94
14950,3,14,,Time Limited,68,1.51,9.69,0.0,11.2
14951,4,16,,Standard,108,6.07,8.5,1.26,13.31
14952,1,8,9.0,Member,131,4.23,18.25,0.0,22.48
14953,4,16,56.0,Member,64,0.42,9.01,2.02,7.41
14954,5,9,,Standard,51,1.03,5.4,0.0,6.43
14955,4,10,34.0,Member,157,1.03,12.19,0.0,13.22
14956,1,9,49.0,Member,163,5.03,12.85,0.0,17.88
14957,1,12,,Administrator,29,0.99,2.15,2.14,1.0
14958,4,9,10.0,Member,172,2.29,14.25,1.55,14.99
14959,4,16,,Standard,137,5.77,14.03,0.13,19.67
14960,1,11,,Time Limited,41,3.23,5.34,0.0,8.57
14961,3,4,,Standard,140,1.14,14.59,0.0,15.73
14962,2,8,13.0,Member,66,1.96,5.67,0.03,7.6
14963,5,15,,Administrator,33,2.06,2.34,0.0,4.4
14964,2,10,,Standard,124,5.04,8.27,0.0,13.31
14965,1,1,,Standard,34,3.07,2.51,0.0,5.58
14966,2,2,,Standard,114,1.19,13.81,0.0,15.0
14967,4,9,,Time Limited,75,2.99,8.6,0.0,11.59
14968,4,8,,Standard,125,0.33,11.03,0.0,11.36
14969,3,7,,Standard,106,2.63,16.41,2.57,16.47
14970,2,9,,Standard,44,0.66,5.83,0.0,6.49
14971,3,1,,Standard,126,7.81,17.71,0.0,25.52
14972,4,11,,Standard,124,7.04,11.95,0.0,18.99
14973,2,15,3.0,Member,143,7.86,11.31,1.86,17.31
14974,4,5,,Free,52,2.96,3.91,0.0,6.87
14975,2,1,,Standard,88,7.27,7.41,0.0,14.68
14976,1,13,,Time Limited,54,5.02,6.5,0.0,11.52
14977,2,6,,Standard,110,0.29,17.23,0.0,17.52
14978,1,9,,Free,44,6.89,5.19,0.0,12.08
14979,2,11,,Standard,53,7.41,4.15,2.29,9.27
14980,3,2,,Standard,90,4.1,13.07,0.0,17.17
14981,2,9,,Free,56,3.25,6.05,0.0,9.3
14982,3,15,,Time Limited,88,1.6,8.79,2.45,7.94
14983,2,7,31.0,Member,102,3.01,14.88,0.0,17.89
14984,5,7,,Standard,47,5.78,3.08,0.0,8.86
14985,3,8,,Standard,124,0.57,7.99,1.47,7.09
14986,2,11,12.0,Member,112,1.55,14.18,0.0,15.73
14987,2,12,,Administrator,25,5.48,3.83,0.0,9.31
14988,2,7,55.0,Member,119,3.93,10.94,0.0,14.87
14989,3,4,,Standard,58,4.44,4.63,0.0,9.07
14990,4,11,4.0,Member,134,0.94,11.65,0.0,12.59
14991,3,7,,Standard,85,1.9,11.45,0.0,13.35
14992,3,4,,Time Limited,83,0.35,11.31,2.25,9.41
14993,1,14,,Time Limited,49,1.86,5.28,1.58,5.56
14994,4,11,,Standard,122,6.73,7.52,0.0,14.25
14995,2,13,,Standard,108,1.66,13.09,0.0,14.75
14996,4,12,,Time Limited,45,3.63,4.78,0.0,8.41
14997,5,7,,Standard,79,5.72,6.48,0.0,12.2
14998,5,6,,Standard,74,3.04,10.94,0.0,13.98
14999,5,3,,Administrator,44,0.38,3.19,1.84,1.73
15000,5,11,,Standard,46,0.33,3.91,0.0,4.24
15001,2,14,,Time Limited,40,1.26,2.61,0.0,3.87
15002,3,14,,Free,36,4.18,5.27,0.0,9.45
15003,4,16,,Administrator,45,3.57,4.74,0.6,7.71
15004,4,12,,Standard,62,5.52,9.38,0.0,14.9
15005,5,10,,Standard,132,4.51,19.97,0.0,24.48
15006,5,11,15.0,Member,121,7.27,15.91,0.05,23.13
15007,5,16,63.0,Member,74,1.51,8.04,0.0,9.55
15008,5,13,50.0,Member,144,2.34,19.47,0.0,21.81
15009,4,12,,Administrator,39,2.82,2.53,0.0,5.35
15010,3,9,,Standard,77,7.41,8.2,0.0,15.61
15011,5,3,,Standard,41,0.37,6.28,0.97,5.68
15012,1,2,20.0,Member,80,1.94,6.89,0.0,8.83
15013,4,12,,Standard,115,6.69,12.79,0.0,19.48
15014,2,6,,Administrator,44,1.26,3.6,0.0,4.86
15015,5,10,34.0,Member,166,7.3,23.0,1.12,29.18
15016,4,7,24.0,Member,65,5.65,6.37,0.0,12.02
15017,2,13,42.0,Member,52,7.34,6.0,0.13,13.21
15018,3,15,48.0,Member,91,7.91,8.9,0.0,16.81
15019,3,14,,Standard,99,1.5,9.73,0.0,11.23
15020,3,12,,Standard,129,3.52,12.97,0.0,16.49
15021,3,3,,Standard,85,2.95,13.47,0.0,16.42
15022,5,9,,Standard,123,4.57,9.41,0.0,13.98
15023,4,3,,Standard,60,7.71,7.92,0.0,15.63
15024,3,15,,Administrator,40,2.48,4.23,0.0,6.71
15025,1,8,13.0,Member,92,2.26,13.7,1.82,14.14
15026,1,4,57.0,Member,83,7.28,10.07,1.03,16.32
15027,2,16,,Standard,66,4.85,5.22,1.72,8.35
15028,2,8,,Time Limited,65,6.27,7.96,1.41,12.82
15029,4,7,36.0,Member,140,6.65,8.49,0.0,15.14
15030,1,5,,Standard,150,3.6,13.49,0.67,16.42
15031,2,13,,Standard,41,7.71,2.57,0.0,10.28
15032,5,12,16.0,Member,142,5.5,15.63,0.0,21.13
15033,1,2,,Standard,60,7.34,7.82,0.0,15.16
15034,2,11,34.0,Member,122,4.82,18.66,0.0,23.48
15035,4,6,,Standard,132,0.62,16.17,0.0,16.79
15036,5,8,9.0,Member,57,0.32,7.53,0.0,7.85
15037,5,5,23.0,Member,120,1.31,16.86,0.0,18.17
15038,4,9,2.0,Member,107,0.33,7.26,0.0,7.59
15039,3,11,1.0,Member,165,3.27,12.51,0.0,15.78
15040,2,2,,Time Limited,85,6.97,5.77,0.0,12.74
15041,1,7,,Standard,32,2.77,3.08,0.0,5.85
15042,5,13,,Standard,72,6.23,5.23,0.0,11.46
15043,1,4,,Standard,84,2.55,6.87,0.0,9.42
15044,5,6,,Time Limited,88,5.68,6.57,0.0,12.25
15045,2,5,50.0,Member,176,1.43,21.22,0.0,22.65
15046,1,3,,Standard,37,3.23,3.89,0.0,7.12
15047,1,2,,Standard,100,2.82,13.26,0.0,16.08
15048,1,15,,Standard,87,1.65,12.51,0.0,14.16
15049,4,2,,Standard,33,5.19,4.78,1.11,8.86
15050,1,4,2.0,Member,152,5.22,13.94,0.0,19.16
15051,1,11,,Standard,52,5.03,8.22,0.0,13.25
15052,5,3,,Standard,67,0.78,6.18,2.39,4.57
15053,3,5,,Standard,142,3.82,21.11,2.08,22.85
15054,2,5,,Standard,131,2.39,9.02,0.0,11.41
15055,5,6,,Free,50,2.23,3.1,0.0,5.33
15056,5,5,21.0,Member,146,0.26,18.35,0.0,18.61
15057,4,7,,Standard,144,2.66,17.64,0.0,20.3
15058,2,3,,Time Limited,57,3.61,4.5,0.78,7.33
15059,4,12,,Time Limited,56,3.43,4.67,2.65,5.45
15060,5,6,,Time Limited,81,3.63,11.47,0.36,14.74
15061,4,2,,Time Limited,56,0.15,8.58,0.0,8.73
15062,5,3,,Standard,75,7.18,8.29,0.0,15.47
15063,2,13,,Time Limited,82,2.94,5.39,0.0,8.33
15064,2,6,,Standard,114,0.13,17.96,0.0,18.09
15065,4,13,,Standard,73,3.94,8.12,0.0,12.06
15066,3,6,,Standard,100,1.68,8.69,2.28,8.09
15067,5,13,5.0,Member,122,5.32,19.42,0.0,24.74
15068,1,10,,Administrator,40,5.51,5.04,0.0,10.55
15069,3,2,,Standard,71,2.75,6.51,0.0,9.26
15070,2,14,,Standard,103,5.83,14.47,0.0,20.3
15071,4,6,,Time Limited,35,5.8,2.62,0.0,8.42
15072,1,11,3.0,Member,168,5.45,23.98,2.76,26.67
15073,3,8,,Standard,49,2.82,6.71,0.0,9.53
15074,4,16,3.0,Member,177,0.01,27.38,0.0,27.39
15075,2,9,,Standard,70,3.27,9.69,0.0,12.96
15076,5,13,,Standard,148,0.01,9.28,0.0,9.29
15077,3,13,,Standard,66,6.62,8.96,0.33,15.25
15078,5,15,,Standard,54,1.33,3.65,0.0,4.98
15079,5,8,64.0,Member,91,2.89,7.4,0.0,10.29
15080,3,3,,Standard,83,0.5,7.12,2.43,5.19
15081,3,3,,Time Limited,34,1.0,2.43,0.0,3.43
15082,1,10,,Time Limited,51,7.57,4.12,0.0,11.69
15083,5,12,,Standard,145,1.92,10.33,0.0,12.25
15084,4,10,,Standard,92,1.11,8.1,0.0,9.21
15085,3,5,,Standard,109,0.82,14.6,1.97,13.45
15086,3,2,,Standard,126,0.69,20.03,2.64,18.08
15087,4,4,8.0,Member,60,6.57,4.46,0.0,11.03
15088,2,5,3.0,Member,109,3.97,7.53,1.67,9.83
15089,1,6,28.0,Member,47,5.63,6.12,0.0,11.75
15090,2,5,47.0,Member,140,3.88,16.84,0.0,20.72
15091,3,3,,Standard,30,4.62,2.36,0.0,6.98
15092,4,6,22.0,Member,117,6.49,8.96,0.0,15.45
15093,5,11,20.0,Member,91,5.8,5.54,0.0,11.34
15094,2,3,,Standard,96,6.94,9.19,0.84,15.29
15095,2,9,,Standard,95,0.59,7.67,0.0,8.26
15096,5,5,,Free,21,6.25,1.69,2.62,5.32
15097,3,11,,Time Limited,85,4.45,11.24,0.0,15.69
15098,1,12,,Standard,128,1.13,17.07,0.14,18.06
15099,4,14,6.0,Member,83,1.12,6.63,0.0,7.75
15100,1,2,,Standard,142,2.17,10.3,0.0,12.47
15101,2,14,,Time Limited,56,4.8,7.6,0.0,12.4
15102,3,4,,Standard,107,1.56,14.93,0.0,16.49
15103,1,6,,Time Limited,57,2.39,8.5,0.0,10.89
15104,4,4,,Free,30,4.22,4.65,0.07,8.8
15105,5,12,,Time Limited,70,6.44,4.34,0.0,10.78
15106,3,1,,Standard,109,4.79,17.33,0.0,22.12
15107,5,5,,Standard,125,1.3,15.99,0.0,17.29
15108,4,7,,Standard,60,2.29,9.13,1.62,9.8
15109,3,12,10.0,Member,116,2.86,12.13,0.0,14.99
15110,4,3,,Standard,142,0.99,20.51,0.0,21.5
15111,5,5,,Standard,60,4.84,6.77,0.0,11.61
15112,2,5,,Standard,97,7.47,11.97,0.42,19.02
15113,1,2,,Time Limited,88,6.88,8.29,0.0,15.17
15114,5,12,,Administrator,40,1.88,3.4,0.0,5.28
15115,4,8,1.0,Member,124,2.27,10.76,0.0,13.03
15116,4,1,,Standard,91,7.92,10.68,0.0,18.6
15117,5,4,,Administrator,12,3.13,1.05,0.0,4.18
15118,3,16,,Standard,50,1.07,6.47,0.0,7.54
15119,2,6,,Standard,149,2.58,12.43,0.0,15.01
15120,4,15,,Standard,122,5.28,9.01,0.0,14.29
15121,4,5,,Standard,32,3.39,4.29,2.16,5.52
15122,1,3,,Standard,32,6.19,3.85,0.0,10.04
15123,3,9,7.0,Member,95,4.84,6.29,0.0,11.13
15124,1,6,1.0,Member,162,2.99,19.58,0.0,22.57
15125,1,12,,Standard,32,1.11,2.31,0.0,3.42
15126,4,16,3.0,Member,106,5.66,12.51,0.0,18.17
15127,1,16,66.0,Member,139,3.35,20.17,0.0,23.52
15128,3,5,,Standard,32,6.93,4.63,0.0,11.56
15129,3,7,15.0,Member,180,3.41,24.4,2.26,25.55
15130,2,7,,Standard,30,0.08,2.37,0.0,2.45
15131,3,13,,Standard,32,6.08,2.38,0.0,8.46
15132,1,14,,Time Limited,86,4.68,13.35,0.0,18.03
15133,1,8,,Standard,92,1.51,7.02,0.0,8.53
15134,5,3,27.0,Member,60,3.09,7.93,0.02,11.0
15135,2,5,,Standard,105,6.84,16.76,0.0,23.6
15136,3,15,,Standard,148,3.55,10.17,0.0,13.72
15137,1,11,,Free,44,3.22,5.43,0.0,8.65
15138,2,12,,Free,49,0.85,6.99,0.0,7.84
15139,5,5,,Time Limited,60,2.31,5.0,0.0,7.31
15140,1,3,,Standard,53,2.12,5.3,0.26,7.16
15141,3,3,,Time Limited,49,5.23,6.63,0.0,11.86
15142,4,10,,Free,39,5.46,2.45,0.0,7.91
15143,5,3,66.0,Member,160,0.77,11.77,0.0,12.54
15144,5,10,,Standard,30,7.31,3.44,2.8,7.95
15145,5,15,,Standard,141,7.75,11.56,0.0,19.31
15146,3,4,,Standard,56,5.22,4.93,2.2,7.95
15147,3,6,,Standard,40,7.04,3.75,0.0,10.79
15148,5,2,8.0,Member,66,2.01,8.04,0.0,10.05
15149,5,5,1.0,Member,160,4.97,15.16,0.98,19.15
15150,3,5,8.0,Member,118,0.33,18.68,0.0,19.01
15151,5,6,,Time Limited,58,5.97,9.05,0.0,15.02
15152,2,7,,Free,27,0.52,3.82,0.0,4.34
15153,4,11,11.0,Member,140,6.02,15.14,0.0,21.16
15154,5,15,,Standard,129,6.59,10.78,0.0,17.37
15155,5,11,,Time Limited,69,1.7,4.3,0.0,6.0
15156,1,16,40.0,Member,122,4.62,14.22,0.0,18.84
15157,1,1,17.0,Member,75,5.75,5.82,2.62,8.95
15158,5,2,,Standard,116,4.53,8.59,0.0,13.12
15159,5,13,,Administrator,35,7.01,2.99,1.04,8.96
15160,3,14,,Standard,70,3.49,8.51,0.0,12.0
15161,5,14,,Standard,51,4.41,8.14,0.0,12.55
15162,3,2,,Free,15,5.56,1.64,0.0,7.2
15163,3,12,,Time Limited,90,7.64,12.15,0.0,19.79
15164,2,15,1.0,Member,134,4.73,13.3,0.73,17.3
15165,2,6,4.0,Member,74,6.13,7.99,0.0,14.12
15166,1,8,,Time Limited,82,5.55,5.41,1.41,9.55
15167,1,15,,Standard,131,1.35,16.28,0.0,17.63
15168,1,3,,Standard,116,6.5,15.46,0.54,21.42
15169,4,11,,Standard,44,0.89,4.07,2.1,2.86
15170,5,7,,Time Limited,86,7.52,8.86,0.0,16.38
15171,1,9,,Standard,124,2.12,8.49,0.0,10.61
15172,4,12,,Standard,34,5.69,4.74,0.01,10.42
15173,2,9,,Standard,69,0.69,9.87,1.48,9.08
15174,5,7,,Standard,134,1.36,8.7,0.0,10.06
15175,2,3,40.0,Member,82,0.07,12.01,0.0,12.08
15176,4,11,,Administrator,30,1.42,2.07,1.58,1.91
15177,3,14,,Free,56,7.97,6.83,0.0,14.8
15178,3,2,,Standard,125,2.65,17.59,0.0,20.24
15179,2,12,,Administrator,22,4.79,1.99,2.28,4.5
15180,1,10,,Standard,74,7.67,10.78,0.0,18.45
15181,5,9,,Time Limited,77,2.4,8.66,0.0,11.06
15182,5,8,,Standard,118,6.78,13.53,0.0,20.31
15183,2,12,,Standard,108,0.15,13.66,0.0,13.81
15184,1,15,,Standard,121,3.58,18.87,0.0,22.45
15185,1,7,,Standard,105,4.99,9.53,0.0,14.52
15186,2,10,,Standard,63,3.03,4.81,0.0,7.84
15187,2,10,3.0,Member,105,3.58,9.16,0.88,11.86
15188,1,16,9.0,Member,148,6.41,18.02,0.0,24.43
15189,1,4,,Free,35,3.73,5.18,0.0,8.91
15190,4,6,,Standard,52,6.3,5.84,0.0,12.14
15191,5,11,,Time Limited,52,3.85,5.79,0.0,9.64
15192,4,8,,Standard,110,1.55,14.81,0.0,16.36
15193,1,14,27.0,Member,101,0.72,6.34,1.6,5.46
15194,5,11,,Standard,47,4.5,4.76,0.0,9.26
15195,5,4,10.0,Member,106,2.38,6.82,2.19,7.01
15196,2,10,,Standard,108,5.66,8.44,0.0,14.1
15197,4,5,,Standard,129,4.41,8.54,0.7,12.25
15198,5,6,,Standard,135,7.01,8.32,0.0,15.33
15199,5,7,,Standard,143,6.23,15.05,0.0,21.28
15200,3,12,,Free,36,1.37,4.06,1.6,3.83
15201,1,12,,Standard,82,4.45,8.56,0.0,13.01
15202,2,8,,Standard,43,2.04,6.49,0.0,8.53
15203,5,16,,Standard,128,5.36,14.74,0.0,20.1
15204,3,15,64.0,Member,50,7.68,4.38,0.0,12.06
15205,4,11,18.0,Member,150,3.09,14.36,0.0,17.45
15206,2,8,63.0,Member,171,0.35,13.27,0.0,13.62
15207,4,1,,Standard,71,5.21,11.35,0.0,16.56
15208,1,2,,Standard,63,7.55,9.24,0.0,16.79
15209,3,15,,Standard,133,2.46,13.19,0.0,15.65
15210,2,7,,Standard,80,1.41,11.42,0.1,12.73
15211,2,7,,Standard,49,1.63,6.54,0.0,8.17
15212,1,6,,Standard,93,5.64,12.21,0.0,17.85
15213,2,6,7.0,Member,126,1.66,18.27,0.0,19.93
15214,1,7,,Standard,84,2.71,5.13,0.14,7.7
15215,1,9,5.0,Member,97,1.8,10.37,3.0,9.17
15216,2,11,,Standard,42,1.3,5.43,0.0,6.73
15217,3,12,,Standard,111,5.71,17.03,0.0,22.74
15218,1,11,,Standard,143,4.82,14.42,0.95,18.29
15219,2,10,39.0,Member,145,6.41,14.6,0.0,21.01
15220,4,8,,Standard,140,0.47,16.74,0.0,17.21
15221,4,9,,Time Limited,77,7.88,7.69,0.0,15.57
15222,2,3,,Standard,59,2.44,6.11,1.32,7.23
15223,5,2,3.0,Member,166,1.4,19.04,0.0,20.44
15224,5,6,10.0,Member,100,0.21,11.24,0.0,11.45
15225,2,14,,Time Limited,79,6.11,5.98,2.16,9.93
15226,2,16,,Time Limited,53,3.06,7.53,0.0,10.59
15227,3,10,59.0,Member,45,2.74,4.9,0.0,7.64
15228,4,1,60.0,Member,60,1.93,7.49,0.0,9.42
15229,3,11,7.0,Member,60,1.05,4.31,0.9,4.46
15230,5,12,63.0,Member,135,3.08,8.36,0.0,11.44
15231,3,9,1.0,Member,180,3.61,23.92,2.83,24.7
15232,5,11,,Standard,42,1.22,3.3,0.0,4.52
15233,3,3,,Standard,126,4.79,10.26,0.0,15.05
15234,5,11,,Standard,51,6.57,7.12,0.0,13.69
15235,4,5,28.0,Member,122,1.89,18.1,1.15,18.84
15236,4,15,,Standard,142,7.82,11.42,1.5,17.74
15237,1,4,,Standard,44,0.21,5.69,0.0,5.9
15238,1,11,5.0,Member,135,5.05,13.68,0.0,18.73
15239,1,9,,Standard,98,0.72,6.88,0.0,7.6
15240,5,5,,Administrator,38,5.42,4.37,0.0,9.79
15241,3,13,,Administrator,23,7.75,2.4,0.0,10.15
15242,3,4,49.0,Member,142,3.57,20.51,0.0,24.08
15243,1,3,,Standard,77,0.05,8.05,0.0,8.1
15244,1,8,44.0,Member,144,0.43,16.21,0.0,16.64
15245,5,5,,Standard,30,2.74,3.45,1.98,4.21
15246,1,3,,Standard,144,4.23,12.81,0.0,17.04
15247,3,7,4.0,Member,153,5.94,13.08,0.0,19.02
15248,1,12,,Standard,136,5.18,13.52,0.0,18.7
15249,4,5,,Standard,38,0.37,4.2,0.0,4.57
15250,3,12,,Standard,93,6.11,14.24,0.0,20.35
15251,4,8,30.0,Member,54,2.91,6.18,0.0,9.09
15252,5,9,6.0,Member,169,3.89,25.38,0.0,29.27
15253,1,15,52.0,Member,59,6.22,7.3,0.0,13.52
15254,2,6,,Standard,56,6.71,5.63,2.79,9.55
15255,2,16,,Standard,57,5.17,4.6,1.1,8.67
15256,2,16,49.0,Member,171,4.53,14.17,0.0,18.7
15257,2,9,,Standard,125,3.67,15.6,0.0,19.27
15258,5,6,,Standard,33,5.04,2.86,0.0,7.9
15259,1,8,7.0,Member,131,2.95,12.88,0.0,15.83
15260,3,13,,Administrator,10,4.45,0.67,0.0,5.12
15261,5,7,,Standard,129,4.04,17.43,0.0,21.47
15262,5,2,,Standard,124,5.9,11.08,0.03,16.95
15263,3,11,,Standard,147,0.65,22.85,0.0,23.5
15264,5,5,,Standard,123,4.39,13.92,0.0,18.31
15265,3,9,,Standard,100,6.51,13.19,0.51,19.19
15266,3,8,6.0,Member,142,1.15,19.81,0.0,20.96
15267,1,13,,Standard,133,1.27,8.83,0.0,10.1
15268,3,16,35.0,Member,107,1.52,6.46,0.0,7.98
15269,1,11,,Standard,32,7.42,4.32,0.17,11.57
15270,3,13,,Administrator,38,2.89,3.45,0.0,6.34
15271,2,15,,Free,50,1.68,3.65,0.0,5.33
15272,2,2,,Standard,132,2.65,16.95,0.0,19.6
15273,3,15,,Standard,36,6.01,4.43,0.0,10.44
15274,5,5,58.0,Member,55,0.6,5.29,0.0,5.89
15275,3,8,,Standard,86,3.79,7.82,0.0,11.61
15276,3,15,36.0,Member,138,6.79,9.77,0.0,16.56
15277,5,11,,Administrator,44,7.69,6.64,0.0,14.33
15278,4,2,,Time Limited,35,2.5,3.5,0.69,5.31
15279,3,1,4.0,Member,148,7.33,9.46,0.0,16.79
15280,5,3,,Time Limited,56,0.41,5.44,0.0,5.85
15281,1,3,,Standard,60,3.32,8.23,0.0,11.55
15282,2,7,,Standard,75,4.04,9.02,2.12,10.94
15283,2,14,,Free,41,2.02,3.66,0.0,5.68
15284,4,10,28.0,Member,101,4.43,10.6,0.9,14.13
15285,2,8,,Standard,121,7.55,7.39,0.0,14.94
15286,2,7,,Standard,58,2.98,7.38,0.0,10.36
15287,2,16,,Standard,37,1.27,4.13,0.0,5.4
15288,4,12,7.0,Member,117,7.9,17.63,0.0,25.53
15289,2,6,16.0,Member,169,3.91,16.08,0.0,19.99
15290,1,13,,Standard,147,4.12,18.62,0.0,22.74
15291,1,9,,Administrator,20,7.09,1.27,0.0,8.36
15292,5,12,,Standard,133,0.01,16.49,0.0,16.5
15293,3,6,,Standard,124,2.37,19.66,0.0,22.03
15294,4,14,50.0,Member,106,7.98,9.58,2.8,14.76
15295,1,11,,Time Limited,55,7.6,3.57,0.0,11.17
15296,3,6,,Free,60,6.44,4.32,0.08,10.68
15297,2,10,,Administrator,31,1.89,2.7,0.0,4.59
15298,2,6,60.0,Member,129,6.37,16.09,0.0,22.46
15299,5,9,,Standard,139,7.82,11.21,0.0,19.03
15300,5,15,18.0,Member,72,1.32,8.16,0.0,9.48
15301,1,8,42.0,Member,69,0.15,4.74,2.79,2.1
15302,2,7,,Standard,95,1.36,6.28,0.0,7.64
15303,4,1,,Standard,147,6.8,16.16,0.0,22.96
15304,3,1,,Standard,133,7.14,13.92,0.16,20.9
15305,1,9,,Standard,115,1.97,6.93,0.0,8.9
15306,1,11,28.0,Member,45,3.63,4.63,0.0,8.26
15307,3,14,,Standard,91,2.03,13.54,0.0,15.57
15308,3,7,,Standard,149,7.86,19.01,0.0,26.87
15309,4,13,10.0,Member,141,1.67,18.21,1.35,18.53
15310,1,6,,Standard,37,1.89,5.74,0.0,7.63
15311,3,7,16.0,Member,131,1.26,15.73,0.0,16.99
15312,5,8,,Time Limited,48,3.95,6.67,0.0,10.62
15313,1,15,9.0,Member,61,3.2,4.49,0.0,7.69
15314,5,7,,Standard,47,5.83,3.98,0.0,9.81
15315,2,2,,Standard,140,1.24,19.73,0.0,20.97
15316,4,6,58.0,Member,157,5.12,13.13,0.0,18.25
15317,2,16,,Standard,77,2.3,5.82,2.58,5.54
15318,4,13,,Standard,114,6.01,13.89,2.96,16.94
15319,1,10,4.0,Member,149,0.48,18.95,0.0,19.43
15320,5,4,,Standard,84,7.72,7.8,0.0,15.52
15321,1,3,,Standard,148,5.82,12.55,0.0,18.37
15322,5,14,,Standard,65,5.31,5.17,0.0,10.48
15323,4,10,24.0,Member,97,0.41,6.52,0.0,6.93
15324,1,5,,Standard,130,7.77,18.13,0.0,25.9
15325,1,13,,Standard,149,2.15,12.51,0.0,14.66
15326,5,1,,Free,27,4.55,4.04,0.0,8.59
15327,4,16,,Standard,70,4.97,8.86,0.0,13.83
15328,5,16,,Time Limited,78,5.48,5.03,0.0,10.51
15329,4,14,,Standard,30,6.92,3.52,0.0,10.44
15330,4,12,,Standard,97,7.41,8.79,1.1,15.1
15331,4,6,,Standard,118,0.37,8.95,0.0,9.32
15332,3,13,,Standard,83,5.66,8.38,0.0,14.04
15333,1,14,,Standard,109,7.49,8.03,0.0,15.52
15334,1,9,,Administrator,22,5.09,2.32,0.0,7.41
15335,4,15,,Standard,49,7.7,7.41,0.0,15.11
15336,3,4,,Standard,125,2.8,13.22,0.93,15.09
15337,4,1,,Standard,115,4.75,17.86,0.0,22.61
15338,2,8,36.0,Member,114,6.95,17.34,0.0,24.29
15339,3,4,,Time Limited,84,1.31,9.49,0.0,10.8
15340,5,4,,Standard,126,1.67,13.36,2.25,12.78
15341,4,1,,Standard,92,0.47,8.26,0.0,8.73
15342,2,9,,Standard,93,5.55,6.0,0.0,11.55
15343,4,13,,Free,40,2.1,4.08,0.0,6.18
15344,5,4,22.0,Member,139,5.12,8.94,0.0,14.06
15345,1,3,,Standard,100,1.7,11.82,1.53,11.99
15346,2,4,3.0,Member,160,4.97,10.31,0.0,15.28
15347,4,5,26.0,Member,98,5.22,9.49,0.0,14.71
15348,2,15,,Standard,55,3.74,3.42,0.3,6.86
15349,3,11,,Standard,94,5.24,14.63,0.0,19.87
15350,5,16,,Standard,102,5.88,12.57,0.0,18.45
15351,3,13,,Standard,95,7.19,14.53,0.0,21.72
15352,3,13,,Standard,38,4.63,3.53,0.0,8.16
15353,5,4,62.0,Member,118,1.49,13.15,0.0,14.64
15354,2,7,,Standard,137,6.93,19.87,0.0,26.8
15355,4,1,13.0,Member,46,2.37,2.76,0.0,5.13
15356,4,14,,Standard,35,4.86,2.39,0.0,7.25
15357,1,15,,Standard,54,2.31,4.74,0.0,7.05
15358,3,8,,Time Limited,49,6.55,5.83,2.31,10.07
15359,1,12,1.0,Member,103,6.85,6.46,0.0,13.31
15360,2,3,,Standard,45,1.73,6.84,0.0,8.57
15361,5,2,,Standard,126,4.2,13.14,0.0,17.34
15362,3,3,,Time Limited,85,4.4,6.52,0.0,10.92
15363,4,10,60.0,Member,144,0.31,12.97,0.0,13.28
15364,2,8,,Standard,61,2.41,4.85,0.0,7.26
15365,5,10,,Standard,94,5.11,13.22,0.0,18.33
15366,1,4,,Standard,62,1.83,4.19,0.0,6.02
15367,3,4,,Standard,92,7.13,11.71,0.0,18.84
15368,1,14,59.0,Member,162,4.87,10.15,0.0,15.02
15369,4,12,,Standard,42,6.56,5.04,0.89,10.71
15370,3,3,,Time Limited,42,5.13,3.85,0.0,8.98
15371,2,5,37.0,Member,63,5.09,8.48,1.04,12.53
15372,3,2,,Standard,136,6.01,12.71,1.65,17.07
15373,3,8,49.0,Member,51,5.27,6.77,0.0,12.04
15374,5,8,,Standard,67,3.37,10.18,0.0,13.55
15375,3,14,,Free,45,7.73,2.81,0.0,10.54
15376,2,8,,Standard,31,7.62,4.39,0.0,12.01
15377,4,4,,Standard,35,4.62,5.24,0.0,9.86
15378,5,16,,Standard,121,3.74,14.61,0.0,18.35
15379,4,1,50.0,Member,172,0.67,18.1,0.0,18.77
15380,4,9,47.0,Member,65,1.63,6.93,0.0,8.56
15381,2,14,,Standard,126,4.84,13.86,0.0,18.7
15382,3,9,,Standard,78,7.47,10.36,0.0,17.83
15383,4,8,28.0,Member,126,1.01,12.09,0.0,13.1
15384,5,4,56.0,Member,161,3.08,17.22,0.0,20.3
15385,4,9,,Standard,75,1.01,7.32,0.0,8.33
15386,5,10,,Standard,121,4.43,18.95,0.0,23.38
15387,1,10,,Standard,71,2.57,6.97,2.74,6.8
15388,2,14,,Free,46,7.68,5.83,0.0,13.51
15389,4,14,,Time Limited,87,5.28,6.79,0.0,12.07
15390,5,11,,Standard,61,2.13,6.62,0.0,8.75
15391,2,5,,Administrator,13,2.38,1.32,0.0,3.7
15392,2,11,,Standard,46,6.2,3.51,2.45,7.26
15393,5,8,,Standard,115,3.99,7.75,0.0,11.74
15394,1,12,,Standard,73,7.36,7.16,0.68,13.84
15395,2,5,,Time Limited,73,3.21,5.01,2.44,5.78
15396,5,11,,Standard,68,7.36,5.06,0.0,12.42
15397,1,3,13.0,Member,101,5.14,8.52,1.36,12.3
15398,2,16,,Time Limited,78,6.22,10.06,0.0,16.28
15399,4,9,,Standard,46,6.84,3.56,0.0,10.4
15400,1,7,,Standard,144,7.76,20.3,1.71,26.35
15401,1,6,16.0,Member,177,3.65,26.7,0.26,30.09
15402,1,14,,Standard,132,4.54,10.84,1.82,13.56
15403,5,4,13.0,Member,67,3.06,5.26,0.0,8.32
15404,4,5,11.0,Member,172,5.43,23.83,0.0,29.26
15405,1,5,1.0,Member,112,6.04,14.85,0.0,20.89
15406,3,12,,Standard,60,3.99,7.88,1.0,10.87
15407,3,8,,Standard,114,6.14,7.47,0.0,13.61
15408,3,3,,Standard,115,3.4,11.69,2.32,12.77
15409,5,8,7.0,Member,135,6.46,14.45,0.0,20.91
15410,3,10,,Standard,45,4.37,4.39,0.0,8.76
15411,5,10,52.0,Member,71,1.41,6.48,0.0,7.89
15412,2,14,,Time Limited,53,3.05,3.78,2.75,4.08
15413,4,14,,Administrator,32,5.79,1.96,1.64,6.11
15414,2,14,,Standard,32,2.98,4.17,0.0,7.15
15415,1,13,42.0,Member,76,2.31,11.92,0.71,13.52
15416,3,12,,Standard,46,0.5,4.53,0.0,5.03
15417,4,8,,Standard,119,3.26,15.11,0.0,18.37
15418,1,5,,Standard,43,2.12,2.63,0.0,4.75
15419,4,15,,Time Limited,58,6.06,4.66,0.0,10.72
15420,2,6,6.0,Member,79,6.99,7.16,0.0,14.15
15421,4,9,,Time Limited,76,3.07,6.68,0.0,9.75
15422,4,4,,Standard,91,2.41,9.12,0.0,11.53
15423,4,1,,Standard,44,3.14,3.45,0.0,6.59
15424,5,2,,Standard,108,1.4,14.0,0.0,15.4
15425,3,8,,Standard,31,2.75,3.51,1.41,4.85
15426,1,8,,Administrator,18,0.77,2.69,0.0,3.46
15427,3,13,,Standard,91,7.64,11.69,0.74,18.59
15428,3,1,46.0,Member,80,6.53,7.91,2.21,12.23
15429,3,5,,Standard,40,0.95,3.54,0.47,4.02
15430,4,9,,Standard,137,3.54,14.47,0.0,18.01
15431,1,10,,Standard,114,2.74,14.09,0.0,16.83
15432,4,13,,Standard,123,4.21,12.82,2.44,14.59
15433,4,14,,Standard,120,3.88,12.15,0.0,16.03
15434,3,16,,Standard,89,4.52,13.32,0.99,16.85
15435,3,2,,Free,55,6.75,3.77,0.0,10.52
15436,4,11,,Standard,81,0.89,8.97,0.0,9.86
15437,5,1,,Standard,135,1.29,15.57,0.0,16.86
15438,2,10,2.0,Member,110,0.99,17.23,1.7,16.52
15439,4,14,,Time Limited,83,7.16,11.95,0.0,19.11
15440,5,14,,Administrator,22,6.37,3.41,1.88,7.9
15441,5,3,2.0,Member,95,5.12,7.97,0.0,13.09
15442,5,1,,Standard,48,3.21,5.46,0.0,8.67
15443,4,8,,Standard,127,3.76,18.42,0.0,22.18
15444,5,3,7.0,Member,133,6.83,19.74,0.0,26.57
15445,1,4,,Standard,43,2.51,4.4,0.0,6.91
15446,3,9,7.0,Member,93,4.48,8.97,0.0,13.45
15447,5,4,48.0,Member,149,1.51,16.39,0.0,17.9
15448,2,13,,Standard,38,2.57,3.79,0.0,6.36
15449,3,3,,Standard,72,6.25,6.22,0.0,12.47
15450,3,13,,Standard,97,6.84,12.36,0.0,19.2
15451,4,15,,Standard,92,3.2,10.29,0.0,13.49
15452,5,16,,Standard,117,1.03,13.8,0.84,13.99
15453,2,9,17.0,Member,94,5.56,12.23,0.0,17.79
15454,1,14,18.0,Member,136,2.33,15.73,2.25,15.81
15455,4,9,,Time Limited,34,2.85,2.37,0.0,5.22
15456,5,4,,Time Limited,32,7.15,3.66,0.0,10.81
15457,4,15,,Standard,114,5.34,15.19,0.0,20.53
15458,4,6,1.0,Member,177,4.67,14.5,0.0,19.17
15459,3,16,,Standard,126,0.51,8.93,0.0,9.44
15460,1,16,1.0,Member,152,3.85,14.29,0.0,18.14
15461,1,4,,Time Limited,60,6.71,6.84,2.54,11.01
15462,2,15,5.0,Member,76,3.0,9.59,0.0,12.59
15463,1,12,,Standard,122,4.36,15.52,1.52,18.36
15464,4,3,,Time Limited,39,3.06,6.12,0.0,9.18
15465,2,12,,Standard,147,6.48,17.65,0.0,24.13
15466,5,14,22.0,Member,145,4.02,9.72,0.0,13.74
15467,2,13,32.0,Member,45,7.07,6.33,0.0,13.4
15468,3,10,4.0,Member,66,4.89,5.4,0.0,10.29
15469,2,11,33.0,Member,94,2.04,6.37,0.0,8.41
15470,3,6,,Standard,93,5.31,6.24,0.0,11.55
15471,3,1,36.0,Member,58,5.47,5.47,0.0,10.94
15472,1,16,43.0,Member,96,7.82,14.76,0.6,21.98
15473,3,11,,Time Limited,58,0.73,8.79,0.0,9.52
15474,5,10,,Time Limited,51,0.61,5.42,0.0,6.03
15475,1,12,61.0,Member,54,4.7,4.99,0.0,9.69
15476,4,7,8.0,Member,83,1.19,13.04,0.0,14.23
15477,1,9,,Free,23,3.72,2.12,0.0,5.84
15478,4,5,39.0,Member,122,6.18,8.54,0.0,14.72
15479,4,12,,Standard,103,6.47,6.59,0.0,13.06
15480,4,9,,Standard,39,0.69,2.71,0.0,3.4
15481,1,7,,Standard,150,5.72,13.29,2.46,16.55
15482,3,14,,Standard,100,1.92,9.23,0.0,11.15
15483,3,4,,Standard,43,2.62,3.27,0.0,5.89
15484,2,6,,Standard,143,2.64,10.23,0.0,12.87
15485,3,4,25.0,Member,88,7.94,11.96,0.0,19.9
15486,4,6,,Standard,37,7.33,3.21,0.0,10.54
15487,2,15,,Standard,145,7.97,15.27,0.0,23.24
15488,4,12,7.0,Member,172,7.61,19.9,0.0,27.51
15489,3,13,32.0,Member,69,2.13,5.91,0.0,8.04
15490,4,4,,Time Limited,77,5.08,6.99,0.0,12.07
15491,5,15,,Standard,99,2.33,12.26,0.0,14.59
15492,2,11,,Standard,56,4.2,4.06,0.0,8.26
15493,5,7,,Administrator,35,1.99,2.98,0.0,4.97
15494,1,6,8.0,Member,128,2.63,16.27,0.0,18.9
15495,1,10,,Standard,50,6.64,6.82,0.0,13.46
15496,5,8,,Standard,110,2.18,14.95,0.0,17.13
15497,3,5,66.0,Member,132,2.66,17.6,0.0,20.26
15498,1,6,6.0,Member,67,7.56,7.98,1.47,14.07
15499,2,4,46.0,Member,137,1.49,21.04,0.0,22.53
15500,5,6,,Standard,47,2.19,7.21,2.86,6.54
15501,3,16,,Standard,131,2.37,8.3,1.28,9.39
15502,5,11,,Standard,99,5.69,12.14,2.22,15.61
15503,2,13,,Standard,150,0.04,15.78,0.0,15.82
15504,4,9,5.0,Member,155,3.82,14.34,0.0,18.16
15505,3,14,,Free,21,4.39,2.6,2.69,4.3
15506,2,11,,Standard,34,0.99,3.04,0.0,4.03
15507,5,12,,Standard,150,5.9,13.42,0.0,19.32
15508,1,1,62.0,Member,78,3.39,6.95,0.0,10.34
15509,4,7,,Standard,67,2.72,5.98,2.89,5.81
15510,4,16,3.0,Member,67,2.08,10.39,0.0,12.47
15511,2,13,,Standard,132,5.22,13.89,0.0,19.11
15512,2,16,61.0,Member,113,4.45,16.17,0.0,20.62
15513,3,8,60.0,Member,80,0.25,6.48,0.0,6.73
15514,2,15,50.0,Member,131,1.78,13.97,0.0,15.75
15515,2,13,,Administrator,39,6.05,3.96,0.0,10.01
15516,3,6,7.0,Member,180,0.09,21.27,0.0,21.36
15517,4,14,30.0,Member,101,5.47,9.14,0.0,14.61
15518,2,8,4.0,Member,84,4.53,7.99,0.0,12.52
15519,1,10,,Free,39,5.73,2.84,0.0,8.57
15520,2,2,,Standard,69,7.3,10.74,1.98,16.06
15521,2,6,,Standard,35,3.96,5.48,0.0,9.44
15522,3,4,18.0,Member,91,1.59,7.94,0.0,9.53
15523,5,5,,Time Limited,59,7.02,6.11,0.0,13.13
15524,2,9,,Standard,100,1.75,7.6,0.0,9.35
15525,2,16,59.0,Member,160,3.88,13.93,0.88,16.93
15526,1,2,27.0,Member,106,6.55,12.26,0.04,18.77
15527,2,12,13.0,Member,52,6.1,5.36,0.0,11.46
15528,1,2,,Standard,64,2.22,4.24,0.0,6.46
15529,5,3,23.0,Member,100,6.95,12.08,0.69,18.34
15530,2,10,,Free,32,1.48,3.19,0.0,4.67
15531,5,6,9.0,Member,137,2.65,19.58,2.24,19.99
15532,3,1,,Standard,133,4.68,11.14,0.0,15.82
15533,2,16,,Standard,132,4.52,19.85,0.0,24.37
15534,3,16,,Standard,75,0.1,6.37,0.0,6.47
15535,5,13,37.0,Member,83,4.77,6.36,0.0,11.13
15536,4,5,,Standard,38,4.0,5.62,2.99,6.63
15537,4,8,,Standard,137,0.56,12.6,0.0,13.16
15538,2,2,5.0,Member,120,5.15,15.45,0.0,20.6
15539,1,16,40.0,Member,55,5.53,6.27,0.92,10.88
15540,2,13,,Standard,123,6.81,14.52,0.0,21.33
15541,4,6,,Standard,78,1.96,5.85,0.0,7.81
15542,3,9,50.0,Member,103,7.3,6.54,0.0,13.84
15543,2,16,,Time Limited,49,6.94,7.15,0.0,14.09
15544,2,16,,Standard,111,3.08,12.1,0.0,15.18
15545,5,16,,Standard,38,2.13,5.73,0.0,7.86
15546,3,1,2.0,Member,145,0.78,16.63,0.0,17.41
15547,3,6,,Standard,112,3.75,17.56,0.0,21.31
15548,5,1,50.0,Member,94,2.21,12.89,0.0,15.1
15549,2,3,,Standard,76,1.14,9.73,0.0,10.87
15550,4,10,,Standard,84,8.0,7.35,0.0,15.35
15551,3,16,,Administrator,32,6.89,2.55,2.96,6.48
15552,4,16,,Free,41,4.12,5.33,0.0,9.45
15553,2,2,23.0,Member,172,5.37,17.66,0.0,23.03
15554,2,5,4.0,Member,159,2.79,12.47,0.0,15.26
15555,5,9,36.0,Member,141,0.26,8.95,0.0,9.21
15556,5,6,,Free,56,1.12,4.63,0.0,5.75
15557,3,10,39.0,Member,129,4.75,10.95,0.0,15.7
15558,2,13,,Standard,68,4.23,5.22,0.0,9.45
15559,3,10,9.0,Member,78,6.37,5.93,0.0,12.3
15560,4,5,,Standard,113,0.41,12.62,0.0,13.03
15561,3,1,,Administrator,13,0.47,1.48,0.0,1.95
15562,2,7,,Standard,99,5.88,12.55,0.0,18.43
15563,4,2,,Standard,84,0.27,7.77,0.84,7.2
15564,5,9,,Standard,122,5.14,15.18,0.0,20.32
15565,5,7,3.0,Member,76,5.88,9.94,0.0,15.82
15566,5,14,,Standard,99,2.02,11.86,0.0,13.88
15567,5,5,,Standard,82,4.92,7.8,0.0,12.72
15568,2,16,,Standard,56,3.06,4.99,0.0,8.05
15569,2,16,,Free,28,1.29,2.23,0.1,3.42
15570,2,16,,Standard,96,7.41,9.41,0.0,16.82
15571,3,13,,Standard,97,7.47,9.7,0.0,17.17
15572,3,12,,Standard,47,0.13,2.87,2.34,0.66
15573,4,6,,Standard,112,3.18,13.95,0.0,17.13
15574,5,16,28.0,Member,48,5.85,6.54,0.0,12.39
15575,3,10,23.0,Member,51,0.11,4.27,0.0,4.38
15576,4,13,,Standard,134,6.63,14.38,0.62,20.39
15577,1,1,,Time Limited,69,3.24,8.32,0.0,11.56
15578,4,8,,Administrator,41,6.26,4.06,1.63,8.69
15579,5,9,,Standard,77,3.17,9.83,0.0,13.0
15580,1,9,1.0,Member,160,4.69,19.97,0.0,24.66
15581,4,3,,Standard,80,8.0,9.86,0.0,17.86
15582,5,9,,Time Limited,53,0.75,6.87,0.0,7.62
15583,3,2,37.0,Member,98,1.04,13.28,0.0,14.32
15584,4,14,,Standard,142,7.79,21.49,0.0,29.28
15585,2,3,33.0,Member,104,2.65,6.72,0.0,9.37
15586,3,8,,Standard,63,4.11,4.19,0.0,8.3
15587,2,7,6.0,Member,129,7.18,16.42,0.0,23.6
15588,3,10,,Standard,115,4.1,8.62,0.0,12.72
15589,5,11,,Standard,70,2.56,8.86,0.12,11.3
15590,4,5,,Free,47,0.92,3.96,0.0,4.88
15591,3,15,31.0,Member,88,6.69,8.52,0.0,15.21
15592,3,16,,Standard,75,2.5,10.8,0.0,13.3
15593,2,10,,Time Limited,85,5.64,13.55,0.0,19.19
15594,4,10,55.0,Member,172,3.85,26.62,0.0,30.47
15595,2,16,,Standard,115,7.11,10.33,1.03,16.41
15596,5,7,35.0,Member,75,0.61,10.25,0.0,10.86
15597,3,3,1.0,Member,112,2.77,7.66,0.0,10.43
15598,5,11,8.0,Member,57,2.74,4.63,0.0,7.37
15599,3,4,33.0,Member,59,3.9,9.39,0.0,13.29
15600,4,1,38.0,Member,128,5.69,20.37,2.11,23.95
15601,2,13,,Standard,95,3.38,9.99,0.0,13.37
15602,4,14,,Time Limited,73,1.73,9.74,0.0,11.47
15603,1,10,53.0,Member,114,7.56,13.96,1.88,19.64
15604,5,4,,Time Limited,61,3.07,4.36,0.0,7.43
15605,3,11,,Standard,94,7.01,7.06,0.0,14.07
15606,1,12,,Administrator,12,7.3,1.42,0.0,8.72
15607,4,16,,Standard,96,6.58,15.24,0.0,21.82
15608,2,13,,Standard,111,7.19,11.29,2.81,15.67
15609,5,13,,Standard,76,6.54,8.31,0.0,14.85
15610,2,3,,Standard,126,6.86,18.31,0.0,25.17
15611,1,9,,Standard,131,1.56,9.7,0.0,11.26
15612,2,11,,Time Limited,77,1.11,8.14,0.0,9.25
15613,5,7,,Standard,133,6.19,20.58,1.66,25.11
15614,1,10,,Standard,120,6.18,18.42,0.0,24.6
15615,5,2,,Standard,104,6.71,8.65,0.0,15.36
15616,5,3,,Administrator,43,1.33,6.87,0.69,7.51
15617,3,7,,Standard,52,2.54,5.03,0.0,7.57
15618,5,8,40.0,Member,92,1.46,12.17,0.0,13.63
15619,3,12,39.0,Member,109,4.73,11.63,0.0,16.36
15620,1,13,,Administrator,10,7.03,0.63,0.0,7.66
15621,3,12,2.0,Member,155,3.62,21.28,0.0,24.9
15622,5,16,8.0,Member,46,7.44,6.19,0.0,13.63
15623,2,11,,Time Limited,42,5.8,3.62,0.35,9.07
15624,4,9,29.0,Member,155,7.67,11.37,2.58,16.46
15625,4,13,,Standard,127,5.71,12.66,0.0,18.37
15626,4,16,,Standard,135,1.75,13.63,0.0,15.38
15627,3,11,22.0,Member,137,7.56,9.76,0.0,17.32
15628,4,14,,Standard,133,5.41,13.5,0.0,18.91
15629,1,2,7.0,Member,116,6.23,7.6,0.0,13.83
15630,3,1,,Time Limited,51,7.73,5.93,0.0,13.66
15631,5,10,,Time Limited,78,6.5,12.33,0.77,18.06
15632,1,10,,Free,31,4.09,2.91,0.0,7.0
15633,2,6,,Free,17,3.31,1.97,0.0,5.28
15634,1,4,,Standard,97,1.25,12.92,0.0,14.17
15635,2,10,,Free,30,4.44,3.96,0.0,8.4
15636,3,2,,Standard,98,3.16,15.09,0.0,18.25
15637,1,9,,Standard,76,0.96,6.48,0.0,7.44
15638,2,7,,Standard,109,2.69,16.15,0.0,18.84
15639,5,14,,Administrator,31,7.51,4.27,0.51,11.27
15640,1,15,,Standard,99,1.6,7.83,0.0,9.43
15641,5,10,,Standard,114,4.38,16.06,0.0,20.44
15642,4,16,19.0,Member,67,1.57,9.56,0.0,11.13
15643,3,12,,Time Limited,76,2.01,6.24,1.17,7.08
15644,5,15,,Time Limited,64,1.34,7.22,0.0,8.56
15645,1,13,,Time Limited,90,7.56,10.99,1.46,17.09
15646,5,8,,Standard,77,2.16,7.66,0.0,9.82
15647,5,4,,Standard,67,3.74,10.01,0.0,13.75
15648,2,10,,Free,20,1.23,3.16,0.0,4.39
15649,3,1,63.0,Member,99,1.39,15.49,0.0,16.88
15650,4,11,,Administrator,16,2.65,1.67,0.0,4.32
15651,1,13,5.0,Member,74,3.33,7.03,0.0,10.36
15652,5,2,,Standard,50,7.65,3.68,0.0,11.33
15653,2,4,,Standard,83,2.52,10.91,0.0,13.43
15654,2,7,,Standard,95,0.56,11.06,0.0,11.62
15655,5,2,,Standard,119,7.49,16.24,0.0,23.73
15656,2,8,18.0,Member,138,0.34,19.7,0.0,20.04
15657,4,2,,Standard,41,2.8,5.04,1.33,6.51
15658,1,4,65.0,Member,68,4.4,7.66,1.58,10.48
15659,5,5,,Standard,132,3.75,13.7,0.0,17.45
15660,4,11,,Standard,85,5.73,10.16,1.91,13.98
15661,2,12,,Standard,37,6.43,4.48,0.0,10.91
15662,5,13,4.0,Member,102,6.08,14.11,0.0,20.19
15663,4,14,,Standard,96,5.35,14.81,0.0,20.16
15664,3,16,,Standard,96,7.5,13.12,0.0,20.62
15665,4,14,4.0,Member,74,2.19,9.27,0.0,11.46
15666,5,3,,Standard,59,7.57,6.67,0.0,14.24
15667,5,16,,Standard,48,3.54,7.39,0.0,10.93
15668,5,6,40.0,Member,88,4.95,9.08,2.87,11.16
15669,2,12,,Standard,143,2.33,17.68,0.0,20.01
15670,5,4,,Standard,77,4.13,7.91,2.42,9.62
15671,3,13,63.0,Member,157,4.78,20.32,0.0,25.1
15672,2,1,,Standard,77,5.18,9.76,0.0,14.94
15673,3,8,30.0,Member,51,4.38,5.9,0.0,10.28
15674,3,6,,Time Limited,86,3.67,6.48,0.0,10.15
15675,2,16,46.0,Member,69,3.67,7.69,0.0,11.36
15676,1,13,4.0,Member,85,7.4,11.11,0.0,18.51
15677,5,8,33.0,Member,62,4.73,8.51,0.0,13.24
15678,4,11,12.0,Member,142,5.95,19.38,0.0,25.33
15679,2,8,,Standard,39,4.58,4.8,1.69,7.69
15680,4,2,,Standard,79,2.76,11.8,0.0,14.56
15681,5,16,,Standard,51,1.95,4.76,0.0,6.71
15682,4,3,28.0,Member,129,6.4,14.11,1.41,19.1
15683,1,12,,Standard,39,3.3,3.23,0.0,6.53
15684,5,9,,Standard,136,3.63,19.78,0.0,23.41
15685,5,12,,Time Limited,51,5.41,4.18,0.0,9.59
15686,3,12,,Standard,46,5.61,3.89,0.0,9.5
15687,5,16,,Standard,64,2.45,3.95,0.0,6.4
15688,5,4,,Standard,124,0.31,11.66,0.0,11.97
15689,5,5,,Standard,82,3.89,12.4,0.0,16.29
15690,5,11,,Standard,48,0.06,3.95,0.0,4.01
15691,1,4,,Standard,121,5.56,14.08,0.0,19.64
15692,3,2,,Time Limited,83,1.25,6.28,0.0,7.53
15693,5,3,,Standard,50,4.34,5.44,0.32,9.46
15694,3,6,19.0,Member,156,3.14,20.43,2.67,20.9
15695,5,4,,Administrator,19,1.18,2.91,0.0,4.09
15696,1,12,,Time Limited,34,1.27,3.94,0.0,5.21
15697,3,14,,Standard,141,6.83,14.99,0.0,21.82
15698,5,6,,Standard,125,6.11,11.91,0.0,18.02
15699,5,8,,Administrator,23,0.19,2.12,0.0,2.31
15700,4,2,20.0,Member,175,7.08,14.48,0.0,21.56
15701,4,9,,Standard,105,6.49,14.87,0.0,21.36
15702,1,14,,Standard,76,3.98,9.77,0.0,13.75
15703,1,16,,Standard,30,1.22,3.26,0.0,4.48
15704,2,10,22.0,Member,89,4.74,12.03,0.0,16.77
15705,5,4,,Standard,144,0.7,9.73,0.0,10.43
15706,1,8,,Standard,135,6.26,9.95,0.0,16.21
15707,1,8,,Free,55,6.66,5.63,0.0,12.29
15708,3,7,,Standard,78,6.02,10.53,0.0,16.55
15709,1,10,57.0,Member,161,6.69,15.57,0.0,22.26
15710,5,14,,Standard,48,7.2,7.3,0.41,14.09
15711,3,14,,Standard,109,7.24,14.2,0.0,21.44
15712,2,16,,Time Limited,44,4.52,6.65,0.0,11.17
15713,1,1,,Standard,136,5.27,12.02,0.0,17.29
15714,2,8,56.0,Member,99,4.34,15.71,1.53,18.52
15715,1,3,,Standard,98,5.33,12.37,2.89,14.81
15716,2,6,8.0,Member,59,2.61,8.04,0.0,10.65
15717,5,11,,Time Limited,78,4.16,8.36,0.0,12.52
15718,2,10,,Standard,67,3.26,6.57,0.0,9.83
15719,1,7,59.0,Member,59,6.42,5.72,2.58,9.56
15720,4,11,,Standard,68,2.27,6.08,0.0,8.35
15721,2,13,6.0,Member,151,7.99,13.03,0.0,21.02
15722,3,11,,Standard,85,2.7,7.26,0.0,9.96
15723,2,10,,Free,30,2.87,3.2,0.0,6.07
15724,3,13,,Standard,148,5.77,21.52,0.0,27.29
15725,5,7,,Standard,124,2.28,7.45,0.0,9.73
15726,4,5,,Free,30,1.83,1.96,0.0,3.79
15727,5,2,,Standard,87,5.76,10.1,0.0,15.86
15728,4,1,2.0,Member,135,6.56,10.36,0.0,16.92
15729,4,6,23.0,Member,60,5.43,7.54,2.77,10.2
15730,2,13,31.0,Member,165,2.08,18.52,1.77,18.83
15731,1,2,,Standard,74,0.54,11.05,0.0,11.59
15732,2,1,,Standard,126,6.58,18.42,0.68,24.32
15733,4,8,,Standard,58,6.9,5.39,0.0,12.29
15734,5,3,,Administrator,34,5.98,4.09,2.67,7.4
15735,3,12,,Time Limited,82,3.14,11.38,0.0,14.52
15736,4,4,,Free,57,7.32,8.63,0.0,15.95
15737,4,4,,Standard,58,2.4,7.46,0.0,9.86
15738,4,1,62.0,Member,174,2.92,23.23,0.0,26.15
15739,5,15,,Standard,110,4.52,6.9,0.0,11.42
15740,3,15,,Time Limited,87,1.57,12.23,1.78,12.02
15741,4,8,,Standard,63,6.66,5.68,2.94,9.4
15742,5,13,43.0,Member,56,3.78,4.01,0.0,7.79
15743,4,16,,Free,43,6.93,6.31,0.0,13.24
15744,2,12,29.0,Member,115,2.58,12.5,2.98,12.1
15745,3,8,,Standard,53,7.84,3.36,0.0,11.2
15746,1,8,7.0,Member,126,3.1,9.31,0.99,11.42
15747,2,1,9.0,Member,137,1.76,13.44,1.98,13.22
15748,1,7,19.0,Member,83,7.96,11.36,0.0,19.32
15749,4,9,,Standard,86,2.51,8.58,0.0,11.09
15750,4,4,45.0,Member,120,5.54,15.03,0.0,20.57
15751,5,10,,Administrator,16,0.26,1.09,0.0,1.35
15752,3,5,,Free,21,4.36,1.59,1.41,4.54
15753,2,16,,Standard,101,4.46,13.86,0.0,18.32
15754,1,6,,Time Limited,48,0.86,4.18,0.0,5.04
15755,3,1,51.0,Member,70,2.03,8.9,0.0,10.93
15756,4,3,51.0,Member,113,4.93,8.21,0.0,13.14
15757,2,11,7.0,Member,132,2.38,20.85,0.0,23.23
15758,1,5,52.0,Member,74,0.26,5.75,0.0,6.01
15759,1,11,,Standard,86,4.94,8.19,2.06,11.07
15760,1,13,60.0,Member,124,3.46,17.71,0.0,21.17
15761,4,3,47.0,Member,113,4.06,7.88,0.0,11.94
15762,3,6,,Administrator,43,3.8,3.04,0.0,6.84
15763,5,13,,Standard,135,0.01,19.78,0.0,19.79
15764,1,2,,Standard,107,7.46,11.16,0.0,18.62
15765,5,16,10.0,Member,59,3.3,6.74,0.0,10.04
15766,2,14,,Standard,91,7.57,6.48,0.0,14.05
15767,4,5,,Standard,74,4.13,9.5,1.54,12.09
15768,1,8,51.0,Member,128,0.72,17.91,0.95,17.68
15769,4,5,,Standard,95,2.47,9.97,0.0,12.44
15770,3,1,,Standard,143,0.36,21.75,0.0,22.11
15771,2,11,,Standard,39,6.97,2.38,0.68,8.67
15772,4,8,,Standard,47,1.59,4.39,0.0,5.98
15773,2,10,,Standard,145,2.71,19.52,2.36,19.87
15774,2,16,,Standard,121,1.3,14.14,0.0,15.44
15775,2,4,65.0,Member,77,0.78,9.29,0.0,10.07
15776,1,11,,Standard,59,2.2,5.97,0.0,8.17
15777,3,8,,Standard,107,6.28,8.85,0.0,15.13
15778,2,10,,Time Limited,80,3.91,12.59,0.0,16.5
15779,2,8,,Time Limited,34,5.04,4.72,0.0,9.76
15780,3,8,,Administrator,12,5.4,1.13,0.0,6.53
15781,1,4,,Administrator,44,0.39,6.83,0.0,7.22
15782,4,4,,Standard,108,0.59,10.82,0.0,11.41
15783,5,8,,Standard,104,7.36,9.2,0.0,16.56
15784,1,2,33.0,Member,165,2.39,22.91,0.0,25.3
15785,2,12,,Standard,83,1.63,5.45,2.17,4.91
15786,5,13,,Standard,75,2.46,9.57,0.0,12.03
15787,2,16,,Standard,143,6.78,22.76,0.48,29.06
15788,3,8,,Standard,115,7.89,10.36,0.0,18.25
15789,2,15,,Standard,65,6.53,7.45,0.0,13.98
15790,3,4,,Standard,84,1.92,8.05,0.0,9.97
15791,4,11,,Time Limited,72,5.46,9.03,0.0,14.49
15792,4,12,,Standard,104,5.71,15.8,0.0,21.51
15793,4,5,,Free,32,6.21,4.06,0.0,10.27
15794,2,4,,Standard,148,1.64,18.25,1.85,18.04
15795,5,12,,Administrator,31,4.18,4.93,2.16,6.95
15796,5,15,37.0,Member,133,4.06,12.78,1.7,15.14
15797,1,7,66.0,Member,179,1.92,26.09,0.0,28.01
15798,4,8,7.0,Member,81,6.52,12.47,0.0,18.99
15799,3,9,,Administrator,35,7.76,3.79,0.0,11.55
15800,5,4,34.0,Member,146,7.93,15.66,0.0,23.59
15801,2,9,,Standard,81,4.84,6.13,0.0,10.97
15802,1,16,4.0,Member,143,0.24,21.98,0.0,22.22
15803,2,6,3.0,Member,168,4.73,13.52,0.0,18.25
15804,5,11,,Time Limited,34,4.89,3.38,0.0,8.27
15805,4,14,,Standard,108,1.0,11.99,0.0,12.99
15806,5,13,,Free,23,3.09,2.64,0.0,5.73
15807,4,6,28.0,Member,130,7.42,15.55,0.0,22.97
15808,4,1,63.0,Member,61,7.4,5.52,0.0,12.92
15809,3,10,,Administrator,13,6.66,1.69,0.72,7.63
15810,3,15,22.0,Member,83,6.38,12.47,0.0,18.85
15811,1,16,3.0,Member,67,3.09,9.03,0.0,12.12
15812,4,16,,Standard,37,2.04,5.87,0.0,7.91
15813,3,6,,Standard,37,2.18,5.24,0.0,7.42
15814,3,8,3.0,Member,146,3.61,10.31,0.0,13.92
15815,2,7,8.0,Member,108,0.6,12.96,0.0,13.56
15816,4,9,43.0,Member,139,5.2,19.43,0.0,24.63
15817,4,13,61.0,Member,132,0.89,10.38,0.0,11.27
15818,5,10,,Standard,41,4.73,6.12,0.0,10.85
15819,5,10,11.0,Member,97,3.2,6.27,0.0,9.47
15820,4,15,,Standard,143,6.45,11.96,0.98,17.43
15821,4,15,,Time Limited,58,1.4,3.53,0.0,4.93
15822,3,4,,Standard,108,0.28,11.55,0.0,11.83
15823,5,10,,Standard,44,3.39,5.45,0.0,8.84
15824,2,1,,Standard,54,2.83,4.21,0.0,7.04
15825,5,8,,Standard,86,7.95,12.42,0.41,19.96
15826,2,16,,Administrator,12,2.09,0.89,1.64,1.34
15827,3,6,,Standard,128,4.22,11.81,0.0,16.03
15828,1,7,,Time Limited,86,6.06,6.26,1.77,10.55
15829,5,14,10.0,Member,93,5.23,7.49,2.3,10.42
15830,5,7,,Administrator,20,3.86,2.02,0.0,5.88
15831,2,9,29.0,Member,53,0.1,3.59,0.0,3.69
15832,3,15,66.0,Member,109,6.22,10.09,2.64,13.67
15833,1,9,,Standard,68,1.6,5.91,0.0,7.51
15834,1,5,1.0,Member,178,5.15,25.9,0.0,31.05
15835,3,12,,Time Limited,56,4.45,8.47,1.74,11.18
15836,4,6,33.0,Member,57,1.83,8.94,0.0,10.77
15837,5,12,,Standard,149,6.6,23.2,0.0,29.8
15838,3,13,,Standard,67,0.46,5.75,0.0,6.21
15839,4,16,56.0,Member,130,3.62,8.31,0.0,11.93
15840,3,7,34.0,Member,175,5.83,25.94,0.0,31.77
15841,5,9,37.0,Member,83,4.47,10.34,0.0,14.81
15842,2,9,,Time Limited,81,7.3,6.07,0.0,13.37
15843,5,10,,Standard,58,3.16,7.34,1.16,9.34
15844,2,5,,Time Limited,83,5.56,10.48,0.0,16.04
15845,3,15,,Standard,91,3.14,10.53,0.0,13.67
15846,1,16,,Standard,71,5.89,6.05,0.0,11.94
15847,3,15,,Standard,110,6.19,11.3,0.0,17.49
15848,4,5,10.0,Member,81,4.91,7.35,0.0,12.26
15849,3,12,,Standard,46,1.0,7.3,0.0,8.3
15850,5,3,,Standard,34,4.85,2.85,0.75,6.95
15851,5,5,,Standard,69,5.34,6.95,0.0,12.29
15852,3,8,29.0,Member,113,0.3,9.65,0.0,9.95
15853,2,3,7.0,Member,175,7.72,18.76,0.0,26.48
15854,1,12,,Time Limited,33,4.87,3.38,0.0,8.25
15855,1,1,,Time Limited,45,1.03,3.52,0.0,4.55
15856,5,5,9.0,Member,150,0.31,17.8,0.07,18.04
15857,3,1,,Standard,106,0.25,8.03,2.4,5.88
15858,1,1,,Administrator,30,6.8,4.01,0.0,10.81
15859,1,2,,Standard,132,6.82,20.78,0.0,27.6
15860,3,6,,Standard,67,0.63,6.36,0.0,6.99
15861,5,15,,Standard,97,1.64,6.07,0.0,7.71
15862,3,14,,Administrator,11,5.33,0.97,0.0,6.3
15863,5,15,,Administrator,44,4.71,2.78,0.0,7.49
15864,5,8,28.0,Member,131,7.25,15.78,0.0,23.03
15865,1,7,3.0,Member,168,5.23,22.3,0.0,27.53
15866,2,16,,Standard,100,4.54,6.49,0.0,11.03
15867,3,3,,Standard,101,5.83,12.2,0.0,18.03
15868,2,2,3.0,Member,122,7.0,19.35,0.0,26.35
15869,1,16,,Standard,95,1.21,12.26,0.11,13.36
15870,1,10,,Standard,121,5.07,12.15,2.46,14.76
15871,1,5,,Standard,82,6.88,5.75,0.0,12.63
15872,1,4,,Free,25,0.86,3.94,0.0,4.8
15873,1,6,,Standard,135,4.96,13.98,0.0,18.94
15874,3,3,,Standard,105,3.89,7.24,0.0,11.13
15875,1,14,,Time Limited,38,7.08,3.28,0.0,10.36
15876,1,2,,Standard,134,7.25,12.2,0.0,19.45
15877,3,13,,Standard,109,3.98,10.31,0.44,13.85
15878,4,16,,Standard,38,7.75,2.97,1.93,8.79
15879,1,5,,Standard,141,7.73,14.15,0.14,21.74
15880,4,13,,Standard,49,1.57,4.09,0.0,5.66
15881,3,10,2.0,Member,145,7.32,12.59,0.0,19.91
15882,1,7,,Standard,44,0.31,6.02,0.0,6.33
15883,5,10,,Standard,91,6.19,8.57,0.0,14.76
15884,2,13,6.0,Member,167,0.09,13.96,0.0,14.05
15885,1,13,,Administrator,16,4.31,2.19,0.0,6.5
15886,2,9,6.0,Member,141,7.4,13.97,0.0,21.37
15887,5,3,25.0,Member,166,3.93,20.25,0.0,24.18
15888,5,13,51.0,Member,176,0.5,14.91,0.0,15.41
15889,2,15,,Standard,36,6.58,4.83,0.0,11.41
15890,5,11,5.0,Member,149,7.74,12.01,0.34,19.41
15891,1,11,,Standard,118,1.82,14.2,1.52,14.5
15892,4,3,36.0,Member,54,5.1,5.59,1.02,9.67
15893,4,15,,Standard,144,2.37,19.54,0.0,21.91
15894,4,15,51.0,Member,140,2.02,9.6,0.0,11.62
15895,2,11,12.0,Member,69,4.83,5.52,0.0,10.35
15896,1,4,29.0,Member,148,1.34,18.49,0.0,19.83
15897,5,3,,Standard,60,5.07,5.84,0.0,10.91
15898,2,11,,Standard,56,2.01,8.34,0.0,10.35
15899,2,8,,Standard,114,7.34,12.42,0.0,19.76
15900,2,11,,Standard,30,2.92,3.63,1.72,4.83
15901,1,16,,Time Limited,79,4.71,12.19,0.0,16.9
15902,5,8,3.0,Member,64,5.52,9.73,0.0,15.25
15903,3,9,10.0,Member,125,7.5,8.64,0.47,15.67
15904,5,3,5.0,Member,84,4.28,8.63,0.0,12.91
15905,1,13,,Standard,105,1.79,12.42,0.0,14.21
15906,2,10,,Standard,114,3.38,17.02,0.0,20.4
15907,3,9,65.0,Member,92,6.17,5.52,0.0,11.69
15908,4,7,40.0,Member,70,1.07,5.61,0.0,6.68
15909,4,3,,Standard,102,7.76,10.77,0.0,18.53
15910,1,2,,Standard,30,2.65,2.91,0.0,5.56
15911,1,11,39.0,Member,145,0.29,19.99,0.0,20.28
15912,2,1,65.0,Member,79,5.48,6.86,0.37,11.97
15913,4,8,,Standard,110,5.9,9.45,0.0,15.35
15914,1,5,,Standard,148,7.18,16.84,1.49,22.53
15915,3,3,,Standard,146,0.66,11.9,2.9,9.66
15916,1,14,,Standard,134,1.2,18.1,0.38,18.92
15917,4,11,8.0,Member,173,2.57,22.74,0.0,25.31
15918,4,15,38.0,Member,79,6.91,12.24,0.0,19.15
15919,1,7,,Standard,49,7.54,3.91,0.0,11.45
15920,2,15,,Standard,94,0.87,12.52,2.96,10.43
15921,3,15,,Standard,30,7.52,4.71,0.0,12.23
15922,3,14,10.0,Member,121,0.64,16.66,2.17,15.13
15923,2,13,14.0,Member,133,3.57,21.12,0.0,24.69
15924,5,9,,Standard,108,1.0,9.17,0.0,10.17
15925,3,10,,Standard,40,7.99,3.27,0.0,11.26
15926,4,16,,Standard,116,5.04,11.58,2.94,13.68
15927,3,7,5.0,Member,114,7.12,9.24,0.0,16.36
15928,4,14,,Standard,95,6.02,7.39,1.23,12.18
15929,3,6,,Standard,91,2.03,7.78,0.0,9.81
15930,5,5,,Standard,101,1.0,9.67,0.0,10.67
15931,3,12,,Time Limited,66,6.84,8.04,0.0,14.88
15932,1,15,,Standard,147,2.81,20.58,2.56,20.83
15933,3,14,62.0,Member,163,2.64,13.0,0.0,15.64
15934,5,10,,Free,21,5.05,2.24,0.0,7.29
15935,3,1,40.0,Member,167,3.87,23.42,0.0,27.29
15936,4,2,,Standard,117,6.03,9.73,0.0,15.76
15937,3,15,,Standard,41,5.14,5.17,0.0,10.31
15938,4,13,,Standard,143,1.34,14.55,0.0,15.89
15939,1,3,23.0,Member,146,0.84,17.75,0.0,18.59
15940,2,4,,Free,27,7.94,3.72,0.0,11.66
15941,1,1,,Standard,124,1.97,8.25,0.0,10.22
15942,1,3,,Standard,102,7.98,12.23,0.0,20.21
15943,3,10,37.0,Member,131,1.0,7.9,0.0,8.9
15944,1,16,37.0,Member,113,4.05,15.3,1.71,17.64
15945,4,1,,Standard,98,0.86,14.38,0.0,15.24
15946,1,5,,Free,29,2.33,4.21,0.0,6.54
15947,5,16,,Free,56,3.19,4.42,1.19,6.42
15948,3,13,,Standard,62,5.54,6.67,0.0,12.21
15949,2,10,55.0,Member,61,3.95,9.03,1.07,11.91
15950,2,9,,Standard,119,3.58,11.79,0.0,15.37
15951,1,8,,Standard,143,6.72,16.03,0.0,22.75
15952,5,13,,Standard,121,2.18,16.85,0.0,19.03
15953,5,7,,Standard,125,0.05,15.8,0.0,15.85
15954,2,9,,Standard,138,4.14,13.44,2.09,15.49
15955,2,8,,Standard,31,2.32,4.8,2.76,4.36
15956,3,2,,Standard,54,6.31,4.59,2.96,7.94
15957,1,8,,Standard,81,4.65,7.64,0.0,12.29
15958,4,15,34.0,Member,109,7.03,15.04,0.0,22.07
15959,4,16,,Standard,114,2.19,14.4,2.91,13.68
15960,2,6,,Standard,42,1.44,2.58,0.0,4.02
15961,4,1,61.0,Member,119,2.44,15.33,0.0,17.77
15962,4,10,,Time Limited,75,5.42,5.45,0.96,9.91
15963,4,13,25.0,Member,45,4.17,3.61,0.0,7.78
15964,3,13,,Standard,33,3.58,4.28,0.14,7.72
15965,5,9,,Standard,141,5.3,11.4,0.0,16.7
15966,1,3,,Standard,66,5.65,5.87,0.0,11.52
15967,5,12,,Administrator,15,5.88,1.69,1.5,6.07
15968,1,7,66.0,Member,179,0.72,16.18,2.78,14.12
15969,5,10,,Standard,64,1.07,6.02,2.24,4.85
15970,3,8,,Standard,54,4.0,8.46,0.0,12.46
15971,3,13,17.0,Member,97,2.8,11.45,2.9,11.35
15972,2,9,,Standard,146,2.58,11.69,0.0,14.27
15973,5,11,,Standard,52,4.77,6.55,0.0,11.32
15974,2,9,,Standard,111,5.81,10.73,0.0,16.54
15975,2,16,,Standard,126,5.43,15.3,1.5,19.23
15976,3,3,,Standard,62,6.85,4.02,0.0,10.87
15977,2,6,64.0,Member,100,6.4,9.82,2.9,13.32
15978,5,10,,Standard,96,1.68,11.4,2.34,10.74
15979,3,13,,Time Limited,41,5.19,6.09,0.0,11.28
15980,3,3,,Time Limited,61,5.73,5.14,0.13,10.74
15981,4,8,,Standard,32,6.67,3.78,0.0,10.45
15982,2,8,,Standard,36,5.8,4.92,0.0,10.72
15983,3,13,,Standard,148,0.63,14.77,1.71,13.69
15984,2,8,,Time Limited,88,2.4,9.36,0.0,11.76
15985,1,3,28.0,Member,72,1.62,4.32,0.0,5.94
15986,4,9,34.0,Member,74,7.65,9.97,2.47,15.15
15987,1,6,28.0,Member,87,4.97,13.5,0.19,18.28
15988,3,13,,Standard,116,3.45,16.77,0.0,20.22
15989,3,8,,Standard,114,7.42,11.81,0.0,19.23
15990,3,13,6.0,Member,95,1.24,10.9,0.0,12.14
15991,3,11,,Standard,99,0.54,6.86,0.0,7.4
15992,3,10,14.0,Member,160,4.04,16.82,0.0,20.86
15993,2,2,,Standard,75,3.04,7.83,0.0,10.87
15994,1,15,43.0,Member,129,4.8,18.92,0.0,23.72
15995,5,10,58.0,Member,99,1.79,11.06,0.0,12.85
15996,4,9,28.0,Member,69,0.48,10.93,0.0,11.41
15997,2,7,,Standard,47,2.47,5.93,0.0,8.4
15998,4,3,3.0,Member,54,5.16,3.37,0.0,8.53
15999,2,14,,Standard,72,1.08,9.73,0.0,10.81
16000,2,6,,Standard,94,5.24,10.76,2.5,13.5
16001,3,8,,Standard,73,3.99,11.21,0.0,15.2
16002,2,13,64.0,Member,78,0.16,10.14,0.0,10.3
16003,5,11,,Time Limited,74,0.81,8.7,0.0,9.51
16004,1,2,,Time Limited,70,5.36,8.37,0.0,13.73
16005,2,7,,Standard,116,1.28,8.07,0.0,9.35
16006,1,14,,Standard,60,7.0,5.17,0.0,12.17
16007,4,4,,Standard,132,1.87,14.05,2.95,12.97
16008,5,1,,Time Limited,85,5.22,10.7,0.0,15.92
16009,1,6,,Standard,148,3.4,21.76,0.0,25.16
16010,2,6,,Standard,45,5.39,3.3,0.0,8.69
16011,5,11,,Standard,89,5.92,9.82,0.0,15.74
16012,4,6,,Standard,111,7.43,9.14,1.24,15.33
16013,4,7,,Standard,118,6.08,7.81,0.0,13.89
16014,4,14,,Time Limited,57,3.25,5.77,0.73,8.29
16015,4,16,,Time Limited,42,3.54,2.8,0.0,6.34
16016,3,1,,Standard,35,0.45,2.86,0.0,3.31
16017,3,6,3.0,Member,114,4.23,16.06,1.72,18.57
16018,4,11,,Time Limited,52,1.42,6.78,0.0,8.2
16019,1,9,,Standard,115,4.76,17.79,0.0,22.55
16020,5,2,27.0,Member,176,6.58,20.92,0.0,27.5
16021,2,1,,Time Limited,74,1.47,9.57,2.7,8.34
16022,1,13,,Time Limited,35,0.38,2.93,0.24,3.07
16023,1,8,24.0,Member,139,3.3,18.06,0.0,21.36
16024,3,12,,Standard,59,3.51,7.42,0.0,10.93
16025,1,4,,Standard,85,5.0,9.28,0.0,14.28
16026,3,7,,Administrator,40,7.59,4.87,0.0,12.46
16027,3,1,,Standard,115,7.55,13.6,0.0,21.15
16028,4,3,,Free,53,0.08,3.83,0.0,3.91
16029,2,8,,Standard,57,0.29,7.69,2.46,5.52
16030,2,13,,Standard,145,0.13,21.78,0.0,21.91
16031,2,5,12.0,Member,100,5.28,13.79,1.8,17.27
16032,1,2,,Standard,54,3.75,3.94,1.55,6.14
16033,5,2,6.0,Member,153,0.38,12.76,0.0,13.14
16034,1,5,,Standard,55,3.73,6.51,0.0,10.24
16035,3,9,33.0,Member,114,5.72,7.81,0.0,13.53
16036,2,15,4.0,Member,57,6.1,7.34,0.0,13.44
16037,2,2,32.0,Member,86,6.71,7.35,0.0,14.06
16038,2,10,,Time Limited,51,7.93,3.22,1.13,10.02
16039,4,6,16.0,Member,49,4.76,7.55,0.0,12.31
16040,2,5,,Time Limited,46,2.44,5.36,0.0,7.8
16041,1,11,,Standard,89,3.06,6.46,0.0,9.52
16042,4,9,,Time Limited,53,5.05,3.7,0.0,8.75
16043,2,12,,Standard,105,4.98,10.19,0.32,14.85
16044,4,15,,Standard,139,3.69,16.39,0.0,20.08
16045,3,13,,Standard,118,0.61,9.85,0.0,10.46
16046,2,3,,Standard,128,3.74,9.5,0.0,13.24
16047,2,2,,Standard,109,0.36,15.15,0.0,15.51
16048,4,14,,Free,50,1.17,7.31,1.14,7.34
16049,1,4,8.0,Member,52,3.65,4.37,0.0,8.02
16050,1,14,,Standard,55,7.54,6.52,0.0,14.06
16051,2,16,,Administrator,36,0.0,3.9,0.0,3.9
16052,5,3,,Time Limited,50,6.27,7.16,0.0,13.43
16053,2,16,,Standard,41,7.16,5.43,1.73,10.86
16054,1,13,,Free,58,0.68,7.5,0.0,8.18
16055,3,13,,Standard,115,0.03,13.03,0.0,13.06
16056,3,13,20.0,Member,134,3.15,18.92,2.58,19.49
16057,2,12,66.0,Member,144,6.91,14.87,1.83,19.95
16058,1,5,,Time Limited,68,3.55,9.24,0.0,12.79
16059,5,1,,Time Limited,48,6.07,3.72,2.25,7.54
16060,2,7,,Free,48,1.89,6.29,0.0,8.18
16061,2,1,,Administrator,40,4.15,4.31,0.0,8.46
16062,4,16,,Standard,53,3.81,7.93,2.56,9.18
16063,3,3,,Standard,116,7.37,15.26,0.0,22.63
16064,3,14,,Standard,53,0.76,8.1,0.0,8.86
16065,5,10,2.0,Member,93,6.07,13.49,0.0,19.56
16066,4,9,,Standard,146,2.64,19.55,0.0,22.19
16067,5,11,,Standard,53,1.92,8.35,0.0,10.27
16068,5,3,,Standard,65,0.46,7.94,0.0,8.4
16069,1,6,,Standard,65,1.45,8.5,0.0,9.95
16070,2,10,,Standard,135,2.17,18.87,1.0,20.04
16071,3,2,6.0,Member,113,4.12,14.75,0.0,18.87
16072,3,16,,Standard,44,0.13,3.79,0.0,3.92
16073,2,5,40.0,Member,104,3.63,9.5,0.0,13.13
16074,4,5,,Standard,32,4.03,4.25,1.99,6.29
16075,3,2,,Standard,43,3.25,5.91,0.0,9.16
16076,3,16,40.0,Member,174,3.75,22.57,0.0,26.32
16077,2,15,,Standard,130,6.56,20.1,0.0,26.66
16078,2,14,10.0,Member,86,1.52,11.86,0.0,13.38
16079,2,2,5.0,Member,48,3.42,6.8,0.0,10.22
16080,1,3,,Standard,38,3.47,2.96,0.0,6.43
16081,5,5,,Standard,115,6.21,9.22,0.0,15.43
16082,5,5,,Standard,51,5.7,5.41,0.0,11.11
16083,5,1,11.0,Member,156,4.54,23.63,2.2,25.97
16084,1,9,,Standard,65,1.28,6.51,0.0,7.79
16085,5,15,1.0,Member,158,5.29,10.03,0.0,15.32
16086,5,3,61.0,Member,71,0.89,7.34,0.0,8.23
16087,3,11,,Standard,103,0.16,7.87,0.0,8.03
16088,1,7,,Administrator,35,0.41,2.16,0.0,2.57
16089,3,6,,Standard,50,0.34,7.32,0.0,7.66
16090,4,12,13.0,Member,84,7.51,9.96,1.74,15.73
16091,5,6,,Standard,85,4.09,6.12,0.57,9.64
16092,2,15,,Standard,127,2.88,17.21,2.5,17.59
16093,1,6,,Time Limited,70,0.04,9.56,0.0,9.6
16094,3,13,,Free,28,1.31,4.24,0.0,5.55
16095,2,10,,Time Limited,48,3.26,3.04,2.84,3.46
16096,1,7,,Time Limited,61,7.57,6.13,0.0,13.7
16097,2,12,,Standard,42,4.19,2.81,0.59,6.41
16098,5,16,11.0,Member,179,4.25,22.79,2.15,24.89
16099,2,3,1.0,Member,171,2.27,12.45,0.0,14.72
16100,5,12,,Administrator,39,3.06,5.25,0.0,8.31
16101,2,14,,Standard,38,4.45,3.62,1.86,6.21
16102,1,14,,Time Limited,59,5.06,4.34,0.0,9.4
16103,3,8,,Free,24,7.7,2.39,0.0,10.09
16104,5,10,16.0,Member,149,7.78,10.74,0.0,18.52
16105,3,15,,Standard,87,3.22,10.85,0.0,14.07
16106,4,1,45.0,Member,96,0.6,14.83,0.43,15.0
16107,1,10,,Standard,126,3.1,18.45,0.0,21.55
16108,4,6,4.0,Member,82,6.4,5.2,0.0,11.6
16109,3,2,,Standard,106,7.63,14.49,0.0,22.12
16110,1,11,,Standard,121,1.86,17.4,0.0,19.26
16111,5,15,,Standard,55,6.49,5.37,0.0,11.86
16112,3,12,,Time Limited,67,1.75,4.68,0.0,6.43
16113,5,2,,Standard,150,7.68,9.99,0.0,17.67
16114,4,7,,Standard,54,5.65,5.29,0.72,10.22
16115,5,8,48.0,Member,112,7.45,11.57,2.27,16.75
16116,3,14,4.0,Member,73,6.09,7.21,0.0,13.3
16117,4,6,9.0,Member,87,0.81,13.86,0.0,14.67
16118,1,11,,Time Limited,69,1.61,6.76,0.0,8.37
16119,4,11,10.0,Member,116,7.98,9.21,0.0,17.19
16120,4,13,,Free,59,5.01,6.05,0.0,11.06
16121,1,8,,Time Limited,85,5.84,8.91,0.0,14.75
16122,1,16,25.0,Member,57,7.98,4.16,0.0,12.14
16123,3,5,,Standard,71,6.31,9.94,0.0,16.25
16124,4,12,4.0,Member,47,3.56,4.45,2.31,5.7
16125,3,14,,Standard,113,5.41,7.91,0.0,13.32
16126,2,9,,Time Limited,73,3.89,7.03,2.43,8.49
16127,1,8,,Standard,134,2.22,21.08,0.0,23.3
16128,2,6,,Standard,41,0.77,6.18,0.0,6.95
16129,1,6,,Standard,42,2.44,5.47,0.0,7.91
16130,2,14,49.0,Member,153,3.44,23.32,0.0,26.76
16131,1,13,,Time Limited,36,5.52,2.91,0.0,8.43
16132,5,5,,Standard,67,5.06,8.1,0.0,13.16
16133,1,14,3.0,Member,144,1.04,19.8,0.0,20.84
16134,4,8,6.0,Member,174,6.66,24.05,0.0,30.71
16135,4,12,,Standard,143,1.19,15.9,1.09,16.0
16136,1,8,2.0,Member,117,7.79,8.75,0.0,16.54
16137,5,12,,Standard,135,6.34,9.16,0.0,15.5
16138,5,5,,Standard,45,0.44,3.66,1.86,2.24
16139,3,5,52.0,Member,73,6.29,4.64,0.0,10.93
16140,1,10,,Standard,134,0.7,12.14,0.0,12.84
16141,2,6,28.0,Member,68,7.51,9.8,1.77,15.54
16142,1,16,,Standard,64,3.42,3.92,0.0,7.34
16143,3,4,42.0,Member,165,7.54,22.96,0.0,30.5
16144,5,14,,Standard,121,5.35,8.54,0.0,13.89
16145,1,13,40.0,Member,74,0.12,8.86,0.0,8.98
16146,1,8,60.0,Member,161,1.35,25.56,0.0,26.91
16147,4,7,,Standard,120,5.54,15.82,0.0,21.36
16148,3,8,,Standard,83,4.6,10.56,0.0,15.16
16149,3,1,,Standard,74,4.48,11.06,0.0,15.54
16150,5,13,,Standard,96,6.66,10.91,0.0,17.57
16151,1,7,,Administrator,12,6.2,0.8,0.0,7.0
16152,3,13,,Standard,50,4.45,6.33,0.0,10.78
16153,3,3,,Standard,57,3.15,8.04,0.0,11.19
16154,5,2,,Standard,71,2.38,6.12,0.0,8.5
16155,5,12,,Standard,37,5.98,4.35,0.0,10.33
16156,1,16,,Standard,77,4.77,10.75,1.0,14.52
16157,4,3,,Standard,107,2.79,14.58,0.0,17.37
16158,5,2,,Standard,45,5.06,6.53,0.0,11.59
16159,1,1,,Standard,76,3.33,7.93,0.0,11.26
16160,2,1,,Standard,119,3.35,18.83,0.0,22.18
16161,2,1,,Standard,128,1.35,13.34,0.0,14.69
16162,2,6,,Free,35,4.15,4.0,0.0,8.15
16163,1,11,5.0,Member,75,0.25,4.73,0.0,4.98
16164,1,5,,Free,44,4.27,6.73,0.0,11.0
16165,3,15,60.0,Member,66,2.32,9.83,0.0,12.15
16166,4,8,,Standard,116,6.0,14.32,0.0,20.32
16167,2,6,,Free,50,1.5,5.45,0.0,6.95
16168,5,12,,Standard,62,1.42,6.51,0.0,7.93
16169,1,1,7.0,Member,145,3.41,11.37,0.86,13.92
16170,1,10,,Standard,41,5.15,4.33,0.0,9.48
16171,3,3,31.0,Member,148,6.87,9.91,0.13,16.65
16172,1,7,45.0,Member,145,4.33,11.74,0.53,15.54
16173,3,14,,Standard,53,7.96,8.35,0.0,16.31
16174,2,7,,Standard,33,1.27,4.3,0.0,5.57
16175,1,1,,Administrator,42,1.51,6.34,0.0,7.85
16176,1,5,,Administrator,39,2.56,4.29,0.0,6.85
16177,4,7,,Standard,90,3.51,6.33,0.0,9.84
16178,2,12,,Standard,63,1.74,3.92,0.0,5.66
16179,5,11,,Standard,43,3.01,5.66,1.98,6.69
16180,4,11,,Time Limited,69,2.96,7.29,1.52,8.73
16181,1,11,9.0,Member,152,7.83,9.35,0.0,17.18
16182,4,1,,Standard,81,6.01,10.1,0.0,16.11
16183,4,6,,Time Limited,44,4.23,6.88,1.69,9.42
16184,2,1,62.0,Member,121,2.67,17.11,0.0,19.78
16185,4,2,,Standard,88,7.09,5.98,0.0,13.07
16186,4,10,25.0,Member,75,2.69,6.93,0.17,9.45
16187,3,9,,Time Limited,55,1.03,8.1,0.0,9.13
16188,5,12,,Standard,144,0.07,13.26,0.0,13.33
16189,1,1,27.0,Member,146,2.53,19.12,0.0,21.65
16190,1,9,,Free,35,6.39,3.13,0.0,9.52
16191,3,14,,Time Limited,90,5.15,9.34,0.0,14.49
16192,1,13,47.0,Member,128,4.91,16.28,2.39,18.8
16193,2,16,,Standard,73,6.17,10.79,1.62,15.34
16194,2,15,,Standard,107,4.9,10.29,0.0,15.19
16195,4,10,,Standard,124,5.39,8.41,0.0,13.8
16196,4,1,,Standard,50,2.64,7.03,0.0,9.67
16197,4,1,,Standard,91,1.78,8.76,1.3,9.24
16198,2,12,,Standard,63,1.85,6.09,0.0,7.94
16199,1,2,,Time Limited,53,7.24,8.06,0.0,15.3
16200,3,5,4.0,Member,126,2.78,15.43,0.0,18.21
16201,2,6,,Standard,78,0.95,10.78,0.0,11.73
16202,3,11,,Standard,42,4.36,4.28,0.0,8.64
16203,5,5,,Standard,116,7.99,12.38,0.0,20.37
16204,3,8,,Standard,97,1.08,12.54,0.05,13.57
16205,3,15,,Standard,68,6.7,6.96,0.0,13.66
16206,1,1,,Administrator,20,2.47,2.33,0.0,4.8
16207,4,9,,Standard,36,6.39,3.83,0.0,10.22
16208,3,1,,Standard,72,7.02,7.43,0.0,14.45
16209,5,15,,Standard,88,3.0,5.51,0.0,8.51
16210,2,4,,Standard,126,4.15,8.54,0.26,12.43
16211,4,13,,Standard,102,5.33,12.79,0.0,18.12
16212,4,3,10.0,Member,129,6.25,17.1,0.0,23.35
16213,2,3,,Administrator,40,3.91,3.01,0.0,6.92
16214,4,15,53.0,Member,62,1.54,6.91,0.4,8.05
16215,3,4,,Time Limited,87,5.47,5.39,0.0,10.86
16216,4,4,,Standard,35,4.64,4.95,0.0,9.59
16217,4,4,57.0,Member,142,1.27,21.78,0.0,23.05
16218,4,4,28.0,Member,172,7.69,13.11,0.0,20.8
16219,3,5,,Time Limited,61,2.17,8.65,0.0,10.82
16220,2,16,15.0,Member,162,4.05,13.96,0.0,18.01
16221,1,1,34.0,Member,51,4.82,3.21,0.0,8.03
16222,4,15,,Standard,39,0.12,5.91,0.0,6.03
16223,1,16,,Standard,119,5.96,16.52,0.0,22.48
16224,5,14,,Administrator,23,7.68,2.15,0.0,9.83
16225,2,14,,Standard,68,4.51,6.63,0.0,11.14
16226,4,3,61.0,Member,111,2.71,13.92,0.0,16.63
16227,3,9,,Standard,98,1.95,8.55,0.0,10.5
16228,2,13,51.0,Member,132,0.16,9.27,1.22,8.21
16229,1,14,,Standard,87,2.21,9.59,0.0,11.8
16230,1,1,,Standard,58,3.09,4.36,0.0,7.45
16231,5,2,,Standard,31,5.15,2.68,0.0,7.83
16232,5,16,6.0,Member,99,1.2,15.14,0.0,16.34
16233,1,13,,Standard,77,4.89,11.78,0.0,16.67
16234,5,7,33.0,Member,175,7.34,27.44,0.0,34.78
16235,5,16,,Standard,53,4.67,5.72,1.24,9.15
16236,5,16,,Free,28,4.23,2.57,0.0,6.8
16237,5,9,,Standard,52,4.0,7.62,0.0,11.62
16238,3,5,,Standard,62,1.57,5.94,0.0,7.51
16239,3,1,,Free,48,2.45,3.95,0.0,6.4
16240,5,1,,Standard,84,4.51,7.15,0.0,11.66
16241,3,16,,Standard,76,6.68,11.67,0.0,18.35
16242,2,10,,Standard,71,6.15,8.33,0.0,14.48
16243,4,3,,Standard,41,1.21,6.32,2.37,5.16
16244,2,6,,Standard,50,2.47,7.88,1.95,8.4
16245,2,6,,Standard,121,7.99,13.01,0.0,21.0
16246,3,12,,Administrator,15,1.87,1.28,0.0,3.15
16247,4,7,,Time Limited,48,2.59,4.9,1.09,6.4
16248,2,6,,Standard,50,4.88,6.7,0.0,11.58
16249,1,11,,Standard,105,3.06,10.05,0.0,13.11
16250,4,12,,Time Limited,69,1.2,5.0,0.0,6.2
16251,1,16,20.0,Member,62,3.54,9.2,0.69,12.05
16252,3,3,10.0,Member,132,0.95,13.75,0.86,13.84
16253,5,15,,Standard,145,4.41,11.26,0.0,15.67
16254,3,10,,Time Limited,48,7.71,4.81,2.91,9.61
16255,4,14,49.0,Member,170,5.77,23.92,0.0,29.69
16256,3,12,,Standard,140,2.68,20.71,0.0,23.39
16257,3,12,,Time Limited,89,4.91,9.9,0.0,14.81
16258,3,15,,Free,46,2.29,6.61,0.0,8.9
16259,1,3,,Administrator,38,0.24,3.65,0.0,3.89
16260,3,4,,Standard,91,1.77,11.81,0.0,13.58
16261,3,4,,Standard,94,1.29,9.74,0.0,11.03
16262,4,12,25.0,Member,115,6.48,8.2,0.0,14.68
16263,3,12,,Standard,74,2.04,4.64,2.87,3.81
16264,1,15,,Standard,104,6.95,8.07,0.0,15.02
16265,1,9,,Time Limited,54,5.02,3.77,0.0,8.79
16266,2,1,,Standard,36,3.78,4.5,0.0,8.28
16267,1,10,,Time Limited,52,7.11,5.13,0.87,11.37
16268,2,8,,Standard,131,6.8,16.68,0.0,23.48
16269,5,3,,Standard,147,0.8,18.25,0.91,18.14
16270,4,16,,Standard,56,6.39,6.12,0.0,12.51
16271,1,2,,Standard,31,7.24,3.58,0.0,10.82
16272,3,9,,Standard,131,7.2,19.14,0.0,26.34
16273,4,4,,Standard,59,3.78,7.19,0.0,10.97
16274,1,16,,Standard,30,3.41,1.84,0.0,5.25
16275,1,10,,Standard,141,4.4,12.18,0.0,16.58
16276,1,5,,Administrator,24,0.54,2.4,0.0,2.94
16277,4,11,,Standard,132,0.24,16.17,2.41,14.0
16278,3,10,,Standard,128,7.28,11.89,0.0,19.17
16279,3,11,,Standard,50,7.48,7.78,0.0,15.26
16280,3,11,6.0,Member,114,6.24,11.27,0.0,17.51
16281,2,14,49.0,Member,75,0.42,4.55,0.0,4.97
16282,1,7,,Time Limited,55,2.62,7.81,1.37,9.06
16283,2,9,,Standard,102,4.17,14.75,0.0,18.92
16284,5,4,,Standard,30,6.78,2.43,0.0,9.21
16285,5,10,,Administrator,21,6.06,2.43,0.0,8.49
16286,1,1,,Standard,70,7.8,5.63,2.25,11.18
16287,1,15,,Time Limited,46,7.31,6.1,0.0,13.41
16288,3,2,,Standard,110,4.27,16.04,0.0,20.31
16289,2,13,29.0,Member,162,1.59,17.29,0.0,18.88
16290,4,16,,Standard,41,4.54,2.55,0.0,7.09
16291,4,11,,Standard,82,0.95,12.37,0.0,13.32
16292,2,14,,Time Limited,42,3.74,3.89,0.0,7.63
16293,1,11,,Standard,140,3.25,10.31,0.0,13.56
16294,1,11,,Standard,135,5.53,9.84,0.0,15.37
16295,5,8,,Standard,90,3.38,13.81,1.46,15.73
16296,5,8,19.0,Member,130,2.22,12.08,0.0,14.3
16297,4,1,,Standard,113,3.3,13.66,0.0,16.96
16298,3,13,,Standard,78,4.51,6.53,0.0,11.04
16299,5,7,,Time Limited,30,1.82,2.5,0.0,4.32
16300,5,16,,Standard,100,0.12,11.89,0.0,12.01
16301,2,1,,Administrator,41,0.62,6.4,0.0,7.02
16302,4,14,,Standard,67,3.61,10.07,0.0,13.68
16303,2,6,2.0,Member,90,6.91,6.89,0.0,13.8
16304,5,7,19.0,Member,99,0.63,13.25,0.0,13.88
16305,2,11,1.0,Member,155,2.85,11.01,0.0,13.86
16306,5,3,20.0,Member,95,2.59,11.97,0.0,14.56
16307,4,3,,Standard,139,4.12,12.97,0.0,17.09
16308,2,3,,Standard,129,6.36,13.35,0.0,19.71
16309,1,4,,Standard,68,2.6,5.86,0.0,8.46
16310,3,12,,Administrator,19,1.58,1.7,0.0,3.28
16311,3,11,,Standard,130,2.09,15.16,0.0,17.25
16312,5,9,,Standard,90,3.66,8.15,0.0,11.81
16313,3,1,62.0,Member,84,5.33,8.29,0.0,13.62
16314,1,3,,Standard,143,2.7,12.43,0.0,15.13
16315,2,6,,Standard,85,5.41,7.95,0.0,13.36
16316,5,5,,Standard,70,2.66,7.78,0.0,10.44
16317,5,16,,Standard,148,2.52,15.19,1.93,15.78
16318,3,13,,Standard,141,3.96,14.01,0.0,17.97
16319,3,8,,Standard,136,4.43,11.76,0.0,16.19
16320,5,15,,Standard,105,2.24,9.83,0.0,12.07
16321,4,8,34.0,Member,91,6.64,11.75,1.63,16.76
16322,2,15,2.0,Member,136,5.29,21.49,0.0,26.78
16323,1,10,,Time Limited,84,6.94,7.82,2.32,12.44
16324,4,8,,Time Limited,82,1.79,12.44,2.39,11.84
16325,1,11,61.0,Member,107,5.66,8.16,0.0,13.82
16326,2,1,,Standard,92,7.3,9.5,0.0,16.8
16327,3,12,,Standard,150,0.39,19.34,0.0,19.73
16328,4,15,17.0,Member,51,5.35,5.44,2.54,8.25
16329,4,2,,Standard,133,4.62,14.94,0.0,19.56
16330,3,1,18.0,Member,147,0.91,14.77,2.31,13.37
16331,1,2,,Standard,51,7.81,6.95,0.0,14.76
16332,1,1,5.0,Member,60,3.34,6.72,1.62,8.44
16333,1,8,7.0,Member,88,6.49,9.83,2.03,14.29
16334,2,4,,Standard,103,3.21,8.44,0.0,11.65
16335,5,2,58.0,Member,107,3.05,9.66,0.0,12.71
16336,4,14,,Standard,56,5.4,4.29,0.0,9.69
16337,2,10,30.0,Member,86,2.78,9.0,0.0,11.78
16338,2,9,,Standard,34,1.92,2.11,0.0,4.03
16339,4,11,,Time Limited,32,5.56,5.12,0.0,10.68
16340,4,2,45.0,Member,58,0.16,4.07,0.0,4.23
16341,5,14,,Standard,77,7.82,10.06,0.0,17.88
16342,2,5,47.0,Member,85,4.56,5.16,0.0,9.72
16343,2,16,,Free,41,5.25,2.56,0.0,7.81
16344,2,12,,Standard,51,2.47,3.08,0.0,5.55
16345,4,5,24.0,Member,179,0.13,20.88,0.0,21.01
16346,1,14,,Standard,51,3.49,4.5,0.0,7.99
16347,2,4,,Standard,61,3.59,5.39,1.8,7.18
16348,4,4,,Standard,56,4.98,6.99,0.0,11.97
16349,3,7,,Standard,136,7.93,10.61,0.0,18.54
16350,5,14,11.0,Member,143,5.43,13.05,2.7,15.78
16351,2,2,,Standard,104,3.97,11.23,0.0,15.2
16352,4,14,23.0,Member,107,6.57,6.8,0.0,13.37
16353,3,6,,Standard,41,6.78,2.77,0.44,9.11
16354,2,13,57.0,Member,141,6.37,19.04,2.42,22.99
16355,1,12,28.0,Member,92,6.42,8.93,0.0,15.35
16356,5,11,,Free,27,3.26,3.88,0.0,7.14
16357,1,2,,Standard,136,6.3,11.13,0.0,17.43
16358,2,14,,Standard,77,4.4,9.77,0.0,14.17
16359,3,12,,Administrator,35,3.56,3.41,0.0,6.97
16360,5,16,,Standard,45,2.77,4.35,0.0,7.12
16361,4,14,,Standard,96,5.37,13.17,0.0,18.54
16362,4,12,,Standard,123,5.24,18.27,0.0,23.51
16363,2,6,,Free,50,7.31,6.76,0.0,14.07
16364,1,10,,Standard,113,3.52,9.25,0.0,12.77
16365,3,3,62.0,Member,75,7.19,9.06,0.0,16.25
16366,4,1,,Time Limited,45,3.37,4.89,0.0,8.26
16367,2,14,,Standard,108,3.68,16.07,1.66,18.09
16368,4,8,61.0,Member,109,6.16,15.57,0.0,21.73
16369,3,9,61.0,Member,85,5.07,7.56,0.0,12.63
16370,4,8,,Standard,144,5.71,21.92,0.0,27.63
16371,5,6,,Standard,75,6.16,11.17,2.96,14.37
16372,5,1,41.0,Member,154,7.91,20.86,0.0,28.77
16373,1,11,,Time Limited,43,4.37,4.22,0.0,8.59
16374,1,6,55.0,Member,125,2.86,8.73,0.0,11.59
16375,2,8,,Standard,69,7.69,9.66,0.39,16.96
16376,2,16,,Standard,126,6.07,19.96,0.79,25.24
16377,2,6,,Standard,51,6.44,5.82,0.0,12.26
16378,4,8,,Standard,102,2.53,9.36,0.0,11.89
16379,4,2,,Administrator,25,3.63,2.3,0.0,5.93
16380,1,8,,Administrator,16,6.54,1.88,2.38,6.04
16381,3,11,64.0,Member,110,3.19,11.68,0.0,14.87
16382,2,6,,Standard,144,5.82,20.95,0.71,26.06
16383,5,6,,Standard,128,6.56,13.19,1.5,18.25
16384,4,11,,Standard,34,3.8,3.36,0.0,7.16
16385,5,8,,Standard,56,2.41,8.92,0.0,11.33
16386,4,8,10.0,Member,98,3.14,13.04,0.0,16.18
16387,5,14,,Time Limited,32,4.65,2.74,0.0,7.39
16388,1,15,,Standard,57,0.01,3.85,2.3,1.56
16389,3,7,,Standard,128,7.27,9.43,2.08,14.62
16390,2,6,,Standard,50,2.75,6.51,0.0,9.26
16391,3,14,,Standard,95,2.49,11.31,0.0,13.8
16392,4,13,9.0,Member,45,7.62,6.71,0.0,14.33
16393,3,14,28.0,Member,110,7.18,11.77,0.0,18.95
16394,3,11,,Standard,134,3.68,19.07,0.0,22.75
16395,3,16,,Time Limited,89,2.62,9.28,0.0,11.9
16396,5,4,,Standard,99,3.22,9.09,0.0,12.31
16397,3,1,61.0,Member,77,6.79,4.76,0.65,10.9
16398,1,15,,Time Limited,40,1.95,4.06,0.0,6.01
16399,2,10,42.0,Member,72,0.56,5.06,2.3,3.32
16400,2,8,,Standard,139,5.21,18.57,2.71,21.07
16401,1,4,3.0,Member,69,1.68,8.25,0.0,9.93
16402,1,7,24.0,Member,81,0.48,5.56,0.0,6.04
16403,3,2,,Standard,128,6.28,12.35,0.0,18.63
16404,2,6,,Administrator,33,5.37,2.01,0.92,6.46
16405,1,13,,Standard,80,1.73,8.89,0.0,10.62
16406,1,3,,Standard,95,1.94,9.05,0.0,10.99
16407,3,8,,Standard,72,4.15,6.9,0.0,11.05
16408,4,8,,Standard,73,1.18,6.98,1.8,6.36
16409,3,2,27.0,Member,97,3.23,10.39,0.0,13.62
16410,5,5,44.0,Member,142,1.1,15.13,0.0,16.23
16411,5,5,,Standard,147,5.42,14.69,0.0,20.11
16412,3,1,,Standard,87,6.29,13.13,0.0,19.42
16413,2,11,,Standard,108,6.24,14.16,1.39,19.01
16414,1,6,33.0,Member,97,5.62,10.71,0.0,16.33
16415,3,2,,Standard,41,2.39,5.85,0.0,8.24
16416,2,5,,Standard,83,7.68,6.43,0.0,14.11
16417,1,9,57.0,Member,130,3.19,17.04,0.0,20.23
16418,4,15,56.0,Member,84,2.92,8.46,0.0,11.38
16419,3,16,,Standard,49,2.95,5.34,0.58,7.71
16420,5,3,24.0,Member,55,6.43,4.62,0.0,11.05
16421,5,9,,Standard,135,0.53,11.08,0.0,11.61
16422,1,2,,Free,22,4.21,2.16,0.0,6.37
16423,1,8,8.0,Member,66,6.38,6.11,0.0,12.49
16424,1,7,,Time Limited,80,6.68,11.32,0.0,18.0
16425,1,7,2.0,Member,57,2.36,6.08,0.0,8.44
16426,4,6,,Free,29,7.45,4.4,0.0,11.85
16427,5,16,,Standard,146,6.35,19.17,0.0,25.52
16428,3,11,,Time Limited,70,3.38,5.62,1.83,7.17
16429,5,7,,Standard,51,0.38,3.63,0.0,4.01
16430,4,12,37.0,Member,145,6.72,9.99,0.0,16.71
16431,4,11,,Standard,48,7.64,6.49,0.0,14.13
16432,5,14,,Administrator,15,7.8,1.9,0.0,9.7
16433,2,3,,Time Limited,89,6.58,10.7,2.79,14.49
16434,1,7,37.0,Member,145,1.83,14.85,0.0,16.68
16435,1,1,,Standard,50,5.7,4.25,0.0,9.95
16436,2,14,14.0,Member,103,2.48,7.95,1.23,9.2
16437,2,9,,Standard,141,6.15,20.65,0.61,26.19
16438,5,3,,Standard,79,2.19,9.75,0.0,11.94
16439,2,15,38.0,Member,154,1.23,17.29,2.37,16.15
16440,3,7,,Administrator,43,6.38,6.22,2.68,9.92
16441,5,9,,Standard,105,0.47,9.42,0.0,9.89
16442,2,12,,Standard,140,4.99,15.59,0.0,20.58
16443,2,2,,Standard,68,2.61,9.11,1.73,9.99
16444,1,3,,Standard,120,4.18,8.06,0.0,12.24
16445,3,2,,Standard,144,7.24,21.73,0.0,28.97
16446,1,13,,Administrator,32,4.11,3.4,0.0,7.51
16447,2,16,,Free,43,3.22,3.39,0.0,6.61
16448,3,2,,Standard,63,3.89,9.52,0.0,13.41
16449,1,5,,Standard,96,0.33,7.55,0.0,7.88
16450,2,6,,Standard,33,3.5,3.4,0.0,6.9
16451,4,4,32.0,Member,153,1.87,17.96,2.59,17.24
16452,2,3,9.0,Member,93,2.66,9.59,0.0,12.25
16453,4,6,,Time Limited,77,1.02,10.91,1.46,10.47
16454,3,2,,Time Limited,36,4.28,4.76,0.43,8.61
16455,5,14,,Standard,42,2.79,6.66,0.0,9.45
16456,3,14,,Standard,108,2.94,12.35,0.0,15.29
16457,2,15,,Time Limited,45,7.2,5.49,0.0,12.69
16458,5,14,,Standard,62,6.91,4.56,1.32,10.15
16459,1,9,,Standard,33,1.44,2.79,0.0,4.23
16460,3,4,,Standard,61,4.7,8.69,0.0,13.39
16461,2,4,15.0,Member,64,2.67,9.49,0.8,11.36
16462,5,16,,Standard,57,3.4,7.4,0.0,10.8
16463,1,2,,Standard,139,4.4,19.95,0.0,24.35
16464,5,3,,Standard,35,3.01,4.92,0.0,7.93
16465,4,6,,Standard,66,6.82,9.77,2.82,13.77
16466,5,6,55.0,Member,108,7.91,10.02,2.75,15.18
16467,2,2,,Standard,70,0.02,7.72,0.0,7.74
16468,1,11,,Standard,106,6.39,6.69,0.0,13.08
16469,1,10,,Standard,129,3.47,13.84,0.0,17.31
16470,4,1,,Standard,101,0.5,9.48,0.0,9.98
16471,1,8,28.0,Member,155,4.29,22.52,0.0,26.81
16472,2,10,,Free,27,6.65,2.29,0.0,8.94
16473,5,1,,Standard,105,5.06,8.7,1.53,12.23
16474,1,9,13.0,Member,48,5.05,3.98,0.0,9.03
16475,5,2,,Time Limited,55,1.8,3.37,0.0,5.17
16476,4,6,,Time Limited,42,1.27,6.0,0.0,7.27
16477,2,5,,Standard,53,5.59,3.45,0.0,9.04
16478,2,10,55.0,Member,55,6.46,7.4,0.0,13.86
16479,5,3,,Standard,69,7.41,8.33,0.0,15.74
16480,3,16,53.0,Member,151,2.41,12.06,0.0,14.47
16481,2,15,,Administrator,13,6.62,1.92,2.14,6.4
16482,5,11,58.0,Member,54,3.3,5.48,0.0,8.78
16483,5,8,,Standard,120,2.29,12.0,0.0,14.29
16484,1,9,,Free,53,3.84,3.41,0.39,6.86
16485,5,16,,Standard,146,5.1,11.08,0.0,16.18
16486,4,9,,Standard,44,4.61,6.55,0.0,11.16
16487,3,7,9.0,Member,122,5.38,16.06,0.0,21.44
16488,1,12,28.0,Member,64,5.89,8.85,0.0,14.74
16489,5,16,,Standard,122,6.19,9.99,0.0,16.18
16490,2,16,,Free,57,1.65,5.67,1.31,6.01
16491,3,8,47.0,Member,61,7.96,4.0,0.0,11.96
16492,5,8,,Time Limited,37,1.37,2.62,0.0,3.99
16493,3,16,,Standard,130,1.65,11.55,0.0,13.2
16494,4,13,,Standard,69,6.54,7.15,0.0,13.69
16495,2,3,63.0,Member,77,1.49,9.02,0.0,10.51
16496,3,11,16.0,Member,158,6.23,18.83,0.0,25.06
16497,5,2,,Standard,66,2.38,7.8,0.0,10.18
16498,5,4,,Standard,108,4.83,15.77,0.0,20.6
16499,1,13,51.0,Member,109,6.21,13.2,2.92,16.49
16500,1,2,24.0,Member,112,4.87,12.89,0.0,17.76
16501,5,8,62.0,Member,88,6.09,10.71,0.04,16.76
16502,3,3,,Standard,106,1.38,9.95,0.0,11.33
16503,3,4,40.0,Member,83,3.59,6.66,1.96,8.29
16504,4,2,,Standard,31,7.58,2.09,0.0,9.67
16505,3,7,,Standard,117,4.69,7.93,0.0,12.62
16506,1,12,,Standard,128,7.71,12.34,0.0,20.05
16507,3,14,43.0,Member,110,7.93,14.85,0.0,22.78
16508,4,4,,Standard,138,4.28,10.23,0.0,14.51
16509,5,10,5.0,Member,53,4.51,7.46,0.0,11.97
16510,2,2,66.0,Member,76,1.69,9.86,1.29,10.26
16511,2,13,,Free,59,2.9,6.91,0.0,9.81
16512,2,4,,Standard,66,1.53,9.39,0.0,10.92
16513,4,10,56.0,Member,127,7.92,17.02,0.0,24.94
16514,3,4,,Administrator,17,2.21,1.83,0.0,4.04
16515,5,7,,Standard,110,5.28,13.57,0.0,18.85
16516,2,2,20.0,Member,126,6.47,15.85,0.4,21.92
16517,1,13,,Standard,88,7.79,7.79,0.0,15.58
16518,5,15,,Standard,33,6.63,4.41,2.67,8.37
16519,1,5,,Free,16,7.68,1.58,0.0,9.26
16520,3,13,,Free,43,1.4,4.45,0.0,5.85
16521,3,4,,Standard,31,7.19,3.86,0.0,11.05
16522,1,5,,Time Limited,65,4.13,8.68,0.0,12.81
16523,2,6,,Standard,106,6.16,8.32,0.0,14.48
16524,5,3,,Standard,33,2.36,4.98,0.0,7.34
16525,5,8,,Standard,150,3.87,11.57,0.0,15.44
16526,2,1,,Standard,111,0.05,14.24,0.0,14.29
16527,3,3,9.0,Member,123,2.21,11.11,0.43,12.89
16528,2,6,,Standard,50,2.89,5.42,0.0,8.31
16529,3,14,,Standard,66,3.83,9.33,0.0,13.16
16530,2,3,,Standard,138,6.7,18.07,1.17,23.6
16531,1,14,27.0,Member,137,0.36,10.84,0.0,11.2
16532,3,2,,Free,30,2.85,2.43,0.0,5.28
16533,4,16,45.0,Member,130,6.04,18.79,0.0,24.83
16534,4,10,47.0,Member,114,3.27,16.8,2.37,17.7
16535,5,15,,Standard,108,5.0,8.9,0.0,13.9
16536,1,6,8.0,Member,46,2.09,6.57,1.74,6.92
16537,3,16,,Standard,64,6.11,5.75,0.0,11.86
16538,5,11,,Standard,46,4.93,4.5,0.0,9.43
16539,4,14,,Standard,92,5.72,8.61,1.17,13.16
16540,1,4,30.0,Member,124,1.15,14.96,1.6,14.51
16541,4,5,,Time Limited,75,5.71,11.76,0.0,17.47
16542,2,6,,Standard,139,3.24,19.08,0.0,22.32
16543,1,15,10.0,Member,63,3.88,4.07,0.0,7.95
16544,5,5,46.0,Member,145,5.06,10.54,0.0,15.6
16545,3,4,5.0,Member,139,2.32,21.91,0.0,24.23
16546,4,3,22.0,Member,120,4.55,11.28,1.41,14.42
16547,1,6,,Standard,50,1.93,4.57,0.0,6.5
16548,2,10,,Standard,46,6.1,6.44,0.0,12.54
16549,1,4,,Administrator,32,3.35,3.09,0.0,6.44
16550,3,1,,Administrator,24,1.6,2.3,0.0,3.9
16551,4,5,64.0,Member,118,1.3,17.94,0.0,19.24
16552,4,3,,Administrator,16,3.95,2.26,0.0,6.21
16553,5,3,,Standard,118,7.48,7.18,0.0,14.66
16554,1,4,,Standard,85,5.38,7.99,0.0,13.37
16555,5,13,,Standard,64,4.13,9.71,2.17,11.67
16556,5,6,,Administrator,20,6.53,1.7,2.26,5.97
16557,5,4,,Standard,73,5.63,11.32,0.0,16.95
16558,3,4,,Time Limited,86,7.71,6.93,0.0,14.64
16559,1,12,5.0,Member,92,0.27,10.31,0.0,10.58
16560,5,1,,Standard,33,6.1,2.02,1.22,6.9
16561,3,4,,Administrator,38,5.31,5.32,0.0,10.63
16562,3,16,,Administrator,39,0.76,2.7,2.36,1.1
16563,4,5,30.0,Member,177,1.85,25.07,0.0,26.92
16564,4,3,,Standard,63,2.46,9.63,0.0,12.09
16565,3,15,,Standard,62,0.07,6.13,0.0,6.2
16566,1,16,,Standard,46,7.73,5.31,1.17,11.87
16567,2,15,65.0,Member,65,2.65,6.42,1.99,7.08
16568,3,2,,Standard,69,2.42,4.88,1.8,5.5
16569,1,12,,Administrator,36,3.23,4.77,2.96,5.04
16570,2,10,,Time Limited,84,5.45,6.97,0.0,12.42
16571,3,12,38.0,Member,94,5.88,11.76,2.08,15.56
16572,3,7,,Administrator,17,7.18,1.75,1.63,7.3
16573,5,8,,Time Limited,33,0.78,3.53,0.0,4.31
16574,4,1,,Administrator,11,0.65,0.71,0.0,1.36
16575,2,1,59.0,Member,60,2.83,9.31,0.0,12.14
16576,3,8,64.0,Member,112,1.02,9.87,2.34,8.55
16577,2,1,8.0,Member,165,0.16,18.93,2.53,16.56
16578,3,5,,Standard,68,4.87,6.77,0.0,11.64
16579,5,16,,Standard,84,0.14,9.57,0.0,9.71
16580,4,13,,Standard,71,4.94,8.67,0.0,13.61
16581,1,10,11.0,Member,79,6.68,6.49,0.0,13.17
16582,4,6,2.0,Member,59,0.79,4.03,2.97,1.85
16583,3,9,1.0,Member,70,3.07,7.95,0.0,11.02
16584,3,12,42.0,Member,137,5.21,17.02,2.3,19.93
16585,2,15,,Standard,56,4.45,3.65,0.0,8.1
16586,2,11,13.0,Member,163,6.82,25.16,0.0,31.98
16587,3,15,,Free,34,3.5,3.63,0.0,7.13
16588,5,10,,Standard,53,3.28,8.12,0.0,11.4
16589,3,3,6.0,Member,114,4.82,11.44,0.0,16.26
16590,3,7,20.0,Member,127,1.77,7.93,0.0,9.7
16591,2,3,,Time Limited,36,6.51,2.35,0.0,8.86
16592,2,3,45.0,Member,133,2.51,15.67,0.0,18.18
16593,3,10,39.0,Member,166,5.56,22.83,2.35,26.04
16594,1,13,,Standard,57,2.55,4.32,0.0,6.87
16595,4,6,,Time Limited,36,2.07,4.47,1.46,5.08
16596,2,3,,Standard,149,0.54,17.95,0.0,18.49
16597,4,5,5.0,Member,132,3.46,16.6,0.0,20.06
16598,5,13,1.0,Member,140,1.82,10.33,0.0,12.15
16599,2,12,,Standard,136,5.21,19.15,0.0,24.36
16600,2,5,,Standard,91,1.66,13.56,0.0,15.22
16601,1,3,,Standard,85,0.46,10.93,1.91,9.48
16602,4,4,,Standard,74,3.15,11.65,2.8,12.0
16603,1,9,,Standard,118,7.63,16.21,0.0,23.84
16604,5,11,,Standard,107,0.77,7.39,1.62,6.54
16605,3,1,,Standard,112,6.87,15.08,0.0,21.95
16606,1,4,,Standard,110,4.26,15.04,0.72,18.58
16607,3,9,,Standard,136,0.08,12.19,0.0,12.27
16608,2,1,,Standard,110,2.36,14.58,0.0,16.94
16609,3,2,,Standard,46,6.98,2.99,0.51,9.46
16610,5,5,1.0,Member,129,4.64,10.19,0.0,14.83
16611,2,3,,Standard,108,0.47,11.17,2.53,9.11
16612,5,3,35.0,Member,47,4.23,3.67,0.0,7.9
16613,4,7,,Time Limited,77,1.09,4.7,0.0,5.79
16614,3,5,2.0,Member,67,7.46,7.25,1.91,12.8
16615,4,8,45.0,Member,125,5.62,18.7,0.0,24.32
16616,3,10,,Time Limited,43,7.92,2.81,2.46,8.27
16617,5,12,,Administrator,43,7.09,5.06,0.0,12.15
16618,1,6,24.0,Member,134,5.23,16.76,0.0,21.99
16619,5,14,6.0,Member,63,2.41,8.61,0.0,11.02
16620,1,4,,Standard,89,5.71,11.92,0.0,17.63
16621,3,4,,Free,37,4.48,4.25,0.0,8.73
16622,3,14,,Standard,30,0.63,3.79,0.0,4.42
16623,2,14,,Standard,96,4.8,9.57,0.46,13.91
16624,3,9,2.0,Member,62,0.01,7.1,0.0,7.11
16625,4,5,,Time Limited,57,0.94,6.55,1.03,6.46
16626,3,9,,Standard,63,0.98,3.9,0.0,4.88
16627,2,12,8.0,Member,72,0.72,9.75,2.58,7.89
16628,5,11,,Standard,123,2.42,11.81,0.0,14.23
16629,3,13,,Free,58,4.06,7.27,0.0,11.33
16630,5,11,,Standard,60,7.22,7.47,2.77,11.92
16631,5,16,,Standard,92,3.75,6.54,0.0,10.29
16632,4,12,,Standard,97,2.04,11.69,0.0,13.73
16633,2,12,,Free,46,7.19,7.32,2.83,11.68
16634,5,7,,Standard,126,7.55,17.33,0.0,24.88
16635,5,1,,Time Limited,58,7.32,6.4,2.76,10.96
16636,5,7,,Standard,136,2.54,9.77,0.93,11.38
16637,5,14,,Standard,48,1.23,4.35,0.0,5.58
16638,3,11,,Time Limited,45,5.94,5.75,0.0,11.69
16639,1,9,,Standard,79,7.66,10.54,0.0,18.2
16640,3,6,27.0,Member,164,5.1,21.72,0.0,26.82
16641,5,7,61.0,Member,171,2.67,13.74,0.0,16.41
16642,2,3,,Standard,36,7.83,3.09,0.0,10.92
16643,5,4,,Free,24,5.75,2.84,0.91,7.68
16644,2,12,,Time Limited,33,6.15,3.65,0.0,9.8
16645,3,15,,Standard,81,0.48,12.07,0.0,12.55
16646,3,2,10.0,Member,125,1.63,17.01,0.0,18.64
16647,4,14,10.0,Member,120,7.3,9.43,0.0,16.73
16648,5,9,,Standard,87,2.67,12.0,2.95,11.72
16649,4,1,,Standard,144,4.16,13.43,0.0,17.59
16650,4,8,,Standard,73,3.65,10.87,0.0,14.52
16651,5,3,,Administrator,32,2.53,4.53,2.86,4.2
16652,5,7,,Free,54,0.99,6.8,0.0,7.79
16653,5,7,,Standard,133,1.46,18.4,0.0,19.86
16654,4,14,38.0,Member,131,4.07,18.82,0.0,22.89
16655,4,5,,Standard,35,3.76,2.94,0.0,6.7
16656,4,14,,Standard,66,2.98,6.21,0.0,9.19
16657,2,16,,Standard,128,6.54,9.86,0.0,16.4
16658,4,12,42.0,Member,97,7.77,7.13,0.0,14.9
16659,4,13,,Standard,92,3.58,8.99,1.47,11.1
16660,1,14,65.0,Member,170,6.67,26.78,0.0,33.45
16661,2,8,,Standard,126,0.18,7.95,1.51,6.62
16662,4,14,,Standard,103,6.5,15.35,1.01,20.84
16663,5,12,,Time Limited,69,5.73,5.08,0.3,10.51
16664,3,7,,Standard,111,0.87,8.9,0.0,9.77
16665,3,3,60.0,Member,142,1.64,10.8,0.0,12.44
16666,3,2,6.0,Member,143,2.7,15.64,2.48,15.86
16667,2,15,47.0,Member,45,2.47,6.92,0.0,9.39
16668,3,7,,Standard,35,3.57,3.49,1.54,5.52
16669,5,13,,Standard,103,4.43,10.67,0.0,15.1
16670,5,15,21.0,Member,53,1.39,5.47,0.0,6.86
16671,5,5,,Free,20,0.41,1.63,0.0,2.04
16672,2,16,23.0,Member,116,3.73,13.31,2.03,15.01
16673,5,2,,Free,31,1.97,3.04,0.0,5.01
16674,4,7,,Free,52,7.95,5.3,1.05,12.2
16675,1,12,,Standard,150,6.21,14.47,0.0,20.68
16676,1,7,,Standard,77,4.29,11.04,2.06,13.27
16677,4,6,,Free,24,6.06,2.99,0.0,9.05
16678,3,7,,Standard,104,5.21,16.08,0.0,21.29
16679,4,5,,Administrator,30,6.91,2.99,0.0,9.9
16680,5,8,,Standard,98,2.54,7.76,0.0,10.3
16681,1,11,,Standard,130,3.1,8.61,0.0,11.71
16682,1,3,,Free,44,5.13,4.73,0.0,9.86
16683,4,2,,Standard,118,4.39,18.11,0.0,22.5
16684,2,4,,Standard,124,6.66,13.76,0.0,20.42
16685,4,1,,Standard,113,0.98,15.67,0.0,16.65
16686,3,15,,Standard,60,2.19,6.06,0.0,8.25
16687,4,5,,Standard,63,1.48,5.94,0.82,6.6
16688,4,14,,Standard,108,3.09,11.49,0.95,13.63
16689,1,7,65.0,Member,145,3.12,10.04,0.0,13.16
16690,3,2,57.0,Member,116,3.39,16.4,1.98,17.81
16691,3,14,,Standard,50,0.79,6.26,0.0,7.05
16692,2,6,,Administrator,20,2.53,1.95,1.37,3.11
16693,5,8,,Standard,93,0.11,11.54,0.0,11.65
16694,5,6,,Standard,79,1.35,11.73,2.89,10.19
16695,3,15,,Standard,125,2.55,19.28,0.0,21.83
16696,4,7,,Time Limited,73,0.29,6.6,1.8,5.09
16697,1,7,,Standard,36,2.55,2.67,0.0,5.22
16698,1,12,,Standard,128,5.83,7.9,0.0,13.73
16699,5,16,8.0,Member,121,1.47,11.53,0.0,13.0
16700,5,8,,Standard,124,7.03,11.7,0.0,18.73
16701,1,16,,Standard,132,5.97,12.59,0.0,18.56
16702,1,12,,Standard,66,0.08,7.7,2.57,5.21
16703,3,12,,Standard,31,4.0,4.92,0.0,8.92
16704,5,16,,Standard,126,2.29,17.98,0.0,20.27
16705,2,6,,Standard,150,6.93,15.34,0.0,22.27
16706,2,7,,Standard,62,0.62,4.28,0.0,4.9
16707,1,7,,Standard,62,3.26,4.05,2.09,5.22
16708,3,14,,Standard,102,5.63,10.8,0.0,16.43
16709,2,9,38.0,Member,133,3.07,10.81,0.0,13.88
16710,1,9,,Standard,79,5.34,6.2,0.0,11.54
16711,5,3,,Free,17,0.23,1.46,0.0,1.69
16712,4,16,40.0,Member,86,7.35,5.97,0.0,13.32
16713,5,4,,Standard,86,2.23,11.01,0.0,13.24
16714,3,6,,Standard,48,1.63,7.15,0.0,8.78
16715,2,16,,Standard,55,2.2,7.18,0.0,9.38
16716,4,1,,Standard,96,3.59,12.6,0.0,16.19
16717,4,15,,Standard,94,1.11,13.09,0.0,14.2
16718,1,14,,Free,19,2.42,2.3,0.54,4.18
16719,5,13,,Administrator,19,3.59,2.27,2.35,3.51
16720,2,8,7.0,Member,60,5.34,5.29,0.0,10.63
16721,2,11,48.0,Member,113,5.71,15.2,0.0,20.91
16722,1,6,,Standard,116,4.32,11.86,0.0,16.18
16723,5,2,,Free,52,1.99,5.7,0.0,7.69
16724,4,11,,Time Limited,82,1.23,11.97,0.0,13.2
16725,4,7,2.0,Member,95,3.39,14.96,1.12,17.23
16726,5,16,4.0,Member,89,4.06,10.28,0.0,14.34
16727,2,4,,Time Limited,51,3.79,4.89,0.0,8.68
16728,1,14,,Standard,128,5.8,9.96,0.0,15.76
16729,5,8,20.0,Member,84,5.67,11.63,0.0,17.3
16730,2,10,,Standard,31,0.03,4.84,0.0,4.87
16731,3,1,,Standard,43,4.39,6.08,0.0,10.47
16732,2,4,,Standard,46,3.13,3.92,0.0,7.05
16733,4,3,54.0,Member,71,2.73,9.49,0.04,12.18
16734,3,16,46.0,Member,162,5.71,17.78,0.0,23.49
16735,2,10,,Standard,103,4.03,13.29,0.0,17.32
16736,2,10,,Standard,63,4.63,8.87,0.21,13.29
16737,5,9,20.0,Member,149,3.46,12.07,0.0,15.53
16738,2,7,6.0,Member,68,0.86,10.24,2.71,8.39
16739,2,11,,Standard,70,4.8,10.76,2.27,13.29
16740,2,10,,Administrator,11,4.97,1.42,0.0,6.39
16741,5,5,,Standard,61,0.94,4.2,0.0,5.14
16742,1,14,,Time Limited,81,0.63,6.84,0.63,6.84
16743,3,3,8.0,Member,159,7.39,16.26,2.1,21.55
16744,1,13,,Standard,139,1.15,20.34,0.0,21.49
16745,3,16,,Standard,109,4.89,13.39,0.0,18.28
16746,5,4,,Standard,40,4.33,3.39,2.74,4.98
16747,5,14,,Standard,33,5.63,3.4,0.11,8.92
16748,1,4,,Standard,119,7.65,13.73,0.0,21.38
16749,2,4,,Standard,146,3.6,18.35,0.0,21.95
16750,5,3,,Free,27,5.82,3.06,0.67,8.21
16751,2,9,61.0,Member,157,4.19,18.63,0.0,22.82
16752,5,9,,Standard,139,2.02,8.85,0.0,10.87
16753,5,14,,Standard,143,3.72,14.78,2.45,16.05
16754,4,14,,Time Limited,37,3.59,3.16,0.0,6.75
16755,3,16,,Standard,83,5.53,8.6,2.43,11.7
16756,5,2,,Standard,41,7.01,3.83,0.0,10.84
16757,4,4,,Standard,118,6.21,8.73,0.0,14.94
16758,5,10,,Standard,108,1.48,14.45,0.0,15.93
16759,4,2,,Standard,69,5.16,6.01,1.02,10.15
16760,5,11,,Standard,94,5.7,10.16,0.0,15.86
16761,1,12,,Standard,98,4.38,11.28,1.69,13.97
16762,2,16,,Standard,77,1.71,11.4,0.12,12.99
16763,4,14,,Standard,150,0.8,22.49,0.0,23.29
16764,5,5,,Standard,91,4.5,10.38,0.04,14.84
16765,5,5,10.0,Member,96,1.32,10.56,0.0,11.88
16766,4,12,,Time Limited,42,4.63,4.33,0.0,8.96
16767,4,13,,Standard,140,4.58,9.32,0.0,13.9
16768,3,5,,Standard,136,1.37,17.4,0.0,18.77
16769,4,4,1.0,Member,161,5.19,20.11,2.96,22.34
16770,5,16,42.0,Member,111,4.05,10.23,0.42,13.86
16771,2,2,,Time Limited,80,3.94,6.14,0.0,10.08
16772,2,14,,Free,27,1.67,3.07,0.0,4.74
16773,3,12,10.0,Member,88,5.6,12.14,2.42,15.32
16774,4,2,,Standard,121,2.73,11.07,0.0,13.8
16775,3,16,,Standard,145,4.0,9.33,0.0,13.33
16776,1,4,,Standard,111,5.78,7.69,0.0,13.47
16777,3,11,3.0,Member,112,4.83,11.46,0.0,16.29
16778,2,8,,Standard,71,2.84,10.19,0.0,13.03
16779,1,3,,Standard,84,4.81,6.23,0.0,11.04
16780,5,4,,Standard,72,6.06,4.58,1.16,9.48
16781,4,2,56.0,Member,145,3.91,11.89,0.0,15.8
16782,2,3,,Time Limited,68,3.69,4.75,0.0,8.44
16783,3,16,,Standard,111,3.91,13.98,0.71,17.18
16784,5,7,9.0,Member,82,7.65,5.27,1.9,11.02
16785,3,6,48.0,Member,173,0.63,11.0,2.44,9.19
16786,3,6,,Standard,60,3.25,8.11,2.62,8.74
16787,3,11,,Time Limited,54,3.16,3.4,1.64,4.92
16788,2,12,,Standard,137,5.94,19.86,0.95,24.85
16789,1,1,,Standard,87,7.61,8.72,0.0,16.33
16790,3,1,19.0,Member,136,3.24,15.9,0.97,18.17
16791,1,3,,Standard,73,2.01,11.01,0.0,13.02
16792,1,16,4.0,Member,49,0.72,7.06,0.0,7.78
16793,2,10,,Time Limited,84,4.83,5.73,2.93,7.63
16794,2,7,,Standard,122,1.6,9.24,0.0,10.84
16795,1,13,,Standard,148,0.5,19.86,2.75,17.61
16796,2,7,,Time Limited,80,2.52,11.54,0.0,14.06
16797,5,14,,Standard,132,2.83,10.89,0.0,13.72
16798,4,7,,Standard,83,5.51,9.2,1.23,13.48
16799,5,3,,Standard,66,2.49,4.4,0.0,6.89
16800,3,7,,Standard,42,0.11,3.06,0.0,3.17
16801,2,11,,Standard,62,7.77,6.58,1.35,13.0
16802,2,3,14.0,Member,59,2.49,8.25,0.0,10.74
16803,3,11,,Standard,63,5.26,4.39,0.0,9.65
16804,2,4,41.0,Member,77,3.25,8.38,0.0,11.63
16805,3,11,21.0,Member,90,7.92,13.42,0.0,21.34
16806,3,4,,Standard,117,7.35,8.7,0.0,16.05
16807,2,14,5.0,Member,107,2.38,14.17,0.0,16.55
16808,5,8,,Standard,42,2.06,5.73,0.64,7.15
16809,3,4,,Standard,80,7.45,6.86,2.7,11.61
16810,5,14,59.0,Member,121,0.07,15.56,0.0,15.63
16811,1,12,,Administrator,19,4.49,2.17,0.0,6.66
16812,3,2,,Time Limited,67,2.7,4.65,0.0,7.35
16813,2,15,,Free,41,3.94,2.85,0.59,6.2
16814,2,13,,Standard,68,3.53,10.62,0.1,14.05
16815,1,15,,Standard,141,0.92,8.89,0.0,9.81
16816,1,4,,Standard,144,4.13,14.83,0.0,18.96
16817,4,1,,Standard,84,2.97,12.08,0.0,15.05
16818,1,15,30.0,Member,71,1.16,10.33,0.11,11.38
16819,5,1,,Time Limited,80,7.74,7.61,0.0,15.35
16820,4,5,,Standard,107,6.87,14.78,0.48,21.17
16821,4,1,,Standard,143,4.52,19.51,0.0,24.03
16822,4,13,,Time Limited,57,2.25,6.59,0.67,8.17
16823,2,8,,Time Limited,57,1.86,8.9,0.0,10.76
16824,5,2,,Administrator,40,1.39,3.3,2.79,1.9
16825,3,9,,Standard,63,7.14,7.82,0.0,14.96
16826,5,7,,Standard,49,0.26,4.29,0.0,4.55
16827,1,7,4.0,Member,163,3.71,12.5,1.53,14.68
16828,2,6,,Standard,91,6.04,9.2,0.0,15.24
16829,4,11,,Standard,113,0.6,16.43,0.28,16.75
16830,5,15,31.0,Member,108,2.73,10.45,0.0,13.18
16831,3,3,32.0,Member,172,7.75,20.73,0.0,28.48
16832,3,9,19.0,Member,55,7.77,4.73,0.0,12.5
16833,2,1,,Standard,150,6.43,10.97,0.0,17.4
16834,3,16,8.0,Member,123,2.38,14.26,0.74,15.9
16835,5,5,,Standard,34,2.31,2.25,0.0,4.56
16836,2,12,,Administrator,44,1.77,6.61,2.87,5.51
16837,5,9,,Standard,45,5.54,5.72,0.0,11.26
16838,4,16,,Time Limited,85,3.88,12.15,0.0,16.03
16839,2,1,,Standard,119,0.55,18.38,0.0,18.93
16840,1,14,,Standard,51,1.23,5.79,2.64,4.38
16841,5,12,25.0,Member,92,1.64,10.46,0.0,12.1
16842,4,11,,Time Limited,84,7.42,7.73,2.55,12.6
16843,4,2,8.0,Member,123,2.86,17.09,2.3,17.65
16844,4,9,,Standard,75,1.89,5.2,0.0,7.09
16845,4,6,,Standard,81,7.04,11.99,1.71,17.32
16846,2,14,7.0,Member,99,7.01,11.39,0.0,18.4
16847,3,16,,Standard,86,2.93,9.68,0.0,12.61
16848,3,11,45.0,Member,161,7.58,19.07,2.82,23.83
16849,4,1,,Standard,93,2.27,5.74,0.26,7.75
16850,2,4,,Standard,123,2.94,14.43,1.92,15.45
16851,1,12,14.0,Member,172,4.76,26.41,0.27,30.9
16852,4,6,,Standard,65,1.37,8.08,0.0,9.45
16853,5,15,61.0,Member,168,7.9,25.25,0.0,33.15
16854,4,4,,Standard,92,2.91,11.12,0.0,14.03
16855,3,3,42.0,Member,58,6.23,4.37,1.04,9.56
16856,4,14,,Standard,76,0.45,11.52,1.64,10.33
16857,5,16,42.0,Member,82,7.12,10.59,0.0,17.71
16858,1,15,,Standard,75,0.37,5.44,2.45,3.36
16859,5,10,,Standard,121,3.33,15.41,0.0,18.74
16860,2,1,,Standard,86,1.49,8.84,0.0,10.33
16861,3,5,,Standard,122,1.58,8.72,0.0,10.3
16862,3,12,,Standard,109,3.91,6.9,0.0,10.81
16863,1,1,,Standard,65,0.85,8.7,0.0,9.55
16864,1,6,,Standard,134,6.85,12.37,2.48,16.74
16865,2,15,,Standard,122,3.14,11.02,1.08,13.08
16866,2,14,18.0,Member,88,6.24,14.0,0.0,20.24
16867,1,13,6.0,Member,68,6.18,4.4,0.72,9.86
16868,3,14,,Standard,65,4.43,5.8,2.24,7.99
16869,1,13,4.0,Member,83,1.07,8.49,0.0,9.56
16870,4,10,19.0,Member,133,0.04,12.01,2.95,9.1
16871,5,9,1.0,Member,95,5.13,13.42,0.0,18.55
16872,4,2,,Standard,100,4.43,6.42,0.0,10.85
16873,1,2,,Standard,125,1.88,9.82,0.0,11.7
16874,3,15,,Standard,110,1.96,10.62,0.0,12.58
16875,1,5,,Standard,111,4.84,11.54,0.0,16.38
16876,4,1,27.0,Member,153,3.15,10.49,2.84,10.8
16877,2,4,,Standard,66,5.55,10.21,0.0,15.76
16878,2,14,,Standard,123,4.05,7.98,0.0,12.03
16879,3,3,,Standard,99,2.2,7.63,0.0,9.83
16880,4,13,,Standard,77,1.98,7.87,2.5,7.35
16881,5,13,,Administrator,36,6.34,2.55,0.0,8.89
16882,5,3,,Standard,134,2.24,19.82,0.0,22.06
16883,1,16,,Time Limited,64,2.17,5.56,0.0,7.73
16884,2,4,28.0,Member,113,3.13,18.06,1.61,19.58
16885,4,9,3.0,Member,67,7.98,9.85,0.0,17.83
16886,5,8,,Standard,142,2.12,14.0,1.13,14.99
16887,2,16,3.0,Member,103,1.14,14.97,0.0,16.11
16888,2,7,,Time Limited,64,0.15,7.38,0.97,6.56
16889,1,15,12.0,Member,169,1.1,17.47,0.0,18.57
16890,2,6,,Standard,124,7.1,11.43,0.0,18.53
16891,5,12,,Standard,113,3.14,16.96,0.0,20.1
16892,5,10,,Administrator,11,2.78,0.75,0.0,3.53
16893,4,16,15.0,Member,177,3.57,16.99,1.64,18.92
16894,1,6,,Administrator,41,4.51,3.14,0.0,7.65
16895,5,14,,Standard,126,3.14,17.01,0.0,20.15
16896,5,11,,Standard,140,1.94,12.53,0.0,14.47
16897,5,15,9.0,Member,113,5.39,15.15,0.0,20.54
16898,2,7,4.0,Member,151,5.62,14.13,0.7,19.05
16899,3,6,,Standard,90,3.83,5.71,0.0,9.54
16900,3,3,,Standard,135,6.52,20.86,2.32,25.06
16901,5,6,,Standard,114,3.71,10.35,0.0,14.06
16902,4,3,28.0,Member,118,6.29,9.47,0.0,15.76
16903,2,15,,Standard,123,0.2,16.8,0.0,17.0
16904,3,6,66.0,Member,83,3.68,12.58,1.74,14.52
16905,2,15,,Standard,33,2.79,2.23,0.0,5.02
16906,1,12,,Standard,30,7.59,2.05,0.0,9.64
16907,5,5,,Free,46,6.79,3.53,0.0,10.32
16908,5,11,61.0,Member,169,3.86,24.45,0.0,28.31
16909,2,14,,Time Limited,51,4.77,3.5,0.0,8.27
16910,1,16,,Time Limited,67,3.03,10.13,0.0,13.16
16911,1,4,48.0,Member,141,1.56,20.85,2.19,20.22
16912,2,2,,Standard,53,6.35,7.81,0.0,14.16
16913,1,11,,Standard,92,4.19,13.95,0.0,18.14
16914,5,9,,Free,22,1.56,3.1,0.0,4.66
16915,4,7,,Standard,123,3.43,17.06,0.0,20.49
16916,3,12,,Time Limited,56,3.99,6.77,0.0,10.76
16917,3,15,,Standard,50,7.42,3.72,0.0,11.14
16918,4,5,,Standard,32,7.35,4.98,0.0,12.33
16919,5,13,,Free,42,3.44,4.02,0.0,7.46
16920,4,13,25.0,Member,120,5.98,13.62,2.62,16.98
16921,5,13,,Standard,137,4.12,10.56,0.0,14.68
16922,5,16,,Standard,143,4.9,22.32,0.0,27.22
16923,1,9,,Time Limited,73,1.94,6.06,0.0,8.0
16924,1,7,9.0,Member,141,2.38,20.24,0.0,22.62
16925,4,1,,Standard,91,3.42,13.52,0.04,16.9
16926,2,2,44.0,Member,54,5.92,5.41,1.43,9.9
16927,2,8,46.0,Member,135,7.51,8.37,0.0,15.88
16928,5,1,,Standard,67,0.57,9.55,0.0,10.12
16929,5,2,59.0,Member,100,4.85,13.26,0.28,17.83
16930,5,1,46.0,Member,159,2.22,14.69,0.0,16.91
16931,4,1,,Standard,129,7.89,19.13,0.18,26.84
16932,4,4,,Time Limited,76,6.25,4.7,1.57,9.38
16933,2,9,,Standard,95,4.56,6.7,0.0,11.26
16934,2,16,,Standard,35,4.88,5.47,0.0,10.35
16935,1,5,,Administrator,39,6.88,5.36,0.0,12.24
16936,1,9,,Standard,30,5.74,3.43,0.0,9.17
16937,5,14,,Standard,89,1.62,9.2,0.0,10.82
16938,1,1,55.0,Member,159,5.83,14.79,0.1,20.52
16939,1,5,,Standard,100,0.16,6.39,2.85,3.7
16940,3,13,,Standard,104,7.52,8.73,0.0,16.25
16941,5,12,,Standard,125,0.56,16.9,0.0,17.46
16942,2,11,,Time Limited,40,4.08,3.13,0.0,7.21
16943,3,1,,Free,48,2.3,2.98,0.0,5.28
16944,1,3,,Standard,116,4.14,17.31,0.0,21.45
16945,4,9,,Standard,58,2.48,9.26,0.0,11.74
16946,5,9,,Standard,53,3.32,6.23,0.0,9.55
16947,5,16,,Standard,71,0.57,11.34,0.0,11.91
16948,1,7,,Free,30,5.41,4.43,0.0,9.84
16949,4,10,,Standard,119,7.66,11.39,0.0,19.05
16950,3,16,,Standard,101,3.72,12.0,0.31,15.41
16951,5,13,,Standard,32,2.54,4.15,0.0,6.69
16952,4,13,,Standard,30,3.21,2.02,0.0,5.23
16953,2,2,25.0,Member,92,0.17,13.35,0.0,13.52
16954,4,7,,Standard,139,1.73,19.66,0.59,20.8
16955,3,15,,Standard,70,5.68,10.13,0.0,15.81
16956,2,11,,Standard,64,4.03,5.28,0.42,8.89
16957,5,13,,Free,59,0.76,5.14,2.05,3.85
16958,5,4,54.0,Member,87,5.03,5.57,1.39,9.21
16959,5,6,47.0,Member,64,2.83,5.04,0.0,7.87
16960,4,9,,Standard,46,6.85,6.43,0.0,13.28
16961,4,14,49.0,Member,53,7.5,4.74,0.0,12.24
16962,2,5,,Standard,72,0.23,9.05,0.0,9.28
16963,4,5,,Standard,49,6.82,6.91,2.95,10.78
16964,4,6,,Standard,65,5.36,7.33,0.0,12.69
16965,4,2,,Time Limited,56,4.93,6.35,0.0,11.28
16966,1,8,,Free,20,4.26,2.92,0.0,7.18
16967,2,3,,Standard,60,1.44,8.83,0.0,10.27
16968,1,8,,Time Limited,88,4.09,13.76,0.0,17.85
16969,5,15,,Administrator,30,7.01,3.58,0.0,10.59
16970,1,5,3.0,Member,145,5.22,21.57,0.76,26.03
16971,3,2,18.0,Member,144,3.11,9.96,0.0,13.07
16972,2,10,,Standard,42,1.62,4.56,0.0,6.18
16973,1,14,,Standard,117,3.04,14.5,1.78,15.76
16974,4,9,,Time Limited,80,6.1,9.89,0.0,15.99
16975,3,10,,Standard,34,0.93,5.08,1.65,4.36
16976,4,11,57.0,Member,61,7.11,6.3,0.0,13.41
16977,2,14,,Time Limited,77,2.13,6.44,2.64,5.93
16978,1,5,,Time Limited,68,2.13,9.83,0.0,11.96
16979,3,12,,Standard,99,2.61,11.71,0.0,14.32
16980,4,1,22.0,Member,89,2.44,6.25,0.0,8.69
16981,4,6,,Standard,123,5.44,15.12,0.0,20.56
16982,5,8,,Standard,132,5.48,17.11,0.0,22.59
16983,3,13,,Standard,37,6.06,2.23,0.0,8.29
16984,1,2,,Time Limited,76,5.26,10.9,0.0,16.16
16985,1,15,,Administrator,28,1.47,2.59,0.0,4.06
16986,4,13,,Standard,75,5.36,11.11,0.0,16.47
16987,2,4,63.0,Member,92,1.33,12.06,0.08,13.31
16988,4,2,,Standard,98,6.7,14.76,0.0,21.46
16989,2,11,,Standard,99,7.67,13.42,0.0,21.09
16990,2,11,,Standard,46,6.32,7.23,0.0,13.55
16991,2,1,,Standard,150,6.89,23.9,0.0,30.79
16992,4,13,20.0,Member,112,3.5,17.1,0.0,20.6
16993,1,15,30.0,Member,118,2.96,17.23,0.63,19.56
16994,5,9,15.0,Member,152,1.04,10.63,0.0,11.67
16995,1,14,,Standard,109,5.75,13.51,0.33,18.93
16996,3,12,,Standard,68,4.06,10.48,0.0,14.54
16997,2,12,,Free,24,7.36,3.02,2.94,7.44
16998,3,3,,Standard,90,6.28,8.03,0.0,14.31
16999,1,10,,Standard,77,7.62,12.03,0.0,19.65
17000,4,4,,Standard,130,7.6,10.27,0.0,17.87
17001,1,8,,Standard,34,1.35,2.29,0.0,3.64
17002,2,2,,Standard,46,4.3,3.74,0.0,8.04
17003,4,3,,Standard,68,3.26,10.74,0.0,14.0
17004,1,8,,Standard,71,7.02,8.8,0.0,15.82
17005,2,12,,Standard,116,2.36,7.36,2.78,6.94
17006,3,13,4.0,Member,144,2.6,20.35,0.0,22.95
17007,1,2,7.0,Member,125,0.49,12.53,1.99,11.03
17008,3,10,20.0,Member,94,5.81,8.32,0.0,14.13
17009,3,10,,Standard,55,5.54,6.08,0.0,11.62
17010,1,7,54.0,Member,88,6.03,8.44,0.0,14.47
17011,4,16,46.0,Member,104,1.88,11.72,0.0,13.6
17012,4,1,24.0,Member,128,4.68,16.15,0.13,20.7
17013,5,15,,Standard,60,6.74,9.18,0.15,15.77
17014,1,7,3.0,Member,157,7.81,13.04,0.0,20.85
17015,1,6,,Standard,42,2.6,3.56,0.0,6.16
17016,2,9,6.0,Member,80,1.46,7.01,0.0,8.47
17017,4,13,,Standard,122,0.22,12.31,0.0,12.53
17018,5,3,,Time Limited,67,0.6,5.11,1.03,4.68
17019,4,3,,Time Limited,88,4.68,12.18,0.0,16.86
17020,3,1,,Free,38,2.47,2.77,0.0,5.24
17021,4,10,,Standard,110,4.26,11.28,0.0,15.54
17022,5,3,,Standard,70,4.09,5.44,0.0,9.53
17023,3,8,,Standard,143,3.07,8.81,2.5,9.38
17024,5,4,46.0,Member,86,0.27,10.83,0.0,11.1
17025,1,5,,Standard,66,5.67,10.53,0.49,15.71
17026,1,12,,Free,15,3.29,0.98,0.0,4.27
17027,4,1,,Time Limited,47,4.1,4.95,0.0,9.05
17028,4,15,,Standard,55,1.94,5.03,0.0,6.97
17029,3,9,,Standard,50,6.19,4.42,0.0,10.61
17030,3,2,1.0,Member,85,6.52,11.51,0.0,18.03
17031,4,9,,Administrator,14,1.91,1.64,0.0,3.55
17032,3,3,,Standard,98,4.6,8.86,0.0,13.46
17033,5,16,,Standard,124,3.06,16.17,0.0,19.23
17034,2,16,15.0,Member,45,0.19,4.08,0.0,4.27
17035,2,5,,Standard,40,4.64,3.95,0.0,8.59
17036,3,10,,Free,47,4.28,5.57,0.0,9.85
17037,5,12,9.0,Member,166,5.4,22.25,0.0,27.65
17038,4,16,7.0,Member,133,1.74,12.6,0.03,14.31
17039,5,2,,Standard,127,6.28,8.43,0.0,14.71
17040,1,15,33.0,Member,147,3.73,11.46,0.0,15.19
17041,3,7,17.0,Member,135,6.22,11.19,0.0,17.41
17042,1,5,,Standard,89,3.28,9.45,0.0,12.73
17043,1,12,,Standard,71,3.41,9.42,0.0,12.83
17044,2,3,,Free,33,4.18,3.88,0.0,8.06
17045,4,16,,Standard,110,1.27,9.11,0.0,10.38
17046,2,11,3.0,Member,70,5.12,11.1,0.0,16.22
17047,1,4,8.0,Member,158,3.06,13.26,0.0,16.32
17048,2,7,,Standard,136,4.18,18.29,0.0,22.47
17049,2,15,56.0,Member,154,7.42,10.91,0.0,18.33
17050,5,13,,Standard,128,7.16,8.19,0.0,15.35
17051,1,2,28.0,Member,134,5.04,18.03,2.94,20.13
17052,3,7,10.0,Member,56,1.58,4.7,0.0,6.28
17053,3,4,,Standard,74,6.51,11.26,0.0,17.77
17054,2,9,,Time Limited,74,5.86,8.57,0.0,14.43
17055,5,13,,Standard,132,7.14,11.23,0.0,18.37
17056,3,7,59.0,Member,106,2.15,11.81,0.0,13.96
17057,4,8,4.0,Member,78,7.59,11.26,0.0,18.85
17058,5,16,,Standard,59,7.26,5.71,0.0,12.97
17059,5,7,,Standard,89,1.66,13.33,0.0,14.99
17060,4,10,,Administrator,34,1.74,3.98,0.0,5.72
17061,3,5,27.0,Member,138,7.48,9.23,0.0,16.71
17062,2,5,,Standard,81,1.87,6.86,0.6,8.13
17063,1,10,,Standard,65,4.12,7.87,0.0,11.99
17064,1,14,,Standard,122,4.63,13.7,0.0,18.33
17065,5,15,,Standard,53,1.72,7.45,0.0,9.17
17066,4,6,,Administrator,31,2.66,3.92,0.0,6.58
17067,3,1,,Standard,128,5.41,16.48,0.0,21.89
17068,2,12,33.0,Member,127,1.74,9.82,0.0,11.56
17069,1,9,,Free,31,4.38,2.64,0.0,7.02
17070,2,4,19.0,Member,160,5.65,16.5,2.24,19.91
17071,5,11,,Standard,39,4.06,3.83,0.0,7.89
17072,2,16,,Standard,54,1.42,7.18,0.0,8.6
17073,4,12,47.0,Member,159,5.61,24.48,0.0,30.09
17074,5,16,,Standard,68,6.69,7.43,0.0,14.12
17075,5,2,46.0,Member,54,5.89,6.04,0.0,11.93
17076,3,10,,Standard,65,1.36,6.71,0.0,8.07
17077,2,12,6.0,Member,148,4.9,19.83,1.72,23.01
17078,5,13,,Standard,121,0.77,8.48,0.37,8.88
17079,3,2,,Standard,41,5.71,5.2,0.0,10.91
17080,4,1,,Standard,64,7.07,8.45,0.0,15.52
17081,4,9,,Standard,37,5.23,3.62,0.0,8.85
17082,5,7,1.0,Member,119,3.37,12.83,2.04,14.16
17083,1,5,,Standard,114,1.37,16.52,0.0,17.89
17084,5,3,53.0,Member,69,6.38,9.47,0.0,15.85
17085,4,11,,Standard,99,5.95,6.38,0.0,12.33
17086,3,9,,Standard,116,1.09,12.29,0.0,13.38
17087,3,3,,Standard,93,2.42,12.95,0.0,15.37
17088,3,15,54.0,Member,131,7.98,14.79,0.0,22.77
17089,4,8,,Standard,76,6.98,11.33,0.0,18.31
17090,5,9,,Time Limited,58,6.06,6.28,0.0,12.34
17091,1,16,,Standard,47,6.3,4.49,1.9,8.89
17092,5,8,,Time Limited,40,0.54,4.94,0.0,5.48
17093,2,16,,Standard,112,2.46,15.16,0.0,17.62
17094,3,11,,Standard,43,4.98,6.53,0.0,11.51
17095,5,8,,Standard,112,4.56,15.57,0.0,20.13
17096,3,11,,Standard,115,6.74,7.15,0.0,13.89
17097,2,6,16.0,Member,51,7.51,4.49,2.1,9.9
17098,3,15,,Standard,54,7.41,5.22,0.0,12.63
17099,3,2,,Standard,129,7.05,17.92,0.0,24.97
17100,4,6,3.0,Member,74,6.16,10.09,0.0,16.25
17101,4,7,,Time Limited,72,6.43,9.91,2.46,13.88
17102,5,16,,Time Limited,38,0.86,3.04,0.0,3.9
17103,1,13,66.0,Member,54,4.49,7.28,0.0,11.77
17104,1,8,58.0,Member,131,3.91,12.84,0.0,16.75
17105,3,9,,Standard,63,0.79,5.13,0.46,5.46
17106,4,15,22.0,Member,67,2.57,9.76,0.0,12.33
17107,1,16,,Standard,121,2.05,13.22,0.0,15.27
17108,3,3,25.0,Member,46,1.36,3.43,1.16,3.63
17109,5,13,,Standard,93,6.3,6.22,0.0,12.52
17110,4,4,,Time Limited,48,4.01,6.05,0.31,9.75
17111,2,9,24.0,Member,63,2.36,4.47,0.0,6.83
17112,2,10,,Standard,110,5.73,15.49,0.0,21.22
17113,5,9,13.0,Member,135,1.82,18.52,0.0,20.34
17114,2,8,40.0,Member,75,7.01,5.9,0.0,12.91
17115,4,8,,Standard,60,0.39,7.31,0.0,7.7
17116,1,6,,Standard,60,1.89,6.94,0.0,8.83
17117,5,16,,Free,55,1.93,3.71,0.0,5.64
17118,2,3,,Time Limited,57,4.15,6.33,0.0,10.48
17119,4,1,66.0,Member,96,3.19,8.95,0.0,12.14
17120,1,4,,Standard,80,6.01,12.41,0.0,18.42
17121,3,7,63.0,Member,158,0.85,10.5,0.0,11.35
17122,2,11,,Time Limited,78,7.51,11.42,0.0,18.93
17123,1,11,,Time Limited,65,4.64,6.02,0.0,10.66
17124,2,3,,Standard,92,2.64,14.47,1.93,15.18
17125,1,7,,Standard,98,4.74,9.51,0.0,14.25
17126,3,9,,Free,31,4.71,3.49,0.0,8.2
17127,1,9,,Standard,121,5.57,11.88,0.0,17.45
17128,3,10,63.0,Member,98,2.28,6.59,0.0,8.87
17129,3,10,,Standard,80,3.3,9.26,0.0,12.56
17130,4,3,,Standard,99,3.11,8.36,0.0,11.47
17131,5,5,,Time Limited,38,2.72,4.43,2.47,4.68
17132,1,10,,Standard,53,7.67,7.13,0.0,14.8
17133,5,16,,Standard,66,7.67,7.19,2.86,12.0
17134,2,14,,Standard,112,4.98,8.36,1.68,11.66
17135,3,6,,Standard,101,4.95,13.44,0.0,18.39
17136,4,11,,Standard,86,4.59,10.11,0.0,14.7
17137,1,15,,Standard,68,7.28,8.18,0.0,15.46
17138,5,8,50.0,Member,129,0.1,11.49,0.0,11.59
17139,3,1,,Standard,103,4.48,11.49,1.14,14.83
17140,2,15,63.0,Member,113,5.36,8.19,0.0,13.55
17141,1,16,57.0,Member,162,3.51,19.29,0.0,22.8
17142,3,4,,Time Limited,38,8.0,5.12,0.0,13.12
17143,1,15,6.0,Member,70,3.28,5.22,1.3,7.2
17144,5,13,,Standard,84,7.71,8.69,0.0,16.4
17145,5,13,,Standard,121,3.85,9.32,0.74,12.43
17146,4,10,66.0,Member,162,4.62,11.38,0.0,16.0
17147,4,12,,Time Limited,45,2.26,4.84,0.0,7.1
17148,5,2,,Standard,87,6.71,9.08,0.0,15.79
17149,4,1,,Free,28,1.79,2.53,0.0,4.32
17150,2,15,,Standard,114,3.06,10.06,2.12,11.0
17151,3,16,,Standard,53,0.29,4.45,1.84,2.9
17152,3,11,,Standard,116,3.0,10.2,0.0,13.2
17153,4,12,,Standard,104,7.98,15.12,0.0,23.1
17154,2,7,1.0,Member,127,0.89,10.21,0.0,11.1
17155,1,4,,Standard,135,0.24,8.79,0.0,9.03
17156,2,1,,Standard,150,7.73,10.47,0.0,18.2
17157,1,9,2.0,Member,163,4.68,14.65,0.0,19.33
17158,4,10,27.0,Member,94,4.17,12.22,0.0,16.39
17159,4,11,10.0,Member,117,0.72,15.21,2.87,13.06
17160,4,14,,Standard,39,6.67,5.83,0.0,12.5
17161,3,8,,Standard,133,2.58,10.88,0.0,13.46
17162,5,9,,Free,27,7.14,4.04,1.91,9.27
17163,4,7,,Standard,64,4.46,6.76,0.0,11.22
17164,5,2,,Standard,113,4.69,10.2,0.0,14.89
17165,2,13,,Standard,99,4.95,7.46,0.0,12.41
17166,4,13,,Administrator,12,4.46,1.48,1.87,4.07
17167,1,7,7.0,Member,137,6.5,13.13,1.97,17.66
17168,5,9,51.0,Member,142,2.03,14.16,0.0,16.19
17169,5,11,,Time Limited,57,4.42,7.21,0.0,11.63
17170,5,9,10.0,Member,145,6.69,17.36,0.0,24.05
17171,2,4,30.0,Member,115,0.84,16.52,0.0,17.36
17172,1,1,,Standard,138,5.69,11.78,0.0,17.47
17173,5,10,,Standard,119,0.57,9.63,0.0,10.2
17174,4,11,,Standard,86,0.28,12.15,0.0,12.43
17175,4,1,,Time Limited,61,7.6,6.92,0.0,14.52
17176,3,12,3.0,Member,146,6.97,17.51,2.48,22.0
17177,4,5,,Time Limited,72,0.0,10.38,0.0,10.38
17178,3,7,3.0,Member,174,7.48,23.87,1.38,29.97
17179,4,7,,Standard,150,0.5,22.0,0.0,22.5
17180,3,5,,Free,49,4.11,4.08,0.0,8.19
17181,2,13,,Time Limited,89,4.75,13.04,0.0,17.79
17182,5,6,,Standard,40,6.22,5.15,2.23,9.14
17183,5,16,,Standard,132,7.32,20.99,1.61,26.7
17184,3,2,,Standard,103,4.01,15.16,0.0,19.17
17185,5,2,,Time Limited,62,5.26,9.85,2.14,12.97
17186,2,9,61.0,Member,81,1.93,7.42,0.0,9.35
17187,5,2,4.0,Member,87,7.47,10.28,1.06,16.69
17188,3,5,4.0,Member,137,0.55,20.42,0.0,20.97
17189,2,2,,Standard,87,6.96,11.96,0.0,18.92
17190,5,9,10.0,Member,98,4.28,15.2,0.0,19.48
17191,3,14,,Time Limited,39,3.26,5.68,0.0,8.94
17192,1,3,,Standard,106,1.3,9.6,0.0,10.9
17193,3,9,,Standard,82,3.94,12.19,1.13,15.0
17194,3,5,,Standard,121,4.88,8.25,0.26,12.87
17195,3,11,3.0,Member,168,6.37,14.8,0.0,21.17
17196,4,1,3.0,Member,137,0.18,12.34,2.34,10.18
17197,5,11,62.0,Member,54,4.06,7.3,0.0,11.36
17198,2,9,,Time Limited,70,1.45,10.27,0.0,11.72
17199,5,14,,Standard,132,2.09,11.42,0.24,13.27
17200,1,1,,Standard,91,0.63,10.39,0.0,11.02
17201,5,11,58.0,Member,87,3.27,6.09,2.99,6.37
17202,5,15,27.0,Member,77,5.28,7.14,0.29,12.13
17203,2,7,3.0,Member,80,1.01,12.12,0.0,13.13
17204,1,14,1.0,Member,121,7.83,9.46,0.0,17.29
17205,5,9,,Free,29,5.78,2.93,0.0,8.71
17206,2,7,,Standard,145,6.6,13.39,1.29,18.7
17207,5,6,,Standard,145,3.1,13.07,0.0,16.17
17208,3,13,,Standard,135,5.89,10.31,0.0,16.2
17209,2,14,,Standard,104,3.81,13.56,0.0,17.37
17210,3,16,,Time Limited,74,0.41,11.23,0.0,11.64
17211,4,6,4.0,Member,134,3.31,9.29,0.37,12.23
17212,3,14,15.0,Member,112,2.68,17.61,0.0,20.29
17213,2,9,4.0,Member,82,2.01,6.92,0.0,8.93
17214,2,2,,Free,38,1.36,5.22,0.0,6.58
17215,5,7,,Time Limited,71,2.02,11.13,0.0,13.15
17216,4,13,47.0,Member,166,2.95,10.78,0.0,13.73
17217,2,9,,Standard,128,4.64,18.14,0.0,22.78
17218,5,8,3.0,Member,170,2.58,23.2,1.81,23.97
17219,5,3,,Standard,73,0.23,9.01,0.55,8.69
17220,4,3,27.0,Member,49,4.17,4.58,0.2,8.55
17221,2,2,,Standard,50,0.04,5.27,0.0,5.31
17222,5,13,30.0,Member,176,5.17,11.54,0.0,16.71
17223,3,10,58.0,Member,170,6.25,10.54,0.0,16.79
17224,3,14,65.0,Member,64,4.62,8.88,0.0,13.5
17225,1,5,,Standard,129,4.55,13.03,0.0,17.58
17226,5,2,,Standard,64,0.04,8.05,2.65,5.44
17227,4,14,,Standard,111,6.45,10.17,0.0,16.62
17228,1,14,,Standard,73,7.65,9.54,0.0,17.19
17229,5,5,,Standard,97,6.75,7.33,0.0,14.08
17230,1,8,,Standard,124,6.3,11.65,0.0,17.95
17231,2,2,,Free,32,3.68,4.96,0.0,8.64
17232,1,13,6.0,Member,172,3.53,20.06,0.0,23.59
17233,5,8,,Standard,83,5.85,12.76,0.0,18.61
17234,2,4,3.0,Member,116,7.06,12.94,0.0,20.0
17235,2,14,,Standard,126,7.59,12.14,0.0,19.73
17236,1,6,,Standard,113,4.82,11.59,0.0,16.41
17237,5,4,,Standard,105,7.55,8.39,0.07,15.87
17238,5,10,31.0,Member,144,0.02,21.11,0.0,21.13
17239,4,8,,Administrator,24,3.38,2.89,1.05,5.22
17240,3,11,20.0,Member,178,1.19,21.33,0.0,22.52
17241,3,4,,Administrator,10,4.96,1.19,0.0,6.15
17242,4,12,,Standard,44,6.14,5.45,0.0,11.59
17243,5,7,,Standard,38,1.03,4.65,0.0,5.68
17244,3,13,,Administrator,21,0.36,1.66,0.0,2.02
17245,1,15,,Standard,118,1.96,14.95,0.0,16.91
17246,2,14,48.0,Member,57,5.63,7.26,0.0,12.89
17247,1,3,,Standard,100,3.37,7.95,0.0,11.32
17248,1,7,,Standard,36,4.46,3.22,0.0,7.68
17249,4,9,,Standard,121,7.68,7.36,0.02,15.02
17250,3,11,16.0,Member,148,0.05,11.23,0.0,11.28
17251,2,9,,Standard,123,4.29,8.11,2.1,10.3
17252,1,16,,Standard,142,4.88,18.16,0.0,23.04
17253,3,5,,Standard,115,2.14,11.71,0.0,13.85
17254,2,5,31.0,Member,166,3.56,19.67,0.0,23.23
17255,1,15,1.0,Member,115,6.75,13.82,0.0,20.57
17256,1,14,,Standard,141,5.0,9.84,0.0,14.84
17257,3,7,,Standard,57,4.11,3.92,0.0,8.03
17258,2,9,13.0,Member,133,7.05,13.25,0.0,20.3
17259,3,6,,Standard,97,0.46,12.43,1.64,11.25
17260,2,15,7.0,Member,117,2.09,18.09,0.0,20.18
17261,1,7,,Standard,64,5.94,9.2,0.0,15.14
17262,5,4,32.0,Member,136,0.62,18.91,0.0,19.53
17263,2,12,1.0,Member,49,6.92,6.07,0.0,12.99
17264,4,14,,Standard,55,4.98,8.77,0.16,13.59
17265,4,14,7.0,Member,169,5.89,14.05,1.81,18.13
17266,1,7,,Standard,117,4.7,9.7,0.0,14.4
17267,3,14,,Standard,104,1.18,15.45,0.0,16.63
17268,4,9,,Standard,67,6.92,5.81,0.0,12.73
17269,5,7,4.0,Member,64,7.69,6.23,0.0,13.92
17270,4,15,,Standard,77,3.85,8.57,0.0,12.42
17271,5,13,,Standard,129,6.75,17.63,0.0,24.38
17272,3,4,,Free,31,0.22,4.9,0.0,5.12
17273,4,1,,Administrator,38,3.1,4.74,0.0,7.84
17274,3,16,,Time Limited,58,0.33,7.11,0.0,7.44
17275,5,16,,Free,36,5.92,3.18,0.0,9.1
17276,5,7,66.0,Member,102,7.99,8.55,2.14,14.4
17277,5,7,60.0,Member,82,6.76,6.78,0.0,13.54
17278,4,7,26.0,Member,130,2.93,13.55,0.0,16.48
17279,1,6,,Free,35,5.39,3.69,0.0,9.08
17280,1,15,,Standard,110,1.09,6.78,0.0,7.87
17281,5,1,56.0,Member,140,0.94,16.99,0.0,17.93
17282,4,10,,Time Limited,65,1.71,7.2,0.0,8.91
17283,1,6,,Standard,67,5.01,8.7,0.0,13.71
17284,3,15,,Administrator,15,3.34,1.19,0.0,4.53
17285,5,14,,Standard,133,2.29,15.74,0.0,18.03
17286,4,10,,Time Limited,31,6.2,2.32,1.53,6.99
17287,4,5,,Standard,58,0.47,5.05,0.0,5.52
17288,5,14,,Standard,103,6.13,11.47,2.32,15.28
17289,3,16,,Standard,54,0.32,5.59,0.0,5.91
17290,5,15,,Administrator,26,4.98,4.12,0.0,9.1
17291,1,12,10.0,Member,118,6.52,8.8,0.0,15.32
17292,5,8,,Standard,71,4.79,9.14,0.46,13.47
17293,4,1,,Free,40,6.82,3.63,0.28,10.17
17294,5,8,4.0,Member,89,1.29,6.73,0.16,7.86
17295,4,3,41.0,Member,58,6.55,7.94,0.12,14.37
17296,3,3,,Standard,47,5.48,6.3,0.0,11.78
17297,5,1,,Time Limited,75,4.08,10.71,0.0,14.79
17298,3,12,,Standard,35,0.99,4.6,1.8,3.79
17299,4,3,8.0,Member,77,7.05,6.21,2.5,10.76
17300,1,13,,Standard,120,3.78,16.91,2.34,18.35
17301,4,6,,Standard,105,4.46,16.32,0.0,20.78
17302,4,10,66.0,Member,83,5.98,11.55,0.0,17.53
17303,4,12,,Administrator,37,6.54,4.66,0.0,11.2
17304,1,7,,Standard,70,3.02,6.07,0.0,9.09
17305,3,4,9.0,Member,65,4.01,8.17,0.0,12.18
17306,3,11,,Free,20,7.95,1.81,0.0,9.76
17307,5,13,7.0,Member,144,1.2,17.53,0.0,18.73
17308,3,11,,Standard,121,3.03,13.57,0.0,16.6
17309,5,11,38.0,Member,56,6.72,4.34,0.0,11.06
17310,3,7,3.0,Member,156,4.63,19.59,0.0,24.22
17311,2,11,,Time Limited,39,4.53,6.03,0.0,10.56
17312,4,1,30.0,Member,148,4.11,14.19,0.0,18.3
17313,1,9,,Administrator,31,5.57,3.06,0.0,8.63
17314,4,15,,Time Limited,81,0.16,8.13,1.74,6.55
17315,2,10,,Standard,50,1.01,6.1,0.0,7.11
17316,1,14,,Standard,75,7.81,9.31,1.62,15.5
17317,1,13,6.0,Member,159,6.72,15.21,1.47,20.46
17318,3,12,,Standard,63,7.96,9.52,0.0,17.48
17319,5,16,65.0,Member,130,7.98,18.66,0.0,26.64
17320,4,7,,Standard,95,5.87,12.65,1.74,16.78
17321,5,10,31.0,Member,121,3.48,15.76,0.81,18.43
17322,1,2,,Standard,131,7.91,16.69,0.0,24.6
17323,5,15,,Standard,95,5.04,12.72,0.0,17.76
17324,5,2,16.0,Member,139,4.36,13.07,0.0,17.43
17325,3,15,,Standard,141,6.94,14.92,0.0,21.86
17326,4,2,,Administrator,40,7.41,3.67,0.0,11.08
17327,1,13,,Standard,78,6.93,7.47,0.0,14.4
17328,2,8,51.0,Member,156,0.47,13.07,0.0,13.54
17329,4,3,5.0,Member,91,0.85,5.6,2.41,4.04
17330,3,8,,Standard,127,7.52,14.9,0.0,22.42
17331,5,5,,Standard,42,3.79,3.86,0.0,7.65
17332,5,12,,Time Limited,84,4.23,5.54,0.0,9.77
17333,3,16,,Standard,81,3.24,8.2,0.0,11.44
17334,5,5,1.0,Member,74,7.89,11.39,0.0,19.28
17335,4,13,,Administrator,26,1.85,3.24,0.0,5.09
17336,3,12,,Standard,75,6.05,4.84,0.0,10.89
17337,5,11,,Standard,114,0.44,17.29,1.89,15.84
17338,5,11,24.0,Member,79,1.74,9.27,0.0,11.01
17339,4,1,,Standard,69,4.54,8.7,0.4,12.84
17340,1,2,,Free,49,5.79,3.19,1.78,7.2
17341,4,1,,Standard,46,4.48,3.92,0.0,8.4
17342,4,9,,Administrator,30,0.5,1.97,0.0,2.47
17343,5,14,,Standard,136,6.39,16.85,0.0,23.24
17344,2,16,,Standard,127,1.83,19.34,0.0,21.17
17345,1,2,4.0,Member,173,0.67,10.42,0.0,11.09
17346,3,2,,Time Limited,52,1.08,3.67,0.0,4.75
17347,3,2,,Standard,120,4.51,10.36,0.0,14.87
17348,1,13,,Time Limited,52,2.02,4.32,0.0,6.34
17349,5,9,9.0,Member,169,0.68,18.13,0.0,18.81
17350,4,4,54.0,Member,86,2.34,13.33,0.0,15.67
17351,2,4,,Standard,45,2.0,5.06,0.0,7.06
17352,2,3,,Standard,122,1.79,9.98,0.0,11.77
17353,3,12,,Standard,134,4.63,9.61,0.0,14.24
17354,1,3,,Standard,73,3.8,10.63,0.0,14.43
17355,5,3,,Administrator,38,0.84,2.37,0.16,3.05
17356,3,5,,Administrator,35,0.15,2.52,1.32,1.35
17357,4,9,,Time Limited,45,7.29,4.69,0.0,11.98
17358,5,13,,Standard,79,2.58,11.03,0.38,13.23
17359,3,15,30.0,Member,153,5.5,13.71,0.0,19.21
17360,2,8,,Standard,67,7.32,10.72,0.69,17.35
17361,3,8,5.0,Member,74,1.78,7.61,0.09,9.3
17362,4,13,52.0,Member,121,1.89,17.89,0.0,19.78
17363,2,4,,Standard,76,2.71,6.02,0.0,8.73
17364,2,3,49.0,Member,74,3.16,11.47,0.0,14.63
17365,2,6,,Standard,117,6.65,12.44,0.0,19.09
17366,5,10,37.0,Member,55,1.12,7.69,0.77,8.04
17367,4,11,,Standard,149,2.51,12.45,0.0,14.96
17368,4,11,,Time Limited,60,4.88,4.73,0.0,9.61
17369,3,1,,Standard,106,2.76,6.55,0.87,8.44
17370,4,13,6.0,Member,138,6.75,10.03,0.0,16.78
17371,1,7,,Time Limited,64,5.24,4.97,2.62,7.59
17372,2,16,6.0,Member,49,2.72,4.54,0.0,7.26
17373,4,8,6.0,Member,134,7.89,8.89,0.97,15.81
17374,1,14,,Standard,72,6.75,11.42,0.0,18.17
17375,4,14,,Standard,85,7.38,5.85,0.45,12.78
17376,4,14,,Time Limited,79,7.75,5.82,0.0,13.57
17377,1,5,,Standard,44,0.03,6.37,2.46,3.94
17378,5,10,,Time Limited,59,5.25,6.65,0.0,11.9
17379,3,14,40.0,Member,130,5.92,16.35,0.0,22.27
17380,3,4,,Free,27,2.57,3.22,2.81,2.98
17381,5,8,,Standard,115,6.16,12.82,0.0,18.98
17382,5,14,,Standard,53,2.73,4.92,0.0,7.65
17383,2,13,2.0,Member,150,0.03,16.57,1.75,14.85
17384,2,9,,Standard,48,2.02,3.59,0.0,5.61
17385,4,11,55.0,Member,141,6.22,13.3,0.0,19.52
17386,3,9,3.0,Member,73,4.32,7.95,2.78,9.49
17387,4,16,,Time Limited,30,3.42,2.17,1.36,4.23
17388,3,10,,Standard,59,6.12,3.98,0.0,10.1
17389,2,9,,Standard,61,0.52,6.03,0.0,6.55
17390,5,6,,Standard,108,2.85,10.35,0.45,12.75
17391,3,3,,Administrator,20,7.36,2.89,0.0,10.25
17392,4,2,,Standard,118,0.42,10.86,0.0,11.28
17393,3,14,,Time Limited,60,5.47,8.91,0.0,14.38
17394,4,10,,Administrator,44,3.84,4.95,0.0,8.79
17395,5,16,,Standard,92,4.29,7.12,0.0,11.41
17396,3,4,,Standard,59,3.61,8.26,0.0,11.87
17397,4,2,,Standard,145,5.64,21.49,0.0,27.13
17398,1,8,,Standard,42,4.88,4.35,0.0,9.23
17399,3,10,,Standard,51,3.41,6.83,0.0,10.24
17400,4,16,,Free,54,5.22,7.74,0.0,12.96
17401,5,5,,Standard,47,4.89,6.08,0.0,10.97
17402,3,9,43.0,Member,100,6.37,13.47,1.58,18.26
17403,1,9,,Standard,30,1.89,4.37,2.43,3.83
17404,5,2,,Standard,107,5.77,12.63,0.0,18.4
17405,1,3,,Time Limited,82,5.95,7.08,0.0,13.03
17406,1,14,,Time Limited,54,0.45,3.93,2.25,2.13
17407,3,6,44.0,Member,74,7.48,5.55,0.0,13.03
17408,2,10,,Standard,41,7.57,3.15,0.0,10.72
17409,3,10,,Standard,90,4.99,12.38,0.0,17.37
17410,1,1,42.0,Member,105,3.56,7.89,2.54,8.91
17411,2,5,,Standard,48,7.77,6.26,0.0,14.03
17412,5,15,,Standard,69,2.17,4.34,1.1,5.41
17413,3,10,,Standard,100,6.73,7.94,0.0,14.67
17414,5,14,,Standard,107,1.16,16.32,0.0,17.48
17415,1,1,,Standard,87,7.42,5.62,0.0,13.04
17416,3,1,6.0,Member,162,1.25,18.95,0.0,20.2
17417,5,13,9.0,Member,151,0.76,24.05,0.0,24.81
17418,1,6,,Standard,144,3.51,11.83,0.0,15.34
17419,5,10,,Free,33,3.27,2.78,0.0,6.05
17420,4,7,,Standard,95,3.04,8.26,0.0,11.3
17421,4,9,,Standard,148,5.19,10.35,0.0,15.54
17422,4,15,,Standard,34,0.75,4.8,0.0,5.55
17423,2,11,,Standard,64,1.62,5.08,0.0,6.7
17424,3,10,8.0,Member,179,6.64,13.1,0.55,19.19
17425,5,13,,Standard,115,2.85,18.21,0.0,21.06
17426,1,14,,Standard,38,5.4,3.63,0.0,9.03
17427,3,12,,Standard,133,4.96,20.34,0.0,25.3
17428,2,16,,Standard,51,3.04,3.34,0.0,6.38
17429,3,10,60.0,Member,143,6.48,18.27,0.59,24.16
17430,5,4,23.0,Member,58,7.44,6.34,1.74,12.04
17431,1,4,,Standard,76,1.08,4.87,0.0,5.95
17432,3,15,,Standard,146,1.08,15.54,0.0,16.62
17433,4,14,,Standard,77,5.29,5.07,0.0,10.36
17434,3,15,,Free,17,5.71,2.36,0.0,8.07
17435,5,5,53.0,Member,92,1.28,8.22,2.8,6.7
17436,2,3,,Standard,47,3.7,4.5,0.0,8.2
17437,2,11,,Time Limited,42,1.17,3.92,0.0,5.09
17438,3,6,,Time Limited,88,2.22,7.08,0.0,9.3
17439,1,1,3.0,Member,64,0.2,5.6,0.0,5.8
17440,5,6,,Standard,72,4.45,10.72,0.0,15.17
17441,5,5,,Standard,144,3.09,12.63,1.94,13.78
17442,2,10,,Time Limited,79,0.5,5.86,0.0,6.36
17443,1,14,52.0,Member,100,1.87,9.0,0.0,10.87
17444,4,3,18.0,Member,49,2.53,5.87,0.0,8.4
17445,2,1,48.0,Member,164,0.87,12.85,0.0,13.72
17446,2,11,,Standard,91,0.89,7.99,0.0,8.88
17447,1,13,,Standard,33,5.05,2.78,2.22,5.61
17448,4,16,,Standard,67,6.3,4.93,0.0,11.23
17449,3,8,,Standard,45,7.14,4.52,0.0,11.66
17450,2,12,,Standard,41,1.23,3.52,0.0,4.75
17451,3,11,56.0,Member,120,7.73,18.35,2.87,23.21
17452,3,3,,Standard,41,3.04,4.84,0.0,7.88
17453,5,2,,Standard,141,7.65,11.46,0.0,19.11
17454,1,15,24.0,Member,46,6.88,6.29,0.0,13.17
17455,1,3,,Standard,97,5.47,13.49,0.0,18.96
17456,5,5,,Standard,95,6.54,12.3,0.0,18.84
17457,3,13,60.0,Member,67,6.32,9.72,0.4,15.64
17458,2,3,43.0,Member,46,2.83,6.24,0.0,9.07
17459,4,14,,Time Limited,40,1.89,6.25,0.0,8.14
17460,1,6,,Administrator,37,0.38,3.43,0.0,3.81
17461,3,10,,Standard,149,3.03,10.63,0.0,13.66
17462,5,12,22.0,Member,94,6.14,10.18,2.11,14.21
17463,1,8,44.0,Member,56,7.26,4.98,0.0,12.24
17464,5,2,34.0,Member,159,7.11,13.41,0.0,20.52
17465,4,3,,Standard,145,0.51,18.44,0.8,18.15
17466,2,8,58.0,Member,173,7.94,27.59,0.0,35.53
17467,1,3,,Standard,70,5.04,9.84,2.29,12.59
17468,5,5,,Free,46,3.37,3.05,0.0,6.42
17469,2,5,,Standard,132,5.39,13.32,1.15,17.56
17470,1,8,,Standard,119,6.0,10.24,1.86,14.38
17471,5,7,,Time Limited,56,0.57,7.56,0.0,8.13
17472,2,4,,Standard,54,7.72,4.03,0.0,11.75
17473,5,10,57.0,Member,75,1.1,5.92,0.0,7.02
17474,2,13,,Standard,129,6.28,13.12,0.0,19.4
17475,2,9,,Standard,39,5.44,5.66,0.03,11.07
17476,1,9,51.0,Member,57,4.38,5.89,0.66,9.61
17477,3,5,,Standard,133,6.66,14.43,0.0,21.09
17478,3,7,56.0,Member,131,6.67,19.37,0.0,26.04
17479,5,7,,Standard,86,1.3,10.19,0.0,11.49
17480,1,4,17.0,Member,124,1.59,15.29,0.0,16.88
17481,4,6,4.0,Member,159,6.25,10.5,1.93,14.82
17482,2,4,2.0,Member,110,5.25,7.28,0.0,12.53
17483,1,1,,Free,43,6.67,4.34,2.53,8.48
17484,5,6,,Standard,43,5.32,3.84,2.76,6.4
17485,1,7,24.0,Member,111,1.74,15.05,0.0,16.79
17486,5,7,,Standard,146,4.31,13.77,0.0,18.08
17487,1,3,,Standard,54,4.76,5.21,0.0,9.97
17488,2,12,,Standard,49,5.02,7.18,0.0,12.2
17489,3,5,47.0,Member,101,3.23,7.82,0.0,11.05
17490,5,11,,Standard,68,1.7,10.71,0.0,12.41
17491,3,4,48.0,Member,144,6.5,10.68,1.61,15.57
17492,3,6,,Standard,123,6.55,13.62,0.0,20.17
17493,3,10,,Standard,102,3.4,11.73,0.88,14.25
17494,2,10,,Standard,106,7.22,12.85,0.0,20.07
17495,4,8,,Standard,88,5.39,6.34,0.0,11.73
17496,2,16,,Free,19,4.86,1.36,0.5,5.72
17497,4,1,,Standard,111,4.36,9.65,0.0,14.01
17498,1,11,,Standard,36,4.35,3.5,2.0,5.85
17499,1,16,,Administrator,16,2.77,1.7,2.36,2.11
17500,2,16,,Standard,94,7.18,8.26,0.0,15.44
17501,1,9,,Free,49,3.11,4.41,0.0,7.52
17502,5,6,,Time Limited,30,7.48,2.95,1.14,9.29
17503,2,12,,Standard,74,3.17,6.43,0.0,9.6
17504,1,8,,Standard,144,4.36,10.27,0.0,14.63
17505,2,10,,Administrator,25,0.52,2.23,0.0,2.75
17506,1,13,,Standard,71,6.16,4.78,0.0,10.94
17507,4,12,56.0,Member,172,2.74,25.15,0.0,27.89
17508,5,6,63.0,Member,163,5.35,23.55,1.54,27.36
17509,3,2,,Standard,92,4.42,10.03,0.0,14.45
17510,2,13,,Standard,133,4.79,12.93,0.0,17.72
17511,1,8,,Free,29,1.46,4.14,0.0,5.6
17512,4,10,54.0,Member,67,2.07,10.38,0.0,12.45
17513,1,10,42.0,Member,160,5.5,19.56,2.84,22.22
17514,4,3,,Standard,36,2.78,3.27,0.0,6.05
17515,2,13,,Standard,55,4.97,6.97,0.0,11.94
17516,4,5,,Time Limited,37,7.32,3.7,0.0,11.02
17517,3,6,,Time Limited,88,6.21,11.85,0.0,18.06
17518,3,11,1.0,Member,89,3.15,9.27,0.0,12.42
17519,2,2,,Administrator,39,1.13,3.98,2.46,2.65
17520,2,7,,Standard,96,7.61,14.24,0.0,21.85
17521,5,1,7.0,Member,77,5.6,9.51,0.0,15.11
17522,1,15,6.0,Member,76,7.33,10.9,0.0,18.23
17523,2,6,,Standard,137,4.06,10.66,0.0,14.72
17524,4,15,,Standard,80,7.64,9.13,0.0,16.77
17525,1,2,,Standard,148,1.15,22.61,0.0,23.76
17526,3,2,9.0,Member,168,2.52,17.51,0.0,20.03
17527,1,16,,Time Limited,82,1.56,11.76,0.0,13.32
17528,4,8,33.0,Member,164,0.12,20.62,0.0,20.74
17529,5,14,,Time Limited,68,1.82,8.61,0.0,10.43
17530,3,2,,Time Limited,37,0.61,5.26,0.0,5.87
17531,1,14,,Standard,138,7.61,20.85,0.0,28.46
17532,2,13,,Time Limited,79,3.13,7.63,0.0,10.76
17533,3,7,,Time Limited,33,5.77,2.31,2.15,5.93
17534,2,11,,Time Limited,49,4.35,7.75,0.0,12.1
17535,3,15,,Standard,113,6.23,17.84,0.0,24.07
17536,2,13,,Administrator,11,4.64,1.08,0.0,5.72
17537,5,12,,Standard,81,4.59,11.94,0.0,16.53
17538,1,11,,Time Limited,74,1.0,11.56,0.0,12.56
17539,5,13,,Standard,32,3.22,3.92,2.41,4.73
17540,4,2,53.0,Member,96,3.26,14.96,0.0,18.22
17541,2,10,,Standard,129,3.44,8.8,0.0,12.24
17542,4,7,,Standard,118,6.16,8.15,0.0,14.31
17543,1,6,,Standard,89,1.11,10.55,2.91,8.75
17544,1,4,,Free,17,7.26,2.21,0.0,9.47
17545,2,11,39.0,Member,131,1.24,13.44,0.0,14.68
17546,1,4,,Standard,137,2.9,17.76,0.0,20.66
17547,1,1,,Standard,81,6.0,11.02,0.0,17.02
17548,1,8,,Standard,83,2.37,10.41,0.0,12.78
17549,4,1,9.0,Member,56,2.53,7.45,0.0,9.98
17550,3,3,,Free,45,2.0,5.79,0.0,7.79
17551,3,14,,Standard,125,6.26,13.05,0.0,19.31
17552,1,8,,Standard,54,0.2,8.4,0.0,8.6
17553,3,7,,Standard,140,6.12,21.88,0.0,28.0
17554,5,5,,Standard,120,4.41,19.13,0.0,23.54
17555,3,14,,Standard,89,1.29,11.0,2.53,9.76
17556,3,1,,Standard,55,5.26,6.51,0.0,11.77
17557,2,1,,Time Limited,73,1.75,10.56,0.0,12.31
17558,2,16,,Standard,65,2.71,9.82,0.0,12.53
17559,2,3,,Free,29,0.49,2.07,0.0,2.56
17560,2,2,,Standard,107,3.78,12.89,0.0,16.67
17561,1,11,,Standard,31,5.77,3.14,0.0,8.91
17562,1,12,,Time Limited,49,7.44,3.19,0.0,10.63
17563,4,16,,Standard,30,0.86,2.67,0.0,3.53
17564,3,16,2.0,Member,77,1.65,12.15,1.63,12.17
17565,4,7,,Standard,42,6.34,6.03,2.61,9.76
17566,3,14,,Standard,91,6.08,14.18,2.73,17.53
17567,2,12,21.0,Member,65,4.25,8.63,0.0,12.88
17568,5,3,,Standard,84,7.92,9.56,0.0,17.48
17569,1,14,,Standard,32,7.83,3.13,0.0,10.96
17570,2,6,,Standard,68,7.77,8.26,0.0,16.03
17571,2,9,,Standard,83,7.68,6.0,0.0,13.68
17572,4,9,5.0,Member,103,4.48,9.6,0.0,14.08
17573,4,10,,Standard,58,7.27,6.98,0.0,14.25
17574,5,7,,Standard,115,4.22,14.72,0.0,18.94
17575,4,7,46.0,Member,86,2.98,5.76,0.0,8.74
17576,5,5,,Standard,146,7.06,20.31,0.0,27.37
17577,2,1,55.0,Member,70,6.84,5.27,0.0,12.11
17578,4,4,,Standard,138,6.03,13.66,0.0,19.69
17579,5,13,,Standard,110,0.76,16.45,0.0,17.21
17580,3,3,,Time Limited,42,7.59,6.12,0.0,13.71
17581,2,11,,Standard,121,4.34,9.37,0.0,13.71
17582,3,4,,Administrator,36,3.79,3.33,0.0,7.12
17583,3,14,,Standard,34,3.85,2.29,0.0,6.14
17584,3,2,,Standard,89,4.58,7.28,0.0,11.86
17585,1,4,,Standard,79,1.42,10.51,0.0,11.93
17586,5,12,,Standard,138,5.38,17.48,2.66,20.2
17587,3,15,1.0,Member,76,2.75,6.33,1.0,8.08
17588,3,13,,Standard,39,3.71,2.42,0.07,6.06
17589,3,4,,Standard,43,0.13,5.54,0.0,5.67
17590,1,8,,Time Limited,62,2.49,6.37,0.0,8.86
17591,3,12,8.0,Member,163,7.27,18.34,0.0,25.61
17592,4,12,35.0,Member,144,5.42,17.45,0.0,22.87
17593,3,7,6.0,Member,51,6.86,6.91,0.0,13.77
17594,5,13,,Standard,63,4.34,8.61,0.0,12.95
17595,1,7,,Standard,76,7.95,6.85,0.0,14.8
17596,1,11,,Free,50,7.98,3.63,0.0,11.61
17597,2,12,33.0,Member,127,0.42,15.76,0.0,16.18
17598,4,13,,Standard,121,4.14,9.06,0.0,13.2
17599,4,15,,Standard,138,5.97,10.73,0.0,16.7
17600,1,6,,Standard,59,0.26,7.78,0.05,7.99
17601,3,4,,Time Limited,39,2.82,4.19,1.68,5.33
17602,1,14,10.0,Member,162,0.15,10.65,0.03,10.77
17603,4,4,,Time Limited,39,5.31,3.81,0.0,9.12
17604,5,1,,Standard,127,6.43,18.67,0.0,25.1
17605,3,9,19.0,Member,142,3.96,20.12,0.76,23.32
17606,2,8,,Standard,62,6.5,8.53,0.0,15.03
17607,4,15,52.0,Member,76,1.68,5.51,2.01,5.18
17608,3,7,,Time Limited,70,5.24,4.53,0.0,9.77
17609,1,14,,Standard,82,1.23,6.9,1.76,6.37
17610,4,12,,Standard,93,6.91,13.72,0.0,20.63
17611,1,1,,Standard,89,0.32,13.03,0.0,13.35
17612,5,10,14.0,Member,71,4.87,5.56,0.0,10.43
17613,3,1,37.0,Member,164,7.07,19.44,0.0,26.51
17614,1,3,,Standard,101,0.99,7.69,0.0,8.68
17615,2,2,9.0,Member,92,3.02,7.65,1.2,9.47
17616,5,7,,Standard,30,6.76,2.82,0.0,9.58
17617,2,13,,Standard,100,2.46,6.64,0.0,9.1
17618,1,7,,Standard,49,3.79,6.69,0.0,10.48
17619,3,12,51.0,Member,85,4.08,8.22,0.0,12.3
17620,1,8,11.0,Member,71,3.68,7.1,0.0,10.78
17621,2,4,,Time Limited,78,5.85,11.04,0.0,16.89
17622,5,16,,Time Limited,89,6.71,8.77,0.0,15.48
17623,2,8,,Standard,51,2.29,3.58,0.0,5.87
17624,2,8,,Standard,54,6.12,3.97,0.0,10.09
17625,2,1,,Standard,42,2.11,6.64,0.0,8.75
17626,1,8,,Free,23,7.64,2.51,0.67,9.48
17627,5,8,,Standard,53,0.7,3.37,2.99,1.08
17628,1,14,,Standard,96,3.44,8.28,0.0,11.72
17629,4,14,,Time Limited,31,4.84,4.48,0.0,9.32
17630,3,14,,Time Limited,83,4.28,13.01,0.0,17.29
17631,2,12,,Time Limited,81,4.22,8.53,0.0,12.75
17632,5,10,,Standard,117,2.21,13.47,0.0,15.68
17633,2,10,62.0,Member,74,3.24,6.79,0.0,10.03
17634,3,3,,Standard,133,6.01,10.48,1.41,15.08
17635,2,6,,Standard,132,6.13,15.94,0.0,22.07
17636,5,12,20.0,Member,180,3.99,21.79,0.0,25.78
17637,4,7,,Time Limited,82,5.75,7.48,0.0,13.23
17638,5,11,4.0,Member,125,1.44,12.41,0.0,13.85
17639,5,6,61.0,Member,160,7.65,15.21,0.0,22.86
17640,2,9,,Standard,64,5.54,8.24,0.0,13.78
17641,1,6,17.0,Member,124,0.74,13.15,0.0,13.89
17642,5,7,24.0,Member,103,6.15,9.52,0.0,15.67
17643,3,6,,Standard,104,1.36,8.19,1.52,8.03
17644,2,7,,Standard,126,2.27,17.04,0.0,19.31
17645,1,13,,Time Limited,52,4.38,5.03,2.5,6.91
17646,5,8,,Time Limited,80,4.28,8.74,0.0,13.02
17647,5,5,9.0,Member,150,1.77,12.02,0.0,13.79
17648,3,11,,Free,23,4.12,3.0,1.35,5.77
17649,1,14,,Standard,105,1.53,8.99,0.0,10.52
17650,1,5,,Standard,43,6.24,4.76,1.18,9.82
17651,4,5,,Time Limited,34,0.93,3.74,0.0,4.67
17652,4,13,,Standard,131,0.91,14.93,0.0,15.84
17653,1,7,,Standard,60,1.2,6.33,0.5,7.03
17654,5,3,,Standard,133,1.69,9.95,0.0,11.64
17655,5,11,,Standard,80,1.86,5.48,1.48,5.86
17656,1,11,,Standard,142,4.25,21.41,0.0,25.66
17657,5,14,,Administrator,26,1.53,4.07,0.0,5.6
17658,1,11,,Standard,45,6.34,3.14,2.95,6.53
17659,4,6,,Time Limited,45,1.77,6.02,0.72,7.07
17660,3,4,38.0,Member,133,3.79,9.88,0.0,13.67
17661,1,12,,Free,27,6.84,2.41,1.81,7.44
17662,1,5,10.0,Member,128,6.75,15.28,2.56,19.47
17663,5,9,,Standard,32,0.08,4.13,0.0,4.21
17664,4,14,,Standard,146,1.46,18.56,2.57,17.45
17665,4,4,,Standard,60,5.18,3.82,0.0,9.0
17666,5,5,,Standard,113,0.51,9.26,1.89,7.88
17667,2,3,,Administrator,37,3.66,4.29,0.0,7.95
17668,5,13,30.0,Member,141,1.63,14.72,0.0,16.35
17669,1,15,10.0,Member,78,7.48,6.83,0.14,14.17
17670,4,15,,Administrator,22,4.95,2.69,0.0,7.64
17671,5,3,,Time Limited,78,4.79,9.29,0.0,14.08
17672,1,4,16.0,Member,107,3.12,14.34,0.0,17.46
17673,1,3,7.0,Member,47,2.04,7.2,0.0,9.24
17674,5,9,52.0,Member,89,7.43,9.45,0.0,16.88
17675,2,15,,Standard,103,6.52,10.2,0.0,16.72
17676,1,5,,Standard,118,7.06,16.58,0.21,23.43
17677,2,2,,Standard,140,0.2,9.84,2.1,7.94
17678,3,1,12.0,Member,150,7.44,18.75,0.0,26.19
17679,1,10,,Standard,115,0.92,12.89,2.25,11.56
17680,2,2,,Standard,142,6.38,21.46,0.0,27.84
17681,4,5,1.0,Member,100,4.39,8.57,0.0,12.96
17682,5,11,,Standard,37,6.59,2.85,0.0,9.44
17683,3,9,,Standard,70,5.31,5.02,0.0,10.33
17684,4,9,7.0,Member,81,7.5,12.23,3.0,16.73
17685,2,1,,Standard,101,3.76,13.79,0.0,17.55
17686,2,3,9.0,Member,127,2.84,16.82,0.54,19.12
17687,3,11,,Time Limited,49,7.46,5.55,0.0,13.01
17688,2,4,,Standard,125,3.35,18.98,0.0,22.33
17689,4,15,,Standard,91,7.64,12.5,0.0,20.14
17690,4,14,,Standard,135,1.19,12.64,0.0,13.83
17691,3,10,,Standard,60,7.86,4.6,0.0,12.46
17692,5,14,,Standard,126,2.42,13.54,0.0,15.96
17693,5,13,,Administrator,32,1.79,4.28,0.0,6.07
17694,3,9,64.0,Member,122,7.37,9.97,0.0,17.34
17695,2,8,,Standard,43,7.52,2.93,0.0,10.45
17696,3,14,25.0,Member,86,5.72,6.54,0.0,12.26
17697,5,5,,Time Limited,56,7.36,5.7,0.95,12.11
17698,1,11,,Administrator,25,0.08,3.48,0.0,3.56
17699,5,12,,Standard,115,3.31,8.59,1.04,10.86
17700,3,4,46.0,Member,45,2.41,4.22,0.0,6.63
17701,3,3,,Standard,141,1.9,21.43,0.0,23.33
17702,1,7,,Standard,59,4.49,3.93,0.0,8.42
17703,5,3,,Standard,119,7.6,14.86,0.0,22.46
17704,1,12,,Time Limited,81,1.63,11.4,0.0,13.03
17705,4,16,,Standard,94,0.31,10.42,0.0,10.73
17706,3,9,,Time Limited,72,5.62,8.24,0.0,13.86
17707,4,4,12.0,Member,124,4.19,17.92,0.0,22.11
17708,5,10,25.0,Member,49,4.68,7.26,0.0,11.94
17709,3,16,,Standard,75,0.53,11.74,0.0,12.27
17710,1,15,9.0,Member,147,3.44,10.44,0.0,13.88
17711,2,7,,Administrator,17,2.91,1.19,0.0,4.1
17712,4,11,,Standard,123,3.11,17.55,0.0,20.66
17713,5,2,,Standard,142,6.09,18.52,1.3,23.31
17714,3,3,10.0,Member,135,2.88,19.23,0.73,21.38
17715,5,8,64.0,Member,105,5.94,10.03,0.0,15.97
17716,4,7,18.0,Member,113,4.16,17.7,0.0,21.86
17717,4,9,,Time Limited,65,6.53,4.07,0.0,10.6
17718,5,2,,Standard,118,4.52,18.76,0.0,23.28
17719,1,2,,Standard,141,2.99,18.79,0.94,20.84
17720,5,2,,Time Limited,39,4.4,3.9,0.0,8.3
17721,5,1,,Standard,45,0.16,2.9,0.0,3.06
17722,3,6,,Free,50,0.54,4.6,2.84,2.3
17723,2,7,,Standard,31,1.07,3.3,0.32,4.05
17724,1,1,,Standard,73,0.6,4.6,0.0,5.2
17725,4,15,,Standard,76,1.85,10.39,0.0,12.24
17726,3,14,40.0,Member,171,1.75,22.47,0.0,24.22
17727,3,12,,Time Limited,33,4.92,4.39,0.0,9.31
17728,4,8,,Administrator,25,7.19,3.04,0.0,10.23
17729,4,6,1.0,Member,157,6.22,12.57,1.36,17.43
17730,5,2,5.0,Member,115,3.71,17.17,0.0,20.88
17731,5,9,43.0,Member,162,4.76,15.09,0.18,19.67
17732,1,1,,Time Limited,43,1.63,6.37,0.0,8.0
17733,2,9,,Administrator,34,3.37,2.29,1.31,4.35
17734,4,4,,Standard,33,2.23,2.7,0.0,4.93
17735,1,6,,Standard,40,6.39,5.26,1.14,10.51
17736,4,13,,Standard,84,5.11,7.77,0.0,12.88
17737,5,5,,Standard,53,4.33,5.75,0.0,10.08
17738,3,11,,Time Limited,50,5.34,4.84,0.76,9.42
17739,2,3,,Free,23,6.69,3.25,1.36,8.58
17740,1,4,,Standard,34,3.12,2.37,0.48,5.01
17741,2,16,,Standard,129,7.12,13.56,0.23,20.45
17742,1,7,,Standard,125,5.31,15.9,0.0,21.21
17743,4,13,,Standard,38,3.24,5.59,0.0,8.83
17744,4,11,,Standard,33,3.79,4.03,0.0,7.82
17745,4,6,,Standard,102,4.74,7.77,0.0,12.51
17746,5,4,,Standard,142,2.73,21.11,0.0,23.84
17747,5,12,16.0,Member,167,7.05,11.33,0.0,18.38
17748,1,13,,Free,58,0.84,6.95,0.0,7.79
17749,3,6,,Administrator,24,3.06,3.58,0.0,6.64
17750,4,9,,Free,60,6.02,3.79,0.0,9.81
17751,5,15,,Administrator,16,3.18,1.01,0.0,4.19
17752,5,16,,Standard,143,3.79,22.17,0.0,25.96
17753,1,5,45.0,Member,135,1.5,16.01,1.09,16.42
17754,2,7,,Standard,59,7.2,5.08,0.0,12.28
17755,5,9,,Standard,61,0.96,7.86,0.0,8.82
17756,5,2,,Standard,115,5.82,13.15,0.88,18.09
17757,5,11,,Standard,91,0.93,10.12,0.0,11.05
17758,5,8,,Standard,126,7.71,11.8,0.0,19.51
17759,5,6,58.0,Member,165,5.57,12.95,0.0,18.52
17760,4,4,,Time Limited,81,2.48,7.44,0.0,9.92
17761,5,10,,Standard,85,2.54,6.76,0.33,8.97
17762,4,1,53.0,Member,168,2.04,12.81,0.55,14.3
17763,3,7,,Time Limited,32,1.09,2.8,0.0,3.89
17764,2,2,4.0,Member,118,0.61,12.18,1.63,11.16
17765,2,3,,Standard,91,2.81,6.76,0.0,9.57
17766,2,7,,Standard,39,2.04,5.95,0.29,7.7
17767,3,8,,Standard,60,0.5,6.75,0.0,7.25
17768,4,5,,Standard,116,1.44,18.07,0.0,19.51
17769,4,3,4.0,Member,107,6.28,10.41,0.0,16.69
17770,4,1,58.0,Member,96,7.02,10.5,0.0,17.52
17771,1,15,,Standard,60,7.54,5.21,0.0,12.75
17772,5,4,48.0,Member,178,3.86,23.71,1.97,25.6
17773,1,15,,Standard,144,3.32,9.23,2.53,10.02
17774,5,3,,Time Limited,66,4.84,10.49,0.27,15.06
17775,4,14,,Standard,127,2.31,20.15,0.0,22.46
17776,4,15,5.0,Member,159,2.65,24.22,0.0,26.87
17777,1,8,,Standard,113,6.0,15.66,1.88,19.78
17778,1,3,54.0,Member,55,6.49,6.88,0.0,13.37
17779,2,10,7.0,Member,128,4.2,20.05,0.0,24.25
17780,3,13,,Standard,74,4.12,6.03,0.0,10.15
17781,3,5,3.0,Member,89,3.96,9.95,0.0,13.91
17782,2,12,48.0,Member,159,4.15,17.6,0.31,21.44
17783,3,16,,Standard,107,4.06,7.4,0.0,11.46
17784,5,5,,Standard,93,2.77,6.5,0.0,9.27
17785,1,4,,Standard,60,2.41,7.23,0.0,9.64
17786,5,10,,Standard,51,2.93,3.38,0.0,6.31
17787,1,13,23.0,Member,48,1.73,5.81,1.29,6.25
17788,5,3,,Standard,122,5.13,16.84,0.0,21.97
17789,4,7,37.0,Member,144,0.54,19.97,0.0,20.51
17790,1,11,,Standard,59,3.5,4.29,0.0,7.79
17791,1,12,16.0,Member,97,2.31,8.77,0.0,11.08
17792,2,14,,Standard,145,0.61,12.73,0.0,13.34
17793,5,5,4.0,Member,126,0.06,19.11,0.0,19.17
17794,5,2,,Time Limited,38,3.4,2.65,0.0,6.05
17795,3,15,62.0,Member,94,5.15,8.92,0.0,14.07
17796,5,16,,Time Limited,90,6.7,7.83,2.62,11.91
17797,5,16,,Standard,130,5.46,9.08,0.0,14.54
17798,3,7,,Standard,83,5.78,9.1,0.0,14.88
17799,4,6,52.0,Member,110,0.9,16.8,0.0,17.7
17800,3,11,,Administrator,45,5.67,3.94,0.0,9.61
17801,1,11,,Time Limited,56,7.83,5.82,0.0,13.65
17802,5,9,,Standard,57,1.65,8.68,0.0,10.33
17803,2,5,,Standard,76,6.98,5.36,0.0,12.34
17804,2,12,7.0,Member,69,5.87,7.33,0.0,13.2
17805,3,11,17.0,Member,144,3.81,15.97,2.03,17.75
17806,4,1,51.0,Member,111,7.17,10.03,0.0,17.2
17807,4,13,,Standard,150,6.32,13.18,0.0,19.5
17808,5,3,,Standard,64,6.2,9.25,0.0,15.45
17809,1,2,,Standard,47,5.79,5.08,0.0,10.87
17810,3,11,,Standard,107,7.79,7.01,0.0,14.8
17811,3,10,,Standard,62,3.14,6.54,0.0,9.68
17812,4,4,,Standard,141,0.74,18.63,0.0,19.37
17813,1,12,,Administrator,38,5.52,2.79,0.0,8.31
17814,1,12,,Standard,125,0.82,11.98,0.0,12.8
17815,3,6,,Standard,42,1.94,6.71,0.0,8.65
17816,5,5,,Standard,97,6.41,14.02,1.95,18.48
17817,3,1,,Standard,92,2.77,6.72,0.0,9.49
17818,3,10,,Standard,137,1.74,15.79,0.0,17.53
17819,1,11,56.0,Member,71,7.86,9.94,1.3,16.5
17820,1,1,5.0,Member,60,7.55,8.79,0.0,16.34
17821,1,15,,Standard,87,4.7,12.95,0.0,17.65
17822,5,6,,Standard,140,4.04,21.0,0.0,25.04
17823,1,5,,Standard,140,4.6,8.74,1.7,11.64
17824,5,6,,Standard,141,0.83,9.23,2.74,7.32
17825,4,12,,Standard,58,2.54,8.35,0.0,10.89
17826,1,14,47.0,Member,70,0.4,8.79,0.82,8.37
17827,3,5,4.0,Member,124,6.93,12.61,0.0,19.54
17828,1,4,,Time Limited,47,5.72,4.68,0.0,10.4
17829,2,9,,Standard,109,4.01,16.09,0.0,20.1
17830,4,14,,Standard,52,6.64,7.94,0.0,14.58
17831,4,1,,Standard,90,0.5,8.45,0.0,8.95
17832,3,4,,Standard,64,0.06,9.71,0.0,9.77
17833,2,13,59.0,Member,73,5.44,6.21,0.0,11.65
17834,4,11,,Standard,53,2.55,5.08,0.0,7.63
17835,5,4,,Standard,146,0.48,10.42,0.69,10.21
17836,4,2,54.0,Member,61,7.52,9.56,0.76,16.32
17837,3,16,,Standard,112,5.93,8.91,0.0,14.84
17838,1,1,65.0,Member,91,4.13,10.74,1.4,13.47
17839,3,8,,Free,56,1.03,3.74,0.0,4.77
17840,1,7,,Time Limited,47,4.78,5.04,0.0,9.82
17841,3,2,,Standard,65,7.36,9.31,0.0,16.67
17842,3,13,,Standard,77,0.32,6.29,0.0,6.61
17843,2,15,,Free,51,3.7,6.29,0.0,9.99
17844,5,2,,Administrator,12,2.64,1.06,1.79,1.91
17845,4,1,,Standard,128,2.13,19.57,0.0,21.7
17846,4,8,6.0,Member,119,6.91,15.13,0.0,22.04
17847,2,15,,Free,51,5.76,3.59,0.0,9.35
17848,1,14,9.0,Member,175,3.0,11.86,0.0,14.86
17849,3,16,9.0,Member,119,1.96,16.28,0.35,17.89
17850,2,13,,Standard,121,1.33,13.3,0.0,14.63
17851,5,1,31.0,Member,56,0.11,7.64,0.72,7.03
17852,1,8,,Free,48,0.9,6.9,0.0,7.8
17853,4,15,,Standard,40,2.35,6.04,2.38,6.01
17854,5,15,8.0,Member,98,2.63,13.88,0.0,16.51
17855,4,14,38.0,Member,177,5.74,27.51,0.0,33.25
17856,1,4,,Standard,109,6.37,9.16,0.51,15.02
17857,5,4,,Time Limited,56,5.2,6.34,2.72,8.82
17858,3,11,,Standard,147,6.0,18.63,0.0,24.63
17859,2,9,,Time Limited,59,7.63,3.76,0.0,11.39
17860,4,5,,Standard,104,1.16,13.26,0.0,14.42
17861,1,16,24.0,Member,119,7.78,13.27,0.0,21.05
17862,4,9,6.0,Member,87,3.8,5.74,0.0,9.54
17863,1,13,45.0,Member,89,6.48,9.49,0.0,15.97
17864,3,14,2.0,Member,107,4.37,16.35,0.0,20.72
17865,5,11,,Time Limited,71,6.35,10.99,0.0,17.34
17866,3,6,36.0,Member,152,7.68,13.22,0.0,20.9
17867,1,6,,Administrator,19,0.89,2.16,0.0,3.05
17868,3,4,59.0,Member,70,4.08,7.11,1.22,9.97
17869,4,9,,Standard,104,2.61,9.34,0.0,11.95
17870,5,1,,Standard,134,3.24,10.04,0.0,13.28
17871,4,9,8.0,Member,163,7.62,13.44,0.0,21.06
17872,3,6,45.0,Member,68,3.49,7.83,0.0,11.32
17873,5,15,5.0,Member,151,3.57,13.76,0.0,17.33
17874,5,10,2.0,Member,48,1.21,3.35,0.0,4.56
17875,3,2,,Time Limited,70,2.44,10.36,0.0,12.8
17876,3,2,,Standard,32,0.05,2.34,0.0,2.39
17877,4,2,,Standard,33,3.38,2.02,0.0,5.4
17878,4,9,,Standard,96,6.74,12.92,0.0,19.66
17879,4,11,,Standard,107,5.93,12.71,0.02,18.62
17880,4,16,,Free,38,4.25,2.81,1.96,5.1
17881,4,1,,Standard,31,1.92,3.4,0.0,5.32
17882,2,10,,Standard,74,5.96,10.9,0.0,16.86
17883,5,4,,Time Limited,66,3.02,4.03,0.0,7.05
17884,1,12,,Standard,115,1.7,14.37,1.61,14.46
17885,1,6,,Free,51,4.69,3.1,0.0,7.79
17886,3,15,3.0,Member,146,2.02,21.23,0.0,23.25
17887,2,14,45.0,Member,141,6.32,13.87,0.0,20.19
17888,1,3,,Standard,67,6.82,9.8,0.0,16.62
17889,3,15,,Standard,149,2.76,18.2,0.0,20.96
17890,2,2,,Administrator,33,4.06,4.46,0.0,8.52
17891,1,5,,Administrator,29,5.68,3.97,0.0,9.65
17892,5,8,,Standard,114,1.43,11.21,0.0,12.64
17893,2,16,,Standard,50,2.78,4.53,2.8,4.51
17894,5,13,6.0,Member,53,2.76,6.3,2.96,6.1
17895,4,6,,Standard,120,7.2,7.29,0.0,14.49
17896,1,14,,Time Limited,52,7.72,7.95,2.59,13.08
17897,2,11,,Standard,32,2.19,3.8,0.0,5.99
17898,2,15,,Free,44,5.75,5.33,0.0,11.08
17899,1,5,,Standard,32,2.66,4.38,1.78,5.26
17900,5,9,66.0,Member,151,3.64,17.65,0.0,21.29
17901,4,14,44.0,Member,126,4.01,13.69,0.0,17.7
17902,1,15,,Standard,39,0.96,5.19,0.0,6.15
17903,3,15,12.0,Member,128,4.43,16.98,0.0,21.41
17904,3,2,,Time Limited,63,7.1,5.62,0.0,12.72
17905,5,1,,Standard,62,6.12,5.44,1.42,10.14
17906,2,6,,Standard,33,5.16,3.57,1.83,6.9
17907,2,4,,Standard,69,6.24,9.34,0.0,15.58
17908,2,6,,Administrator,44,5.15,5.09,0.0,10.24
17909,2,7,60.0,Member,169,2.34,19.82,0.0,22.16
17910,4,5,,Time Limited,66,2.83,8.31,0.36,10.78
17911,2,11,,Standard,37,6.39,4.32,1.1,9.61
17912,2,14,,Time Limited,58,6.95,7.84,0.0,14.79
17913,3,5,,Standard,69,4.04,7.69,1.27,10.46
17914,4,13,,Standard,73,3.44,7.92,0.65,10.71
17915,2,4,,Standard,92,5.96,11.75,0.0,17.71
17916,3,7,31.0,Member,84,0.45,10.01,0.0,10.46
17917,1,13,,Standard,49,3.5,6.0,0.0,9.5
17918,4,16,,Standard,39,5.5,5.96,0.0,11.46
17919,1,11,,Standard,31,4.64,1.86,0.0,6.5
17920,3,3,59.0,Member,47,1.25,6.82,0.0,8.07
17921,5,10,38.0,Member,106,2.72,12.98,0.0,15.7
17922,3,11,26.0,Member,177,2.0,24.9,0.0,26.9
17923,5,13,32.0,Member,115,5.64,16.03,0.0,21.67
17924,2,9,,Standard,122,1.16,16.38,0.0,17.54
17925,4,10,,Standard,109,0.23,9.86,0.0,10.09
17926,1,15,,Standard,147,5.4,13.53,0.0,18.93
17927,2,14,,Standard,72,4.45,6.92,0.0,11.37
17928,4,16,,Standard,83,5.81,12.3,0.0,18.11
17929,2,10,,Administrator,15,2.52,1.42,1.52,2.42
17930,3,9,,Free,47,4.83,4.78,0.0,9.61
17931,5,4,,Standard,38,5.32,3.1,1.03,7.39
17932,2,3,,Free,46,3.66,7.27,0.0,10.93
17933,2,12,43.0,Member,50,5.78,3.51,0.0,9.29
17934,1,3,,Time Limited,64,7.35,8.2,0.0,15.55
17935,2,14,56.0,Member,46,5.78,3.35,0.0,9.13
17936,3,6,,Standard,97,7.89,10.18,1.69,16.38
17937,4,15,,Standard,132,6.73,17.62,0.0,24.35
17938,2,13,,Standard,41,2.97,5.19,2.66,5.5
17939,3,12,,Standard,119,5.11,14.39,0.0,19.5
17940,3,2,,Standard,86,1.2,8.07,0.0,9.27
17941,1,11,40.0,Member,135,0.14,12.26,0.0,12.4
17942,3,11,,Standard,64,0.74,6.72,0.0,7.46
17943,4,11,,Standard,46,2.99,4.6,0.0,7.59
17944,2,11,,Standard,103,6.53,9.18,1.9,13.81
17945,1,5,,Standard,74,5.43,5.2,1.3,9.33
17946,3,10,,Standard,133,2.95,11.88,0.0,14.83
17947,5,13,45.0,Member,92,6.32,13.13,0.0,19.45
17948,2,6,,Standard,109,3.47,10.55,0.0,14.02
17949,5,10,61.0,Member,81,5.78,11.74,0.0,17.52
17950,4,12,,Time Limited,79,3.96,4.75,0.0,8.71
17951,4,9,,Standard,83,6.85,8.79,0.19,15.45
17952,3,3,35.0,Member,126,1.7,15.93,0.0,17.63
17953,3,10,37.0,Member,80,4.37,9.63,0.0,14.0
17954,4,8,,Standard,94,0.4,13.12,0.0,13.52
17955,4,9,,Standard,77,6.8,6.19,0.0,12.99
17956,1,2,,Standard,118,3.81,10.53,0.57,13.77
17957,4,14,51.0,Member,98,4.95,11.79,1.96,14.78
17958,4,14,,Standard,125,6.47,11.22,0.0,17.69
17959,4,9,,Standard,81,3.51,10.69,0.0,14.2
17960,4,15,,Free,51,6.09,6.64,1.98,10.75
17961,2,13,,Standard,34,4.03,3.37,1.06,6.34
17962,4,13,53.0,Member,152,6.8,11.28,0.0,18.08
17963,4,2,,Standard,96,0.55,12.97,0.0,13.52
17964,5,16,66.0,Member,114,6.07,15.65,0.0,21.72
17965,5,2,6.0,Member,78,7.15,8.59,2.32,13.42
17966,5,6,2.0,Member,109,7.51,7.86,0.0,15.37
17967,1,15,51.0,Member,90,2.97,6.98,0.0,9.95
17968,5,13,26.0,Member,102,5.08,6.19,0.0,11.27
17969,5,1,,Time Limited,72,2.01,10.72,0.0,12.73
17970,4,6,,Time Limited,63,4.45,8.45,1.65,11.25
17971,4,2,27.0,Member,124,3.46,8.49,0.0,11.95
17972,5,15,,Time Limited,68,0.3,8.02,0.0,8.32
17973,4,11,59.0,Member,57,4.6,5.76,0.9,9.46
17974,4,9,18.0,Member,154,7.14,18.78,0.0,25.92
17975,3,2,,Administrator,26,3.14,1.59,0.0,4.73
17976,2,6,,Standard,45,0.93,5.62,0.0,6.55
17977,5,14,,Standard,81,3.69,10.66,0.0,14.35
17978,5,13,,Free,51,2.44,4.12,0.0,6.56
17979,5,11,1.0,Member,176,6.96,27.76,0.0,34.72
17980,5,15,,Standard,55,5.85,3.3,0.0,9.15
17981,5,14,4.0,Member,164,7.63,25.07,0.0,32.7
17982,5,15,,Standard,105,3.98,8.53,0.92,11.59
17983,2,16,,Administrator,41,2.21,3.7,0.0,5.91
17984,3,5,,Standard,91,6.66,12.03,0.0,18.69
17985,5,3,,Standard,119,4.65,14.75,0.0,19.4
17986,5,13,2.0,Member,79,3.68,11.28,0.0,14.96
17987,4,3,,Free,22,6.5,2.85,0.0,9.35
17988,3,1,,Standard,41,6.79,5.15,0.46,11.48
17989,5,7,,Standard,145,7.04,20.21,0.0,27.25
17990,1,16,52.0,Member,63,1.17,7.19,0.0,8.36
17991,5,10,,Time Limited,34,5.95,5.08,0.0,11.03
17992,1,10,,Standard,109,7.44,16.69,0.0,24.13
17993,2,15,50.0,Member,76,0.06,10.26,0.0,10.32
17994,1,8,,Standard,114,2.46,14.16,2.09,14.53
17995,1,7,,Standard,78,2.5,6.3,0.0,8.8
17996,1,6,13.0,Member,53,6.15,5.65,0.0,11.8
17997,4,10,,Standard,78,7.1,9.84,0.0,16.94
17998,3,13,,Standard,105,1.38,9.02,0.0,10.4
17999,5,11,,Standard,42,1.32,6.2,0.0,7.52
18000,1,14,,Standard,126,5.69,17.52,0.0,23.21
18001,4,2,,Standard,132,2.68,10.3,0.0,12.98
18002,1,6,,Standard,66,0.31,5.13,0.0,5.44
18003,4,1,,Standard,126,5.32,16.02,0.0,21.34
18004,2,4,,Time Limited,31,7.63,2.22,0.0,9.85
18005,5,2,,Administrator,38,2.48,4.28,0.0,6.76
18006,2,6,,Standard,75,1.96,11.34,0.0,13.3
18007,2,10,,Standard,133,7.08,13.0,0.0,20.08
18008,4,14,6.0,Member,158,7.19,14.07,0.0,21.26
18009,2,15,,Standard,123,5.22,13.36,0.0,18.58
18010,4,8,17.0,Member,133,3.86,17.62,0.0,21.48
18011,1,6,,Standard,111,2.57,9.01,0.0,11.58
18012,2,4,,Standard,130,7.08,14.92,0.0,22.0
18013,4,4,,Standard,99,6.76,8.73,0.0,15.49
18014,3,12,,Standard,117,6.85,14.35,0.0,21.2
18015,5,1,,Time Limited,45,5.25,6.08,0.0,11.33
18016,1,6,4.0,Member,72,4.58,10.51,0.0,15.09
18017,4,8,,Standard,47,1.43,6.59,0.0,8.02
18018,1,15,,Standard,64,7.69,6.77,2.18,12.28
18019,5,12,17.0,Member,86,3.17,13.19,0.0,16.36
18020,3,14,8.0,Member,169,5.38,17.3,0.0,22.68
18021,4,13,,Standard,104,1.42,12.78,2.26,11.94
18022,4,13,,Standard,70,3.06,4.47,0.0,7.53
18023,1,6,57.0,Member,114,1.17,9.76,0.0,10.93
18024,3,6,,Standard,149,3.39,11.1,0.0,14.49
18025,1,6,,Standard,126,5.81,9.31,0.0,15.12
18026,2,10,,Time Limited,66,4.0,6.39,0.0,10.39
18027,5,10,,Time Limited,52,2.05,5.21,0.0,7.26
18028,2,1,3.0,Member,90,1.92,14.04,1.56,14.4
18029,1,14,,Standard,109,1.31,16.36,0.0,17.67
18030,2,3,20.0,Member,153,5.66,23.48,0.0,29.14
18031,2,6,38.0,Member,54,3.9,7.95,2.03,9.82
18032,1,8,,Time Limited,39,0.28,5.01,0.0,5.29
18033,5,9,,Standard,48,7.77,3.71,0.0,11.48
18034,5,16,8.0,Member,63,2.1,7.54,0.0,9.64
18035,3,7,,Standard,50,0.31,3.66,0.0,3.97
18036,4,3,,Standard,109,5.18,16.82,0.0,22.0
18037,5,12,,Administrator,23,6.92,2.53,0.0,9.45
18038,1,11,,Standard,64,6.72,7.37,0.0,14.09
18039,2,11,37.0,Member,144,4.11,20.21,0.0,24.32
18040,2,12,,Time Limited,85,5.55,5.17,0.0,10.72
18041,4,2,,Standard,33,0.8,4.56,1.31,4.05
18042,5,15,,Standard,91,5.75,13.28,0.0,19.03
18043,5,1,,Time Limited,56,6.47,8.22,0.0,14.69
18044,1,8,,Standard,38,1.34,4.72,2.06,4.0
18045,3,10,63.0,Member,132,7.65,16.5,2.03,22.12
18046,3,8,,Standard,81,0.37,6.43,0.0,6.8
18047,2,10,,Standard,131,4.28,17.24,0.0,21.52
18048,4,14,,Standard,55,7.62,4.58,0.0,12.2
18049,4,1,18.0,Member,131,3.68,19.43,0.0,23.11
18050,2,10,,Free,28,0.77,3.45,0.7,3.52
18051,3,6,,Standard,123,5.52,9.86,0.0,15.38
18052,1,8,12.0,Member,162,7.13,12.7,0.0,19.83
18053,4,2,66.0,Member,160,4.69,18.28,0.0,22.97
18054,2,10,,Standard,33,4.14,2.45,0.0,6.59
18055,4,2,,Standard,40,3.61,4.74,0.0,8.35
18056,3,10,46.0,Member,106,1.37,7.15,0.0,8.52
18057,5,6,,Standard,40,0.39,2.85,0.0,3.24
18058,4,14,,Time Limited,60,6.03,5.48,0.0,11.51
18059,2,10,,Free,33,7.41,2.37,0.0,9.78
18060,2,8,,Free,60,1.36,4.38,0.0,5.74
18061,4,7,57.0,Member,73,4.93,6.61,0.0,11.54
18062,2,16,,Standard,88,7.56,13.15,0.0,20.71
18063,4,5,,Standard,55,7.16,7.52,0.0,14.68
18064,1,10,,Standard,146,5.96,17.68,0.0,23.64
18065,1,4,5.0,Member,104,1.85,6.34,0.0,8.19
18066,2,5,,Standard,95,1.14,14.33,0.0,15.47
18067,4,5,38.0,Member,164,3.51,26.04,0.0,29.55
18068,1,5,,Standard,114,5.04,18.09,1.32,21.81
18069,1,14,55.0,Member,162,5.4,11.44,0.0,16.84
18070,2,15,,Standard,101,5.17,9.18,0.0,14.35
18071,3,15,,Standard,112,7.94,11.91,0.0,19.85
18072,5,13,,Standard,143,5.25,12.96,0.0,18.21
18073,3,7,13.0,Member,137,5.23,19.24,1.17,23.3
18074,4,15,,Time Limited,43,3.44,3.81,0.0,7.25
18075,1,7,46.0,Member,55,7.22,8.65,0.0,15.87
18076,5,6,,Standard,50,2.68,5.77,0.0,8.45
18077,4,11,,Standard,126,1.69,12.09,0.19,13.59
18078,5,15,,Standard,92,2.67,9.18,0.0,11.85
18079,5,12,,Standard,56,6.9,5.79,0.0,12.69
18080,5,6,,Standard,113,0.86,16.52,0.0,17.38
18081,2,16,,Time Limited,50,1.15,6.69,0.45,7.39
18082,3,2,10.0,Member,100,6.3,13.59,0.0,19.89
18083,2,3,,Standard,49,6.53,3.02,0.0,9.55
18084,3,15,,Standard,109,7.36,15.91,0.0,23.27
18085,3,5,61.0,Member,113,6.35,11.88,0.0,18.23
18086,5,3,14.0,Member,96,4.96,12.21,0.0,17.17
18087,4,10,66.0,Member,142,2.58,10.69,0.0,13.27
18088,1,6,49.0,Member,116,3.49,18.34,1.4,20.43
18089,1,3,,Standard,47,3.98,7.35,0.0,11.33
18090,1,15,28.0,Member,120,5.98,9.0,0.0,14.98
18091,2,6,,Time Limited,88,1.1,11.56,0.0,12.66
18092,2,7,,Administrator,17,3.62,2.21,0.0,5.83
18093,5,15,20.0,Member,139,0.69,9.05,1.65,8.09
18094,2,13,31.0,Member,111,3.47,11.71,0.0,15.18
18095,5,1,,Time Limited,46,5.28,7.04,0.0,12.32
18096,4,6,,Standard,119,3.71,8.65,0.0,12.36
18097,4,9,,Administrator,26,6.64,3.0,0.0,9.64
18098,3,12,60.0,Member,66,0.57,6.74,2.42,4.89
18099,1,13,,Time Limited,80,0.56,12.21,0.0,12.77
18100,5,4,,Standard,84,2.48,8.05,0.0,10.53
18101,5,12,,Free,46,4.41,3.92,0.0,8.33
18102,3,15,,Standard,111,1.95,12.89,0.0,14.84
18103,1,12,3.0,Member,80,2.47,8.94,0.0,11.41
18104,4,11,11.0,Member,180,4.93,22.5,0.95,26.48
18105,5,2,,Standard,150,4.04,12.05,0.0,16.09
18106,3,7,,Time Limited,78,4.45,7.09,0.0,11.54
18107,4,2,,Standard,129,4.24,16.74,0.0,20.98
18108,4,14,19.0,Member,129,4.61,10.74,0.0,15.35
18109,5,7,,Standard,140,1.4,21.59,0.0,22.99
18110,4,1,43.0,Member,50,3.67,4.85,0.0,8.52
18111,3,15,,Standard,149,7.35,22.56,0.09,29.82
18112,4,5,28.0,Member,106,3.57,10.87,0.0,14.44
18113,4,2,28.0,Member,96,7.11,7.33,0.0,14.44
18114,4,7,,Standard,68,5.55,9.97,2.39,13.13
18115,2,9,41.0,Member,92,4.66,6.67,0.0,11.33
18116,4,12,,Time Limited,84,0.4,10.11,0.0,10.51
18117,5,8,,Standard,104,7.07,12.96,1.45,18.58
18118,3,7,,Free,16,3.73,1.53,0.0,5.26
18119,3,12,,Free,31,3.3,2.15,0.0,5.45
18120,4,5,,Standard,58,7.34,9.01,2.91,13.44
18121,3,11,,Standard,34,0.74,4.35,0.0,5.09
18122,5,10,2.0,Member,158,4.96,16.24,0.0,21.2
18123,2,15,,Standard,126,5.74,17.36,0.0,23.1
18124,5,13,,Standard,37,5.93,2.23,0.0,8.16
18125,5,12,58.0,Member,164,6.44,15.67,0.0,22.11
18126,3,5,,Standard,139,2.62,10.71,0.0,13.33
18127,3,1,36.0,Member,53,7.68,3.54,0.0,11.22
18128,3,1,8.0,Member,176,7.58,11.02,0.0,18.6
18129,3,14,7.0,Member,131,5.45,18.11,0.0,23.56
18130,4,12,8.0,Member,173,4.42,21.19,0.0,25.61
18131,3,12,,Standard,91,5.56,10.38,0.0,15.94
18132,4,10,,Standard,113,7.25,14.51,0.0,21.76
18133,1,14,62.0,Member,61,6.62,4.58,0.0,11.2
18134,4,5,60.0,Member,125,1.86,16.23,0.0,18.09
18135,4,3,32.0,Member,85,4.95,9.08,0.0,14.03
18136,5,14,,Standard,92,3.04,10.63,0.0,13.67
18137,5,13,,Standard,48,1.1,4.38,0.0,5.48
18138,4,14,,Standard,31,5.91,3.5,0.0,9.41
18139,4,10,,Standard,88,4.37,12.56,0.0,16.93
18140,3,2,,Standard,54,1.56,5.55,0.0,7.11
18141,4,11,,Free,55,2.0,8.18,0.0,10.18
18142,3,6,,Standard,145,5.12,9.32,0.0,14.44
18143,5,7,,Time Limited,84,5.5,6.98,0.0,12.48
18144,1,3,,Free,56,1.29,8.44,0.0,9.73
18145,4,7,,Time Limited,66,4.94,9.82,0.0,14.76
18146,2,13,,Standard,135,5.29,19.38,0.0,24.67
18147,3,12,,Standard,149,7.32,9.56,2.05,14.83
18148,2,15,,Free,20,0.36,1.55,0.0,1.91
18149,2,1,6.0,Member,166,4.85,12.3,0.0,17.15
18150,3,4,,Time Limited,43,1.9,5.43,0.0,7.33
18151,5,2,,Administrator,24,2.56,2.29,0.0,4.85
18152,4,3,,Standard,92,6.82,13.15,0.0,19.97
18153,2,6,57.0,Member,46,1.65,6.22,0.0,7.87
18154,5,6,,Free,29,7.7,3.59,0.0,11.29
18155,2,12,,Time Limited,72,4.96,8.65,0.0,13.61
18156,3,12,38.0,Member,63,7.64,7.62,0.39,14.87
18157,2,11,9.0,Member,78,7.16,6.54,1.13,12.57
18158,4,5,,Standard,57,5.71,4.47,0.0,10.18
18159,3,7,,Standard,53,4.2,5.67,0.0,9.87
18160,1,5,,Standard,55,6.57,8.61,0.07,15.11
18161,4,12,6.0,Member,101,1.75,14.24,0.0,15.99
18162,3,14,8.0,Member,96,3.78,11.58,0.0,15.36
18163,3,16,,Standard,72,2.88,10.57,1.4,12.05
18164,2,13,57.0,Member,74,5.93,4.71,2.71,7.93
18165,3,13,,Standard,93,3.37,13.01,0.0,16.38
18166,4,16,16.0,Member,136,0.34,15.86,0.0,16.2
18167,5,6,,Time Limited,66,2.61,9.51,0.0,12.12
18168,3,9,,Standard,139,3.57,9.13,0.0,12.7
18169,5,3,,Time Limited,66,1.89,6.65,2.4,6.14
18170,5,3,,Time Limited,70,6.61,4.4,2.38,8.63
18171,1,7,,Administrator,33,7.93,3.98,0.0,11.91
18172,1,1,9.0,Member,160,1.17,17.94,0.0,19.11
18173,2,5,,Standard,69,2.68,6.52,0.0,9.2
18174,3,12,,Standard,101,5.23,7.71,0.18,12.76
18175,3,3,,Standard,43,3.55,4.44,0.55,7.44
18176,3,11,,Standard,79,0.73,9.11,0.0,9.84
18177,5,2,27.0,Member,132,1.93,17.26,0.0,19.19
18178,4,15,,Standard,31,7.9,2.06,0.0,9.96
18179,1,9,,Standard,113,4.15,9.55,2.29,11.41
18180,4,16,,Time Limited,90,6.25,6.11,0.0,12.36
18181,3,14,58.0,Member,110,7.56,15.74,0.0,23.3
18182,4,5,31.0,Member,76,3.67,7.46,0.0,11.13
18183,2,4,56.0,Member,160,0.19,23.53,0.0,23.72
18184,5,5,37.0,Member,112,3.68,17.0,2.33,18.35
18185,4,14,12.0,Member,66,5.88,4.55,0.0,10.43
18186,2,16,47.0,Member,61,2.68,7.27,0.0,9.95
18187,3,4,,Standard,77,5.84,10.26,2.97,13.13
18188,1,4,,Standard,126,6.86,11.07,1.46,16.47
18189,1,1,,Standard,72,7.22,8.37,0.0,15.59
18190,3,4,,Time Limited,90,7.68,11.11,0.0,18.79
18191,2,14,37.0,Member,179,5.52,27.12,0.0,32.64
18192,3,4,34.0,Member,95,7.55,13.59,0.0,21.14
18193,5,7,,Standard,88,2.01,6.7,0.0,8.71
18194,2,15,,Standard,132,7.83,11.68,0.0,19.51
18195,4,10,,Standard,66,3.62,7.1,2.51,8.21
18196,2,1,,Standard,73,2.14,5.68,0.0,7.82
18197,2,10,,Standard,115,0.27,8.73,2.73,6.27
18198,2,15,,Standard,56,5.92,5.58,0.0,11.5
18199,5,7,,Free,58,1.66,6.6,0.0,8.26
18200,2,14,,Standard,150,4.66,10.12,0.0,14.78
18201,2,14,,Standard,134,7.57,9.32,2.16,14.73
18202,1,16,6.0,Member,130,7.06,12.62,0.0,19.68
18203,4,6,42.0,Member,73,3.72,9.14,0.0,12.86
18204,1,5,,Standard,80,6.31,8.06,0.0,14.37
18205,4,7,64.0,Member,91,1.29,11.82,0.37,12.74
18206,2,9,36.0,Member,46,6.09,7.08,0.0,13.17
18207,1,9,,Standard,34,0.8,4.09,0.0,4.89
18208,4,13,3.0,Member,167,0.41,20.11,0.0,20.52
18209,1,5,,Free,55,3.43,7.83,0.0,11.26
18210,1,13,,Standard,85,0.66,12.35,0.0,13.01
18211,2,15,7.0,Member,157,4.32,15.2,0.1,19.42
18212,1,15,,Free,28,6.43,2.96,0.0,9.39
18213,4,3,,Standard,146,5.84,21.43,0.0,27.27
18214,1,13,,Standard,68,6.16,9.12,0.0,15.28
18215,3,13,60.0,Member,138,5.88,21.59,0.0,27.47
18216,3,12,,Standard,110,1.65,15.64,0.0,17.29
18217,1,1,,Time Limited,65,2.65,6.39,0.0,9.04
18218,1,3,,Standard,140,2.71,17.19,0.0,19.9
18219,4,7,,Standard,64,5.42,5.25,0.49,10.18
18220,1,7,18.0,Member,113,3.98,13.35,0.0,17.33
18221,5,13,,Administrator,12,1.32,1.4,0.0,2.72
18222,1,8,,Administrator,41,0.09,5.11,0.0,5.2
18223,4,3,52.0,Member,127,6.73,12.53,0.0,19.26
18224,5,3,,Standard,85,5.33,9.73,2.29,12.77
18225,2,11,63.0,Member,100,5.08,12.52,0.0,17.6
18226,1,5,,Administrator,22,3.95,1.83,0.0,5.78
18227,3,6,10.0,Member,85,7.07,10.22,0.0,17.29
18228,5,15,,Standard,77,6.04,11.87,1.35,16.56
18229,2,14,,Time Limited,88,3.86,11.34,0.0,15.2
18230,1,1,38.0,Member,67,0.55,10.54,0.0,11.09
18231,4,1,,Standard,30,4.03,2.9,0.0,6.93
18232,1,10,,Time Limited,51,4.02,6.42,2.87,7.57
18233,3,9,,Standard,126,4.54,16.22,1.45,19.31
18234,4,5,,Standard,147,0.56,17.95,0.0,18.51
18235,2,10,58.0,Member,124,3.42,17.42,0.0,20.84
18236,4,5,,Standard,83,6.78,12.12,1.47,17.43
18237,4,4,2.0,Member,102,7.48,11.9,0.0,19.38
18238,1,14,,Time Limited,69,6.28,6.71,0.0,12.99
18239,4,11,,Standard,70,4.91,7.64,0.6,11.95
18240,3,12,,Time Limited,86,4.43,11.24,1.58,14.09
18241,3,4,,Time Limited,71,1.22,10.66,0.0,11.88
18242,5,2,,Time Limited,69,3.43,9.53,0.0,12.96
18243,5,5,,Standard,46,2.18,6.88,0.0,9.06
18244,5,6,7.0,Member,121,2.37,15.08,0.0,17.45
18245,1,7,5.0,Member,52,2.73,8.32,0.0,11.05
18246,5,15,,Standard,62,6.98,7.61,0.0,14.59
18247,2,5,28.0,Member,123,4.43,17.64,2.33,19.74
18248,3,2,,Standard,61,4.71,3.86,0.72,7.85
18249,3,6,12.0,Member,118,6.53,18.15,0.0,24.68
18250,5,7,,Standard,125,1.14,11.6,0.0,12.74
18251,3,11,57.0,Member,102,3.08,10.6,0.0,13.68
18252,2,14,65.0,Member,90,1.81,11.13,0.0,12.94
18253,5,13,20.0,Member,125,4.34,13.18,0.0,17.52
18254,2,6,,Standard,55,2.5,6.63,1.15,7.98
18255,1,10,,Administrator,21,2.78,1.48,0.0,4.26
18256,2,10,37.0,Member,117,4.97,11.05,1.56,14.46
18257,2,8,,Standard,142,3.93,11.56,2.05,13.44
18258,3,9,38.0,Member,128,7.15,19.91,0.39,26.67
18259,4,15,,Standard,148,3.41,13.97,0.77,16.61
18260,3,7,,Standard,43,0.63,4.35,0.0,4.98
18261,2,13,6.0,Member,138,6.98,13.23,0.0,20.21
18262,5,6,8.0,Member,137,3.54,20.2,0.0,23.74
18263,2,15,1.0,Member,123,2.74,17.77,0.0,20.51
18264,3,7,21.0,Member,137,6.1,18.31,0.0,24.41
18265,5,6,,Administrator,26,6.86,4.06,0.0,10.92
18266,2,12,,Free,41,1.27,3.28,2.6,1.95
18267,2,4,28.0,Member,160,4.82,22.36,0.45,26.73
18268,2,8,,Standard,99,4.88,13.58,1.86,16.6
18269,1,5,,Standard,33,0.09,2.28,0.0,2.37
18270,3,8,,Standard,128,6.79,19.44,0.0,26.23
18271,4,9,,Time Limited,74,3.2,5.45,0.0,8.65
18272,2,8,,Standard,145,2.6,15.34,0.0,17.94
18273,3,13,,Free,48,4.16,5.7,0.91,8.95
18274,3,7,11.0,Member,151,2.73,10.97,0.64,13.06
18275,5,8,,Standard,85,7.51,12.32,0.0,19.83
18276,1,7,,Standard,73,6.73,11.52,0.0,18.25
18277,5,16,16.0,Member,157,3.79,9.6,1.7,11.69
18278,5,5,13.0,Member,157,3.49,14.49,0.0,17.98
18279,1,1,,Standard,59,1.01,3.65,0.0,4.66
18280,3,8,,Administrator,42,0.21,4.87,0.0,5.08
18281,5,1,13.0,Member,69,2.04,8.82,0.0,10.86
18282,1,13,62.0,Member,56,7.23,4.2,0.0,11.43
18283,5,11,3.0,Member,124,6.48,15.85,0.0,22.33
18284,1,5,40.0,Member,144,5.89,21.02,2.0,24.91
18285,4,15,59.0,Member,101,7.38,13.92,2.25,19.05
18286,4,9,,Standard,135,6.18,20.5,0.0,26.68
18287,3,14,,Free,49,3.55,3.44,0.0,6.99
18288,4,15,,Standard,79,3.64,4.77,0.0,8.41
18289,5,3,,Standard,88,3.73,6.39,0.0,10.12
18290,4,5,,Standard,87,6.87,7.03,0.0,13.9
18291,4,11,,Standard,74,7.68,6.51,0.8,13.39
18292,4,15,,Standard,134,5.19,20.11,1.27,24.03
18293,3,13,,Standard,144,0.56,11.88,0.0,12.44
18294,1,15,10.0,Member,136,0.52,11.95,0.0,12.47
18295,4,10,,Free,33,2.31,4.44,0.0,6.75
18296,5,9,,Standard,54,1.75,7.12,0.3,8.57
18297,1,14,,Time Limited,65,7.79,4.79,0.0,12.58
18298,2,6,25.0,Member,143,6.94,11.69,0.0,18.63
18299,2,2,,Standard,32,2.81,4.77,0.0,7.58
18300,5,9,60.0,Member,179,6.13,14.08,0.0,20.21
18301,2,8,,Free,25,3.62,1.61,0.0,5.23
18302,2,9,,Standard,122,6.07,13.66,0.0,19.73
18303,5,6,19.0,Member,146,6.54,18.17,0.0,24.71
18304,1,2,,Standard,56,3.68,5.73,0.0,9.41
18305,3,7,,Time Limited,82,2.96,11.84,2.88,11.92
18306,4,16,25.0,Member,173,4.71,18.27,0.0,22.98
18307,5,14,,Standard,131,5.16,8.12,2.15,11.13
18308,1,8,,Standard,95,5.69,6.51,2.05,10.15
18309,3,9,,Time Limited,83,4.15,12.52,0.0,16.67
18310,2,12,58.0,Member,100,6.16,10.82,0.0,16.98
18311,4,7,61.0,Member,122,7.7,11.99,2.41,17.28
18312,1,5,2.0,Member,75,0.79,11.89,0.0,12.68
18313,4,12,,Standard,145,0.09,18.44,0.38,18.15
18314,1,15,,Standard,122,1.44,18.95,0.0,20.39
18315,3,1,12.0,Member,142,5.05,21.53,1.05,25.53
18316,3,16,,Standard,48,6.65,3.17,0.0,9.82
18317,2,5,,Standard,145,4.15,13.14,0.0,17.29
18318,5,3,,Standard,58,4.36,5.22,0.0,9.58
18319,1,9,,Time Limited,43,7.78,2.69,0.0,10.47
18320,2,13,,Administrator,29,5.24,2.07,0.0,7.31
18321,5,8,,Administrator,23,4.42,3.29,0.0,7.71
18322,3,16,,Time Limited,71,7.02,10.85,0.0,17.87
18323,1,16,,Standard,95,7.43,6.97,0.0,14.4
18324,5,12,36.0,Member,78,1.47,10.26,0.0,11.73
18325,3,14,4.0,Member,130,2.2,14.43,2.02,14.61
18326,2,11,,Standard,120,1.78,11.16,0.0,12.94
18327,1,4,,Standard,143,2.57,11.13,0.0,13.7
18328,3,3,,Administrator,26,0.39,3.93,1.07,3.25
18329,5,1,3.0,Member,84,6.14,5.56,1.46,10.24
18330,5,15,,Standard,114,4.28,16.15,2.35,18.08
18331,2,6,,Time Limited,79,5.74,12.45,0.0,18.19
18332,3,8,,Standard,90,3.58,11.21,0.0,14.79
18333,4,4,,Standard,39,3.51,6.01,3.0,6.52
18334,3,16,,Standard,117,1.46,16.46,0.0,17.92
18335,4,4,,Administrator,36,5.1,5.63,0.0,10.73
18336,4,11,,Free,48,4.69,5.44,0.0,10.13
18337,5,9,,Standard,40,5.06,3.63,1.19,7.5
18338,4,11,,Standard,41,4.39,5.13,2.57,6.95
18339,4,3,10.0,Member,97,4.57,6.62,0.0,11.19
18340,2,14,,Standard,115,2.33,14.13,2.12,14.34
18341,5,8,,Standard,31,2.7,2.23,0.55,4.38
18342,4,6,,Standard,79,3.46,9.34,0.0,12.8
18343,2,2,,Standard,82,7.04,8.9,0.0,15.94
18344,1,3,,Administrator,33,0.36,3.66,0.0,4.02
18345,5,1,,Standard,45,0.51,6.87,1.88,5.5
18346,2,6,59.0,Member,174,2.7,24.61,0.0,27.31
18347,3,6,,Standard,140,8.0,12.59,2.64,17.95
18348,5,15,,Standard,140,2.17,16.09,1.67,16.59
18349,1,3,,Time Limited,42,6.1,3.44,0.0,9.54
18350,1,7,,Standard,61,4.51,6.15,2.46,8.2
18351,5,13,,Administrator,37,7.56,4.27,0.0,11.83
18352,5,2,36.0,Member,46,1.9,6.95,2.24,6.61
18353,5,14,,Administrator,13,0.0,1.67,0.0,1.67
18354,1,14,33.0,Member,175,7.42,22.13,0.0,29.55
18355,5,2,48.0,Member,112,1.13,10.41,0.0,11.54
18356,4,13,34.0,Member,124,0.86,10.92,0.0,11.78
18357,2,11,,Time Limited,40,0.61,4.06,0.0,4.67
18358,5,4,,Standard,97,1.46,6.37,0.0,7.83
18359,2,12,,Standard,69,1.54,7.57,0.0,9.11
18360,3,7,,Standard,65,7.53,7.62,0.36,14.79
18361,5,7,,Standard,138,3.08,20.79,1.97,21.9
18362,3,12,14.0,Member,74,6.4,8.39,2.21,12.58
18363,2,15,,Standard,142,3.11,17.02,0.1,20.03
18364,1,5,,Standard,85,6.46,7.87,0.0,14.33
18365,3,16,,Administrator,39,4.13,4.74,0.79,8.08
18366,3,7,8.0,Member,140,1.8,12.04,0.0,13.84
18367,4,12,30.0,Member,126,0.8,14.85,0.0,15.65
18368,3,13,,Administrator,36,7.54,3.62,0.0,11.16
18369,2,5,,Standard,124,2.61,7.7,0.0,10.31
18370,5,7,,Standard,94,7.65,9.8,1.97,15.48
18371,1,3,,Standard,96,0.43,10.95,0.0,11.38
18372,1,2,2.0,Member,161,0.58,11.81,0.03,12.36
18373,5,14,,Standard,61,7.92,3.74,0.0,11.66
18374,3,14,,Standard,91,5.6,9.66,0.0,15.26
18375,4,16,,Time Limited,55,4.86,8.53,0.0,13.39
18376,3,10,,Standard,119,6.46,16.5,0.0,22.96
18377,1,14,,Standard,147,1.81,20.7,0.0,22.51
18378,3,5,6.0,Member,70,0.11,6.75,0.0,6.86
18379,4,13,,Free,38,0.73,2.77,0.0,3.5
18380,2,3,31.0,Member,150,3.34,19.53,2.47,20.4
18381,3,15,27.0,Member,84,6.33,7.38,0.0,13.71
18382,5,16,,Time Limited,52,6.15,6.76,0.0,12.91
18383,1,10,,Standard,75,4.92,9.07,0.0,13.99
18384,2,11,,Standard,132,3.63,10.12,0.0,13.75
18385,3,6,,Standard,74,6.83,8.07,0.0,14.9
18386,2,2,,Administrator,39,1.34,3.89,2.88,2.35
18387,4,8,,Standard,138,7.66,9.03,0.0,16.69
18388,4,11,,Standard,135,3.86,16.14,0.0,20.0
18389,3,10,6.0,Member,86,7.21,10.38,1.98,15.61
18390,5,1,,Standard,69,7.93,9.76,0.0,17.69
18391,3,15,64.0,Member,180,2.88,22.91,0.0,25.79
18392,2,15,64.0,Member,119,7.56,13.59,0.0,21.15
18393,5,6,,Standard,111,3.11,13.27,0.0,16.38
18394,2,2,,Free,42,4.34,3.23,0.0,7.57
18395,5,2,,Standard,45,3.97,4.69,0.0,8.66
18396,4,16,,Standard,107,2.68,11.78,2.16,12.3
18397,3,14,,Administrator,28,6.11,2.18,0.0,8.29
18398,5,9,,Free,16,6.03,1.71,0.63,7.11
18399,4,14,,Administrator,16,7.75,2.12,2.04,7.83
18400,3,16,,Standard,91,3.71,7.78,0.76,10.73
18401,1,2,,Standard,36,4.56,2.63,0.0,7.19
18402,1,8,55.0,Member,45,1.35,4.83,1.67,4.51
18403,5,13,,Standard,87,3.34,8.02,0.0,11.36
18404,5,16,,Administrator,10,5.03,1.16,0.0,6.19
18405,4,8,,Administrator,26,1.59,4.16,1.76,3.99
18406,1,5,,Standard,109,2.31,15.33,0.0,17.64
18407,1,13,,Standard,30,5.77,2.42,0.0,8.19
18408,2,2,,Standard,116,7.75,8.23,1.24,14.74
18409,2,13,54.0,Member,178,3.78,23.83,0.18,27.43
18410,4,2,41.0,Member,102,0.84,12.97,0.0,13.81
18411,3,15,,Standard,137,2.48,10.86,0.0,13.34
18412,3,2,,Administrator,19,4.12,2.7,1.68,5.14
18413,2,11,,Standard,39,6.62,2.36,0.0,8.98
18414,1,15,,Standard,103,0.22,14.92,0.33,14.81
18415,2,11,,Standard,47,5.51,4.26,0.0,9.77
18416,3,1,,Free,37,5.23,4.78,0.0,10.01
18417,4,10,3.0,Member,142,3.57,10.88,0.0,14.45
18418,2,1,,Standard,94,6.79,7.45,2.01,12.23
18419,5,6,,Free,54,6.33,6.56,0.0,12.89
18420,2,4,,Standard,105,6.79,6.74,0.16,13.37
18421,1,10,,Free,17,1.42,2.12,0.0,3.54
18422,1,6,17.0,Member,97,5.28,10.79,0.0,16.07
18423,4,9,,Standard,118,5.3,17.87,0.0,23.17
18424,3,9,,Standard,121,5.45,19.08,0.0,24.53
18425,2,2,,Time Limited,48,3.92,5.92,0.22,9.62
18426,5,3,,Administrator,10,4.38,1.04,0.0,5.42
18427,1,8,21.0,Member,123,4.87,12.74,0.0,17.61
18428,1,11,,Time Limited,84,2.14,12.36,2.41,12.09
18429,5,15,32.0,Member,157,2.67,14.05,1.25,15.47
18430,1,10,,Standard,90,7.01,10.03,0.08,16.96
18431,5,14,,Standard,34,1.45,3.79,0.0,5.24
18432,1,8,,Free,47,0.74,5.94,0.0,6.68
18433,5,1,63.0,Member,89,1.9,6.08,0.0,7.98
18434,4,8,,Standard,112,5.93,11.7,0.0,17.63
18435,4,12,,Time Limited,72,6.53,4.48,0.0,11.01
18436,5,4,,Standard,130,0.29,7.88,0.0,8.17
18437,3,13,,Standard,113,2.32,8.01,0.0,10.33
18438,4,12,,Standard,31,6.8,2.43,2.84,6.39
18439,4,2,,Standard,135,6.59,15.24,0.0,21.83
18440,4,8,,Standard,101,6.95,10.22,0.0,17.17
18441,4,13,,Time Limited,48,5.73,3.5,0.0,9.23
18442,5,2,62.0,Member,52,4.68,3.97,0.0,8.65
18443,3,1,29.0,Member,108,4.44,12.16,0.0,16.6
18444,3,8,7.0,Member,135,0.72,18.54,2.49,16.77
18445,5,12,,Administrator,35,1.67,2.48,0.72,3.43
18446,5,3,,Time Limited,48,7.79,4.61,0.0,12.4
18447,4,7,,Standard,94,0.94,6.15,2.23,4.86
18448,4,16,,Time Limited,73,3.1,5.14,0.0,8.24
18449,5,2,6.0,Member,139,0.53,14.82,0.0,15.35
18450,4,16,,Standard,130,7.36,18.96,2.8,23.52
18451,1,6,,Standard,149,3.31,11.61,0.0,14.92
18452,2,8,,Standard,73,4.72,5.8,0.48,10.04
18453,4,11,,Time Limited,46,7.02,5.59,0.0,12.61
18454,3,11,,Standard,100,7.39,6.96,0.0,14.35
18455,2,1,,Free,59,7.77,8.59,0.0,16.36
18456,4,2,54.0,Member,160,6.36,17.21,0.0,23.57
18457,4,14,,Standard,86,6.39,5.45,0.0,11.84
18458,4,10,,Standard,138,7.41,10.05,0.0,17.46
18459,5,9,,Standard,95,1.36,15.04,0.0,16.4
18460,2,15,,Standard,46,1.27,6.56,0.0,7.83
18461,5,1,,Standard,53,5.14,3.23,0.0,8.37
18462,3,6,,Time Limited,33,2.69,3.24,1.87,4.06
18463,4,8,,Standard,149,1.18,21.09,2.35,19.92
18464,5,15,46.0,Member,123,6.64,18.77,0.0,25.41
18465,3,1,,Standard,146,1.13,12.77,0.0,13.9
18466,4,4,,Standard,51,0.27,7.5,0.0,7.77
18467,1,3,4.0,Member,146,2.03,22.43,0.0,24.46
18468,1,3,,Standard,43,5.33,4.35,0.0,9.68
18469,4,13,,Standard,84,7.33,10.78,2.57,15.54
18470,1,4,,Standard,127,2.65,11.61,0.0,14.26
18471,5,14,,Standard,68,0.3,8.6,2.67,6.23
18472,5,4,,Standard,66,0.16,6.71,0.0,6.87
18473,1,5,,Free,16,0.16,1.62,1.07,0.71
18474,5,12,,Standard,126,3.1,14.25,0.0,17.35
18475,3,14,,Time Limited,36,5.35,5.19,1.26,9.28
18476,5,2,,Standard,50,1.96,3.69,0.0,5.65
18477,3,5,,Free,45,3.81,7.09,2.09,8.81
18478,4,2,,Standard,76,3.44,7.14,2.97,7.61
18479,4,6,,Standard,120,0.66,7.3,0.0,7.96
18480,5,11,,Administrator,16,7.63,2.53,0.0,10.16
18481,4,1,,Free,59,5.68,8.83,0.7,13.81
18482,4,10,,Administrator,44,7.14,5.64,0.0,12.78
18483,4,6,,Standard,101,2.24,7.46,0.0,9.7
18484,5,6,,Time Limited,85,3.98,7.35,0.0,11.33
18485,3,1,18.0,Member,62,1.84,9.03,2.34,8.53
18486,5,10,,Standard,127,2.72,16.34,0.96,18.1
18487,3,8,,Standard,107,2.62,11.39,0.0,14.01
18488,3,2,,Standard,38,4.89,4.87,0.5,9.26
18489,1,4,,Time Limited,84,0.52,12.05,2.76,9.81
18490,4,16,8.0,Member,73,5.49,7.94,0.0,13.43
18491,5,14,,Standard,38,6.53,4.57,0.0,11.1
18492,2,12,,Standard,127,4.74,11.88,0.0,16.62
18493,3,11,8.0,Member,84,4.3,11.29,0.0,15.59
18494,3,15,46.0,Member,66,1.22,4.5,0.0,5.72
18495,1,13,41.0,Member,159,3.39,14.76,0.0,18.15
18496,4,8,26.0,Member,100,3.27,14.79,0.0,18.06
18497,1,6,,Standard,67,3.53,5.52,0.0,9.05
18498,5,3,,Standard,150,4.01,14.98,0.0,18.99
18499,4,11,49.0,Member,58,1.11,7.04,0.0,8.15
18500,1,7,,Standard,54,2.27,6.37,2.68,5.96
18501,1,12,,Time Limited,40,4.92,4.81,0.0,9.73
18502,1,14,55.0,Member,77,5.94,7.71,0.0,13.65
18503,2,5,,Standard,118,2.58,7.25,0.0,9.83
18504,1,16,,Standard,44,7.48,5.21,0.0,12.69
18505,3,4,,Standard,72,3.55,5.78,1.09,8.24
18506,2,9,54.0,Member,82,0.89,5.03,0.0,5.92
18507,1,16,23.0,Member,123,1.0,12.86,2.29,11.57
18508,1,12,39.0,Member,60,4.71,6.38,1.2,9.89
18509,3,15,2.0,Member,161,5.19,20.93,0.0,26.12
18510,3,6,,Free,31,6.43,3.62,2.9,7.15
18511,1,14,,Free,46,7.61,5.86,0.0,13.47
18512,1,6,5.0,Member,96,7.89,7.29,0.0,15.18
18513,4,11,,Standard,106,5.81,7.06,0.0,12.87
18514,2,15,,Administrator,44,0.88,7.02,1.51,6.39
18515,4,9,,Standard,80,2.37,10.44,1.6,11.21
18516,2,15,17.0,Member,154,5.09,15.31,0.74,19.66
18517,3,9,,Administrator,37,3.17,4.57,0.0,7.74
18518,2,1,,Standard,52,1.88,5.71,0.0,7.59
18519,2,16,,Standard,92,5.04,10.64,0.0,15.68
18520,2,16,,Standard,121,5.55,15.73,0.0,21.28
18521,3,2,51.0,Member,147,2.1,16.77,0.0,18.87
18522,5,4,,Time Limited,38,3.08,5.53,0.0,8.61
18523,3,11,,Time Limited,74,6.73,8.23,0.0,14.96
18524,1,10,,Standard,119,0.93,9.85,0.0,10.78
18525,3,16,10.0,Member,137,6.09,8.6,0.0,14.69
18526,4,7,,Standard,30,4.71,3.0,2.09,5.62
18527,3,4,,Standard,58,5.16,4.76,0.0,9.92
18528,1,11,,Standard,37,1.58,4.06,1.81,3.83
18529,1,11,15.0,Member,103,1.48,16.16,0.0,17.64
18530,4,3,14.0,Member,77,6.3,8.16,0.0,14.46
18531,4,7,66.0,Member,46,4.18,3.02,2.39,4.81
18532,2,16,,Standard,60,0.68,9.46,0.0,10.14
18533,3,10,,Standard,86,7.77,12.96,2.64,18.09
18534,2,7,,Standard,106,2.01,10.93,0.0,12.94
18535,2,9,,Standard,63,6.34,5.36,0.0,11.7
18536,1,11,11.0,Member,168,4.88,11.25,0.75,15.38
18537,5,14,,Free,26,5.75,2.82,0.0,8.57
18538,1,2,,Standard,98,4.89,11.13,2.44,13.58
18539,5,7,9.0,Member,127,6.5,11.46,0.0,17.96
18540,5,9,,Standard,82,3.77,7.34,0.0,11.11
18541,1,16,48.0,Member,82,2.28,6.86,0.0,9.14
18542,3,15,4.0,Member,69,7.6,10.87,0.0,18.47
18543,3,7,,Standard,123,6.82,15.05,0.0,21.87
18544,3,14,,Standard,96,7.92,14.39,2.33,19.98
18545,4,16,,Standard,38,6.23,3.22,0.0,9.45
18546,4,11,,Time Limited,31,2.14,3.11,0.0,5.25
18547,5,6,64.0,Member,74,7.89,10.06,0.0,17.95
18548,2,1,,Time Limited,56,6.54,6.39,0.0,12.93
18549,4,7,19.0,Member,101,0.38,13.87,0.0,14.25
18550,4,10,,Standard,109,5.35,7.32,0.0,12.67
18551,5,16,,Standard,118,1.08,17.91,0.0,18.99
18552,1,9,,Standard,143,0.69,9.72,0.0,10.41
18553,4,14,,Free,23,6.89,3.07,0.0,9.96
18554,2,13,,Standard,90,3.29,6.09,0.0,9.38
18555,4,10,34.0,Member,155,1.99,15.66,0.0,17.65
18556,5,10,,Free,50,3.35,4.08,0.16,7.27
18557,2,13,,Standard,104,0.33,6.41,0.0,6.74
18558,1,2,,Administrator,29,1.95,2.83,0.0,4.78
18559,4,2,,Time Limited,71,5.28,9.34,0.0,14.62
18560,1,10,,Standard,80,7.31,10.42,0.98,16.75
18561,1,13,,Time Limited,86,3.19,5.26,2.75,5.7
18562,3,3,,Standard,113,5.36,10.05,1.14,14.27
18563,1,15,,Free,55,7.27,4.94,0.0,12.21
18564,4,12,,Administrator,34,1.78,5.25,0.0,7.03
18565,5,1,19.0,Member,148,7.07,13.94,0.97,20.04
18566,1,8,,Time Limited,57,1.28,4.81,0.0,6.09
18567,1,16,7.0,Member,147,2.62,13.27,0.0,15.89
18568,1,2,9.0,Member,108,0.17,9.27,0.0,9.44
18569,5,14,28.0,Member,114,2.17,11.49,0.0,13.66
18570,4,16,,Standard,117,5.76,12.86,0.0,18.62
18571,4,11,,Free,43,2.55,6.8,0.0,9.35
18572,5,14,,Standard,149,3.79,21.87,2.64,23.02
18573,2,15,,Time Limited,62,6.32,6.19,0.0,12.51
18574,3,4,,Standard,95,3.31,9.23,0.0,12.54
18575,4,10,,Standard,103,7.23,12.27,0.0,19.5
18576,1,16,,Standard,55,0.17,8.06,0.0,8.23
18577,4,8,,Free,42,4.13,3.51,0.0,7.64
18578,1,10,,Standard,108,1.93,10.04,0.0,11.97
18579,3,10,,Standard,147,5.02,18.55,0.0,23.57
18580,1,9,,Standard,70,5.11,5.29,0.0,10.4
18581,5,9,,Standard,142,4.84,13.47,0.0,18.31
18582,5,1,,Free,21,5.74,1.39,2.21,4.92
18583,1,14,15.0,Member,129,6.6,16.18,2.42,20.36
18584,4,10,,Standard,30,6.08,3.13,0.0,9.21
18585,3,7,,Standard,49,6.67,4.88,0.54,11.01
18586,4,7,,Standard,132,1.14,16.7,0.0,17.84
18587,5,11,12.0,Member,170,0.41,19.39,2.05,17.75
18588,5,13,27.0,Member,65,4.36,4.73,0.0,9.09
18589,2,7,,Standard,134,6.1,21.4,0.28,27.22
18590,4,13,27.0,Member,143,3.74,10.68,0.0,14.42
18591,2,7,,Standard,137,4.56,15.28,0.0,19.84
18592,3,5,,Standard,131,1.36,13.05,0.0,14.41
18593,1,10,,Time Limited,42,7.63,2.7,2.9,7.43
18594,3,14,44.0,Member,126,3.11,13.85,1.04,15.92
18595,2,3,26.0,Member,71,1.79,8.63,0.0,10.42
18596,2,7,,Standard,119,6.38,17.49,1.21,22.66
18597,4,15,15.0,Member,112,6.77,12.01,0.0,18.78
18598,2,13,,Administrator,36,0.61,3.17,0.0,3.78
18599,5,5,,Administrator,45,2.44,5.05,0.0,7.49
18600,2,3,,Free,29,7.75,2.75,0.0,10.5
18601,1,9,7.0,Member,179,2.71,28.61,0.0,31.32
18602,4,16,22.0,Member,154,1.79,14.03,0.0,15.82
18603,1,1,,Standard,37,0.93,3.44,0.0,4.37
18604,2,9,,Standard,75,0.43,5.13,0.0,5.56
18605,1,16,,Time Limited,82,7.5,6.25,0.0,13.75
18606,2,13,9.0,Member,92,3.63,10.56,0.0,14.19
18607,4,7,,Standard,56,3.58,4.23,0.0,7.81
18608,3,4,50.0,Member,46,1.86,2.81,1.98,2.69
18609,4,9,,Standard,132,1.01,9.57,0.0,10.58
18610,3,15,,Standard,77,3.4,12.03,0.0,15.43
18611,5,11,,Standard,74,1.44,9.98,0.0,11.42
18612,3,12,7.0,Member,112,2.61,12.49,0.0,15.1
18613,1,2,,Administrator,39,3.03,4.32,0.0,7.35
18614,4,3,,Free,49,5.17,3.77,0.0,8.94
18615,2,12,,Standard,64,2.75,7.24,0.61,9.38
18616,1,7,61.0,Member,81,3.7,7.56,0.0,11.26
18617,4,16,4.0,Member,130,6.07,18.88,0.0,24.95
18618,5,15,,Standard,109,6.85,11.03,0.0,17.88
18619,5,2,,Standard,131,5.14,17.46,0.0,22.6
18620,3,12,4.0,Member,55,3.11,4.86,0.0,7.97
18621,2,10,,Standard,82,1.02,9.39,0.0,10.41
18622,4,10,,Standard,149,5.01,20.54,2.14,23.41
18623,3,14,37.0,Member,147,6.98,19.79,1.79,24.98
18624,3,13,30.0,Member,45,5.1,6.92,0.29,11.73
18625,2,9,37.0,Member,138,6.54,21.01,1.79,25.76
18626,2,16,41.0,Member,94,0.94,13.78,0.0,14.72
18627,3,13,,Standard,150,6.02,15.02,0.0,21.04
18628,2,8,19.0,Member,83,2.8,8.9,0.0,11.7
18629,1,1,35.0,Member,58,4.83,8.27,0.0,13.1
18630,2,1,,Standard,150,1.24,23.91,2.45,22.7
18631,4,16,,Standard,96,0.31,9.66,0.0,9.97
18632,1,6,,Time Limited,85,3.18,8.34,1.4,10.12
18633,5,10,,Standard,52,0.22,3.28,0.0,3.5
18634,1,6,,Time Limited,43,3.79,5.1,0.0,8.89
18635,3,15,,Time Limited,88,2.02,9.5,0.0,11.52
18636,3,14,16.0,Member,167,7.61,14.62,0.0,22.23
18637,2,14,,Standard,97,3.46,9.59,0.0,13.05
18638,3,3,,Free,34,1.87,4.32,0.0,6.19
18639,4,14,,Standard,140,3.7,13.48,0.0,17.18
18640,4,8,,Time Limited,76,7.03,11.79,1.53,17.29
18641,2,2,17.0,Member,126,1.94,12.62,1.61,12.95
18642,5,13,4.0,Member,128,3.52,14.43,0.0,17.95
18643,3,2,,Standard,57,7.53,7.15,0.0,14.68
18644,5,5,,Standard,31,0.48,1.87,0.0,2.35
18645,4,10,,Administrator,45,1.43,5.42,2.73,4.12
18646,1,10,7.0,Member,115,5.83,16.34,0.0,22.17
18647,1,8,,Time Limited,40,3.05,2.75,0.0,5.8
18648,2,9,,Standard,82,3.86,5.85,0.0,9.71
18649,5,11,63.0,Member,77,3.86,5.9,0.0,9.76
18650,5,15,,Standard,140,2.87,11.81,0.0,14.68
18651,3,5,,Standard,149,2.99,12.24,0.0,15.23
18652,1,10,,Standard,69,6.92,4.75,0.0,11.67
18653,3,16,,Standard,38,5.79,4.01,0.0,9.8
18654,1,11,11.0,Member,51,2.41,7.56,0.0,9.97
18655,5,13,,Time Limited,79,6.03,11.73,0.0,17.76
18656,2,10,53.0,Member,113,3.72,9.41,0.0,13.13
18657,2,9,,Free,52,7.83,5.14,0.48,12.49
18658,3,6,,Administrator,21,0.93,3.12,0.0,4.05
18659,5,3,,Standard,32,0.34,2.69,0.0,3.03
18660,1,11,,Standard,129,5.55,8.12,0.0,13.67
18661,3,16,,Standard,140,6.61,11.4,2.89,15.12
18662,5,16,61.0,Member,164,7.76,22.68,2.35,28.09
18663,4,10,,Standard,134,6.94,9.94,0.0,16.88
18664,1,7,,Standard,61,2.43,3.88,0.0,6.31
18665,5,16,,Standard,111,5.0,9.32,1.74,12.58
18666,2,8,63.0,Member,138,1.82,17.74,0.0,19.56
18667,5,4,,Standard,41,3.26,5.51,2.7,6.07
18668,1,8,,Standard,61,4.88,9.35,0.0,14.23
18669,2,5,,Standard,57,1.8,4.4,0.0,6.2
18670,1,7,,Administrator,25,3.36,2.07,0.0,5.43
18671,4,4,24.0,Member,86,4.74,7.96,0.19,12.51
18672,2,13,,Standard,65,6.52,6.74,0.26,13.0
18673,2,11,,Standard,98,4.99,11.28,0.0,16.27
18674,1,5,,Standard,109,1.72,6.57,1.21,7.08
18675,3,15,,Standard,44,6.01,6.62,1.28,11.35
18676,4,8,,Standard,42,4.53,3.7,0.0,8.23
18677,1,7,,Standard,31,0.97,2.13,0.0,3.1
18678,4,1,48.0,Member,123,3.47,10.66,0.0,14.13
18679,5,13,,Standard,117,4.43,17.57,0.0,22.0
18680,1,13,28.0,Member,139,2.9,8.49,1.9,9.49
18681,4,10,,Standard,94,3.79,9.55,0.0,13.34
18682,2,8,,Standard,40,0.2,3.27,0.63,2.84
18683,1,9,37.0,Member,144,4.45,14.07,0.0,18.52
18684,4,11,,Standard,140,6.49,19.3,0.35,25.44
18685,2,4,,Standard,59,4.72,5.07,0.0,9.79
18686,3,2,55.0,Member,127,6.62,8.81,0.0,15.43
18687,2,9,,Standard,35,6.47,4.38,0.0,10.85
18688,3,16,,Standard,70,4.17,10.14,0.0,14.31
18689,4,3,2.0,Member,138,3.87,16.67,0.0,20.54
18690,1,12,,Standard,39,6.61,4.51,0.0,11.12
18691,2,10,,Standard,104,6.54,6.97,0.0,13.51
18692,4,8,4.0,Member,157,6.42,22.49,1.42,27.49
18693,3,16,,Standard,132,4.74,9.0,0.0,13.74
18694,3,2,,Time Limited,86,2.82,7.48,0.0,10.3
18695,3,11,61.0,Member,66,4.17,6.07,0.0,10.24
18696,1,7,52.0,Member,173,5.67,12.93,1.0,17.6
18697,1,12,,Standard,41,6.07,6.52,0.0,12.59
18698,1,6,26.0,Member,73,3.59,5.26,0.0,8.85
18699,5,14,,Standard,122,7.96,19.18,0.0,27.14
18700,2,8,,Standard,59,5.45,7.63,0.0,13.08
18701,1,13,39.0,Member,54,0.25,5.84,0.0,6.09
18702,4,11,,Standard,107,2.03,15.47,0.0,17.5
18703,4,3,,Time Limited,74,0.28,10.75,0.0,11.03
18704,1,15,,Time Limited,43,0.78,5.62,0.0,6.4
18705,1,2,14.0,Member,65,6.71,4.18,0.0,10.89
18706,1,10,,Standard,71,0.3,10.37,0.0,10.67
18707,2,14,,Standard,118,0.25,10.14,0.0,10.39
18708,3,12,,Time Limited,44,0.75,4.67,0.0,5.42
18709,5,14,,Standard,42,4.81,5.83,2.35,8.29
18710,5,10,1.0,Member,155,3.21,9.74,0.0,12.95
18711,2,16,,Standard,118,7.46,12.81,0.0,20.27
18712,2,12,,Time Limited,82,0.29,6.32,2.19,4.42
18713,4,5,,Time Limited,33,4.54,2.38,1.85,5.07
18714,2,3,11.0,Member,129,6.16,18.27,0.0,24.43
18715,4,16,,Administrator,41,4.07,4.31,0.67,7.71
18716,1,3,,Standard,146,7.68,18.1,0.0,25.78
18717,5,7,,Standard,84,6.4,5.95,0.0,12.35
18718,4,5,,Standard,84,2.84,10.23,0.0,13.07
18719,1,16,,Standard,147,1.56,12.21,0.47,13.3
18720,1,12,,Time Limited,82,6.57,8.25,0.0,14.82
18721,4,16,,Standard,45,3.53,4.19,0.0,7.72
18722,3,9,1.0,Member,146,7.43,19.13,0.0,26.56
18723,3,5,,Standard,113,2.25,13.38,0.0,15.63
18724,5,4,36.0,Member,177,5.7,21.81,0.0,27.51
18725,5,7,,Standard,112,3.85,10.63,0.0,14.48
18726,2,2,,Time Limited,66,7.64,5.7,0.0,13.34
18727,5,11,,Standard,68,0.9,10.58,0.0,11.48
18728,5,5,,Standard,51,1.46,7.04,1.3,7.2
18729,4,9,,Standard,54,7.86,7.49,0.0,15.35
18730,5,13,18.0,Member,165,4.65,24.5,0.79,28.36
18731,4,10,,Standard,94,4.18,14.87,0.0,19.05
18732,2,9,,Standard,52,5.52,7.57,0.0,13.09
18733,3,15,,Time Limited,74,5.46,10.03,0.0,15.49
18734,2,9,1.0,Member,175,5.32,27.09,0.0,32.41
18735,4,14,,Standard,106,4.91,11.98,0.0,16.89
18736,2,11,10.0,Member,87,5.2,9.54,0.0,14.74
18737,5,15,6.0,Member,88,5.92,11.75,0.0,17.67
18738,1,14,,Standard,130,2.76,12.58,0.0,15.34
18739,1,1,8.0,Member,76,5.08,4.78,1.82,8.04
18740,4,12,,Standard,96,4.47,7.09,0.82,10.74
18741,1,16,8.0,Member,135,0.23,10.06,0.0,10.29
18742,5,5,40.0,Member,68,5.22,10.82,2.91,13.13
18743,4,12,,Time Limited,75,0.1,9.69,0.0,9.79
18744,5,4,52.0,Member,116,3.68,6.97,0.0,10.65
18745,2,6,,Standard,79,1.89,12.1,0.0,13.99
18746,3,16,,Standard,83,0.96,6.17,1.73,5.4
18747,5,3,,Standard,133,0.75,12.24,2.31,10.68
18748,4,11,,Standard,123,6.34,16.05,1.39,21.0
18749,5,10,,Standard,57,6.62,5.19,0.0,11.81
18750,5,15,,Standard,129,1.57,19.48,0.39,20.66
18751,1,12,14.0,Member,53,7.18,4.88,0.0,12.06
18752,5,16,,Standard,79,3.98,6.23,0.0,10.21
18753,5,8,6.0,Member,161,7.64,10.43,0.41,17.66
18754,5,15,,Standard,81,0.53,10.04,0.0,10.57
18755,1,14,,Standard,116,2.58,18.53,0.0,21.11
18756,2,2,,Standard,108,7.28,14.49,0.0,21.77
18757,3,13,,Standard,89,3.57,7.47,0.0,11.04
18758,2,9,,Standard,42,5.34,5.38,0.0,10.72
18759,2,6,,Standard,100,5.22,14.56,1.57,18.21
18760,3,1,3.0,Member,80,5.19,12.06,0.0,17.25
18761,3,9,,Time Limited,87,2.22,8.83,0.0,11.05
18762,2,2,56.0,Member,125,1.25,12.3,2.73,10.82
18763,3,15,,Standard,115,0.94,14.55,0.0,15.49
18764,2,12,2.0,Member,135,5.29,13.7,0.0,18.99
18765,4,4,7.0,Member,123,0.3,11.9,0.0,12.2
18766,5,6,,Standard,129,5.28,20.63,0.0,25.91
18767,5,12,,Standard,78,4.87,9.93,0.0,14.8
18768,4,16,,Standard,83,4.16,8.93,0.0,13.09
18769,1,16,44.0,Member,128,1.55,9.03,0.0,10.58
18770,3,2,,Time Limited,57,6.53,7.92,0.0,14.45
18771,2,13,,Time Limited,64,0.03,6.19,0.0,6.22
18772,2,7,,Standard,100,2.84,7.12,0.0,9.96
18773,3,2,,Standard,75,4.28,8.79,0.0,13.07
18774,3,6,2.0,Member,97,7.08,10.2,0.0,17.28
18775,5,9,,Standard,112,7.26,8.92,0.0,16.18
18776,1,11,,Standard,33,4.2,4.99,0.52,8.67
18777,5,7,,Standard,128,0.49,15.61,0.0,16.1
18778,4,4,6.0,Member,91,5.0,7.14,0.0,12.14
18779,5,11,,Time Limited,47,0.64,4.52,2.96,2.2
18780,1,1,63.0,Member,151,2.58,22.76,0.0,25.34
18781,2,14,,Standard,126,0.64,16.45,1.09,16.0
18782,5,3,49.0,Member,88,6.84,8.89,0.0,15.73
18783,4,13,,Standard,62,4.39,7.15,2.05,9.49
18784,4,1,,Standard,57,1.93,7.23,0.0,9.16
18785,2,8,64.0,Member,173,3.83,21.59,0.0,25.42
18786,3,1,10.0,Member,86,1.27,6.18,0.0,7.45
18787,2,4,8.0,Member,112,3.49,6.96,0.0,10.45
18788,1,1,,Standard,122,7.22,9.61,0.0,16.83
18789,1,7,,Standard,81,5.08,7.34,0.0,12.42
18790,4,13,,Standard,126,7.28,16.81,0.0,24.09
18791,4,9,,Standard,54,6.23,3.55,0.0,9.78
18792,1,16,,Standard,149,4.37,17.89,0.0,22.26
18793,1,2,,Administrator,11,5.32,1.47,1.19,5.6
18794,4,9,,Standard,100,1.57,10.86,0.0,12.43
18795,5,7,18.0,Member,168,1.57,24.02,0.0,25.59
18796,1,9,41.0,Member,56,2.49,5.0,0.0,7.49
18797,3,7,,Standard,114,5.39,12.71,0.0,18.1
18798,4,10,61.0,Member,62,2.91,7.04,0.0,9.95
18799,3,11,45.0,Member,148,4.79,11.04,1.45,14.38
18800,3,1,,Standard,122,4.49,11.67,1.33,14.83
18801,1,9,,Standard,93,0.62,12.74,0.0,13.36
18802,4,2,,Standard,94,7.47,7.5,0.0,14.97
18803,2,15,,Time Limited,87,0.22,10.8,0.0,11.02
18804,4,16,,Standard,84,2.35,11.82,1.44,12.73
18805,4,15,,Administrator,28,7.33,2.42,0.49,9.26
18806,4,8,,Free,45,5.29,4.72,1.65,8.36
18807,1,8,,Time Limited,76,4.71,8.41,0.0,13.12
18808,3,2,47.0,Member,55,4.21,8.1,1.19,11.12
18809,4,10,,Standard,50,2.82,7.63,0.0,10.45
18810,4,1,26.0,Member,88,5.28,11.9,0.0,17.18
18811,4,14,52.0,Member,160,2.03,18.85,0.0,20.88
18812,4,6,,Standard,106,4.03,12.57,0.0,16.6
18813,1,5,,Standard,63,6.5,8.17,0.0,14.67
18814,1,3,,Standard,57,5.67,5.43,0.0,11.1
18815,2,3,23.0,Member,56,0.91,5.14,2.7,3.35
18816,5,13,,Standard,114,1.04,15.73,0.0,16.77
18817,1,10,,Standard,121,2.5,17.52,0.0,20.02
18818,3,5,39.0,Member,51,2.07,6.46,1.3,7.23
18819,5,16,26.0,Member,128,0.61,13.11,0.0,13.72
18820,3,11,,Time Limited,57,2.68,4.64,0.0,7.32
18821,2,15,,Standard,130,1.53,12.12,0.0,13.65
18822,1,9,,Standard,74,1.68,4.58,0.0,6.26
18823,1,13,52.0,Member,143,0.26,13.29,0.0,13.55
18824,2,13,15.0,Member,139,5.3,11.06,0.0,16.36
18825,5,6,,Standard,32,1.05,2.92,0.11,3.86
18826,2,11,,Standard,100,3.84,9.18,0.0,13.02
18827,4,3,,Standard,116,6.52,17.98,0.0,24.5
18828,5,13,,Standard,115,1.97,8.32,0.0,10.29
18829,4,3,,Time Limited,67,2.52,9.75,0.14,12.13
18830,3,7,,Time Limited,70,1.35,5.57,0.0,6.92
18831,2,11,,Standard,149,2.28,16.85,2.68,16.45
18832,5,7,,Free,36,1.02,3.13,0.0,4.15
18833,4,8,,Standard,92,4.93,11.53,0.0,16.46
18834,4,9,,Standard,115,4.97,12.37,0.0,17.34
18835,1,15,19.0,Member,105,6.17,7.32,2.43,11.06
18836,3,11,,Administrator,36,4.86,5.2,0.0,10.06
18837,1,2,,Standard,119,2.74,16.34,0.0,19.08
18838,1,4,,Standard,42,4.18,3.6,0.0,7.78
18839,4,14,31.0,Member,169,5.88,25.12,1.26,29.74
18840,5,2,4.0,Member,56,6.36,8.49,0.0,14.85
18841,1,13,,Free,25,3.27,1.57,0.0,4.84
18842,4,4,,Standard,105,4.28,11.5,0.0,15.78
18843,4,2,,Standard,120,7.3,15.72,0.0,23.02
18844,4,16,,Standard,120,5.06,16.32,0.0,21.38
18845,1,6,,Standard,77,2.98,8.09,0.0,11.07
18846,1,10,60.0,Member,119,7.49,8.94,0.0,16.43
18847,2,5,,Standard,41,0.23,6.17,0.0,6.4
18848,3,16,,Standard,92,0.57,10.38,0.0,10.95
18849,3,6,,Standard,42,7.93,6.53,0.0,14.46
18850,3,8,,Standard,31,7.7,4.54,0.0,12.24
18851,5,1,57.0,Member,126,3.34,18.88,2.62,19.6
18852,3,7,,Standard,95,0.96,10.87,0.0,11.83
18853,5,5,,Standard,86,4.57,12.56,0.0,17.13
18854,4,5,,Free,34,4.6,3.14,0.0,7.74
18855,1,1,64.0,Member,96,0.89,12.89,0.0,13.78
18856,4,10,,Standard,48,2.27,5.63,0.0,7.9
18857,4,3,31.0,Member,141,1.93,18.54,0.0,20.47
18858,1,1,,Standard,146,5.09,18.58,0.0,23.67
18859,4,15,,Standard,120,0.55,14.65,0.0,15.2
18860,5,7,5.0,Member,140,6.68,16.35,0.0,23.03
18861,2,8,35.0,Member,83,1.46,8.31,0.0,9.77
18862,5,16,,Standard,139,7.76,11.42,0.0,19.18
18863,3,12,,Standard,63,1.1,6.66,0.0,7.76
18864,4,7,,Standard,113,4.52,12.12,0.0,16.64
18865,2,13,,Standard,80,4.65,11.43,0.0,16.08
18866,4,15,,Standard,92,4.03,9.64,0.0,13.67
18867,4,7,,Time Limited,89,1.57,11.29,1.56,11.3
18868,2,16,10.0,Member,141,4.21,16.91,2.6,18.52
18869,5,3,,Standard,138,4.03,11.78,0.0,15.81
18870,3,2,,Standard,143,6.83,15.77,0.0,22.6
18871,1,12,4.0,Member,45,6.89,3.06,0.0,9.95
18872,2,5,,Standard,121,7.02,10.95,0.0,17.97
18873,4,7,,Free,52,6.21,7.56,0.0,13.77
18874,5,6,,Standard,147,1.94,15.18,0.37,16.75
18875,4,3,16.0,Member,179,1.5,13.23,0.0,14.73
18876,5,5,,Free,18,3.82,1.25,0.4,4.67
18877,3,4,,Standard,61,6.51,8.11,2.57,12.05
18878,4,1,14.0,Member,169,7.7,26.27,0.0,33.97
18879,5,3,,Standard,70,0.95,8.39,0.0,9.34
18880,2,1,34.0,Member,81,6.28,10.35,0.0,16.63
18881,5,3,,Standard,127,1.07,18.34,0.0,19.41
18882,3,8,,Standard,136,0.43,13.17,0.0,13.6
18883,2,4,,Standard,53,2.58,5.89,0.0,8.47
18884,4,15,,Standard,106,2.14,11.87,0.0,14.01
18885,3,11,,Standard,123,1.5,17.25,0.0,18.75
18886,4,7,14.0,Member,117,1.3,8.59,0.0,9.89
18887,4,2,63.0,Member,130,1.28,20.33,0.0,21.61
18888,4,13,,Administrator,34,2.3,3.29,0.04,5.55
18889,2,5,,Time Limited,30,2.06,3.24,2.24,3.06
18890,3,6,,Time Limited,53,4.35,5.3,0.0,9.65
18891,4,12,7.0,Member,104,0.5,11.18,0.0,11.68
18892,5,13,,Time Limited,88,4.78,5.8,0.0,10.58
18893,3,4,5.0,Member,86,5.71,9.05,2.23,12.53
18894,1,1,,Standard,145,5.99,9.44,2.94,12.49
18895,3,8,,Time Limited,76,2.3,11.61,0.0,13.91
18896,4,7,8.0,Member,48,6.01,6.56,1.88,10.69
18897,3,15,,Standard,107,4.35,9.55,0.0,13.9
18898,3,1,,Standard,35,5.02,4.12,0.0,9.14
18899,5,1,,Standard,150,0.83,13.99,2.5,12.32
18900,3,3,,Standard,50,4.85,5.3,0.0,10.15
18901,4,16,35.0,Member,149,3.38,10.62,0.0,14.0
18902,1,16,,Standard,82,0.49,5.25,0.0,5.74
18903,5,12,,Standard,37,3.81,2.69,0.0,6.5
18904,1,2,33.0,Member,75,2.51,9.32,2.93,8.9
18905,3,6,,Time Limited,42,3.64,4.21,0.0,7.85
18906,5,13,30.0,Member,118,4.92,16.79,0.0,21.71
18907,3,13,,Administrator,19,5.24,1.22,0.0,6.46
18908,3,10,52.0,Member,156,0.91,10.64,0.0,11.55
18909,5,16,,Standard,31,5.69,2.97,0.4,8.26
18910,1,3,59.0,Member,114,2.84,15.69,0.0,18.53
18911,5,13,25.0,Member,76,5.99,9.16,0.0,15.15
18912,5,2,3.0,Member,46,7.49,6.7,0.0,14.19
18913,5,5,,Standard,54,1.44,4.77,0.56,5.65
18914,2,1,6.0,Member,110,5.64,9.37,0.0,15.01
18915,1,8,66.0,Member,158,0.03,15.62,0.0,15.65
18916,3,3,,Standard,148,7.15,14.45,0.0,21.6
18917,1,13,,Standard,139,3.6,17.09,0.0,20.69
18918,3,4,,Standard,115,6.0,9.66,0.0,15.66
18919,1,6,,Standard,94,7.03,11.96,0.0,18.99
18920,2,11,64.0,Member,120,6.78,8.42,0.0,15.2
18921,4,4,,Standard,99,4.93,15.41,0.0,20.34
18922,1,6,,Standard,140,6.0,16.33,0.71,21.62
18923,3,2,3.0,Member,46,6.38,4.13,0.0,10.51
18924,1,4,,Standard,143,3.3,14.26,0.0,17.56
18925,3,6,,Standard,109,7.75,10.67,0.0,18.42
18926,5,5,,Time Limited,73,1.07,7.93,0.0,9.0
18927,1,2,,Administrator,12,3.08,0.76,1.69,2.15
18928,3,9,10.0,Member,133,5.91,13.19,0.0,19.1
18929,1,12,46.0,Member,177,1.04,15.37,0.0,16.41
18930,4,3,,Standard,62,1.41,4.83,0.0,6.24
18931,2,3,,Standard,84,5.84,5.32,1.34,9.82
18932,1,7,,Standard,87,1.19,10.99,0.0,12.18
18933,1,4,27.0,Member,167,2.97,24.65,1.05,26.57
18934,5,9,,Standard,144,5.29,18.58,0.0,23.87
18935,2,7,,Standard,102,3.51,13.82,1.14,16.19
18936,4,13,9.0,Member,53,5.14,8.37,2.63,10.88
18937,4,2,,Standard,69,5.73,7.0,0.0,12.73
18938,1,2,,Standard,136,5.27,13.36,0.0,18.63
18939,2,11,,Standard,49,6.26,5.53,0.0,11.79
18940,1,15,,Standard,105,4.9,6.93,0.0,11.83
18941,1,16,,Free,51,2.76,3.18,0.0,5.94
18942,2,4,25.0,Member,91,0.53,8.61,2.38,6.76
18943,2,11,,Standard,101,6.91,11.32,0.0,18.23
18944,5,1,,Administrator,32,3.64,4.94,0.0,8.58
18945,3,1,17.0,Member,126,1.49,13.99,1.73,13.75
18946,1,12,,Standard,133,2.5,9.55,0.0,12.05
18947,4,11,34.0,Member,146,0.84,12.48,2.55,10.77
18948,3,15,,Standard,64,3.14,5.37,0.0,8.51
18949,4,15,,Time Limited,36,7.68,4.4,0.73,11.35
18950,3,9,6.0,Member,76,5.86,9.65,2.89,12.62
18951,4,16,,Standard,93,0.46,8.49,0.0,8.95
18952,2,5,,Time Limited,63,1.33,6.67,0.0,8.0
18953,4,5,,Standard,45,0.7,4.37,0.03,5.04
18954,1,4,4.0,Member,163,5.9,19.14,2.91,22.13
18955,2,15,,Standard,148,1.29,23.08,0.0,24.37
18956,1,14,,Standard,93,0.84,6.47,0.0,7.31
18957,3,14,,Administrator,11,1.59,1.39,0.0,2.98
18958,5,10,4.0,Member,54,7.21,5.56,2.05,10.72
18959,5,7,,Standard,47,2.92,6.72,0.0,9.64
18960,5,12,,Standard,78,3.45,7.1,0.0,10.55
18961,5,6,,Standard,130,7.51,14.12,0.0,21.63
18962,1,13,,Standard,73,2.3,4.59,2.32,4.57
18963,2,4,,Free,59,7.42,6.48,0.0,13.9
18964,4,15,,Standard,106,3.36,12.05,0.0,15.41
18965,1,6,66.0,Member,178,3.08,21.76,2.31,22.53
18966,1,13,,Standard,139,3.99,21.25,0.0,25.24
18967,4,2,,Administrator,31,6.58,3.95,0.0,10.53
18968,5,10,,Standard,59,5.79,4.98,0.0,10.77
18969,4,7,35.0,Member,104,7.75,9.13,0.0,16.88
18970,3,6,14.0,Member,105,2.77,16.33,0.0,19.1
18971,5,7,,Free,49,1.25,6.66,0.0,7.91
18972,4,8,,Free,53,1.18,3.97,0.11,5.04
18973,1,16,,Administrator,10,2.51,1.55,0.0,4.06
18974,5,11,,Standard,116,1.88,13.79,0.0,15.67
18975,1,1,7.0,Member,94,7.86,9.1,0.0,16.96
18976,3,12,,Administrator,29,2.74,3.02,0.0,5.76
18977,5,6,7.0,Member,113,0.58,14.44,0.0,15.02
18978,2,12,,Standard,48,4.59,3.81,2.88,5.52
18979,3,15,,Standard,86,1.96,9.27,1.91,9.32
18980,3,4,3.0,Member,136,7.65,8.64,0.0,16.29
18981,4,3,,Standard,110,1.65,12.35,0.0,14.0
18982,4,1,27.0,Member,108,3.26,12.06,0.43,14.89
18983,1,12,,Standard,79,3.0,9.53,0.0,12.53
18984,4,6,,Time Limited,87,0.33,9.7,0.0,10.03
18985,2,8,,Standard,84,3.24,6.43,0.0,9.67
18986,4,1,,Standard,68,5.61,6.37,0.0,11.98
18987,5,1,,Standard,73,4.6,8.0,0.0,12.6
18988,5,15,,Time Limited,54,7.84,5.31,0.45,12.7
18989,1,2,,Time Limited,66,7.12,6.12,0.0,13.24
18990,3,1,,Standard,81,1.94,5.73,0.0,7.67
18991,5,10,2.0,Member,169,4.55,19.89,0.0,24.44
18992,5,1,,Standard,44,0.64,6.71,0.0,7.35
18993,1,10,,Administrator,12,1.37,0.98,0.0,2.35
18994,4,6,60.0,Member,174,5.3,23.44,2.83,25.91
18995,3,15,,Standard,44,3.81,4.45,0.0,8.26
18996,4,2,,Administrator,18,5.79,2.49,0.11,8.17
18997,3,13,5.0,Member,71,7.86,11.21,0.0,19.07
18998,1,13,,Standard,96,1.06,6.77,2.93,4.9
18999,3,7,40.0,Member,106,3.21,12.38,0.0,15.59
19000,1,8,,Standard,75,5.18,5.04,0.0,10.22
19001,1,16,,Standard,37,7.3,4.41,1.72,9.99
19002,4,16,,Free,57,3.74,4.25,0.0,7.99
19003,4,9,,Standard,72,0.58,6.66,0.0,7.24
19004,5,14,59.0,Member,162,1.47,23.3,1.06,23.71
19005,2,11,,Administrator,11,3.27,0.74,0.0,4.01
19006,3,10,4.0,Member,166,2.15,15.11,0.0,17.26
19007,1,11,5.0,Member,164,2.85,13.66,0.81,15.7
19008,4,6,,Standard,110,4.01,16.93,0.0,20.94
19009,1,13,4.0,Member,120,3.42,8.31,0.39,11.34
19010,3,4,34.0,Member,77,7.25,6.8,0.0,14.05
19011,1,11,,Time Limited,42,4.56,5.32,0.0,9.88
19012,2,8,58.0,Member,65,1.55,5.06,0.0,6.61
19013,1,4,6.0,Member,100,2.81,12.4,0.7,14.51
19014,2,11,,Standard,88,2.12,13.74,0.0,15.86
19015,4,3,58.0,Member,84,6.18,7.3,0.0,13.48
19016,5,12,61.0,Member,86,2.32,6.71,0.0,9.03
19017,5,3,,Standard,140,2.55,21.9,0.66,23.79
19018,4,2,8.0,Member,124,6.86,18.67,0.0,25.53
19019,2,10,,Administrator,31,4.8,3.88,0.0,8.68
19020,5,1,,Standard,138,3.49,11.02,0.0,14.51
19021,2,8,,Standard,101,3.78,6.34,0.0,10.12
19022,4,3,,Time Limited,83,3.09,6.67,0.0,9.76
19023,2,10,,Standard,76,0.18,5.61,0.34,5.45
19024,4,8,,Standard,107,0.23,9.35,0.0,9.58
19025,4,7,,Administrator,19,7.24,1.77,0.29,8.72
19026,1,7,10.0,Member,48,6.24,3.07,0.0,9.31
19027,1,4,,Standard,48,3.1,6.31,0.0,9.41
19028,3,5,42.0,Member,90,7.2,11.52,0.0,18.72
19029,1,9,,Standard,67,0.96,5.2,0.0,6.16
19030,1,8,61.0,Member,86,3.98,5.35,1.02,8.31
19031,2,4,,Standard,105,4.27,7.06,1.0,10.33
19032,5,13,,Free,18,3.75,2.18,0.0,5.93
19033,4,4,,Standard,103,3.89,10.64,0.0,14.53
19034,5,13,,Standard,82,2.53,9.39,0.0,11.92
19035,2,7,,Standard,123,4.88,13.86,0.0,18.74
19036,5,4,60.0,Member,90,3.07,12.06,2.52,12.61
19037,3,14,,Administrator,38,5.26,2.33,0.0,7.59
19038,2,8,,Standard,99,0.38,9.39,1.55,8.22
19039,5,13,,Time Limited,83,4.98,11.65,0.01,16.62
19040,4,7,,Standard,144,5.47,13.97,1.46,17.98
19041,5,7,,Administrator,11,7.82,1.4,0.0,9.22
19042,5,11,,Standard,38,7.44,5.47,0.0,12.91
19043,4,6,,Standard,37,1.53,2.83,0.0,4.36
19044,3,2,,Standard,48,5.32,2.9,0.0,8.22
19045,5,2,,Standard,119,6.03,8.23,0.88,13.38
19046,3,13,,Standard,110,0.36,11.94,1.7,10.6
19047,2,13,,Time Limited,48,2.66,3.47,2.11,4.02
19048,4,12,20.0,Member,73,7.01,5.83,0.0,12.84
19049,1,4,19.0,Member,158,7.25,24.86,1.51,30.6
19050,2,2,,Time Limited,33,0.85,4.93,0.0,5.78
19051,1,11,,Standard,48,2.78,7.46,0.0,10.24
19052,2,10,,Free,42,3.45,3.13,0.0,6.58
19053,5,10,,Time Limited,53,4.08,3.48,0.0,7.56
19054,3,5,32.0,Member,83,3.19,12.45,0.0,15.64
19055,1,10,,Standard,105,0.11,11.69,0.0,11.8
19056,1,12,12.0,Member,86,1.01,8.54,0.0,9.55
19057,4,1,53.0,Member,78,6.98,6.51,0.0,13.49
19058,4,12,,Standard,98,4.8,15.03,2.6,17.23
19059,5,13,,Free,22,2.84,2.39,0.0,5.23
19060,3,8,7.0,Member,124,0.76,12.71,0.61,12.86
19061,1,16,32.0,Member,51,6.17,7.18,0.0,13.35
19062,3,9,43.0,Member,135,6.65,19.26,0.0,25.91
19063,1,3,,Standard,134,4.91,13.04,0.0,17.95
19064,2,13,,Standard,101,4.42,13.04,1.39,16.07
19065,3,15,,Standard,76,5.78,11.9,0.0,17.68
19066,5,13,,Standard,33,2.77,2.5,0.0,5.27
19067,5,15,,Time Limited,52,4.51,8.21,0.29,12.43
19068,4,2,,Standard,52,2.56,7.34,0.18,9.72
19069,4,13,54.0,Member,72,4.53,5.25,0.0,9.78
19070,3,6,,Standard,39,6.14,5.37,0.0,11.51
19071,4,10,43.0,Member,48,6.19,6.68,0.0,12.87
19072,1,2,,Standard,114,2.03,11.63,0.0,13.66
19073,3,1,,Administrator,25,7.97,1.54,0.0,9.51
19074,1,7,7.0,Member,49,5.2,3.39,0.0,8.59
19075,2,1,29.0,Member,154,4.39,12.37,0.0,16.76
19076,3,1,,Standard,32,4.17,2.69,0.0,6.86
19077,5,12,61.0,Member,110,2.74,13.91,0.0,16.65
19078,2,6,,Time Limited,50,1.97,4.05,0.0,6.02
19079,5,8,,Time Limited,59,1.34,6.73,0.0,8.07
19080,3,15,62.0,Member,100,7.7,14.2,0.24,21.66
19081,3,15,,Standard,124,3.54,14.12,0.0,17.66
19082,1,10,,Free,18,2.6,1.75,2.63,1.72
19083,3,4,3.0,Member,48,1.28,4.22,2.72,2.78
19084,3,7,,Standard,121,4.81,11.82,0.0,16.63
19085,1,5,,Time Limited,81,4.06,10.78,0.0,14.84
19086,1,2,,Time Limited,68,3.07,5.4,0.0,8.47
19087,1,4,52.0,Member,62,2.32,6.79,0.0,9.11
19088,3,7,,Standard,97,5.72,7.83,0.0,13.55
19089,2,13,,Standard,45,4.28,4.36,0.0,8.64
19090,1,5,,Standard,48,6.12,4.7,0.81,10.01
19091,1,16,3.0,Member,51,4.37,5.22,0.0,9.59
19092,5,5,3.0,Member,153,6.71,18.85,0.0,25.56
19093,3,3,37.0,Member,107,0.02,15.01,0.0,15.03
19094,4,16,42.0,Member,98,1.84,8.94,0.0,10.78
19095,5,12,,Administrator,33,0.9,4.5,1.3,4.1
19096,5,16,,Standard,123,5.34,16.95,0.0,22.29
19097,4,13,,Administrator,30,0.69,2.28,1.86,1.11
19098,3,3,,Standard,99,6.99,12.25,2.29,16.95
19099,5,16,,Standard,66,1.74,6.35,0.0,8.09
19100,1,13,,Standard,124,6.62,8.55,0.0,15.17
19101,2,6,,Standard,76,5.8,6.65,0.43,12.02
19102,3,7,,Standard,36,1.46,2.86,0.0,4.32
19103,5,12,,Standard,49,3.62,3.46,0.0,7.08
19104,5,7,,Standard,109,1.87,11.01,1.45,11.43
19105,3,14,,Standard,135,2.54,11.53,0.0,14.07
19106,1,2,34.0,Member,87,4.79,12.71,0.0,17.5
19107,3,14,,Time Limited,89,1.27,6.44,0.24,7.47
19108,4,1,,Standard,83,0.19,10.89,0.0,11.08
19109,3,16,,Standard,51,6.07,3.76,0.0,9.83
19110,5,16,,Standard,80,4.91,9.54,0.0,14.45
19111,1,7,,Standard,136,1.56,12.14,2.85,10.85
19112,1,11,,Standard,87,0.12,5.79,0.0,5.91
19113,1,4,,Standard,117,6.19,11.28,0.0,17.47
19114,1,4,,Standard,140,4.67,20.05,0.0,24.72
19115,4,13,,Time Limited,31,6.43,3.51,0.0,9.94
19116,4,1,,Standard,52,1.95,4.62,0.0,6.57
19117,4,5,10.0,Member,179,7.01,13.52,0.0,20.53
19118,5,9,,Administrator,30,0.82,3.04,0.0,3.86
19119,2,7,66.0,Member,92,3.48,13.1,0.0,16.58
19120,5,1,32.0,Member,131,1.44,17.4,0.0,18.84
19121,3,8,,Free,20,5.96,3.11,0.0,9.07
19122,1,4,,Standard,50,5.08,6.85,0.0,11.93
19123,1,3,,Standard,63,4.4,3.82,0.0,8.22
19124,4,6,,Standard,140,3.3,19.84,1.46,21.68
19125,4,9,3.0,Member,178,3.78,12.8,2.38,14.2
19126,2,14,,Time Limited,90,4.15,10.06,0.0,14.21
19127,1,8,,Standard,33,6.12,3.4,0.0,9.52
19128,2,8,,Standard,65,1.14,9.58,0.0,10.72
19129,3,1,,Standard,107,1.97,11.36,0.0,13.33
19130,4,8,15.0,Member,145,7.1,17.99,0.0,25.09
19131,4,15,,Standard,129,4.48,12.42,1.04,15.86
19132,5,13,,Free,40,1.25,3.45,0.0,4.7
19133,1,13,,Standard,96,3.3,9.65,0.0,12.95
19134,1,3,,Standard,37,3.38,2.67,1.43,4.62
19135,2,13,47.0,Member,111,0.03,17.54,2.79,14.78
19136,4,3,,Standard,149,2.62,14.73,0.0,17.35
19137,5,10,,Standard,57,3.12,8.54,0.0,11.66
19138,3,7,,Time Limited,63,2.13,8.26,0.0,10.39
19139,3,16,,Standard,73,1.57,6.87,0.0,8.44
19140,5,11,,Standard,106,4.92,11.55,0.0,16.47
19141,3,15,14.0,Member,67,0.42,7.95,0.0,8.37
19142,1,7,,Free,29,3.23,2.77,0.0,6.0
19143,5,6,,Standard,116,1.77,11.77,0.0,13.54
19144,1,5,,Standard,49,1.1,5.83,0.21,6.72
19145,5,1,,Free,28,0.48,4.31,0.0,4.79
19146,1,4,,Time Limited,30,6.89,4.14,0.0,11.03
19147,5,9,,Standard,114,6.53,6.97,2.51,10.99
19148,5,13,,Standard,38,3.22,4.41,0.0,7.63
19149,1,3,,Standard,101,1.25,8.1,0.0,9.35
19150,3,11,13.0,Member,92,1.62,7.79,0.0,9.41
19151,5,10,,Standard,128,5.07,16.37,2.84,18.6
19152,2,10,26.0,Member,141,7.31,11.22,0.0,18.53
19153,2,9,,Administrator,18,0.3,1.38,0.0,1.68
19154,1,16,,Standard,78,0.78,11.16,0.0,11.94
19155,4,12,,Standard,61,4.41,9.48,0.0,13.89
19156,2,7,,Standard,139,5.18,20.17,0.0,25.35
19157,4,16,61.0,Member,151,4.9,16.9,1.85,19.95
19158,5,16,25.0,Member,89,3.47,8.39,1.98,9.88
19159,3,14,,Standard,36,6.45,5.74,2.08,10.11
19160,3,14,9.0,Member,82,6.36,8.15,0.0,14.51
19161,5,8,,Time Limited,72,3.84,4.74,0.0,8.58
19162,1,6,5.0,Member,151,1.36,9.92,0.0,11.28
19163,3,1,58.0,Member,160,6.78,24.63,0.72,30.69
19164,1,10,,Standard,119,4.59,15.71,1.95,18.35
19165,4,1,,Standard,119,2.36,17.94,0.0,20.3
19166,4,14,,Standard,62,4.05,6.17,0.0,10.22
19167,5,11,,Standard,134,1.58,12.68,0.0,14.26
19168,4,16,46.0,Member,76,0.8,5.72,2.82,3.7
19169,3,15,,Standard,32,2.27,3.49,0.67,5.09
19170,5,15,,Standard,42,5.44,4.82,0.0,10.26
19171,2,3,,Time Limited,44,2.12,4.55,0.0,6.67
19172,5,6,,Time Limited,73,7.22,10.51,0.0,17.73
19173,3,4,,Free,38,5.94,5.98,0.0,11.92
19174,4,3,,Time Limited,54,4.01,7.74,0.0,11.75
19175,4,3,,Standard,90,4.98,13.21,0.0,18.19
19176,5,16,,Standard,83,3.85,8.15,0.0,12.0
19177,2,5,,Standard,73,6.06,7.53,0.0,13.59
19178,2,1,,Standard,99,4.93,6.76,0.0,11.69
19179,5,2,,Standard,128,5.13,17.03,0.34,21.82
19180,4,1,,Standard,129,3.23,14.17,0.45,16.95
19181,5,1,,Time Limited,37,0.9,5.65,0.0,6.55
19182,5,12,,Standard,136,6.83,21.05,0.0,27.88
19183,3,8,19.0,Member,97,0.84,7.38,0.0,8.22
19184,3,8,,Standard,62,2.63,7.26,1.83,8.06
19185,2,9,8.0,Member,178,0.73,21.61,2.61,19.73
19186,1,2,,Standard,89,6.21,6.36,0.0,12.57
19187,4,13,50.0,Member,149,1.06,16.57,0.0,17.63
19188,4,15,39.0,Member,49,5.26,6.6,0.0,11.86
19189,2,13,,Standard,82,2.23,7.02,0.0,9.25
19190,2,6,12.0,Member,65,0.9,4.02,0.0,4.92
19191,5,14,,Standard,95,0.16,6.02,1.11,5.07
19192,5,6,1.0,Member,109,0.67,6.97,0.0,7.64
19193,2,11,,Free,57,0.18,4.97,0.0,5.15
19194,3,9,,Standard,87,3.84,8.38,0.0,12.22
19195,3,14,,Standard,32,1.25,3.12,0.0,4.37
19196,3,1,20.0,Member,64,2.21,8.6,0.0,10.81
19197,3,2,,Standard,107,6.28,15.97,0.42,21.83
19198,4,15,7.0,Member,153,3.48,14.57,0.0,18.05
19199,1,12,,Standard,38,1.93,3.6,0.0,5.53
19200,5,9,,Time Limited,37,4.66,2.46,0.0,7.12
19201,2,15,,Standard,93,6.75,14.3,0.0,21.05
19202,3,13,2.0,Member,143,5.06,20.6,0.0,25.66
19203,1,12,,Standard,35,0.94,2.31,0.0,3.25
19204,5,7,60.0,Member,93,5.74,11.31,1.28,15.77
19205,2,4,,Standard,92,3.29,8.68,0.0,11.97
19206,4,7,,Standard,67,4.28,5.74,0.21,9.81
19207,3,14,,Standard,101,7.49,6.24,0.37,13.36
19208,3,8,,Standard,104,1.29,6.52,0.0,7.81
19209,5,11,19.0,Member,91,2.33,11.85,0.0,14.18
19210,4,2,66.0,Member,129,1.34,15.91,0.0,17.25
19211,4,14,,Standard,46,7.1,4.79,0.71,11.18
19212,1,15,36.0,Member,50,4.33,7.95,0.0,12.28
19213,5,13,,Standard,47,6.2,6.51,0.0,12.71
19214,1,5,,Standard,105,6.69,14.49,0.0,21.18
19215,1,3,,Free,45,7.17,3.5,0.0,10.67
19216,5,13,,Standard,91,7.65,10.98,0.0,18.63
19217,3,16,,Standard,41,4.72,3.52,0.0,8.24
19218,3,14,,Standard,138,7.96,14.73,0.0,22.69
19219,3,6,3.0,Member,85,1.94,9.83,0.44,11.33
19220,3,10,,Standard,138,7.92,16.43,2.02,22.33
19221,1,13,36.0,Member,71,7.48,4.59,0.0,12.07
19222,5,15,,Standard,146,1.89,17.05,0.0,18.94
19223,2,14,46.0,Member,127,3.07,17.46,0.0,20.53
19224,4,7,,Standard,136,3.21,8.47,0.0,11.68
19225,2,14,,Standard,39,5.28,5.2,0.0,10.48
19226,5,15,,Standard,49,2.69,5.47,0.0,8.16
19227,5,4,,Standard,56,7.18,3.92,0.0,11.1
19228,4,15,,Time Limited,50,3.61,4.85,0.0,8.46
19229,4,3,,Standard,141,2.37,11.06,0.0,13.43
19230,4,16,58.0,Member,139,4.71,10.46,0.0,15.17
19231,5,1,36.0,Member,180,4.02,19.84,0.0,23.86
19232,2,7,,Free,49,3.34,5.16,0.0,8.5
19233,3,4,8.0,Member,70,2.36,6.04,2.43,5.97
19234,3,14,44.0,Member,50,4.3,6.49,0.0,10.79
19235,5,12,51.0,Member,74,3.08,6.66,0.0,9.74
19236,4,16,62.0,Member,68,1.64,10.39,0.0,12.03
19237,3,15,,Free,27,7.05,2.56,0.0,9.61
19238,1,2,,Free,35,1.11,3.27,0.0,4.38
19239,2,6,44.0,Member,80,5.08,4.81,0.0,9.89
19240,5,15,36.0,Member,134,1.76,18.67,0.0,20.43
19241,3,1,,Standard,111,3.73,15.51,2.88,16.36
19242,4,6,,Standard,102,1.78,15.26,0.0,17.04
19243,4,8,21.0,Member,174,2.57,23.88,0.0,26.45
19244,3,15,21.0,Member,57,7.1,5.17,0.0,12.27
19245,3,10,,Standard,142,6.57,22.09,2.94,25.72
19246,5,7,4.0,Member,77,4.8,8.79,0.0,13.59
19247,1,2,,Time Limited,85,7.59,10.43,1.86,16.16
19248,3,9,,Administrator,41,4.78,2.89,0.0,7.67
19249,4,14,37.0,Member,180,4.05,17.72,0.0,21.77
19250,5,6,10.0,Member,76,5.99,10.58,0.0,16.57
19251,4,12,,Free,57,0.82,6.4,0.0,7.22
19252,2,12,64.0,Member,103,4.42,13.73,0.0,18.15
19253,3,14,,Standard,65,0.1,6.05,0.0,6.15
19254,3,11,26.0,Member,155,6.2,21.11,0.0,27.31
19255,4,8,36.0,Member,61,7.99,4.94,0.0,12.93
19256,3,12,11.0,Member,65,6.67,8.61,0.0,15.28
19257,5,5,,Standard,106,3.93,7.59,0.0,11.52
19258,4,10,,Time Limited,82,0.8,11.41,0.0,12.21
19259,1,14,,Free,54,4.95,5.33,1.58,8.7
19260,5,4,,Standard,123,6.37,12.39,0.92,17.84
19261,3,5,,Standard,51,6.84,3.57,0.0,10.41
19262,5,11,,Administrator,22,2.19,1.41,1.44,2.16
19263,4,6,,Standard,91,6.75,8.73,2.62,12.86
19264,4,9,,Standard,93,6.58,8.64,0.0,15.22
19265,1,10,7.0,Member,155,7.68,21.76,0.7,28.74
19266,4,3,,Standard,58,3.89,3.54,0.0,7.43
19267,2,12,,Standard,95,1.66,6.67,0.0,8.33
19268,3,12,57.0,Member,126,8.0,10.57,0.0,18.57
19269,3,11,,Standard,115,7.66,12.84,0.0,20.5
19270,1,6,,Standard,101,7.96,11.82,0.0,19.78
19271,4,15,,Standard,46,3.9,7.06,0.0,10.96
19272,1,4,,Standard,78,5.64,5.4,1.17,9.87
19273,1,4,,Standard,79,0.49,5.41,0.0,5.9
19274,5,16,,Standard,52,2.34,7.98,0.0,10.32
19275,3,14,,Standard,127,1.22,13.39,0.0,14.61
19276,2,15,34.0,Member,49,6.91,4.17,0.0,11.08
19277,4,3,,Standard,112,7.38,17.85,1.6,23.63
19278,4,9,,Time Limited,61,4.09,9.4,0.0,13.49
19279,3,15,8.0,Member,126,1.63,9.76,2.0,9.39
19280,4,2,35.0,Member,73,5.6,8.09,0.0,13.69
19281,3,9,49.0,Member,52,3.98,3.22,0.0,7.2
19282,5,5,24.0,Member,90,5.7,7.46,0.0,13.16
19283,5,6,,Administrator,12,1.1,1.54,0.34,2.3
19284,1,12,3.0,Member,135,5.04,14.45,0.0,19.49
19285,4,16,,Standard,119,2.48,8.75,0.0,11.23
19286,2,15,,Standard,31,3.78,4.05,0.0,7.83
19287,5,1,,Administrator,13,7.08,1.73,0.0,8.81
19288,1,11,10.0,Member,75,6.83,11.51,0.0,18.34
19289,4,2,,Standard,100,6.51,13.6,1.12,18.99
19290,2,16,,Time Limited,89,7.36,8.51,0.0,15.87
19291,4,4,,Standard,145,5.35,17.75,0.0,23.1
19292,2,7,,Standard,117,0.21,9.07,2.02,7.26
19293,5,9,,Standard,102,6.64,6.42,0.0,13.06
19294,3,4,,Standard,124,1.98,7.54,0.0,9.52
19295,2,12,,Standard,104,6.76,13.53,0.0,20.29
19296,1,13,58.0,Member,63,5.15,7.18,0.0,12.33
19297,4,7,,Standard,35,7.66,2.79,0.0,10.45
19298,4,10,12.0,Member,104,3.76,9.26,0.0,13.02
19299,4,11,,Free,23,7.21,2.18,2.29,7.1
19300,5,3,,Administrator,39,2.25,5.1,0.72,6.63
19301,4,14,,Standard,61,6.36,8.56,0.0,14.92
19302,4,6,,Standard,88,4.23,14.04,0.0,18.27
19303,1,14,,Administrator,15,1.02,1.93,0.65,2.3
19304,1,6,,Free,16,7.02,1.55,0.42,8.15
19305,1,8,,Time Limited,83,6.21,7.97,0.0,14.18
19306,1,13,40.0,Member,136,4.38,20.54,0.04,24.88
19307,1,3,,Standard,145,5.54,20.54,1.77,24.31
19308,4,3,,Free,22,4.94,1.87,0.0,6.81
19309,4,10,,Administrator,14,3.14,2.07,2.46,2.75
19310,1,7,30.0,Member,81,5.14,12.82,0.0,17.96
19311,5,14,,Standard,84,4.67,7.44,2.59,9.52
19312,2,12,7.0,Member,155,3.72,9.35,0.0,13.07
19313,5,11,5.0,Member,73,6.7,9.72,0.0,16.42
19314,4,10,32.0,Member,104,0.1,13.57,0.0,13.67
19315,4,2,,Standard,141,3.06,12.47,0.0,15.53
19316,3,10,,Standard,43,1.68,4.59,0.51,5.76
19317,4,4,,Standard,115,7.4,14.54,0.94,21.0
19318,1,8,,Standard,51,0.44,6.41,0.0,6.85
19319,5,1,,Time Limited,59,2.63,3.7,1.99,4.34
19320,5,4,48.0,Member,134,5.91,14.11,0.0,20.02
19321,2,11,,Standard,142,4.51,19.8,0.0,24.31
19322,5,13,,Standard,102,1.56,15.64,0.45,16.75
19323,4,9,1.0,Member,167,1.02,16.95,0.0,17.97
19324,3,4,8.0,Member,180,7.97,20.17,0.0,28.14
19325,3,7,,Standard,119,2.23,15.17,0.0,17.4
19326,4,6,,Time Limited,72,4.04,5.5,1.71,7.83
19327,3,13,,Standard,30,5.25,3.94,0.0,9.19
19328,2,15,,Standard,70,5.63,10.57,0.0,16.2
19329,1,16,,Standard,108,0.8,12.22,0.0,13.02
19330,2,14,19.0,Member,147,5.64,8.87,0.0,14.51
19331,3,7,,Time Limited,73,5.19,9.6,0.0,14.79
19332,2,11,,Administrator,19,4.38,1.23,0.0,5.61
19333,4,16,,Standard,62,4.7,6.87,1.99,9.58
19334,3,15,,Standard,40,5.69,5.34,1.09,9.94
19335,5,5,,Time Limited,64,4.59,8.12,0.0,12.71
19336,2,1,,Time Limited,52,3.17,6.53,0.0,9.7
19337,4,7,,Standard,30,4.89,2.09,2.27,4.71
19338,5,4,,Standard,112,4.07,8.79,0.0,12.86
19339,4,14,5.0,Member,48,0.07,5.42,0.0,5.49
19340,1,7,,Standard,138,4.54,12.41,0.0,16.95
19341,1,14,33.0,Member,84,7.23,12.26,0.0,19.49
19342,2,8,,Time Limited,30,2.69,3.58,0.0,6.27
19343,5,7,,Standard,52,2.28,4.36,0.67,5.97
19344,2,16,,Standard,111,3.19,15.37,1.3,17.26
19345,3,11,18.0,Member,59,7.87,9.36,0.89,16.34
19346,3,3,28.0,Member,137,7.43,17.61,0.0,25.04
19347,3,3,32.0,Member,85,5.98,11.11,0.0,17.09
19348,2,7,,Free,32,4.33,4.71,0.0,9.04
19349,5,7,,Standard,91,6.66,10.27,0.0,16.93
19350,3,15,52.0,Member,166,3.82,24.16,2.41,25.57
19351,5,12,,Standard,68,5.19,7.33,0.0,12.52
19352,4,12,,Standard,71,0.34,8.35,0.0,8.69
19353,2,13,,Standard,113,2.06,16.73,0.35,18.44
19354,3,13,8.0,Member,63,1.93,6.3,0.0,8.23
19355,5,14,65.0,Member,158,7.02,13.72,0.0,20.74
19356,4,16,,Standard,113,2.95,13.6,0.0,16.55
19357,5,3,,Standard,106,4.15,13.89,0.0,18.04
19358,5,7,,Time Limited,30,0.02,2.6,0.0,2.62
19359,4,16,,Standard,87,5.96,7.47,0.0,13.43
19360,5,12,6.0,Member,150,5.2,14.84,0.0,20.04
19361,3,13,6.0,Member,63,7.49,9.87,0.0,17.36
19362,4,15,,Time Limited,78,4.58,7.07,0.0,11.65
19363,5,2,,Standard,50,5.37,3.96,0.0,9.33
19364,2,7,,Free,47,3.79,6.14,2.06,7.87
19365,2,11,,Standard,64,6.77,5.67,2.59,9.85
19366,4,14,,Standard,112,6.79,13.34,0.0,20.13
19367,5,2,,Standard,46,4.75,4.79,0.0,9.54
19368,3,9,,Administrator,44,2.42,3.18,0.0,5.6
19369,3,1,15.0,Member,155,4.36,19.27,2.74,20.89
19370,5,16,,Standard,68,2.65,8.63,0.0,11.28
19371,5,6,,Standard,149,7.19,17.7,0.0,24.89
19372,1,11,,Administrator,17,7.92,1.45,0.0,9.37
19373,5,3,,Standard,121,7.3,18.55,0.0,25.85
19374,3,2,,Standard,74,2.28,11.75,0.0,14.03
19375,2,8,,Standard,128,6.31,13.13,2.2,17.24
19376,3,14,,Time Limited,72,6.0,8.58,0.86,13.72
19377,5,8,,Standard,122,5.83,15.58,0.0,21.41
19378,3,4,7.0,Member,52,6.74,4.3,0.0,11.04
19379,3,7,53.0,Member,136,6.05,18.58,0.0,24.63
19380,5,4,,Standard,89,0.78,10.13,2.95,7.96
19381,3,1,,Standard,113,6.62,15.51,2.91,19.22
19382,5,14,,Standard,63,1.45,4.49,0.25,5.69
19383,5,1,,Standard,143,7.82,17.72,0.0,25.54
19384,4,3,32.0,Member,72,0.29,8.72,0.0,9.01
19385,1,10,,Standard,55,7.5,6.96,0.0,14.46
19386,4,1,,Standard,88,6.34,9.34,0.0,15.68
19387,1,7,,Administrator,35,0.36,2.6,0.0,2.96
19388,5,1,,Free,38,5.77,4.15,0.0,9.92
19389,2,1,,Standard,59,7.05,6.84,0.0,13.89
19390,5,9,,Standard,142,4.44,18.32,1.89,20.87
19391,2,10,,Standard,31,4.11,3.98,0.0,8.09
19392,4,7,,Administrator,14,7.78,2.16,0.0,9.94
19393,1,13,,Standard,85,4.39,8.86,0.0,13.25
19394,5,16,62.0,Member,61,3.72,8.17,0.0,11.89
19395,2,11,2.0,Member,172,6.03,21.08,0.0,27.11
19396,4,12,63.0,Member,131,4.31,13.81,0.0,18.12
19397,4,10,28.0,Member,82,4.97,6.38,0.0,11.35
19398,4,3,2.0,Member,73,5.61,8.31,0.0,13.92
19399,3,1,,Time Limited,80,3.1,8.01,0.0,11.11
19400,4,1,,Standard,102,6.29,9.7,0.0,15.99
19401,4,1,,Time Limited,47,2.79,6.92,0.0,9.71
19402,1,1,,Time Limited,40,1.5,4.02,1.04,4.48
19403,4,4,,Standard,54,0.17,5.89,2.22,3.84
19404,4,15,,Standard,75,0.96,11.28,0.0,12.24
19405,3,11,,Time Limited,59,5.09,8.13,0.81,12.41
19406,4,1,,Time Limited,52,0.17,6.05,0.0,6.22
19407,2,2,,Time Limited,76,5.47,4.71,0.0,10.18
19408,5,14,29.0,Member,122,0.45,15.86,0.0,16.31
19409,4,4,,Standard,139,3.33,17.17,0.0,20.5
19410,4,3,32.0,Member,112,4.36,10.88,0.0,15.24
19411,5,1,,Time Limited,55,1.45,7.86,0.0,9.31
19412,2,16,,Standard,96,2.72,10.13,0.0,12.85
19413,1,1,59.0,Member,114,0.96,8.1,0.0,9.06
19414,2,8,1.0,Member,99,1.32,10.97,0.0,12.29
19415,4,7,,Standard,65,4.44,4.03,0.0,8.47
19416,5,15,,Standard,90,2.7,5.68,0.0,8.38
19417,5,10,,Administrator,39,4.36,4.81,0.0,9.17
19418,1,10,,Standard,63,1.55,6.42,0.0,7.97
19419,1,14,46.0,Member,65,1.25,9.39,0.0,10.64
19420,1,7,44.0,Member,105,5.34,9.65,0.0,14.99
19421,3,8,8.0,Member,154,0.07,11.65,0.0,11.72
19422,5,14,66.0,Member,146,5.96,19.81,0.0,25.77
19423,1,14,5.0,Member,89,7.12,11.77,0.0,18.89
19424,1,6,46.0,Member,101,5.55,15.12,2.36,18.31
19425,5,12,,Standard,54,4.26,7.55,0.0,11.81
19426,4,4,,Standard,32,3.73,3.82,0.0,7.55
19427,1,13,53.0,Member,157,6.69,21.63,1.14,27.18
19428,3,14,53.0,Member,80,2.65,5.88,0.0,8.53
19429,5,2,,Standard,37,6.6,4.36,0.0,10.96
19430,5,7,,Free,24,0.98,2.59,2.66,0.91
19431,1,12,,Standard,50,0.66,5.89,1.46,5.09
19432,4,12,,Standard,90,3.95,11.0,0.0,14.95
19433,5,8,,Standard,38,6.04,3.42,0.0,9.46
19434,2,7,,Standard,53,4.29,5.86,0.0,10.15
19435,5,11,,Standard,77,5.45,8.79,0.0,14.24
19436,1,2,,Time Limited,46,0.32,6.49,0.0,6.81
19437,1,14,,Standard,62,0.9,7.79,0.0,8.69
19438,4,4,,Standard,125,7.63,14.73,0.0,22.36
19439,4,16,,Time Limited,38,5.38,6.07,0.0,11.45
19440,1,13,,Standard,88,6.99,5.36,0.0,12.35
19441,4,3,57.0,Member,100,1.84,13.95,0.0,15.79
19442,1,6,,Administrator,45,6.58,4.23,0.0,10.81
19443,3,10,,Standard,130,7.3,10.27,0.0,17.57
19444,3,7,50.0,Member,77,2.81,5.15,2.72,5.24
19445,4,13,59.0,Member,142,4.28,17.19,1.14,20.33
19446,4,3,,Free,31,4.41,2.56,0.0,6.97
19447,4,16,,Standard,89,1.92,6.27,0.0,8.19
19448,4,9,,Standard,132,4.83,16.49,0.0,21.32
19449,4,9,,Standard,32,3.53,2.94,0.0,6.47
19450,5,14,,Standard,142,0.41,8.94,0.0,9.35
19451,5,10,,Standard,128,6.41,16.63,0.0,23.04
19452,1,4,31.0,Member,164,3.98,13.53,0.0,17.51
19453,3,3,,Free,54,5.1,4.46,0.0,9.56
19454,4,12,,Standard,81,2.51,8.9,0.0,11.41
19455,4,8,,Standard,63,5.8,5.8,0.0,11.6
19456,2,3,,Administrator,25,3.05,2.19,2.44,2.8
19457,4,2,,Standard,122,3.07,9.0,0.0,12.07
19458,5,10,,Standard,107,2.15,15.23,0.0,17.38
19459,3,9,,Standard,85,1.05,6.35,1.04,6.36
19460,1,4,33.0,Member,91,6.1,5.55,0.0,11.65
19461,2,13,,Standard,145,5.14,16.26,0.0,21.4
19462,2,2,5.0,Member,138,5.92,14.19,2.63,17.48
19463,4,10,,Standard,99,4.71,9.18,0.0,13.89
19464,5,10,,Standard,36,7.88,2.37,1.63,8.62
19465,3,12,,Standard,38,5.76,5.43,0.1,11.09
19466,5,15,30.0,Member,178,0.3,25.89,0.0,26.19
19467,3,3,,Standard,116,2.16,11.87,0.0,14.03
19468,1,6,,Administrator,39,1.02,3.13,0.0,4.15
19469,2,6,,Standard,88,4.17,9.12,0.0,13.29
19470,4,6,51.0,Member,105,6.78,12.53,0.0,19.31
19471,4,16,,Standard,134,2.41,9.09,0.0,11.5
19472,2,3,55.0,Member,94,0.28,14.39,0.97,13.7
19473,5,7,18.0,Member,108,0.74,9.48,0.0,10.22
19474,4,16,,Time Limited,81,1.87,8.21,0.0,10.08
19475,5,7,20.0,Member,99,1.05,9.29,0.0,10.34
19476,4,3,,Standard,148,6.8,12.77,0.0,19.57
19477,2,9,,Standard,59,4.55,5.54,0.0,10.09
19478,1,12,,Standard,100,6.4,11.94,0.0,18.34
19479,1,4,,Standard,59,0.24,7.56,0.18,7.62
19480,1,14,,Time Limited,83,2.29,5.68,0.0,7.97
19481,4,3,46.0,Member,57,3.9,7.03,0.0,10.93
19482,4,9,,Standard,146,0.25,17.71,1.18,16.78
19483,3,7,,Standard,75,0.02,5.11,0.0,5.13
19484,4,8,,Standard,30,4.12,3.4,0.0,7.52
19485,4,15,,Time Limited,74,4.05,9.92,2.23,11.74
19486,5,14,19.0,Member,57,2.77,7.94,0.02,10.69
19487,1,13,54.0,Member,153,6.56,16.75,1.45,21.86
19488,1,1,7.0,Member,93,5.46,8.49,0.0,13.95
19489,5,10,,Time Limited,49,1.42,3.29,0.0,4.71
19490,3,1,,Standard,81,7.69,12.36,0.0,20.05
19491,4,14,7.0,Member,180,4.99,17.77,0.0,22.76
19492,4,16,,Administrator,29,5.75,1.93,0.0,7.68
19493,5,8,,Standard,150,6.25,9.98,0.0,16.23
19494,2,9,19.0,Member,176,6.34,12.94,0.0,19.28
19495,3,4,48.0,Member,81,7.01,8.77,0.0,15.78
19496,1,8,15.0,Member,87,7.61,6.69,0.0,14.3
19497,3,2,31.0,Member,135,0.71,15.15,2.18,13.68
19498,1,13,,Standard,126,1.03,9.22,0.0,10.25
19499,2,6,,Standard,45,5.29,6.57,0.0,11.86
19500,3,3,27.0,Member,95,7.1,7.88,2.62,12.36
19501,4,16,,Standard,73,2.01,8.91,0.0,10.92
19502,5,15,16.0,Member,161,2.49,17.19,0.0,19.68
19503,2,8,44.0,Member,138,0.31,9.47,2.92,6.86
19504,3,1,,Standard,111,2.9,15.71,0.0,18.61
19505,4,7,,Standard,136,0.27,20.06,0.0,20.33
19506,4,1,,Standard,113,2.48,14.3,2.53,14.25
19507,5,5,,Standard,34,2.5,3.18,2.5,3.18
19508,4,16,3.0,Member,133,7.59,14.56,0.0,22.15
19509,1,11,,Standard,76,6.63,8.35,0.0,14.98
19510,5,2,,Time Limited,73,4.61,4.93,0.0,9.54
19511,1,2,8.0,Member,55,4.15,7.82,0.0,11.97
19512,3,9,,Standard,56,7.59,3.44,0.0,11.03
19513,5,10,1.0,Member,62,5.05,4.08,0.0,9.13
19514,5,6,,Time Limited,78,4.54,12.26,0.0,16.8
19515,4,5,45.0,Member,88,1.84,9.42,0.0,11.26
19516,4,15,,Standard,57,7.69,4.23,1.45,10.47
19517,2,7,,Standard,59,7.26,3.91,0.0,11.17
19518,5,5,8.0,Member,168,2.78,22.63,0.0,25.41
19519,2,13,28.0,Member,160,3.71,19.12,0.0,22.83
19520,2,13,,Standard,127,2.5,17.16,0.0,19.66
19521,5,2,,Standard,127,3.17,14.28,0.0,17.45
19522,4,15,,Standard,147,2.91,9.01,0.0,11.92
19523,1,9,,Standard,124,0.54,15.9,1.09,15.35
19524,4,15,,Standard,69,6.98,5.8,0.0,12.78
19525,2,3,,Standard,103,4.0,14.05,0.0,18.05
19526,5,8,,Standard,148,4.95,15.33,0.0,20.28
19527,2,14,65.0,Member,174,0.55,18.05,0.0,18.6
19528,4,16,,Standard,74,4.79,4.7,1.07,8.42
19529,1,8,,Standard,137,6.62,16.63,0.0,23.25
19530,4,15,,Standard,41,3.96,5.66,0.0,9.62
19531,5,11,23.0,Member,152,5.54,22.35,0.0,27.89
19532,2,13,,Standard,136,5.26,17.71,0.53,22.44
19533,4,9,,Standard,130,6.83,11.86,2.33,16.36
19534,3,8,33.0,Member,155,3.72,23.61,0.0,27.33
19535,2,14,,Standard,71,1.83,4.49,0.0,6.32
19536,5,6,,Free,32,6.29,3.14,0.0,9.43
19537,3,8,,Standard,119,2.53,16.99,0.0,19.52
19538,2,7,,Standard,77,6.55,10.6,0.0,17.15
19539,4,13,,Standard,70,4.39,5.18,0.0,9.57
19540,4,15,65.0,Member,162,1.7,20.21,0.0,21.91
19541,3,12,,Standard,77,4.3,9.19,0.0,13.49
19542,1,14,,Administrator,38,2.75,5.37,0.0,8.12
19543,4,16,,Standard,88,5.77,9.56,0.0,15.33
19544,3,16,,Standard,86,2.6,9.37,0.0,11.97
19545,5,8,7.0,Member,54,7.0,4.54,0.0,11.54
19546,4,1,,Standard,36,5.51,4.81,0.0,10.32
19547,3,3,9.0,Member,141,1.12,9.85,0.0,10.97
19548,5,3,,Administrator,44,0.61,6.59,0.0,7.2
19549,2,3,,Standard,89,4.0,10.68,0.0,14.68
19550,3,7,3.0,Member,112,0.39,17.4,0.0,17.79
19551,1,14,,Standard,75,2.13,7.24,0.71,8.66
19552,3,3,,Administrator,21,3.76,1.97,0.0,5.73
19553,5,10,30.0,Member,64,6.04,5.49,2.04,9.49
19554,4,7,,Time Limited,40,5.64,3.96,0.61,8.99
19555,4,14,,Standard,46,1.21,5.32,0.0,6.53
19556,5,3,,Standard,77,3.5,11.36,0.0,14.86
19557,2,11,31.0,Member,125,3.51,14.65,0.0,18.16
19558,1,1,,Standard,75,3.79,5.29,0.0,9.08
19559,4,16,,Time Limited,42,0.05,5.06,0.0,5.11
19560,3,14,23.0,Member,79,7.49,12.5,0.0,19.99
19561,5,6,,Standard,32,6.37,5.07,0.0,11.44
19562,5,5,,Standard,137,3.67,20.9,0.0,24.57
19563,5,14,31.0,Member,107,2.91,12.36,0.0,15.27
19564,3,8,49.0,Member,140,2.72,21.65,0.0,24.37
19565,2,10,,Standard,70,6.28,8.6,0.0,14.88
19566,2,9,,Standard,65,7.03,5.13,0.0,12.16
19567,4,5,,Standard,133,5.59,14.06,0.0,19.65
19568,1,11,21.0,Member,150,0.08,15.25,0.0,15.33
19569,2,4,,Standard,55,0.41,7.18,0.0,7.59
19570,1,3,,Standard,124,5.31,11.06,0.0,16.37
19571,4,14,,Standard,121,7.5,18.65,0.0,26.15
19572,1,14,,Standard,142,5.78,16.06,0.0,21.84
19573,5,14,,Standard,143,2.45,19.1,0.0,21.55
19574,2,6,,Time Limited,43,7.72,6.36,0.0,14.08
19575,2,10,,Standard,83,2.61,12.14,1.64,13.11
19576,4,16,,Standard,102,5.1,10.86,0.0,15.96
19577,4,15,,Administrator,33,4.3,5.28,0.0,9.58
19578,1,12,,Standard,139,0.83,12.31,0.0,13.14
19579,3,4,,Time Limited,78,1.32,10.63,0.0,11.95
19580,5,15,52.0,Member,74,6.16,7.11,2.39,10.88
19581,2,13,,Standard,145,7.77,16.61,0.0,24.38
19582,3,8,,Standard,145,1.66,9.92,2.49,9.09
19583,5,10,1.0,Member,90,6.88,8.96,0.0,15.84
19584,2,6,,Standard,47,7.61,6.33,0.0,13.94
19585,2,11,60.0,Member,76,6.59,10.74,0.85,16.48
19586,2,4,,Standard,92,6.05,11.32,0.59,16.78
19587,1,1,,Time Limited,90,1.26,9.76,0.0,11.02
19588,3,16,,Standard,89,4.31,12.08,0.0,16.39
19589,1,3,,Standard,52,4.59,6.1,2.1,8.59
19590,2,12,,Standard,30,0.05,2.18,0.0,2.23
19591,4,12,,Standard,125,3.14,13.24,0.0,16.38
19592,1,6,65.0,Member,108,7.4,11.93,0.0,19.33
19593,4,16,,Standard,45,6.07,6.29,0.0,12.36
19594,2,3,32.0,Member,54,0.79,5.74,1.61,4.92
19595,5,5,,Time Limited,39,4.01,5.24,0.0,9.25
19596,3,5,3.0,Member,62,6.81,8.86,1.75,13.92
19597,3,7,29.0,Member,129,0.63,15.98,0.0,16.61
19598,3,12,18.0,Member,101,4.84,8.01,0.0,12.85
19599,2,7,27.0,Member,121,6.29,11.04,0.0,17.33
19600,5,9,,Time Limited,37,0.85,3.32,0.0,4.17
19601,1,4,,Standard,38,5.27,5.06,0.0,10.33
19602,5,8,52.0,Member,73,0.52,7.66,0.0,8.18
19603,4,11,,Standard,114,2.81,14.87,0.0,17.68
19604,2,1,,Time Limited,58,7.87,8.89,0.0,16.76
19605,3,9,,Standard,71,0.5,5.27,1.48,4.29
19606,4,13,,Free,52,7.09,3.88,0.0,10.97
19607,1,15,,Standard,91,3.58,8.1,0.0,11.68
19608,2,10,,Standard,72,0.79,4.8,2.13,3.46
19609,2,1,,Standard,30,0.82,4.45,0.0,5.27
19610,5,14,,Standard,97,0.26,12.0,0.0,12.26
19611,3,11,,Standard,107,5.62,16.96,0.0,22.58
19612,2,6,,Time Limited,39,5.07,4.26,0.0,9.33
19613,1,10,,Standard,109,7.69,12.6,1.91,18.38
19614,1,14,,Free,37,7.16,3.67,0.0,10.83
19615,3,16,,Standard,145,6.12,13.86,0.0,19.98
19616,4,10,,Standard,99,5.19,8.61,0.0,13.8
19617,5,14,7.0,Member,157,4.41,24.1,0.0,28.51
19618,5,12,,Administrator,14,4.33,2.0,0.0,6.33
19619,5,3,46.0,Member,107,2.35,12.4,0.0,14.75
19620,3,11,,Free,56,4.44,8.61,0.0,13.05
19621,2,16,57.0,Member,105,7.88,7.6,1.21,14.27
19622,3,6,,Standard,94,2.09,11.97,2.06,12.0
19623,3,13,,Standard,41,3.15,4.71,1.51,6.35
19624,3,8,,Standard,30,7.6,2.54,0.92,9.22
19625,5,4,,Administrator,21,6.26,3.32,0.0,9.58
19626,1,16,,Standard,129,6.55,9.6,0.0,16.15
19627,3,4,,Administrator,30,1.6,2.77,0.0,4.37
19628,3,14,42.0,Member,58,3.99,4.39,2.79,5.59
19629,3,7,9.0,Member,151,5.96,11.65,2.97,14.64
19630,2,4,,Standard,89,3.93,11.71,0.0,15.64
19631,2,3,,Time Limited,83,2.91,8.53,0.0,11.44
19632,5,4,,Standard,66,4.23,4.64,0.0,8.87
19633,2,13,,Standard,79,2.24,6.59,0.0,8.83
19634,5,16,,Standard,126,3.71,8.72,0.0,12.43
19635,3,7,18.0,Member,162,6.71,12.11,0.0,18.82
19636,5,5,,Standard,33,3.19,3.92,0.0,7.11
19637,2,4,,Standard,65,5.36,8.26,2.84,10.78
19638,4,7,,Standard,107,7.97,11.25,0.0,19.22
19639,5,7,,Standard,55,1.79,3.87,0.0,5.66
19640,1,15,,Standard,37,0.03,3.89,0.0,3.92
19641,5,15,,Time Limited,89,6.65,11.15,0.0,17.8
19642,5,13,,Standard,139,7.31,12.59,0.0,19.9
19643,5,5,,Standard,43,2.32,6.5,0.0,8.82
19644,5,4,64.0,Member,148,1.82,16.19,0.0,18.01
19645,5,10,,Administrator,34,2.23,4.52,0.0,6.75
19646,3,1,,Standard,115,5.61,17.63,0.0,23.24
19647,3,6,,Standard,101,4.38,12.71,0.0,17.09
19648,5,8,,Time Limited,59,4.44,5.67,0.0,10.11
19649,5,4,13.0,Member,94,5.2,7.15,0.0,12.35
19650,4,9,,Administrator,45,3.37,5.8,0.0,9.17
19651,2,5,,Standard,36,6.54,4.79,0.22,11.11
19652,3,16,9.0,Member,154,5.31,14.25,0.0,19.56
19653,3,13,,Standard,142,1.18,13.63,1.57,13.24
19654,2,11,,Standard,108,7.7,14.36,0.0,22.06
19655,1,2,,Standard,33,4.61,4.63,0.0,9.24
19656,3,1,59.0,Member,63,3.63,5.02,2.4,6.25
19657,3,16,,Standard,102,2.18,14.36,0.0,16.54
19658,5,13,,Time Limited,67,3.36,5.11,0.0,8.47
19659,4,2,,Standard,144,2.71,16.28,0.0,18.99
19660,1,11,,Standard,150,3.81,10.36,0.53,13.64
19661,3,11,,Standard,114,0.86,17.12,0.0,17.98
19662,5,16,,Standard,102,6.58,15.54,0.0,22.12
19663,3,16,,Time Limited,77,5.4,9.2,0.19,14.41
19664,2,4,3.0,Member,84,4.21,12.16,0.0,16.37
19665,2,15,3.0,Member,111,7.34,14.43,0.0,21.77
19666,4,16,,Standard,103,2.18,9.19,0.0,11.37
19667,1,3,,Standard,134,2.97,8.59,0.0,11.56
19668,4,4,,Time Limited,48,4.25,3.29,0.32,7.22
19669,2,12,25.0,Member,51,1.72,7.47,0.0,9.19
19670,1,6,,Standard,30,5.37,2.9,2.07,6.2
19671,4,14,8.0,Member,169,6.1,20.94,0.0,27.04
19672,2,3,,Standard,110,4.21,13.46,0.0,17.67
19673,1,7,66.0,Member,148,6.09,12.7,0.0,18.79
19674,5,1,,Standard,91,4.53,11.16,0.0,15.69
19675,5,5,,Standard,135,4.96,14.22,0.0,19.18
19676,4,8,,Administrator,24,1.83,3.81,0.0,5.64
19677,5,15,9.0,Member,173,5.7,21.45,2.99,24.16
19678,2,5,2.0,Member,140,5.35,11.32,0.0,16.67
19679,4,16,,Standard,67,6.34,4.58,0.0,10.92
19680,3,6,,Standard,45,0.26,4.87,0.0,5.13
19681,5,16,,Standard,62,0.45,8.37,0.0,8.82
19682,3,12,,Standard,114,7.27,7.29,0.0,14.56
19683,5,5,,Free,23,0.77,2.51,0.0,3.28
19684,4,6,,Standard,41,4.75,6.13,0.0,10.88
19685,1,12,30.0,Member,107,7.85,8.73,0.0,16.58
19686,4,7,45.0,Member,51,7.5,7.14,0.0,14.64
19687,1,5,10.0,Member,47,2.94,6.27,0.0,9.21
19688,3,1,,Administrator,39,3.03,4.12,0.78,6.37
19689,1,3,,Standard,109,4.9,11.12,0.0,16.02
19690,2,5,32.0,Member,152,4.46,14.18,1.03,17.61
19691,2,12,,Standard,47,3.2,6.15,0.36,8.99
19692,5,7,,Standard,113,2.93,9.33,0.0,12.26
19693,5,15,,Standard,69,6.64,10.31,0.0,16.95
19694,2,14,,Standard,45,2.29,4.74,0.0,7.03
19695,3,1,,Standard,63,7.65,4.16,1.39,10.42
19696,3,13,,Standard,81,2.16,9.45,0.0,11.61
19697,3,5,,Standard,131,5.98,20.58,1.45,25.11
19698,5,16,,Standard,60,1.52,5.64,0.66,6.5
19699,1,2,65.0,Member,64,3.22,5.52,0.0,8.74
19700,4,5,,Administrator,23,0.02,3.05,0.0,3.07
19701,2,8,,Standard,31,1.72,2.67,0.0,4.39
19702,4,11,17.0,Member,115,1.01,18.29,1.44,17.86
19703,5,4,,Standard,98,4.66,12.52,0.0,17.18
19704,5,7,,Standard,60,3.51,9.19,1.27,11.43
19705,3,1,52.0,Member,167,7.51,16.03,0.0,23.54
19706,4,15,,Administrator,26,4.92,2.63,0.0,7.55
19707,5,8,,Standard,42,3.62,5.64,0.0,9.26
19708,1,13,,Time Limited,51,5.95,5.42,0.0,11.37
19709,5,9,7.0,Member,116,1.47,9.9,0.0,11.37
19710,3,1,,Free,54,3.73,4.88,0.0,8.61
19711,4,1,,Free,52,0.34,4.38,2.87,1.85
19712,1,3,,Standard,148,4.05,12.72,0.46,16.31
19713,1,3,,Standard,128,5.29,15.79,0.0,21.08
19714,1,1,,Standard,53,0.8,4.2,0.0,5.0
19715,4,4,,Standard,55,7.76,8.48,0.0,16.24
19716,3,13,,Standard,48,7.57,6.71,0.0,14.28
19717,4,1,27.0,Member,48,2.98,3.69,2.07,4.6
19718,5,6,,Standard,77,2.75,12.24,0.0,14.99
19719,4,13,,Standard,83,8.0,12.95,0.0,20.95
19720,2,11,,Standard,50,0.54,4.74,0.0,5.28
19721,5,10,,Standard,65,3.54,4.31,0.0,7.85
19722,2,13,,Standard,113,2.3,16.32,0.0,18.62
19723,2,11,,Standard,125,3.76,13.0,0.0,16.76
19724,2,15,,Standard,124,5.48,15.48,0.0,20.96
19725,3,14,,Time Limited,54,0.91,3.37,0.0,4.28
19726,1,13,6.0,Member,107,4.82,14.5,0.0,19.32
19727,4,15,,Free,46,4.31,2.84,0.0,7.15
19728,5,2,,Time Limited,55,7.34,3.72,1.07,9.99
19729,4,1,40.0,Member,88,0.31,10.75,0.0,11.06
19730,1,12,,Free,35,7.62,3.89,1.12,10.39
19731,5,14,25.0,Member,99,0.04,12.27,0.0,12.31
19732,3,11,,Standard,77,5.02,12.14,0.0,17.16
19733,4,10,,Standard,61,2.28,8.3,0.0,10.58
19734,1,13,,Standard,143,4.07,14.83,0.0,18.9
19735,1,3,24.0,Member,172,3.49,22.42,0.0,25.91
19736,2,1,,Administrator,14,6.11,1.49,0.0,7.6
19737,3,16,,Standard,146,0.44,18.02,0.0,18.46
19738,5,14,,Standard,148,7.87,20.31,0.0,28.18
19739,1,4,,Standard,55,2.13,5.72,1.24,6.61
19740,4,5,,Standard,51,0.12,4.22,0.84,3.5
19741,4,13,,Standard,140,0.36,14.92,0.0,15.28
19742,3,3,,Standard,98,0.02,8.71,0.0,8.73
19743,4,9,,Standard,46,3.17,6.55,0.0,9.72
19744,5,16,,Time Limited,33,4.94,5.14,0.0,10.08
19745,5,2,,Standard,147,5.46,20.27,0.0,25.73
19746,1,7,63.0,Member,76,3.71,8.85,0.0,12.56
19747,5,14,8.0,Member,149,0.39,10.06,0.0,10.45
19748,4,2,,Standard,102,6.24,7.41,0.0,13.65
19749,1,9,,Standard,57,2.9,6.2,0.0,9.1
19750,2,15,,Standard,49,1.47,5.06,0.0,6.53
19751,5,7,,Time Limited,88,7.18,6.02,2.74,10.46
19752,1,10,,Standard,52,2.23,3.97,0.0,6.2
19753,2,16,,Standard,46,2.55,6.12,0.0,8.67
19754,1,11,45.0,Member,153,5.4,19.54,0.0,24.94
19755,4,10,,Standard,71,5.67,9.74,0.0,15.41
19756,4,16,,Standard,83,3.25,8.48,0.41,11.32
19757,1,14,,Standard,89,4.8,14.19,1.82,17.17
19758,1,9,,Standard,128,2.51,14.16,0.0,16.67
19759,2,9,,Standard,93,0.07,11.65,0.0,11.72
19760,3,12,5.0,Member,145,5.32,11.51,0.0,16.83
19761,2,2,,Standard,130,0.4,14.98,0.0,15.38
19762,2,10,7.0,Member,57,4.28,8.91,0.0,13.19
19763,5,3,,Time Limited,64,5.2,5.45,0.0,10.65
19764,2,14,,Standard,142,0.63,21.01,0.0,21.64
19765,3,1,,Standard,107,4.51,7.18,0.0,11.69
19766,4,2,,Standard,39,3.15,4.57,0.0,7.72
19767,1,5,,Standard,127,7.82,14.69,0.48,22.03
19768,5,5,,Standard,118,6.29,13.94,0.0,20.23
19769,2,9,,Time Limited,89,3.91,11.51,0.0,15.42
19770,5,9,,Standard,54,0.41,7.39,2.76,5.04
19771,3,15,7.0,Member,67,4.08,5.87,0.0,9.95
19772,3,4,24.0,Member,127,7.88,19.52,0.0,27.4
19773,5,2,,Time Limited,40,6.22,3.37,1.88,7.71
19774,2,2,,Standard,61,5.41,3.83,0.0,9.24
19775,2,9,,Standard,117,3.52,17.93,0.0,21.45
19776,2,13,9.0,Member,51,6.8,3.39,0.0,10.19
19777,3,16,24.0,Member,82,6.45,12.02,0.0,18.47
19778,3,7,16.0,Member,78,6.34,4.91,0.0,11.25
19779,3,12,,Standard,56,0.68,8.15,1.22,7.61
19780,3,16,,Standard,59,7.26,6.4,0.0,13.66
19781,5,3,9.0,Member,138,1.15,16.62,1.05,16.72
19782,2,16,,Standard,51,3.62,5.81,0.0,9.43
19783,2,8,,Standard,47,3.06,4.42,0.0,7.48
19784,5,1,,Standard,61,2.07,6.84,2.99,5.92
19785,3,4,6.0,Member,164,0.2,15.81,0.0,16.01
19786,1,10,5.0,Member,174,0.59,21.44,0.0,22.03
19787,2,10,,Administrator,41,6.51,5.91,0.0,12.42
19788,3,8,11.0,Member,67,1.72,10.04,0.0,11.76
19789,3,1,9.0,Member,122,5.28,9.84,2.76,12.36
19790,4,3,,Administrator,10,3.85,0.64,0.0,4.49
19791,1,10,,Standard,64,3.77,9.75,0.6,12.92
19792,3,5,,Standard,148,1.7,18.96,0.0,20.66
19793,1,14,,Standard,42,4.27,4.93,0.83,8.37
19794,5,7,,Free,56,3.57,8.19,0.0,11.76
19795,5,8,,Time Limited,89,0.43,7.35,0.0,7.78
19796,4,16,64.0,Member,148,3.31,16.51,0.0,19.82
19797,1,1,54.0,Member,45,1.18,5.4,0.0,6.58
19798,1,8,,Administrator,41,4.17,5.83,0.0,10.0
19799,4,16,,Free,51,3.75,5.28,0.03,9.0
19800,2,10,,Time Limited,77,5.66,12.28,0.0,17.94
19801,2,13,,Standard,72,3.67,7.82,0.22,11.27
19802,2,11,,Standard,113,5.57,8.99,1.34,13.22
19803,1,13,,Standard,120,6.34,18.04,0.0,24.38
19804,2,13,,Standard,110,0.71,9.65,0.0,10.36
19805,1,16,,Time Limited,64,1.02,9.61,0.0,10.63
19806,2,16,,Standard,100,2.75,9.2,0.0,11.95
19807,5,10,17.0,Member,49,7.32,3.77,2.38,8.71
19808,1,10,,Standard,114,7.46,8.89,0.0,16.35
19809,4,16,,Administrator,12,4.45,1.75,0.0,6.2
19810,5,13,,Standard,36,1.39,3.02,0.0,4.41
19811,1,6,,Free,41,7.56,2.82,0.0,10.38
19812,2,14,,Standard,60,7.9,6.98,0.0,14.88
19813,5,1,7.0,Member,72,6.74,7.36,2.95,11.15
19814,1,2,,Standard,150,2.95,22.38,0.0,25.33
19815,4,1,,Standard,138,7.08,18.46,2.69,22.85
19816,3,4,,Standard,82,0.44,12.57,2.04,10.97
19817,3,3,,Standard,134,7.17,20.93,0.0,28.1
19818,4,2,,Administrator,36,2.28,4.03,0.0,6.31
19819,2,3,,Administrator,41,7.87,4.04,0.0,11.91
19820,2,15,3.0,Member,144,4.46,10.68,0.0,15.14
19821,3,8,,Standard,47,1.0,3.73,0.0,4.73
19822,2,13,,Standard,96,6.36,15.24,1.46,20.14
19823,1,14,,Standard,44,1.92,2.72,0.0,4.64
19824,4,15,,Standard,81,4.61,8.23,0.0,12.84
19825,3,6,,Standard,124,6.66,18.58,0.0,25.24
19826,2,4,21.0,Member,65,5.94,6.59,0.0,12.53
19827,4,6,46.0,Member,96,2.63,13.83,0.0,16.46
19828,2,5,,Standard,101,6.68,15.27,0.85,21.1
19829,2,9,,Standard,130,1.69,18.18,0.0,19.87
19830,5,9,,Time Limited,87,3.73,10.85,0.0,14.58
19831,5,2,65.0,Member,96,0.91,7.76,0.0,8.67
19832,5,11,4.0,Member,168,1.13,23.19,0.0,24.32
19833,1,1,,Standard,63,0.91,8.67,0.0,9.58
19834,1,4,,Standard,50,7.36,7.19,0.0,14.55
19835,5,10,,Standard,52,3.72,6.43,2.82,7.33
19836,3,4,,Standard,41,5.03,4.4,0.0,9.43
19837,4,9,,Administrator,15,6.06,1.07,0.0,7.13
19838,5,12,,Time Limited,48,7.94,5.23,0.0,13.17
19839,2,15,24.0,Member,166,4.65,14.51,0.0,19.16
19840,3,13,,Standard,144,2.7,15.68,2.97,15.41
19841,3,8,,Standard,134,4.35,14.91,0.0,19.26
19842,3,13,40.0,Member,153,4.76,14.65,0.0,19.41
19843,4,9,,Standard,57,4.08,6.54,0.0,10.62
19844,1,1,,Free,34,3.42,4.01,0.0,7.43
19845,1,9,,Standard,131,0.21,11.37,0.12,11.46
19846,5,10,,Standard,51,5.5,3.75,0.0,9.25
19847,3,14,,Standard,101,1.16,8.05,0.0,9.21
19848,3,7,9.0,Member,93,2.04,10.46,0.0,12.5
19849,1,4,2.0,Member,131,3.0,8.99,0.0,11.99
19850,4,1,,Standard,144,0.62,15.01,0.0,15.63
19851,1,16,,Standard,91,4.37,7.68,0.0,12.05
19852,4,7,36.0,Member,149,3.29,11.41,0.0,14.7
19853,1,15,,Standard,140,6.73,21.83,0.0,28.56
19854,5,3,10.0,Member,111,2.97,15.98,0.0,18.95
19855,4,5,,Standard,92,0.08,12.68,0.0,12.76
19856,5,15,,Standard,89,0.96,9.91,0.0,10.87
19857,1,8,2.0,Member,75,1.49,10.42,0.0,11.91
19858,5,3,,Standard,102,3.09,13.29,2.95,13.43
19859,1,4,55.0,Member,102,3.54,13.47,0.0,17.01
19860,1,1,,Standard,74,2.33,8.32,0.0,10.65
19861,1,16,61.0,Member,74,7.18,8.49,0.0,15.67
19862,4,1,,Standard,85,0.85,5.56,0.0,6.41
19863,5,13,3.0,Member,46,1.63,4.55,0.0,6.18
19864,2,13,,Standard,122,2.92,12.76,0.0,15.68
19865,5,16,,Standard,88,6.33,9.1,0.0,15.43
19866,5,10,,Standard,84,3.65,9.57,0.0,13.22
19867,4,3,,Standard,56,4.61,6.55,0.0,11.16
19868,4,13,51.0,Member,84,5.87,13.19,0.0,19.06
19869,2,3,,Standard,71,7.06,9.56,0.79,15.83
19870,2,2,,Standard,35,3.65,5.32,0.0,8.97
19871,1,10,6.0,Member,78,5.66,10.62,0.0,16.28
19872,2,3,25.0,Member,67,2.74,8.69,0.0,11.43
19873,4,8,,Free,27,4.71,3.95,0.0,8.66
19874,1,5,,Free,19,3.48,1.67,2.43,2.72
19875,4,2,45.0,Member,67,6.58,6.8,0.0,13.38
19876,4,4,1.0,Member,128,6.58,13.14,0.0,19.72
19877,3,12,,Standard,92,5.46,13.72,1.42,17.76
19878,2,15,50.0,Member,83,0.5,9.91,0.96,9.45
19879,2,7,,Free,50,6.04,3.56,0.0,9.6
19880,3,14,10.0,Member,64,0.71,9.84,2.67,7.88
19881,2,9,,Time Limited,67,5.33,7.15,0.0,12.48
19882,3,12,43.0,Member,178,3.41,17.99,0.0,21.4
19883,4,11,2.0,Member,77,7.07,8.76,0.96,14.87
19884,2,12,,Standard,59,1.54,8.13,0.0,9.67
19885,2,3,,Standard,73,1.93,6.9,0.0,8.83
19886,2,14,,Free,19,6.79,2.08,0.0,8.87
19887,1,16,,Time Limited,48,5.28,3.92,0.0,9.2
19888,5,8,,Standard,104,0.46,10.26,0.0,10.72
19889,4,8,42.0,Member,50,1.21,5.81,0.0,7.02
19890,3,5,,Administrator,16,6.27,1.77,0.0,8.04
19891,4,1,,Standard,58,4.37,6.26,0.0,10.63
19892,5,8,,Standard,90,1.15,8.99,0.68,9.46
19893,1,16,,Administrator,40,1.25,5.97,0.0,7.22
19894,1,16,,Standard,125,3.8,18.37,1.91,20.26
19895,5,6,,Free,17,3.1,1.17,0.0,4.27
19896,2,11,22.0,Member,119,1.53,11.3,1.53,11.3
19897,3,13,,Time Limited,35,1.62,5.32,0.0,6.94
19898,5,9,,Standard,140,7.37,9.42,0.0,16.79
19899,2,5,,Standard,115,6.47,15.79,0.0,22.26
19900,4,16,,Standard,43,5.73,5.63,0.0,11.36
19901,1,12,,Standard,55,3.52,7.6,0.0,11.12
19902,2,11,,Standard,108,3.9,13.42,0.0,17.32
19903,3,11,,Standard,53,5.62,6.96,0.0,12.58
19904,1,12,,Standard,63,0.5,9.67,0.0,10.17
19905,3,1,63.0,Member,177,3.15,13.98,0.0,17.13
19906,4,8,,Time Limited,87,1.61,7.99,0.05,9.55
19907,5,6,49.0,Member,99,0.58,15.02,0.0,15.6
19908,1,7,,Standard,100,3.67,6.04,1.37,8.34
19909,3,16,38.0,Member,52,3.82,5.2,0.0,9.02
19910,1,8,,Standard,107,4.72,10.9,2.6,13.02
19911,5,16,,Time Limited,58,6.12,5.99,0.0,12.11
19912,4,4,,Time Limited,61,7.63,4.73,0.0,12.36
19913,1,11,5.0,Member,60,6.67,5.13,0.0,11.8
19914,2,10,7.0,Member,104,0.49,15.14,0.0,15.63
19915,1,12,,Free,46,1.72,5.82,0.0,7.54
19916,5,9,8.0,Member,173,2.39,23.79,0.0,26.18
19917,2,1,,Standard,116,2.16,10.35,0.16,12.35
19918,5,13,6.0,Member,176,5.42,17.67,2.82,20.27
19919,2,5,,Standard,141,4.38,12.3,0.0,16.68
19920,2,15,,Standard,147,4.81,23.16,2.29,25.68
19921,3,11,,Administrator,33,0.33,3.16,0.0,3.49
19922,5,10,29.0,Member,171,6.65,16.18,0.0,22.83
19923,4,13,,Standard,86,0.04,10.95,0.0,10.99
19924,1,5,,Standard,130,0.66,9.35,0.0,10.01
19925,4,16,,Free,22,7.71,1.9,1.86,7.75
19926,2,9,,Standard,70,3.89,10.16,0.0,14.05
19927,4,2,1.0,Member,121,6.97,16.15,0.0,23.12
19928,4,10,,Standard,116,3.87,8.99,0.0,12.86
19929,3,4,,Standard,118,0.92,14.04,0.0,14.96
19930,1,1,,Standard,83,7.21,7.12,0.0,14.33
19931,4,16,,Standard,106,5.8,8.31,0.0,14.11
19932,1,1,1.0,Member,160,7.8,15.18,0.0,22.98
19933,5,6,,Time Limited,37,0.4,5.29,1.89,3.8
19934,4,3,,Time Limited,87,5.32,7.74,0.0,13.06
19935,2,13,,Standard,141,1.29,8.49,0.0,9.78
19936,4,6,38.0,Member,157,3.93,16.03,2.31,17.65
19937,4,14,,Standard,70,3.27,9.31,0.0,12.58
19938,1,4,,Standard,125,0.58,16.46,0.0,17.04
19939,4,3,59.0,Member,141,6.47,11.96,0.0,18.43
19940,2,10,,Administrator,23,0.93,2.84,0.0,3.77
19941,3,1,,Time Limited,82,1.21,12.56,2.72,11.05
19942,4,8,,Free,30,2.51,3.71,0.0,6.22
19943,1,7,,Standard,60,5.64,6.87,0.0,12.51
19944,1,15,,Time Limited,72,2.52,9.72,0.0,12.24
19945,4,6,,Standard,43,5.43,2.68,0.0,8.11
19946,5,1,,Standard,139,2.21,20.92,0.0,23.13
19947,4,2,35.0,Member,120,6.21,11.21,0.0,17.42
19948,4,2,,Standard,107,6.38,15.31,2.82,18.87
19949,3,16,,Standard,45,5.43,4.62,0.0,10.05
19950,4,1,,Free,23,6.25,1.69,0.0,7.94
19951,1,6,,Standard,72,7.08,7.68,0.0,14.76
19952,5,1,,Standard,134,1.69,18.95,0.0,20.64
19953,2,9,,Time Limited,44,2.21,5.99,0.0,8.2
19954,5,16,61.0,Member,138,3.78,17.13,2.09,18.82
19955,1,10,,Standard,122,3.26,11.1,0.0,14.36
19956,2,11,,Standard,66,1.43,9.13,0.0,10.56
19957,5,12,,Time Limited,81,5.41,5.06,0.0,10.47
19958,2,13,6.0,Member,132,7.18,10.13,0.0,17.31
19959,5,4,,Time Limited,40,7.55,3.0,0.0,10.55
19960,3,10,,Standard,84,1.66,8.15,2.55,7.26
19961,4,5,,Standard,93,6.23,13.97,0.38,19.82
19962,1,14,64.0,Member,134,5.0,12.23,0.0,17.23
19963,2,1,,Standard,118,7.74,17.05,2.27,22.52
19964,2,7,,Standard,128,5.41,18.69,0.0,24.1
19965,1,11,,Free,58,3.76,7.17,0.0,10.93
19966,3,1,5.0,Member,52,6.17,4.84,0.0,11.01
19967,5,5,57.0,Member,102,5.52,10.83,0.0,16.35
19968,1,2,,Standard,51,1.26,3.73,0.0,4.99
19969,3,16,,Standard,88,6.71,12.43,0.0,19.14
19970,2,11,,Standard,83,6.02,11.96,1.64,16.34
19971,4,7,13.0,Member,132,7.37,14.15,0.23,21.29
19972,1,12,,Time Limited,80,1.52,6.0,0.0,7.52
19973,3,16,52.0,Member,69,7.86,6.8,0.0,14.66
19974,2,1,,Administrator,19,5.92,1.18,0.0,7.1
19975,5,7,,Time Limited,84,2.71,11.31,0.0,14.02
19976,2,14,49.0,Member,58,4.4,7.14,0.0,11.54
19977,3,2,,Time Limited,58,2.88,4.27,0.0,7.15
19978,3,9,,Standard,141,5.85,9.89,0.0,15.74
19979,5,12,6.0,Member,91,7.13,13.96,0.0,21.09
19980,5,12,,Standard,134,2.07,11.58,0.0,13.65
19981,5,2,,Free,33,2.85,4.63,0.0,7.48
19982,3,16,,Standard,83,1.84,13.09,0.0,14.93
19983,5,14,,Standard,84,6.3,5.67,0.0,11.97
19984,5,14,,Time Limited,52,7.54,5.89,0.67,12.76
19985,1,7,,Time Limited,41,2.75,3.17,0.0,5.92
19986,5,6,3.0,Member,139,6.18,10.04,0.0,16.22
19987,3,15,,Standard,109,4.29,14.01,0.0,18.3
19988,5,2,10.0,Member,53,5.91,8.19,2.23,11.87
19989,3,7,,Administrator,41,5.09,5.17,0.0,10.26
19990,5,15,58.0,Member,103,3.09,11.87,1.3,13.66
19991,2,14,,Standard,50,4.32,6.79,0.0,11.11
19992,2,7,,Time Limited,82,3.96,9.36,2.2,11.12
19993,5,3,,Standard,99,7.21,13.58,0.0,20.79
19994,1,6,,Standard,41,2.37,2.86,0.0,5.23
19995,5,9,,Standard,45,7.3,7.06,0.0,14.36
19996,3,8,,Standard,102,5.87,8.11,0.0,13.98
19997,4,10,,Time Limited,32,4.19,3.02,0.0,7.21
19998,3,15,,Standard,140,2.59,9.2,0.0,11.79
19999,1,2,,Standard,134,4.01,21.2,0.0,25.21
20000,4,3,,Time Limited,83,3.0,7.84,0.0,10.84
20001,3,1,34.0,Member,78,3.08,10.9,1.75,12.23
20002,2,15,1.0,Member,52,7.03,4.01,0.89,10.15
20003,2,10,,Standard,84,2.92,6.05,0.0,8.97
20004,5,4,,Free,57,0.3,8.43,0.64,8.09
20005,3,13,11.0,Member,162,2.26,9.97,0.0,12.23
20006,1,7,6.0,Member,116,1.69,16.35,0.0,18.04
20007,2,8,,Standard,45,3.28,7.11,0.0,10.39
20008,3,15,,Standard,92,0.99,11.82,0.0,12.81
20009,4,11,,Standard,92,5.64,6.32,0.63,11.33
20010,2,10,1.0,Member,171,5.5,16.83,0.0,22.33
20011,3,4,,Standard,132,4.13,19.55,0.0,23.68
20012,2,12,57.0,Member,84,1.98,10.25,2.69,9.54
20013,3,16,,Standard,147,2.35,13.1,0.0,15.45
20014,3,4,,Standard,54,5.72,6.18,0.0,11.9
20015,2,14,2.0,Member,138,3.4,12.64,0.0,16.04
20016,5,3,,Standard,136,0.64,9.27,0.0,9.91
20017,2,8,,Standard,47,2.6,4.09,0.0,6.69
20018,4,13,,Free,42,5.14,3.82,0.49,8.47
20019,1,5,,Standard,97,0.24,7.89,0.0,8.13
20020,5,6,,Standard,79,6.33,5.77,0.0,12.1
20021,2,14,,Standard,106,6.27,8.31,0.0,14.58
20022,2,6,,Standard,101,7.58,15.9,0.0,23.48
20023,2,11,,Time Limited,53,7.48,3.59,2.25,8.82
20024,4,1,46.0,Member,73,3.54,4.48,0.0,8.02
20025,4,7,,Standard,54,1.36,4.0,0.0,5.36
20026,2,8,33.0,Member,126,0.67,19.24,0.0,19.91
20027,1,10,16.0,Member,101,6.13,15.83,0.0,21.96
20028,2,12,,Standard,93,2.59,10.57,0.0,13.16
20029,2,2,7.0,Member,73,4.22,9.4,0.0,13.62
20030,2,16,,Administrator,38,3.0,4.56,1.79,5.77
20031,1,8,8.0,Member,96,7.25,6.55,0.09,13.71
20032,1,11,2.0,Member,105,7.49,15.59,0.21,22.87
20033,2,16,7.0,Member,100,2.26,10.34,0.0,12.6
20034,1,10,5.0,Member,103,1.08,12.49,0.0,13.57
20035,4,2,,Standard,84,7.42,10.21,1.77,15.86
20036,3,13,1.0,Member,58,5.91,5.99,2.21,9.69
20037,5,4,,Standard,72,5.65,7.86,0.0,13.51
20038,2,15,,Standard,129,7.97,11.65,0.43,19.19
20039,5,13,4.0,Member,162,3.7,25.25,0.0,28.95
20040,2,9,,Free,32,3.08,5.04,1.51,6.61
20041,5,6,47.0,Member,124,6.44,18.65,0.0,25.09
20042,5,11,,Standard,105,7.4,14.19,1.76,19.83
20043,3,16,,Standard,38,5.12,2.7,0.19,7.63
20044,5,6,10.0,Member,66,2.6,9.2,0.0,11.8
20045,2,7,,Free,19,4.3,2.72,0.0,7.02
20046,5,3,,Standard,63,5.1,4.79,0.0,9.89
20047,2,9,50.0,Member,71,2.44,8.13,0.0,10.57
20048,3,10,46.0,Member,150,7.08,20.0,0.0,27.08
20049,2,10,41.0,Member,89,0.46,14.08,1.08,13.46
20050,5,2,,Standard,89,5.33,9.57,0.0,14.9
20051,5,8,,Time Limited,44,4.07,5.84,0.0,9.91
20052,3,12,,Time Limited,45,7.11,5.15,0.0,12.26
20053,4,13,,Administrator,21,3.83,1.76,0.0,5.59
20054,2,5,58.0,Member,60,1.53,7.0,1.08,7.45
20055,3,13,,Administrator,24,6.56,1.51,0.0,8.07
20056,1,6,,Time Limited,31,7.17,2.21,0.0,9.38
20057,2,13,,Standard,46,3.77,5.62,0.0,9.39
20058,4,4,,Standard,139,3.98,13.36,0.0,17.34
20059,5,13,,Standard,96,6.95,13.09,0.74,19.3
20060,3,1,,Standard,131,0.42,16.05,0.0,16.47
20061,3,8,,Standard,81,0.0,4.99,2.93,2.06
20062,4,7,,Free,38,6.54,4.6,0.0,11.14
20063,1,4,,Standard,120,6.19,8.36,0.0,14.55
20064,3,16,,Standard,126,3.86,14.47,0.0,18.33
20065,3,11,,Time Limited,48,2.96,5.54,2.18,6.32
20066,2,11,21.0,Member,72,6.75,9.86,0.0,16.61
20067,4,3,62.0,Member,98,2.08,11.25,0.0,13.33
20068,5,10,,Standard,90,3.17,13.08,0.0,16.25
20069,4,8,,Standard,124,7.15,12.08,1.11,18.12
20070,2,13,,Standard,77,4.34,6.92,0.0,11.26
20071,4,5,,Time Limited,42,5.21,3.08,0.0,8.29
20072,3,14,,Standard,55,4.79,8.44,0.12,13.11
20073,4,10,,Standard,126,1.34,11.39,0.14,12.59
20074,3,1,,Standard,118,1.05,9.35,1.91,8.49
20075,2,6,31.0,Member,175,2.53,22.23,0.0,24.76
20076,3,8,,Standard,90,5.26,6.42,0.2,11.48
20077,4,7,,Free,45,1.3,5.23,0.0,6.53
20078,1,7,24.0,Member,165,4.92,21.92,0.0,26.84
20079,5,5,3.0,Member,122,5.3,18.26,1.27,22.29
20080,2,14,2.0,Member,93,1.82,9.87,0.29,11.4
20081,1,3,,Standard,108,0.76,9.58,2.73,7.61
20082,1,14,62.0,Member,171,5.64,14.37,0.0,20.01
20083,5,9,,Standard,36,0.34,3.87,0.0,4.21
20084,1,5,,Standard,38,0.4,5.82,0.0,6.22
20085,2,4,,Standard,149,6.17,13.6,0.0,19.77
20086,2,12,,Standard,52,7.98,3.27,0.0,11.25
20087,3,4,,Time Limited,39,7.11,6.04,0.36,12.79
20088,1,16,9.0,Member,166,2.69,20.93,0.34,23.28
20089,1,7,65.0,Member,86,5.98,10.9,1.88,15.0
20090,3,5,28.0,Member,146,1.37,9.31,0.0,10.68
20091,2,3,,Standard,102,7.78,7.06,0.0,14.84
20092,2,15,,Standard,47,0.58,6.61,0.0,7.19
20093,2,12,,Administrator,18,5.38,1.68,0.0,7.06
20094,3,16,,Administrator,44,7.84,5.56,0.0,13.4
20095,2,14,,Standard,88,7.08,6.98,0.0,14.06
20096,5,7,,Free,52,0.74,7.15,0.0,7.89
20097,5,14,,Standard,134,5.83,11.85,1.06,16.62
20098,3,3,,Standard,71,0.08,7.32,0.56,6.84
20099,5,13,,Standard,61,0.25,6.52,0.0,6.77
20100,3,7,29.0,Member,161,3.98,17.68,0.0,21.66
20101,2,2,33.0,Member,97,5.8,11.55,0.0,17.35
20102,1,15,,Standard,110,3.62,15.53,0.1,19.05
20103,2,9,,Standard,85,3.86,11.71,0.0,15.57
20104,4,3,36.0,Member,50,2.79,3.81,0.0,6.6
20105,4,2,,Standard,113,4.03,7.61,0.0,11.64
20106,5,10,,Standard,108,7.14,10.33,2.23,15.24
20107,5,5,20.0,Member,180,0.59,21.14,0.0,21.73
20108,4,7,4.0,Member,102,4.0,10.82,0.0,14.82
20109,4,3,52.0,Member,71,3.85,11.04,0.0,14.89
20110,2,6,,Administrator,10,6.27,0.94,0.0,7.21
20111,2,3,,Standard,32,2.63,2.77,0.0,5.4
20112,3,11,,Standard,68,0.37,9.34,0.0,9.71
20113,5,9,,Standard,84,7.73,9.14,2.29,14.58
20114,5,4,13.0,Member,129,1.54,8.13,0.0,9.67
20115,4,6,3.0,Member,141,3.69,14.41,0.0,18.1
20116,1,11,,Time Limited,47,6.68,3.96,0.0,10.64
20117,3,4,,Standard,111,3.34,15.53,1.2,17.67
20118,1,13,,Standard,37,6.94,2.81,0.0,9.75
20119,1,10,,Standard,48,2.74,7.22,0.0,9.96
20120,5,16,,Standard,130,4.57,8.56,0.19,12.94
20121,2,9,,Standard,80,1.14,11.15,0.0,12.29
20122,3,5,57.0,Member,147,0.89,16.61,2.56,14.94
20123,4,6,,Standard,101,6.67,9.12,0.0,15.79
20124,5,4,34.0,Member,121,2.01,8.71,0.0,10.72
20125,5,10,33.0,Member,92,6.28,13.41,0.0,19.69
20126,5,1,29.0,Member,94,6.59,13.04,2.49,17.14
20127,1,16,,Standard,53,3.31,7.65,0.0,10.96
20128,3,7,,Standard,68,4.2,6.16,2.12,8.24
20129,4,8,,Standard,69,6.19,9.67,0.0,15.86
20130,1,6,,Standard,46,3.22,5.0,0.0,8.22
20131,1,2,,Time Limited,62,4.91,6.03,0.0,10.94
20132,2,9,58.0,Member,163,4.5,10.51,0.0,15.01
20133,2,15,58.0,Member,60,0.36,6.37,2.64,4.09
20134,4,7,,Standard,43,5.06,3.55,0.0,8.61
20135,1,8,,Standard,128,4.64,9.11,0.0,13.75
20136,2,7,,Standard,55,5.8,3.88,0.0,9.68
20137,2,9,,Time Limited,89,5.01,5.51,0.49,10.03
20138,4,14,,Standard,48,6.12,5.02,0.0,11.14
20139,1,4,60.0,Member,60,2.86,8.26,2.45,8.67
20140,4,14,29.0,Member,57,2.32,8.72,0.0,11.04
20141,2,1,,Standard,56,1.03,6.62,0.0,7.65
20142,4,3,,Free,42,6.35,5.34,2.98,8.71
20143,4,4,40.0,Member,157,5.6,21.65,0.0,27.25
20144,5,10,45.0,Member,84,2.49,6.45,0.0,8.94
20145,5,14,,Standard,73,3.51,8.39,0.0,11.9
20146,4,15,,Free,56,7.94,3.67,0.0,11.61
20147,1,13,,Standard,135,3.61,10.83,0.0,14.44
20148,4,12,,Standard,102,5.78,15.91,0.0,21.69
20149,5,1,,Standard,90,1.07,7.81,1.7,7.18
20150,3,9,,Standard,102,3.69,14.4,0.0,18.09
20151,1,11,,Time Limited,32,7.17,2.99,0.0,10.16
20152,1,6,,Standard,110,4.53,7.02,0.0,11.55
20153,2,6,12.0,Member,178,2.26,20.33,0.0,22.59
20154,1,7,59.0,Member,89,1.19,12.88,1.35,12.72
20155,5,12,,Standard,143,3.0,19.8,0.0,22.8
20156,3,10,1.0,Member,137,6.19,20.23,0.67,25.75
20157,2,9,,Standard,98,5.9,7.58,0.0,13.48
20158,2,14,,Free,49,4.6,5.54,1.54,8.6
20159,2,16,8.0,Member,107,6.92,14.99,0.0,21.91
20160,5,11,40.0,Member,89,7.87,14.21,0.0,22.08
20161,2,1,,Standard,143,3.53,14.04,0.0,17.57
20162,3,10,3.0,Member,139,7.24,9.5,1.45,15.29
20163,5,11,,Standard,50,5.17,5.03,0.0,10.2
20164,1,16,4.0,Member,172,5.23,19.7,0.0,24.93
20165,2,12,,Standard,97,5.6,11.7,0.0,17.3
20166,5,16,,Standard,54,7.87,3.95,0.0,11.82
20167,1,9,10.0,Member,157,4.02,17.52,0.0,21.54
20168,3,9,,Standard,54,3.19,5.56,0.0,8.75
20169,3,4,,Standard,113,4.29,17.46,0.0,21.75
20170,4,7,,Standard,91,6.05,6.43,0.0,12.48
20171,2,10,,Standard,69,0.65,4.96,0.0,5.61
20172,4,12,,Standard,61,5.45,7.35,0.0,12.8
20173,3,16,,Standard,84,6.97,7.53,1.33,13.17
20174,1,4,2.0,Member,82,4.21,6.06,0.0,10.27
20175,4,2,,Administrator,24,2.97,1.65,0.0,4.62
20176,4,8,,Standard,80,5.48,8.55,1.52,12.51
20177,4,6,63.0,Member,100,4.28,6.07,0.0,10.35
20178,2,11,,Time Limited,47,7.86,6.85,0.0,14.71
20179,1,5,5.0,Member,120,2.08,17.41,0.0,19.49
20180,2,9,,Standard,136,5.12,16.79,1.95,19.96
20181,5,8,,Standard,76,4.57,9.63,0.0,14.2
20182,1,8,,Time Limited,39,2.41,3.9,0.0,6.31
20183,1,13,30.0,Member,75,1.84,6.2,0.0,8.04
20184,5,3,,Standard,59,5.78,5.16,0.0,10.94
20185,3,16,4.0,Member,135,2.46,9.78,0.0,12.24
20186,2,12,,Standard,45,2.79,5.83,0.0,8.62
20187,3,14,,Standard,53,2.19,6.22,0.0,8.41
20188,3,16,,Standard,135,3.54,10.98,0.0,14.52
20189,3,11,,Standard,113,2.6,11.81,0.0,14.41
20190,2,13,,Standard,143,4.8,19.4,0.0,24.2
20191,1,14,,Standard,113,2.31,11.65,0.0,13.96
20192,3,2,6.0,Member,63,7.3,8.57,0.0,15.87
20193,3,2,,Standard,118,4.27,17.73,0.0,22.0
20194,4,13,,Standard,96,0.63,7.43,0.0,8.06
20195,2,15,56.0,Member,103,4.7,8.67,0.62,12.75
20196,1,5,,Standard,47,6.07,4.57,0.0,10.64
20197,2,2,64.0,Member,101,2.56,10.61,0.0,13.17
20198,2,12,,Standard,127,4.78,17.52,0.0,22.3
20199,4,5,,Standard,86,6.08,12.42,0.0,18.5
20200,4,14,,Standard,68,7.21,7.04,0.0,14.25
20201,1,1,10.0,Member,177,4.67,27.77,1.62,30.82
20202,3,9,,Free,44,0.36,3.19,0.0,3.55
20203,3,15,,Standard,139,5.51,10.39,2.23,13.67
20204,1,13,10.0,Member,165,7.95,21.83,0.0,29.78
20205,3,2,18.0,Member,156,4.84,12.52,0.0,17.36
20206,1,16,,Free,59,2.24,6.6,0.09,8.75
20207,5,7,,Standard,92,1.81,7.56,0.0,9.37
20208,4,1,,Standard,139,7.59,13.74,0.0,21.33
20209,1,16,,Standard,141,1.34,15.23,0.0,16.57
20210,4,7,,Standard,31,6.5,4.73,0.0,11.23
20211,1,13,,Standard,106,2.92,9.85,0.0,12.77
20212,1,15,,Time Limited,41,2.44,3.87,0.0,6.31
20213,1,5,,Standard,81,4.9,10.66,0.0,15.56
20214,1,6,,Free,47,2.91,5.41,2.92,5.4
20215,3,11,,Time Limited,66,3.37,5.91,0.0,9.28
20216,2,1,,Administrator,11,7.29,1.55,0.0,8.84
20217,5,5,38.0,Member,97,7.79,14.61,0.0,22.4
20218,2,9,21.0,Member,63,7.01,8.36,0.0,15.37
20219,1,11,37.0,Member,78,2.38,5.06,0.0,7.44
20220,3,8,,Standard,79,0.13,7.48,2.21,5.4
20221,2,7,,Standard,94,3.35,12.06,2.31,13.1
20222,4,14,16.0,Member,113,6.32,11.52,0.0,17.84
20223,4,14,,Standard,129,3.19,17.59,0.0,20.78
20224,4,14,44.0,Member,140,5.87,10.29,0.0,16.16
20225,3,11,,Standard,149,3.47,12.24,0.0,15.71
20226,4,5,6.0,Member,87,7.84,11.85,0.0,19.69
20227,4,10,,Time Limited,76,4.89,7.25,0.0,12.14
20228,5,8,,Standard,47,1.8,3.96,0.0,5.76
20229,4,2,58.0,Member,159,0.25,20.4,0.0,20.65
20230,5,10,,Standard,114,2.2,12.25,1.63,12.82
20231,1,7,,Standard,147,0.31,19.74,0.0,20.05
20232,2,5,52.0,Member,169,7.31,19.27,2.96,23.62
20233,2,7,,Standard,44,2.82,2.97,0.0,5.79
20234,1,9,,Standard,48,5.08,7.52,0.0,12.6
20235,3,11,,Administrator,45,3.91,6.68,2.94,7.65
20236,4,4,,Standard,145,3.55,17.62,0.0,21.17
20237,2,2,,Standard,56,0.05,4.87,0.0,4.92
20238,5,6,4.0,Member,52,1.07,6.01,0.0,7.08
20239,5,6,,Standard,81,7.1,7.75,0.0,14.85
20240,2,4,,Standard,100,3.79,12.62,0.94,15.47
20241,3,9,,Standard,106,7.79,11.64,0.0,19.43
20242,4,4,,Standard,91,4.74,9.97,2.8,11.91
20243,1,12,11.0,Member,120,2.2,10.9,0.0,13.1
20244,2,5,46.0,Member,71,1.41,7.85,0.0,9.26
20245,3,15,,Standard,105,7.33,14.59,0.0,21.92
20246,1,11,,Standard,49,7.3,3.38,0.36,10.32
20247,1,6,,Free,41,1.29,4.06,0.0,5.35
20248,5,14,,Standard,90,0.36,12.12,0.0,12.48
20249,1,15,,Administrator,30,4.76,4.37,0.0,9.13
20250,2,1,,Standard,87,2.19,9.19,0.0,11.38
20251,1,5,48.0,Member,102,5.79,11.54,0.0,17.33
20252,3,12,45.0,Member,124,4.99,10.11,0.0,15.1
20253,3,6,35.0,Member,177,0.9,22.98,0.0,23.88
20254,3,1,,Standard,94,7.09,11.6,0.0,18.69
20255,1,5,64.0,Member,153,3.35,14.74,1.64,16.45
20256,2,13,,Standard,115,2.02,12.88,2.38,12.52
20257,1,5,,Standard,108,3.61,12.11,0.0,15.72
20258,4,9,,Standard,84,0.03,12.49,0.0,12.52
20259,5,11,,Standard,149,0.79,9.84,0.0,10.63
20260,4,3,58.0,Member,71,7.9,7.69,0.0,15.59
20261,5,12,,Standard,84,4.04,11.14,0.0,15.18
20262,2,12,,Time Limited,42,7.13,5.37,0.0,12.5
20263,2,12,20.0,Member,57,6.73,7.05,0.0,13.78
20264,3,9,,Time Limited,30,7.65,4.11,0.0,11.76
20265,4,14,,Standard,144,7.0,10.9,0.0,17.9
20266,4,13,5.0,Member,89,6.28,6.84,1.81,11.31
20267,5,1,,Standard,73,3.3,10.72,0.81,13.21
20268,3,8,,Standard,71,0.16,8.82,0.0,8.98
20269,2,12,,Standard,126,7.92,18.56,0.0,26.48
20270,4,8,,Standard,118,5.02,14.18,0.0,19.2
20271,2,6,5.0,Member,149,1.78,13.55,0.0,15.33
20272,4,14,,Free,40,6.56,4.88,0.0,11.44
20273,1,10,,Standard,92,4.01,6.78,0.0,10.79
20274,1,16,,Standard,66,3.98,9.09,0.0,13.07
20275,3,8,,Standard,60,4.36,8.22,0.0,12.58
20276,1,9,,Standard,39,7.04,5.62,0.0,12.66
20277,3,4,,Standard,116,1.99,13.49,0.0,15.48
20278,5,8,,Free,16,7.47,1.43,2.78,6.12
20279,4,12,,Administrator,25,2.23,1.77,0.0,4.0
20280,1,3,,Standard,33,4.9,2.99,0.0,7.89
20281,1,9,,Standard,84,2.52,6.62,1.52,7.62
20282,5,4,3.0,Member,137,1.16,18.28,1.08,18.36
20283,2,7,,Standard,131,3.95,9.16,2.17,10.94
20284,2,4,,Standard,48,6.44,7.31,0.0,13.75
20285,4,14,,Standard,73,7.36,10.52,0.0,17.88
20286,2,8,49.0,Member,55,0.61,6.71,0.0,7.32
20287,4,14,6.0,Member,102,6.62,11.45,0.0,18.07
20288,5,16,,Administrator,22,4.62,2.48,0.0,7.1
20289,4,1,,Standard,142,0.54,12.45,0.0,12.99
20290,1,14,,Administrator,20,5.27,2.91,0.0,8.18
20291,2,13,20.0,Member,45,3.83,5.92,0.0,9.75
20292,3,14,,Standard,57,6.1,8.98,0.0,15.08
20293,5,16,,Standard,68,7.78,6.36,0.0,14.14
20294,4,16,,Standard,84,2.7,11.96,2.59,12.07
20295,3,12,18.0,Member,78,1.99,11.83,0.0,13.82
20296,5,15,,Standard,31,0.86,3.93,0.0,4.79
20297,2,5,18.0,Member,171,4.79,20.64,0.0,25.43
20298,4,15,,Standard,57,3.66,8.69,2.85,9.5
20299,1,12,,Administrator,39,6.15,6.08,0.0,12.23
20300,1,10,,Standard,93,5.38,12.61,0.0,17.99
20301,4,5,,Standard,128,7.16,9.01,0.0,16.17
20302,1,2,48.0,Member,154,7.81,16.38,2.59,21.6
20303,3,9,7.0,Member,128,7.97,14.6,0.0,22.57
20304,2,8,,Standard,127,4.01,9.28,0.0,13.29
20305,2,3,10.0,Member,61,5.42,7.21,0.0,12.63
20306,5,15,,Time Limited,46,4.85,7.06,0.0,11.91
20307,4,3,,Standard,56,3.94,6.93,0.0,10.87
20308,3,7,9.0,Member,172,6.9,15.4,0.0,22.3
20309,2,1,,Standard,75,0.49,8.9,0.0,9.39
20310,2,9,15.0,Member,76,6.34,5.81,0.0,12.15
20311,5,12,,Standard,64,4.85,8.48,0.0,13.33
20312,4,10,13.0,Member,93,2.08,9.68,0.0,11.76
20313,5,1,,Standard,62,7.78,6.15,2.12,11.81
20314,5,2,,Standard,123,3.12,14.6,0.0,17.72
20315,2,13,,Standard,41,2.11,4.15,0.0,6.26
20316,3,1,,Standard,56,6.58,4.59,0.0,11.17
20317,2,15,,Standard,46,6.02,3.9,0.0,9.92
20318,4,9,,Standard,32,1.21,3.75,0.0,4.96
20319,5,11,,Standard,95,3.62,7.49,0.0,11.11
20320,2,12,13.0,Member,96,1.1,12.83,1.06,12.87
20321,2,4,,Standard,71,2.48,11.35,0.0,13.83
20322,1,2,,Free,38,1.9,3.71,2.35,3.26
20323,5,6,,Standard,99,3.33,10.65,0.0,13.98
20324,5,14,,Time Limited,73,2.96,6.15,0.0,9.11
20325,2,16,,Standard,130,2.51,9.5,0.0,12.01
20326,1,6,58.0,Member,91,0.98,14.09,0.0,15.07
20327,4,14,18.0,Member,74,3.29,11.3,0.31,14.28
20328,2,14,10.0,Member,51,7.73,3.31,0.0,11.04
20329,4,16,,Standard,46,0.42,6.02,0.0,6.44
20330,5,1,,Standard,36,2.73,5.07,0.0,7.8
20331,5,7,,Standard,89,5.93,7.74,0.0,13.67
20332,5,12,,Standard,69,5.22,10.79,0.0,16.01
20333,2,10,,Standard,133,4.68,12.39,0.0,17.07
20334,2,9,,Standard,100,3.75,12.1,0.05,15.8
20335,2,7,37.0,Member,86,1.84,5.88,1.91,5.81
20336,5,14,8.0,Member,151,1.99,23.51,0.0,25.5
20337,3,14,58.0,Member,62,1.75,6.18,0.0,7.93
20338,5,9,,Standard,112,3.23,9.23,0.0,12.46
20339,1,15,18.0,Member,136,4.91,11.79,0.0,16.7
20340,2,10,,Standard,128,1.83,8.03,0.0,9.86
20341,1,6,6.0,Member,50,0.98,6.5,1.95,5.53
20342,1,13,,Free,19,3.33,2.38,0.0,5.71
20343,5,5,,Standard,55,6.95,6.56,0.0,13.51
20344,2,14,,Standard,74,4.4,7.42,0.0,11.82
20345,3,11,1.0,Member,162,4.9,9.94,0.0,14.84
20346,3,13,,Standard,104,6.77,6.25,0.0,13.02
20347,1,8,6.0,Member,46,4.49,5.81,0.0,10.3
20348,3,8,,Standard,69,2.13,9.53,1.95,9.71
20349,5,14,21.0,Member,151,4.28,23.91,0.7,27.49
20350,2,4,,Administrator,40,7.0,3.74,0.0,10.74
20351,2,7,5.0,Member,67,0.92,9.43,0.05,10.3
20352,3,8,,Standard,76,1.75,7.41,0.84,8.32
20353,3,2,,Standard,144,4.23,8.88,0.0,13.11
20354,3,14,,Standard,42,0.16,3.98,0.0,4.14
20355,1,16,,Standard,129,4.79,20.57,0.0,25.36
20356,5,13,,Standard,92,6.04,6.17,0.0,12.21
20357,2,6,,Standard,69,3.54,9.06,0.0,12.6
20358,4,3,3.0,Member,149,1.48,11.57,0.0,13.05
20359,3,16,,Standard,48,7.51,5.24,1.92,10.83
20360,4,7,,Standard,95,1.49,7.39,2.51,6.37
20361,4,10,,Standard,79,4.32,6.16,2.84,7.64
20362,4,5,23.0,Member,100,5.33,6.59,2.8,9.12
20363,1,5,,Standard,71,2.87,8.73,0.0,11.6
20364,4,12,,Standard,55,2.46,5.75,0.0,8.21
20365,5,5,,Time Limited,55,0.3,5.72,1.49,4.53
20366,3,13,,Standard,85,5.9,7.74,0.0,13.64
20367,1,5,27.0,Member,147,2.61,18.8,1.83,19.58
20368,1,9,4.0,Member,70,0.36,6.29,0.1,6.55
20369,4,14,,Standard,118,4.5,8.17,0.0,12.67
20370,3,9,,Standard,77,4.52,5.92,0.0,10.44
20371,5,9,,Standard,125,1.53,11.89,0.0,13.42
20372,2,4,46.0,Member,87,5.14,7.03,0.0,12.17
20373,5,4,9.0,Member,171,4.74,26.63,0.0,31.37
20374,1,5,,Standard,96,7.5,10.41,0.0,17.91
20375,5,14,,Administrator,31,5.14,4.42,2.24,7.32
20376,2,12,4.0,Member,107,3.59,14.34,0.0,17.93
20377,1,7,,Free,21,6.55,2.95,0.0,9.5
20378,4,1,6.0,Member,173,4.65,26.33,0.0,30.98
20379,3,7,,Standard,95,7.15,14.2,0.0,21.35
20380,2,9,2.0,Member,86,6.2,8.74,0.0,14.94
20381,2,12,,Standard,46,1.47,3.4,2.82,2.05
20382,3,6,,Standard,139,0.09,10.97,0.0,11.06
20383,4,5,,Standard,56,4.67,4.35,0.0,9.02
20384,3,6,,Time Limited,75,2.19,5.29,2.66,4.82
20385,3,4,2.0,Member,149,6.8,17.74,0.0,24.54
20386,3,14,7.0,Member,106,3.68,12.22,2.45,13.45
20387,5,16,,Standard,108,7.55,8.85,0.0,16.4
20388,3,4,15.0,Member,61,5.11,9.01,0.0,14.12
20389,1,4,,Time Limited,54,4.17,3.48,0.0,7.65
20390,1,2,10.0,Member,116,5.9,10.77,0.0,16.67
20391,3,14,,Standard,113,2.89,9.82,0.14,12.57
20392,4,10,,Standard,71,5.12,8.79,0.91,13.0
20393,2,3,,Standard,42,3.98,3.66,1.69,5.95
20394,3,12,,Standard,40,4.33,2.91,0.0,7.24
20395,2,12,,Standard,39,6.4,3.82,0.0,10.22
20396,1,5,,Standard,70,1.8,7.13,0.9,8.03
20397,2,12,,Standard,89,5.28,9.13,0.0,14.41
20398,5,12,,Time Limited,85,0.16,10.52,0.0,10.68
20399,1,4,,Standard,83,0.09,5.99,0.0,6.08
20400,5,6,,Standard,68,6.34,7.47,2.94,10.87
20401,2,1,66.0,Member,86,1.39,11.21,1.2,11.4
20402,4,10,,Administrator,35,7.94,5.23,0.0,13.17
20403,2,9,,Standard,138,2.19,12.08,0.0,14.27
20404,4,11,23.0,Member,106,3.62,7.96,2.99,8.59
20405,3,13,,Standard,45,3.85,3.75,0.0,7.6
20406,1,4,,Standard,98,1.46,11.73,0.0,13.19
20407,5,5,,Standard,74,0.17,9.21,0.69,8.69
20408,4,12,,Standard,46,6.65,5.81,0.32,12.14
20409,2,15,,Time Limited,53,1.88,7.72,0.0,9.6
20410,4,6,,Standard,100,1.64,8.96,0.0,10.6
20411,3,11,1.0,Member,155,0.41,20.09,2.92,17.58
20412,3,7,,Standard,61,4.45,7.01,0.0,11.46
20413,1,7,,Standard,62,7.99,9.44,0.0,17.43
20414,2,8,5.0,Member,176,4.37,23.59,0.0,27.96
20415,3,16,,Administrator,34,2.03,5.02,0.0,7.05
20416,2,8,,Time Limited,61,4.68,6.55,1.62,9.61
20417,3,13,,Standard,83,7.67,7.56,0.0,15.23
20418,3,4,,Free,47,5.06,4.71,0.0,9.77
20419,5,7,,Time Limited,66,3.62,6.54,0.0,10.16
20420,5,7,,Standard,68,3.81,10.61,0.0,14.42
20421,4,4,,Standard,116,1.48,11.09,2.5,10.07
20422,2,10,15.0,Member,109,0.79,12.11,0.0,12.9
20423,2,7,,Standard,81,7.59,10.72,0.0,18.31
20424,5,16,65.0,Member,55,2.31,7.37,2.44,7.24
20425,4,7,,Standard,89,3.52,13.01,0.0,16.53
20426,1,2,65.0,Member,166,4.75,11.62,0.0,16.37
20427,5,3,65.0,Member,113,0.34,8.91,1.96,7.29
20428,4,4,40.0,Member,177,0.48,23.47,2.47,21.48
20429,4,6,,Standard,87,6.23,12.7,1.94,16.99
20430,2,13,24.0,Member,172,2.95,17.01,0.0,19.96
20431,3,10,5.0,Member,140,7.49,12.86,0.0,20.35
20432,2,5,,Standard,146,6.48,22.83,0.0,29.31
20433,3,15,,Standard,104,6.64,7.72,0.57,13.79
20434,4,13,,Standard,36,5.03,5.04,0.0,10.07
20435,1,11,,Time Limited,57,6.38,5.86,0.0,12.24
20436,4,10,,Standard,128,3.48,10.32,0.0,13.8
20437,5,3,,Standard,35,4.3,3.78,0.0,8.08
20438,1,14,,Free,54,3.56,7.23,0.0,10.79
20439,1,15,,Standard,62,4.06,7.14,0.0,11.2
20440,4,1,,Standard,127,5.06,13.21,0.0,18.27
20441,1,6,53.0,Member,159,0.12,13.32,0.0,13.44
20442,3,5,,Standard,43,2.04,4.65,0.0,6.69
20443,1,1,8.0,Member,137,0.2,8.83,0.0,9.03
20444,5,7,,Standard,142,1.7,15.11,0.0,16.81
20445,1,12,,Standard,36,6.61,5.55,0.0,12.16
20446,2,1,,Standard,45,3.97,6.12,0.0,10.09
20447,4,9,1.0,Member,113,5.96,7.45,0.0,13.41
20448,2,13,,Standard,72,3.98,8.75,1.87,10.86
20449,2,8,52.0,Member,122,6.92,9.57,0.0,16.49
20450,2,4,,Standard,32,3.73,2.61,2.66,3.68
20451,2,11,,Standard,38,1.44,3.7,0.0,5.14
20452,1,7,,Time Limited,36,7.65,3.45,0.0,11.1
20453,1,10,,Free,39,0.1,5.92,0.0,6.02
20454,3,5,,Standard,74,7.9,5.17,0.4,12.67
20455,3,4,,Time Limited,64,2.82,6.44,0.0,9.26
20456,4,11,,Standard,67,2.49,4.76,0.0,7.25
20457,1,6,54.0,Member,48,0.05,7.21,1.33,5.93
20458,1,6,31.0,Member,74,6.48,6.1,0.0,12.58
20459,5,2,21.0,Member,72,5.46,5.34,0.0,10.8
20460,2,8,,Time Limited,54,7.01,3.73,0.0,10.74
20461,3,8,,Time Limited,68,0.12,4.26,0.0,4.38
20462,3,13,,Administrator,21,1.38,3.29,0.0,4.67
20463,2,6,,Standard,118,1.77,9.95,0.0,11.72
20464,2,8,,Free,53,1.87,5.32,0.63,6.56
20465,5,4,4.0,Member,82,0.47,9.37,0.34,9.5
20466,1,8,,Administrator,42,5.84,2.85,0.0,8.69
20467,5,13,,Standard,49,3.62,5.82,0.0,9.44
20468,3,13,,Administrator,20,3.71,1.37,0.0,5.08
20469,2,16,,Standard,44,6.24,6.51,0.0,12.75
20470,3,16,,Standard,30,4.89,1.83,0.0,6.72
20471,4,7,4.0,Member,92,7.18,10.09,0.0,17.27
20472,4,8,,Standard,80,1.43,9.54,2.66,8.31
20473,2,6,,Standard,88,2.2,12.55,0.0,14.75
20474,2,12,18.0,Member,169,0.04,24.63,0.0,24.67
20475,1,7,,Time Limited,39,0.56,2.86,0.0,3.42
20476,5,3,,Standard,30,4.18,4.35,0.14,8.39
20477,1,6,,Standard,95,7.53,8.64,0.0,16.17
20478,1,15,,Time Limited,51,4.92,5.47,0.11,10.28
20479,1,1,,Standard,63,0.0,7.6,0.0,7.6
20480,2,3,24.0,Member,81,6.95,5.35,0.0,12.3
20481,1,8,,Administrator,19,5.01,2.88,0.0,7.89
20482,1,16,37.0,Member,140,7.68,19.08,0.0,26.76
20483,4,1,,Standard,50,2.87,6.37,1.95,7.29
20484,5,5,,Time Limited,31,4.3,4.82,0.38,8.74
20485,4,1,39.0,Member,60,6.35,8.39,0.71,14.03
20486,4,2,,Standard,100,7.68,7.98,0.0,15.66
20487,4,10,,Time Limited,58,6.09,3.85,2.05,7.89
20488,3,2,,Standard,121,5.8,10.47,0.57,15.7
20489,2,13,,Standard,83,0.38,5.64,0.0,6.02
20490,4,9,14.0,Member,72,1.2,7.91,1.83,7.28
20491,5,12,,Standard,82,5.87,5.77,0.0,11.64
20492,1,4,,Standard,57,6.5,6.82,0.0,13.32
20493,1,11,55.0,Member,50,3.97,3.0,1.41,5.56
20494,4,7,,Standard,98,2.27,14.64,0.0,16.91
20495,3,12,,Standard,86,7.43,11.78,0.34,18.87
20496,3,15,,Standard,120,6.5,9.94,0.0,16.44
20497,4,14,62.0,Member,54,0.19,3.31,0.0,3.5
20498,5,4,,Standard,44,4.57,5.23,0.0,9.8
20499,2,4,3.0,Member,83,5.73,9.81,1.18,14.36
20500,3,13,66.0,Member,121,0.63,7.48,2.66,5.45
20501,5,12,,Standard,128,1.98,7.83,0.0,9.81
20502,1,9,,Standard,114,7.49,13.26,0.0,20.75
20503,5,2,23.0,Member,162,6.58,22.46,0.0,29.04
20504,4,4,62.0,Member,76,0.24,8.18,0.0,8.42
20505,2,7,20.0,Member,115,4.45,15.39,1.7,18.14
20506,1,2,27.0,Member,92,0.57,6.02,0.0,6.59
20507,3,9,,Administrator,32,1.16,3.29,1.97,2.48
20508,4,12,,Standard,58,2.72,7.89,0.49,10.12
20509,4,2,,Time Limited,54,3.09,4.99,2.88,5.2
20510,3,11,21.0,Member,54,6.12,5.76,0.0,11.88
20511,1,11,,Standard,56,2.07,7.47,0.03,9.51
20512,1,13,27.0,Member,69,4.09,4.18,0.0,8.27
20513,4,4,,Standard,62,0.45,8.65,0.0,9.1
20514,5,6,10.0,Member,156,2.16,9.68,0.0,11.84
20515,3,10,,Free,44,5.81,5.37,2.02,9.16
20516,3,16,57.0,Member,85,5.5,10.85,0.0,16.35
20517,1,8,,Standard,70,5.36,6.84,0.0,12.2
20518,1,14,45.0,Member,77,1.4,5.21,0.0,6.61
20519,2,11,48.0,Member,96,2.4,11.24,0.0,13.64
20520,5,8,,Standard,70,7.74,10.31,0.0,18.05
20521,3,6,,Administrator,30,1.83,2.25,0.79,3.29
20522,5,11,4.0,Member,177,6.31,20.44,0.0,26.75
20523,5,16,,Standard,74,3.44,9.4,0.0,12.84
20524,2,13,,Standard,90,4.39,12.0,0.0,16.39
20525,3,3,,Standard,33,1.66,2.77,0.06,4.37
20526,5,7,,Standard,91,3.73,5.85,0.0,9.58
20527,1,12,,Administrator,34,4.57,2.7,0.0,7.27
20528,2,15,16.0,Member,70,6.95,7.89,0.0,14.84
20529,2,8,25.0,Member,161,6.23,21.38,2.25,25.36
20530,1,13,,Free,26,1.9,1.79,0.0,3.69
20531,2,13,,Standard,40,7.51,6.04,0.0,13.55
20532,2,3,,Standard,72,7.14,8.49,0.0,15.63
20533,4,14,,Standard,77,4.46,7.23,0.0,11.69
20534,5,15,2.0,Member,51,5.55,3.88,0.0,9.43
20535,4,14,,Free,15,4.68,2.26,0.21,6.73
20536,1,7,,Time Limited,77,1.89,11.06,0.0,12.95
20537,2,9,,Standard,58,4.02,8.57,0.0,12.59
20538,4,12,,Standard,124,6.75,15.57,2.74,19.58
20539,1,16,8.0,Member,92,5.02,5.69,0.0,10.71
20540,5,7,,Time Limited,62,0.05,6.02,0.0,6.07
20541,3,2,,Time Limited,59,3.51,4.62,0.0,8.13
20542,4,16,,Standard,74,7.42,6.06,0.0,13.48
20543,2,5,,Standard,148,5.69,17.96,0.0,23.65
20544,4,4,,Standard,119,3.59,15.19,0.0,18.78
20545,4,10,6.0,Member,131,1.09,16.54,0.0,17.63
20546,4,8,,Standard,60,3.01,9.5,0.0,12.51
20547,1,5,,Free,48,3.79,7.55,0.0,11.34
20548,2,8,,Time Limited,76,4.42,10.86,0.0,15.28
20549,3,10,3.0,Member,59,5.68,5.71,0.0,11.39
20550,5,16,,Standard,137,7.47,21.92,0.0,29.39
20551,2,8,,Standard,32,2.4,2.17,0.0,4.57
20552,3,1,,Standard,94,6.59,13.13,0.0,19.72
20553,3,16,59.0,Member,48,7.74,3.46,0.0,11.2
20554,3,14,,Standard,56,1.1,7.65,0.0,8.75
20555,1,9,16.0,Member,91,1.78,13.31,1.87,13.22
20556,1,2,,Standard,96,4.05,14.72,2.37,16.4
20557,5,5,,Standard,84,6.51,5.08,0.0,11.59
20558,4,4,,Standard,68,6.21,9.96,0.0,16.17
20559,1,14,,Free,45,0.21,7.15,0.0,7.36
20560,5,5,,Standard,86,5.03,8.01,0.0,13.04
20561,3,9,,Standard,143,4.33,19.57,0.0,23.9
20562,2,14,,Standard,76,7.32,11.64,0.0,18.96
20563,5,7,,Standard,77,4.35,5.32,1.09,8.58
20564,5,10,6.0,Member,100,1.57,7.44,0.0,9.01
20565,3,10,,Time Limited,86,5.43,5.51,0.0,10.94
20566,1,3,,Standard,78,4.21,9.54,0.66,13.09
20567,4,8,15.0,Member,100,6.51,14.05,0.0,20.56
20568,1,12,,Standard,31,1.7,2.62,0.0,4.32
20569,2,5,,Administrator,23,1.26,2.06,1.52,1.8
20570,1,7,18.0,Member,87,4.58,12.52,0.0,17.1
20571,2,5,,Standard,72,0.22,7.93,0.0,8.15
20572,5,4,,Standard,47,0.0,4.01,0.0,4.01
20573,3,15,,Standard,81,0.18,10.55,0.0,10.73
20574,5,14,,Free,48,1.38,4.2,0.0,5.58
20575,1,15,15.0,Member,132,7.08,17.49,0.0,24.57
20576,2,7,,Standard,136,2.66,16.93,0.0,19.59
20577,4,11,,Standard,124,7.34,9.52,0.0,16.86
20578,2,1,54.0,Member,82,7.7,11.46,0.0,19.16
20579,4,12,,Free,53,2.81,7.53,0.0,10.34
20580,3,13,,Standard,109,7.65,16.83,0.37,24.11
20581,3,7,,Time Limited,61,1.24,8.79,0.0,10.03
20582,4,3,,Standard,87,1.16,13.89,0.0,15.05
20583,1,10,33.0,Member,71,3.01,10.06,2.76,10.31
20584,1,11,18.0,Member,161,0.04,24.99,0.58,24.45
20585,1,9,,Standard,48,2.63,6.13,0.0,8.76
20586,1,6,,Standard,55,1.88,5.33,0.13,7.08
20587,3,14,,Standard,82,2.97,9.67,0.0,12.64
20588,3,13,39.0,Member,66,3.78,8.75,0.0,12.53
20589,5,5,,Standard,148,1.02,14.0,2.37,12.65
20590,3,8,,Free,25,0.51,2.37,0.0,2.88
20591,1,16,23.0,Member,95,6.1,12.49,0.0,18.59
20592,4,14,,Standard,60,2.19,6.67,0.0,8.86
20593,2,4,,Standard,90,6.89,8.99,0.0,15.88
20594,4,8,,Standard,99,3.43,13.02,0.28,16.17
20595,1,15,4.0,Member,177,4.96,28.01,2.36,30.61
20596,3,5,,Time Limited,77,1.04,6.83,0.0,7.87
20597,1,5,,Standard,34,1.29,4.95,0.0,6.24
20598,5,14,,Standard,102,4.59,12.48,0.0,17.07
20599,2,9,5.0,Member,133,3.92,9.62,2.67,10.87
20600,3,3,48.0,Member,125,6.91,14.77,0.0,21.68
20601,1,14,,Standard,136,4.75,10.84,0.0,15.59
20602,4,5,,Standard,56,1.3,3.74,0.0,5.04
20603,4,11,,Standard,75,1.94,5.2,0.0,7.14
20604,5,11,,Standard,78,0.34,10.08,0.0,10.42
20605,4,15,,Free,19,3.63,1.55,2.35,2.83
20606,1,4,,Standard,124,6.34,8.74,0.0,15.08
20607,1,7,,Standard,69,4.15,9.54,0.0,13.69
20608,5,15,25.0,Member,113,3.18,11.7,0.0,14.88
20609,3,7,,Time Limited,90,7.49,9.25,0.0,16.74
20610,2,5,,Time Limited,58,0.93,5.21,0.0,6.14
20611,4,14,60.0,Member,64,5.01,8.11,1.35,11.77
20612,3,6,5.0,Member,113,1.04,14.07,0.0,15.11
20613,4,7,,Standard,108,3.92,17.09,1.67,19.34
20614,3,1,58.0,Member,134,3.06,12.37,0.0,15.43
20615,1,9,,Standard,112,7.71,15.47,0.0,23.18
20616,4,2,1.0,Member,119,1.61,12.35,0.0,13.96
20617,1,13,,Time Limited,67,7.89,8.02,0.0,15.91
20618,5,11,,Standard,102,2.92,11.54,0.0,14.46
20619,3,9,9.0,Member,73,7.86,6.57,0.0,14.43
20620,5,6,,Standard,49,2.4,4.08,0.56,5.92
20621,2,11,,Time Limited,80,5.48,11.75,0.0,17.23
20622,5,6,,Free,18,5.97,1.43,0.0,7.4
20623,5,3,,Administrator,45,5.58,4.37,0.0,9.95
20624,4,8,14.0,Member,96,2.02,15.1,0.0,17.12
20625,1,10,,Time Limited,63,0.72,8.04,0.0,8.76
20626,2,15,,Administrator,21,2.81,1.33,0.0,4.14
20627,4,1,66.0,Member,180,5.58,11.1,0.0,16.68
20628,1,11,,Standard,117,1.8,10.41,2.84,9.37
20629,2,1,4.0,Member,75,0.86,9.34,0.91,9.29
20630,3,5,,Standard,148,5.79,15.13,0.0,20.92
20631,2,4,4.0,Member,68,4.15,10.79,0.0,14.94
20632,3,12,,Standard,53,7.86,6.61,0.0,14.47
20633,1,12,39.0,Member,161,1.42,21.24,0.0,22.66
20634,2,6,19.0,Member,71,2.67,6.45,0.0,9.12
20635,4,8,,Standard,132,4.95,19.34,0.42,23.87
20636,5,8,,Standard,78,2.27,6.59,0.0,8.86
20637,2,13,6.0,Member,85,0.3,10.05,1.36,8.99
20638,1,3,,Standard,120,0.8,8.29,0.0,9.09
20639,2,7,,Time Limited,70,2.33,4.34,0.0,6.67
20640,1,7,,Standard,109,3.66,9.88,0.7,12.84
20641,1,11,,Standard,103,1.07,7.8,0.55,8.32
20642,2,4,,Time Limited,58,3.35,3.76,0.0,7.11
20643,4,4,,Standard,36,3.64,3.7,0.3,7.04
20644,4,13,,Administrator,44,7.13,5.58,0.98,11.73
20645,5,1,,Time Limited,36,2.47,5.27,1.63,6.11
20646,4,5,,Standard,59,4.51,8.48,0.0,12.99
20647,3,2,,Standard,100,6.89,15.38,2.6,19.67
20648,1,8,,Standard,32,1.51,4.38,0.0,5.89
20649,4,5,23.0,Member,68,3.17,4.47,1.03,6.61
20650,4,11,,Time Limited,30,3.49,4.54,0.0,8.03
20651,3,4,,Standard,108,2.99,7.4,0.0,10.39
20652,2,16,,Standard,112,1.07,14.85,0.0,15.92
20653,3,3,,Standard,145,5.78,13.89,0.0,19.67
20654,2,10,,Administrator,35,6.48,3.17,0.0,9.65
20655,3,16,16.0,Member,164,1.4,23.64,0.0,25.04
20656,4,4,,Standard,83,2.34,6.2,0.61,7.93
20657,2,11,,Free,48,7.68,6.07,0.44,13.31
20658,1,13,19.0,Member,68,7.44,8.44,0.0,15.88
20659,1,1,,Time Limited,57,4.87,6.69,0.0,11.56
20660,5,1,41.0,Member,133,7.32,20.46,0.33,27.45
20661,3,9,,Standard,128,3.59,17.02,0.0,20.61
20662,2,1,,Free,42,3.33,4.25,0.0,7.58
20663,4,15,,Standard,58,6.39,6.95,1.74,11.6
20664,5,12,6.0,Member,174,7.6,23.66,1.96,29.3
20665,2,1,,Standard,145,7.59,20.44,0.0,28.03
20666,2,8,,Administrator,22,6.07,2.7,0.0,8.77
20667,3,6,,Time Limited,67,5.54,7.34,0.0,12.88
20668,1,12,,Standard,141,2.75,22.12,1.03,23.84
20669,2,6,,Standard,98,3.38,8.21,1.88,9.71
20670,2,8,39.0,Member,100,3.66,9.19,1.62,11.23
20671,3,8,6.0,Member,138,0.03,14.6,2.26,12.37
20672,2,1,,Standard,119,7.23,11.12,2.3,16.05
20673,3,10,,Standard,54,7.68,4.43,0.0,12.11
20674,5,5,,Standard,127,1.66,9.67,0.0,11.33
20675,2,10,,Standard,70,0.59,7.75,0.0,8.34
20676,1,8,36.0,Member,89,3.63,7.61,0.0,11.24
20677,3,11,,Free,24,1.76,2.16,0.0,3.92
20678,3,14,,Standard,107,6.23,15.97,0.0,22.2
20679,4,5,,Administrator,30,2.97,2.99,0.0,5.96
20680,2,15,8.0,Member,171,2.1,23.51,0.0,25.61
20681,1,14,,Standard,123,4.94,14.96,0.0,19.9
20682,3,1,,Standard,32,2.13,4.88,0.0,7.01
20683,4,4,7.0,Member,82,5.42,10.84,0.0,16.26
20684,5,5,,Standard,69,3.48,7.1,0.16,10.42
20685,3,15,,Standard,32,4.07,3.79,0.09,7.77
20686,2,2,,Standard,96,5.14,14.21,0.0,19.35
20687,5,9,,Standard,129,0.74,16.47,0.14,17.07
20688,2,2,,Standard,59,6.69,7.66,0.0,14.35
20689,4,6,,Standard,75,2.8,10.44,1.75,11.49
20690,3,1,,Time Limited,69,1.66,7.5,2.14,7.02
20691,2,3,,Time Limited,38,2.4,5.75,0.0,8.15
20692,4,14,,Time Limited,76,1.87,8.85,0.0,10.72
20693,5,8,,Standard,57,0.18,7.67,0.0,7.85
20694,1,8,,Standard,87,6.77,5.25,0.0,12.02
20695,5,16,51.0,Member,138,5.13,12.9,0.0,18.03
20696,3,15,7.0,Member,76,0.99,10.18,0.0,11.17
20697,4,15,26.0,Member,137,1.14,16.75,2.21,15.68
20698,1,12,21.0,Member,117,3.98,16.91,0.0,20.89
20699,5,12,59.0,Member,151,5.77,18.92,1.35,23.34
20700,3,13,,Standard,39,0.17,4.11,0.0,4.28
20701,4,8,,Standard,102,0.85,10.22,0.0,11.07
20702,1,15,,Time Limited,69,1.73,6.08,0.0,7.81
20703,3,4,,Standard,82,7.53,10.82,0.0,18.35
20704,1,3,,Time Limited,64,5.58,3.84,0.0,9.42
20705,1,12,,Standard,101,2.82,16.13,0.0,18.95
20706,4,12,,Administrator,25,1.72,1.84,0.0,3.56
20707,5,5,5.0,Member,140,0.42,17.3,0.0,17.72
20708,3,4,,Standard,79,1.13,8.89,0.26,9.76
20709,1,16,66.0,Member,56,6.42,4.7,1.65,9.47
20710,5,16,,Standard,125,0.7,15.81,1.89,14.62
20711,4,1,8.0,Member,77,7.57,7.87,0.0,15.44
20712,2,5,,Time Limited,54,0.54,7.95,1.88,6.61
20713,1,8,2.0,Member,150,7.91,10.63,0.0,18.54
20714,3,1,31.0,Member,138,3.18,16.16,1.73,17.61
20715,1,10,,Standard,98,5.41,9.23,0.0,14.64
20716,1,15,,Time Limited,62,2.19,5.48,0.0,7.67
20717,5,5,,Standard,89,6.38,6.67,1.36,11.69
20718,4,9,19.0,Member,154,7.31,10.21,0.0,17.52
20719,3,1,10.0,Member,125,6.62,10.44,0.0,17.06
20720,4,13,,Standard,73,0.62,9.2,0.0,9.82
20721,3,10,,Administrator,11,0.85,1.56,0.0,2.41
20722,2,6,,Standard,141,0.06,12.52,1.99,10.59
20723,5,13,,Standard,63,5.05,6.76,0.0,11.81
20724,1,4,54.0,Member,110,2.15,17.12,0.0,19.27
20725,3,14,,Standard,46,2.98,4.72,0.0,7.7
20726,3,12,,Standard,68,4.2,9.77,0.0,13.97
20727,1,13,,Standard,94,1.54,14.87,0.0,16.41
20728,4,16,,Standard,133,1.84,8.93,0.0,10.77
20729,4,8,,Time Limited,39,4.19,4.27,0.0,8.46
20730,4,14,57.0,Member,84,6.3,6.61,0.0,12.91
20731,1,2,,Standard,122,6.71,18.61,0.0,25.32
20732,4,9,34.0,Member,123,3.75,19.05,0.0,22.8
20733,3,15,,Standard,92,6.45,14.64,0.0,21.09
20734,2,11,,Administrator,20,5.75,1.34,0.0,7.09
20735,2,11,9.0,Member,85,1.49,7.23,0.0,8.72
20736,3,15,,Standard,99,7.33,12.96,0.48,19.81
20737,2,1,21.0,Member,129,1.06,16.39,0.0,17.45
20738,1,15,,Standard,122,1.24,7.84,0.0,9.08
20739,2,4,9.0,Member,142,0.21,16.91,0.0,17.12
20740,3,14,,Standard,39,0.21,2.62,0.0,2.83
20741,2,6,,Standard,139,6.36,13.45,0.0,19.81
20742,1,15,,Time Limited,67,5.78,8.4,2.02,12.16
20743,2,12,,Standard,76,4.08,7.82,0.0,11.9
20744,5,7,,Standard,115,8.0,7.22,0.0,15.22
20745,3,16,,Standard,40,3.83,5.64,1.48,7.99
20746,1,12,,Standard,103,6.62,8.82,0.0,15.44
20747,1,15,,Standard,116,4.4,7.2,0.0,11.6
20748,2,9,,Time Limited,67,6.24,7.7,0.0,13.94
20749,2,10,,Time Limited,81,3.56,9.95,0.0,13.51
20750,2,11,,Standard,77,3.7,5.96,0.0,9.66
20751,2,14,,Administrator,19,1.88,3.02,0.0,4.9
20752,4,7,,Administrator,37,1.48,5.82,0.0,7.3
20753,4,7,43.0,Member,120,1.5,8.56,2.03,8.03
20754,5,12,57.0,Member,53,0.95,8.28,0.88,8.35
20755,3,8,,Time Limited,48,0.49,5.15,1.2,4.44
20756,3,15,17.0,Member,82,0.65,5.36,1.95,4.06
20757,4,5,,Standard,48,3.78,6.51,1.74,8.55
20758,3,10,,Standard,119,1.46,8.39,0.0,9.85
20759,5,6,4.0,Member,150,1.5,23.15,0.0,24.65
20760,3,7,,Standard,42,3.66,4.04,0.0,7.7
20761,2,3,,Standard,127,6.14,8.99,0.0,15.13
20762,3,3,,Standard,63,4.78,6.96,1.39,10.35
20763,5,10,53.0,Member,93,1.01,8.84,0.0,9.85
20764,4,14,,Standard,95,2.82,6.02,0.0,8.84
20765,4,5,,Standard,146,2.57,10.26,0.0,12.83
20766,3,3,52.0,Member,50,7.02,7.49,1.63,12.88
20767,3,10,,Time Limited,56,7.88,8.9,0.0,16.78
20768,4,4,,Standard,62,2.63,6.23,0.0,8.86
20769,2,10,,Standard,147,4.87,22.73,0.0,27.6
20770,3,6,,Standard,90,5.17,13.81,0.0,18.98
20771,1,5,,Standard,78,1.24,11.13,0.0,12.37
20772,3,3,19.0,Member,115,7.9,15.48,0.8,22.58
20773,1,3,,Standard,94,6.74,10.24,0.0,16.98
20774,1,2,,Standard,60,4.99,8.25,0.0,13.24
20775,4,10,,Standard,49,6.29,5.91,0.0,12.2
20776,4,15,,Standard,147,5.73,22.51,0.0,28.24
20777,5,9,,Standard,67,4.58,4.2,0.0,8.78
20778,4,10,,Standard,141,7.8,14.71,0.0,22.51
20779,5,7,,Standard,62,1.02,7.2,2.72,5.5
20780,3,15,20.0,Member,144,4.24,21.86,0.0,26.1
20781,3,2,,Standard,130,1.86,17.2,0.0,19.06
20782,5,12,,Standard,121,2.74,16.27,0.0,19.01
20783,5,4,,Standard,103,1.06,10.62,0.0,11.68
20784,1,5,34.0,Member,173,4.62,17.48,0.0,22.1
20785,4,13,,Standard,83,5.35,10.16,1.86,13.65
20786,2,2,,Standard,57,5.05,8.36,0.0,13.41
20787,1,14,,Free,43,3.56,4.51,1.87,6.2
20788,2,5,3.0,Member,109,4.43,15.54,0.0,19.97
20789,2,10,35.0,Member,66,2.97,7.64,0.95,9.66
20790,3,3,13.0,Member,107,0.67,9.73,0.0,10.4
20791,4,5,51.0,Member,149,0.64,15.01,0.31,15.34
20792,5,15,,Standard,149,4.06,16.45,2.34,18.17
20793,4,8,,Standard,105,3.15,7.75,0.61,10.29
20794,4,15,9.0,Member,116,6.32,12.27,1.2,17.39
20795,4,4,,Time Limited,38,0.2,2.83,0.0,3.03
20796,3,12,,Administrator,35,2.76,3.7,0.0,6.46
20797,5,12,14.0,Member,93,0.39,12.28,0.0,12.67
20798,4,2,58.0,Member,163,0.75,19.84,1.41,19.18
20799,2,7,,Administrator,34,6.69,3.74,0.0,10.43
20800,2,15,30.0,Member,173,6.75,24.16,0.0,30.91
20801,2,5,,Time Limited,71,7.72,5.59,0.0,13.31
20802,1,13,,Time Limited,84,0.64,5.71,0.0,6.35
20803,3,10,,Time Limited,34,1.64,4.41,0.0,6.05
20804,3,1,27.0,Member,157,1.64,13.18,0.0,14.82
20805,1,14,,Standard,91,5.11,9.76,0.0,14.87
20806,1,13,,Standard,72,7.81,4.9,0.0,12.71
20807,2,2,,Free,47,4.08,5.87,0.0,9.95
20808,3,13,,Administrator,38,2.36,4.93,0.0,7.29
20809,3,9,,Time Limited,65,4.04,9.12,0.0,13.16
20810,2,12,26.0,Member,52,3.48,6.12,0.0,9.6
20811,5,5,,Time Limited,59,4.62,8.35,0.0,12.97
20812,5,13,,Standard,41,2.46,3.38,0.94,4.9
20813,1,16,36.0,Member,110,3.35,11.23,0.0,14.58
20814,2,15,37.0,Member,72,2.32,9.71,0.0,12.03
20815,2,14,,Standard,82,5.11,11.01,0.0,16.12
20816,4,4,,Standard,128,0.79,10.31,0.0,11.1
20817,3,8,,Time Limited,44,2.48,5.15,0.0,7.63
20818,5,12,,Standard,88,2.23,11.07,0.0,13.3
20819,3,4,,Time Limited,84,4.81,9.36,0.0,14.17
20820,2,14,,Standard,83,4.2,10.59,2.09,12.7
20821,1,16,,Time Limited,82,2.9,10.55,0.0,13.45
20822,5,13,63.0,Member,61,3.56,7.61,0.0,11.17
20823,1,15,,Free,17,5.25,1.76,0.0,7.01
20824,5,3,31.0,Member,77,5.61,8.8,0.19,14.22
20825,5,8,,Standard,36,4.03,2.83,0.0,6.86
20826,4,11,,Standard,31,4.01,4.79,0.0,8.8
20827,2,4,,Standard,49,6.54,6.68,0.0,13.22
20828,4,7,,Standard,73,5.17,7.91,0.0,13.08
20829,1,9,,Free,29,6.72,1.81,0.0,8.53
20830,3,10,,Standard,135,2.33,8.69,2.87,8.15
20831,2,9,34.0,Member,109,7.78,16.38,0.0,24.16
20832,3,10,,Standard,123,3.92,12.59,0.0,16.51
20833,5,7,,Standard,136,2.65,19.65,0.0,22.3
20834,4,9,,Standard,136,2.82,13.52,2.84,13.5
20835,4,9,,Administrator,43,0.69,6.52,0.48,6.73
20836,5,10,61.0,Member,69,0.62,9.27,0.0,9.89
20837,4,11,,Standard,39,6.3,5.33,0.0,11.63
20838,4,3,,Standard,50,6.51,7.25,0.0,13.76
20839,5,9,8.0,Member,173,1.45,25.61,0.0,27.06
20840,4,16,,Standard,50,2.34,7.5,0.0,9.84
20841,3,2,,Administrator,15,3.36,1.28,0.0,4.64
20842,2,11,,Time Limited,40,2.51,2.75,2.24,3.02
20843,1,13,,Time Limited,57,2.28,4.19,0.0,6.47
20844,3,12,,Standard,64,7.31,7.52,2.75,12.08
20845,2,4,,Standard,90,6.44,11.69,2.68,15.45
20846,1,6,9.0,Member,67,5.64,10.35,0.0,15.99
20847,1,7,,Standard,31,0.31,2.47,0.0,2.78
20848,3,1,,Standard,48,0.61,5.77,0.0,6.38
20849,3,1,7.0,Member,123,0.54,17.37,0.0,17.91
20850,5,13,,Standard,56,3.95,3.54,0.0,7.49
20851,5,12,,Standard,46,7.02,5.81,0.0,12.83
20852,3,14,,Standard,30,3.04,2.07,0.0,5.11
20853,3,9,,Standard,88,5.84,8.67,0.0,14.51
20854,5,12,28.0,Member,146,4.36,18.76,0.0,23.12
20855,1,14,,Time Limited,79,6.15,8.36,0.0,14.51
20856,2,4,9.0,Member,97,7.74,8.36,0.0,16.1
20857,4,12,,Standard,94,5.97,12.52,0.0,18.49
20858,5,15,,Standard,130,2.3,13.21,0.0,15.51
20859,5,8,31.0,Member,143,3.44,22.6,0.0,26.04
20860,4,7,7.0,Member,114,1.07,18.03,0.0,19.1
20861,4,2,,Administrator,41,1.07,5.84,0.0,6.91
20862,4,13,,Standard,92,7.53,6.28,1.67,12.14
20863,1,15,9.0,Member,122,0.04,11.71,1.59,10.16
20864,3,4,,Time Limited,42,1.86,3.86,0.0,5.72
20865,4,12,,Standard,49,4.32,5.82,0.0,10.14
20866,4,3,23.0,Member,83,5.7,11.51,1.31,15.9
20867,4,7,,Standard,63,2.54,9.82,0.0,12.36
20868,2,16,49.0,Member,136,0.22,21.58,0.0,21.8
20869,3,3,38.0,Member,62,5.64,3.82,0.0,9.46
20870,4,13,8.0,Member,58,2.92,6.89,0.0,9.81
20871,1,3,,Standard,79,4.68,5.79,0.0,10.47
20872,4,7,,Standard,108,1.64,16.37,0.0,18.01
20873,5,8,22.0,Member,93,7.86,11.12,1.47,17.51
20874,4,12,56.0,Member,168,2.98,14.03,1.12,15.89
20875,5,12,,Time Limited,34,2.0,2.48,0.49,3.99
20876,3,10,,Free,31,2.99,2.74,0.0,5.73
20877,3,14,,Standard,114,5.37,15.63,2.19,18.81
20878,5,16,,Standard,128,1.74,12.29,0.0,14.03
20879,1,10,,Standard,94,6.27,8.97,0.0,15.24
20880,2,4,22.0,Member,136,1.8,13.38,0.0,15.18
20881,4,12,3.0,Member,91,6.76,12.84,0.0,19.6
20882,1,10,,Standard,108,1.92,11.62,0.0,13.54
20883,1,16,,Standard,45,0.95,6.85,0.0,7.8
20884,2,4,,Standard,99,4.33,10.88,0.0,15.21
20885,5,6,,Standard,130,2.5,15.53,0.0,18.03
20886,4,13,6.0,Member,114,0.46,16.83,1.12,16.17
20887,5,8,,Standard,94,4.83,7.21,0.0,12.04
20888,4,4,8.0,Member,79,5.04,8.84,0.34,13.54
20889,1,12,,Standard,141,4.23,16.86,0.0,21.09
20890,1,3,,Standard,37,7.6,3.62,0.0,11.22
20891,3,9,,Standard,88,2.3,8.05,2.31,8.04
20892,4,4,,Standard,137,5.24,14.12,0.0,19.36
20893,4,8,,Standard,35,0.65,5.4,0.0,6.05
20894,1,14,,Standard,149,1.03,23.07,0.0,24.1
20895,4,4,,Free,44,0.11,3.54,0.0,3.65
20896,3,14,,Standard,128,7.84,10.78,0.0,18.62
20897,5,10,,Standard,46,7.4,6.84,0.0,14.24
20898,1,14,,Free,47,5.53,4.71,0.0,10.24
20899,3,10,,Standard,108,2.58,15.17,0.0,17.75
20900,5,3,,Standard,63,4.44,9.07,0.0,13.51
20901,3,11,,Standard,85,2.84,11.66,0.0,14.5
20902,1,16,,Time Limited,59,4.22,7.02,2.84,8.4
20903,1,12,22.0,Member,48,4.05,7.53,0.0,11.58
20904,2,8,,Standard,37,6.18,5.37,0.0,11.55
20905,5,14,,Standard,54,7.56,5.07,0.0,12.63
20906,2,3,31.0,Member,95,0.0,5.81,0.4,5.41
20907,4,3,,Standard,34,2.08,4.76,0.0,6.84
20908,2,13,,Standard,139,1.27,14.98,0.0,16.25
20909,2,11,,Standard,105,0.51,14.39,0.0,14.9
20910,5,10,,Time Limited,69,1.33,5.81,0.0,7.14
20911,1,11,,Time Limited,80,5.83,12.64,0.0,18.47
20912,2,8,,Time Limited,39,7.26,4.13,0.0,11.39
20913,1,13,,Standard,67,5.09,8.99,0.0,14.08
20914,5,6,64.0,Member,86,1.13,12.35,0.18,13.3
20915,3,11,,Standard,71,3.36,10.05,1.62,11.79
20916,1,10,6.0,Member,149,0.49,13.53,0.0,14.02
20917,4,6,,Standard,48,4.8,3.78,0.0,8.58
20918,5,2,,Free,20,1.2,2.34,1.03,2.51
20919,4,10,,Standard,76,6.93,7.9,1.31,13.52
20920,1,1,,Time Limited,58,7.22,8.33,1.72,13.83
20921,2,12,,Standard,140,4.76,10.27,0.0,15.03
20922,5,11,,Standard,44,0.61,2.72,0.0,3.33
20923,3,3,3.0,Member,120,0.9,10.04,0.0,10.94
20924,3,5,59.0,Member,82,7.53,6.19,0.0,13.72
20925,4,3,25.0,Member,103,0.05,10.5,0.0,10.55
20926,3,11,2.0,Member,144,1.16,19.84,0.0,21.0
20927,3,11,,Standard,55,7.22,5.2,0.76,11.66
20928,3,14,,Standard,86,1.25,10.33,0.0,11.58
20929,2,5,,Time Limited,83,3.39,8.39,0.0,11.78
20930,5,11,,Time Limited,90,2.23,7.86,0.0,10.09
20931,4,9,3.0,Member,74,1.63,10.17,0.0,11.8
20932,5,1,,Time Limited,81,4.24,7.16,0.0,11.4
20933,3,15,,Time Limited,49,1.23,6.26,0.0,7.49
20934,4,8,39.0,Member,145,1.17,17.81,2.31,16.67
20935,4,16,,Standard,48,2.69,5.75,0.0,8.44
20936,4,1,,Time Limited,73,3.68,11.05,0.0,14.73
20937,4,8,,Standard,140,5.62,21.94,0.47,27.09
20938,1,2,,Standard,150,0.08,14.59,0.0,14.67
20939,5,4,42.0,Member,87,7.15,9.51,0.0,16.66
20940,3,9,,Administrator,15,6.19,1.59,0.0,7.78
20941,1,11,,Standard,42,6.3,6.12,0.0,12.42
20942,4,16,48.0,Member,94,5.11,7.88,0.0,12.99
20943,5,3,,Standard,117,1.62,12.19,0.0,13.81
20944,2,13,,Standard,139,0.88,12.37,0.0,13.25
20945,1,1,,Administrator,30,0.63,4.74,1.97,3.4
20946,2,8,34.0,Member,126,3.81,8.01,0.0,11.82
20947,1,5,,Time Limited,76,7.61,10.47,0.0,18.08
20948,1,16,37.0,Member,126,6.09,9.88,0.0,15.97
20949,2,2,,Standard,93,2.6,9.13,0.7,11.03
20950,2,13,,Time Limited,33,5.43,3.18,0.0,8.61
20951,3,8,,Standard,147,5.22,15.2,0.0,20.42
20952,3,8,,Standard,138,0.61,13.23,0.0,13.84
20953,4,2,3.0,Member,94,0.4,10.93,1.73,9.6
20954,1,10,,Standard,146,7.54,18.0,0.0,25.54
20955,5,6,,Standard,60,0.1,4.21,0.0,4.31
20956,3,7,,Time Limited,87,4.05,6.24,0.7,9.59
20957,1,8,,Time Limited,39,6.51,4.03,0.0,10.54
20958,5,16,,Standard,135,5.49,8.91,0.0,14.4
20959,2,14,,Free,51,7.18,5.04,0.0,12.22
20960,3,5,,Time Limited,68,7.27,6.73,0.0,14.0
20961,2,8,,Standard,126,6.88,12.22,0.0,19.1
20962,5,9,40.0,Member,165,4.55,16.3,0.41,20.44
20963,5,15,,Standard,96,4.3,13.49,0.0,17.79
20964,4,8,,Standard,139,6.85,14.7,0.0,21.55
20965,3,13,,Standard,96,5.14,11.64,0.0,16.78
20966,5,6,,Standard,113,5.85,11.54,0.0,17.39
20967,2,3,,Standard,67,0.53,4.89,0.0,5.42
20968,3,7,,Standard,74,5.9,6.7,0.4,12.2
20969,4,10,,Administrator,30,3.99,2.41,0.0,6.4
20970,5,1,,Time Limited,30,1.2,4.29,0.0,5.49
20971,1,11,,Standard,112,2.52,12.62,0.0,15.14
20972,2,10,53.0,Member,69,3.0,7.31,0.0,10.31
20973,5,8,,Standard,121,4.8,15.13,2.63,17.3
20974,1,12,65.0,Member,107,5.11,16.93,0.89,21.15
20975,5,5,,Time Limited,82,0.94,8.12,0.0,9.06
20976,5,13,,Standard,82,1.56,8.76,0.0,10.32
20977,5,12,,Standard,107,0.29,9.47,0.0,9.76
20978,3,10,,Time Limited,53,4.34,3.53,0.0,7.87
20979,5,6,,Standard,100,7.24,7.74,0.13,14.85
20980,1,8,,Time Limited,43,7.78,3.05,0.0,10.83
20981,2,15,,Standard,61,7.51,6.49,0.0,14.0
20982,2,13,,Time Limited,90,6.01,14.34,1.82,18.53
20983,4,15,,Free,60,3.98,5.81,0.0,9.79
20984,3,15,,Time Limited,73,0.51,5.14,2.12,3.53
20985,1,15,35.0,Member,109,4.86,8.92,0.0,13.78
20986,2,5,,Standard,131,3.2,14.66,0.0,17.86
20987,2,10,,Standard,68,5.69,4.61,0.0,10.3
20988,2,1,60.0,Member,170,7.93,18.85,0.0,26.78
20989,1,13,,Time Limited,85,3.24,6.49,0.0,9.73
20990,5,15,43.0,Member,174,2.72,15.2,0.0,17.92
20991,5,7,,Standard,139,0.39,12.66,1.59,11.46
20992,1,6,,Standard,38,4.01,3.31,0.0,7.32
20993,1,6,36.0,Member,59,5.75,5.25,0.0,11.0
20994,4,7,,Standard,61,4.78,4.97,0.0,9.75
20995,2,14,,Standard,53,7.35,8.12,0.0,15.47
20996,3,8,,Standard,79,5.03,6.58,2.85,8.76
20997,5,13,,Standard,94,1.17,10.5,2.03,9.64
20998,3,11,35.0,Member,80,5.85,7.61,0.0,13.46
20999,4,7,,Standard,116,5.92,11.21,0.0,17.13
21000,1,15,5.0,Member,82,2.44,6.4,0.0,8.84
21001,1,2,,Standard,84,1.09,13.09,0.0,14.18
21002,3,11,6.0,Member,126,3.77,13.26,0.0,17.03
21003,5,2,,Administrator,13,2.62,1.89,0.0,4.51
21004,1,4,,Standard,103,2.33,12.34,0.0,14.67
21005,1,9,,Standard,62,5.18,6.84,0.36,11.66
21006,5,9,,Standard,84,6.19,6.34,0.0,12.53
21007,2,16,29.0,Member,128,7.1,17.89,0.0,24.99
21008,5,1,,Standard,75,3.7,5.21,0.0,8.91
21009,3,9,43.0,Member,117,7.53,10.94,0.0,18.47
21010,1,9,25.0,Member,106,4.13,15.37,2.63,16.87
21011,5,10,53.0,Member,64,2.02,8.07,2.48,7.61
21012,4,5,,Standard,34,4.16,5.11,0.0,9.27
21013,4,6,,Standard,136,4.15,19.91,0.0,24.06
21014,3,1,,Standard,129,5.93,11.06,0.72,16.27
21015,1,10,,Time Limited,76,4.25,6.21,0.0,10.46
21016,3,6,59.0,Member,130,1.1,13.55,0.0,14.65
21017,5,15,19.0,Member,154,5.1,13.01,0.0,18.11
21018,2,5,,Standard,91,7.7,14.41,0.0,22.11
21019,1,11,,Free,47,5.84,4.38,0.0,10.22
21020,4,9,,Standard,41,7.45,6.16,0.0,13.61
21021,5,11,,Time Limited,45,3.45,4.06,0.0,7.51
21022,2,10,,Standard,32,7.35,2.04,0.0,9.39
21023,5,16,45.0,Member,168,3.96,14.71,1.07,17.6
21024,3,15,,Time Limited,43,2.02,6.22,2.57,5.67
21025,1,11,,Standard,47,2.69,4.98,2.61,5.06
21026,1,14,49.0,Member,145,1.26,19.49,0.0,20.75
21027,5,5,,Standard,108,0.49,12.56,0.0,13.05
21028,4,10,,Standard,147,0.53,10.66,0.0,11.19
21029,4,9,,Time Limited,60,6.1,3.91,0.0,10.01
21030,1,8,,Standard,124,1.62,17.98,1.13,18.47
21031,3,10,36.0,Member,93,2.63,7.9,2.97,7.56
21032,2,8,9.0,Member,167,3.33,15.2,0.0,18.53
21033,3,12,50.0,Member,174,4.03,23.05,0.0,27.08
21034,5,13,,Standard,142,6.55,15.24,0.75,21.04
21035,5,10,,Free,57,0.25,3.75,0.0,4.0
21036,2,16,8.0,Member,58,3.63,4.71,0.0,8.34
21037,5,12,,Standard,116,7.84,17.64,0.0,25.48
21038,4,2,,Standard,120,7.59,10.18,1.98,15.79
21039,1,9,25.0,Member,104,0.88,10.58,1.1,10.36
21040,5,2,,Standard,49,0.43,6.85,1.18,6.1
21041,2,2,,Standard,102,3.89,9.64,0.0,13.53
21042,4,9,,Time Limited,84,0.28,8.2,0.0,8.48
21043,3,7,6.0,Member,164,0.22,21.99,0.0,22.21
21044,3,2,8.0,Member,129,4.94,11.09,0.0,16.03
21045,1,13,20.0,Member,155,3.34,17.79,0.0,21.13
21046,4,11,5.0,Member,180,2.74,18.77,0.0,21.51
21047,5,11,,Standard,107,4.95,12.97,0.0,17.92
21048,2,15,,Standard,91,5.97,10.85,1.54,15.28
21049,4,4,6.0,Member,164,1.63,14.16,0.0,15.79
21050,3,5,,Standard,120,4.15,15.9,0.0,20.05
21051,1,14,,Standard,79,4.46,9.16,0.0,13.62
21052,1,12,,Standard,117,1.78,11.55,0.0,13.33
21053,4,16,7.0,Member,60,7.46,4.59,0.0,12.05
21054,1,3,,Standard,71,6.54,8.87,0.0,15.41
21055,5,12,,Administrator,18,7.76,2.84,0.58,10.02
21056,4,14,,Time Limited,33,0.79,2.78,0.0,3.57
21057,1,11,,Standard,106,7.36,9.01,0.0,16.37
21058,1,10,,Administrator,38,2.09,4.67,0.0,6.76
21059,4,6,,Standard,47,7.37,4.96,0.0,12.33
21060,2,1,,Standard,96,3.28,9.28,0.0,12.56
21061,1,15,,Time Limited,71,6.27,10.61,0.96,15.92
21062,2,11,,Time Limited,49,6.85,4.86,0.0,11.71
21063,3,5,18.0,Member,178,7.1,21.65,0.0,28.75
21064,3,14,,Standard,82,3.77,9.46,1.9,11.33
21065,1,15,48.0,Member,107,6.78,7.54,0.0,14.32
21066,5,10,,Standard,53,2.02,3.45,0.46,5.01
21067,2,7,,Time Limited,41,5.07,6.07,0.0,11.14
21068,2,5,,Time Limited,63,4.54,4.59,0.0,9.13
21069,2,1,55.0,Member,106,0.4,8.49,0.0,8.89
21070,2,13,,Standard,96,7.93,11.73,0.0,19.66
21071,4,13,,Standard,109,1.82,7.05,0.0,8.87
21072,1,8,65.0,Member,148,4.14,14.09,0.0,18.23
21073,5,15,,Standard,147,7.25,11.35,0.0,18.6
21074,5,10,,Standard,82,5.95,11.54,1.3,16.19
21075,2,1,,Time Limited,36,7.77,3.61,0.0,11.38
21076,4,9,,Standard,62,2.12,7.55,0.0,9.67
21077,3,14,,Standard,123,5.46,17.14,0.0,22.6
21078,1,1,,Standard,84,1.17,12.99,2.26,11.9
21079,1,11,,Time Limited,77,4.36,5.6,0.0,9.96
21080,4,8,44.0,Member,144,3.54,12.91,0.0,16.45
21081,4,9,,Standard,141,5.76,9.08,0.0,14.84
21082,4,4,10.0,Member,169,4.74,22.51,0.0,27.25
21083,1,16,,Standard,135,7.53,9.59,0.0,17.12
21084,2,5,,Free,36,1.11,3.61,1.15,3.57
21085,2,10,,Administrator,34,4.5,2.88,0.0,7.38
21086,2,5,62.0,Member,116,3.18,9.38,0.0,12.56
21087,4,10,,Time Limited,69,4.1,8.88,0.0,12.98
21088,3,3,,Administrator,15,7.43,2.33,0.0,9.76
21089,4,11,,Administrator,40,4.8,5.27,1.45,8.62
21090,3,6,,Standard,104,0.47,15.16,0.0,15.63
21091,4,13,3.0,Member,175,0.71,26.95,0.0,27.66
21092,1,1,,Standard,45,3.44,4.17,0.0,7.61
21093,5,3,,Standard,91,3.27,6.27,0.0,9.54
21094,4,3,,Free,35,3.83,2.44,2.31,3.96
21095,1,15,,Standard,137,3.27,15.18,0.0,18.45
21096,1,9,42.0,Member,180,0.56,12.36,0.0,12.92
21097,3,12,2.0,Member,158,2.55,23.52,0.06,26.01
21098,3,15,,Standard,111,4.13,15.7,0.68,19.15
21099,2,11,,Standard,106,1.04,11.75,0.0,12.79
21100,2,16,,Standard,135,6.82,16.84,0.0,23.66
21101,1,2,,Time Limited,50,3.3,6.35,1.34,8.31
21102,3,2,,Standard,138,2.15,10.0,0.0,12.15
21103,4,12,10.0,Member,162,4.53,24.36,0.0,28.89
21104,5,6,,Standard,133,0.53,8.18,0.0,8.71
21105,4,3,,Standard,63,3.58,9.53,0.0,13.11
21106,3,8,,Administrator,38,4.65,5.8,0.0,10.45
21107,3,15,,Time Limited,61,5.49,9.66,0.68,14.47
21108,5,2,65.0,Member,149,1.08,21.94,0.0,23.02
21109,4,7,,Time Limited,77,0.25,7.74,0.0,7.99
21110,3,7,,Standard,59,2.17,9.2,0.84,10.53
21111,3,5,,Standard,41,2.5,4.47,0.21,6.76
21112,4,15,,Standard,49,3.15,2.94,0.0,6.09
21113,5,11,,Standard,123,3.48,14.51,1.98,16.01
21114,5,4,,Time Limited,81,2.83,12.33,0.0,15.16
21115,4,11,,Administrator,21,4.86,2.57,0.0,7.43
21116,2,11,,Time Limited,74,0.66,7.61,0.0,8.27
21117,5,16,,Standard,77,6.74,7.05,1.52,12.27
21118,2,13,,Free,30,0.89,4.27,1.3,3.86
21119,4,4,,Standard,50,1.4,7.19,2.17,6.42
21120,3,11,,Standard,30,6.71,3.68,0.6,9.79
21121,3,10,,Time Limited,31,2.53,3.75,0.0,6.28
21122,2,7,,Time Limited,72,3.39,7.07,2.41,8.05
21123,2,2,18.0,Member,135,1.68,14.72,0.0,16.4
21124,1,5,,Standard,72,5.24,7.21,0.0,12.45
21125,4,9,65.0,Member,135,6.01,20.86,2.02,24.85
21126,2,4,,Time Limited,57,2.6,3.82,0.0,6.42
21127,3,2,40.0,Member,76,0.2,8.47,0.0,8.67
21128,3,9,,Time Limited,65,3.62,7.18,0.0,10.8
21129,1,13,,Standard,47,1.53,3.79,0.0,5.32
21130,5,11,,Standard,148,5.16,13.46,0.0,18.62
21131,2,3,18.0,Member,165,6.11,20.38,0.0,26.49
21132,5,1,,Standard,46,1.27,3.08,0.0,4.35
21133,1,16,5.0,Member,148,1.89,23.66,0.0,25.55
21134,3,11,,Standard,30,6.58,1.89,0.0,8.47
21135,5,16,,Standard,63,6.8,9.7,2.71,13.79
21136,4,15,,Standard,65,7.46,4.5,1.12,10.84
21137,5,16,,Standard,97,0.94,12.5,0.0,13.44
21138,2,3,,Standard,119,3.15,8.37,0.0,11.52
21139,5,8,,Standard,43,5.73,6.15,0.0,11.88
21140,3,11,,Standard,83,3.58,6.66,0.0,10.24
21141,4,15,,Standard,51,3.88,5.34,0.0,9.22
21142,4,4,,Standard,44,0.87,3.54,0.39,4.02
21143,4,10,,Standard,139,2.05,16.71,0.0,18.76
21144,2,14,,Standard,114,4.6,13.55,2.91,15.24
21145,2,13,,Standard,109,5.57,15.95,0.0,21.52
21146,2,2,,Administrator,15,1.42,1.57,0.0,2.99
21147,1,16,,Standard,91,5.65,9.76,0.0,15.41
21148,4,1,,Standard,65,5.66,9.15,0.0,14.81
21149,5,8,,Standard,69,1.93,7.43,0.0,9.36
21150,5,11,,Time Limited,79,2.23,9.89,0.0,12.12
21151,2,16,,Standard,112,4.8,14.34,0.33,18.81
21152,3,3,,Free,22,7.05,2.4,0.0,9.45
21153,2,12,,Time Limited,74,6.99,10.24,0.0,17.23
21154,2,16,,Standard,138,3.12,11.98,0.0,15.1
21155,3,7,,Standard,63,0.79,8.68,2.31,7.16
21156,4,6,,Standard,128,0.76,17.08,0.0,17.84
21157,5,2,,Administrator,18,3.7,1.77,0.0,5.47
21158,3,5,,Standard,107,5.82,9.91,0.0,15.73
21159,3,1,,Standard,83,0.25,11.05,0.0,11.3
21160,3,8,8.0,Member,159,3.71,24.68,0.0,28.39
21161,3,2,32.0,Member,56,7.95,6.04,0.0,13.99
21162,3,13,,Standard,101,5.25,9.88,0.0,15.13
21163,5,14,,Administrator,11,2.6,1.49,0.0,4.09
21164,1,3,,Time Limited,72,3.31,9.27,2.48,10.1
21165,3,5,,Free,26,3.49,3.65,0.0,7.14
21166,5,9,,Time Limited,58,0.17,5.31,2.93,2.55
21167,4,15,,Standard,129,0.06,13.05,0.0,13.11
21168,5,2,,Standard,110,5.55,9.63,0.0,15.18
21169,4,12,,Standard,93,1.97,10.68,0.54,12.11
21170,1,6,,Time Limited,50,7.47,6.46,2.26,11.67
21171,4,16,,Standard,56,1.74,8.83,1.52,9.05
21172,5,6,,Standard,96,1.03,13.37,0.0,14.4
21173,3,16,,Standard,131,3.18,19.66,0.0,22.84
21174,3,13,,Standard,91,4.89,10.64,0.0,15.53
21175,3,1,,Standard,46,5.92,5.47,0.0,11.39
21176,1,15,,Standard,90,4.95,12.82,0.0,17.77
21177,3,15,,Free,48,6.77,5.02,0.0,11.79
21178,4,8,,Standard,114,1.58,10.02,0.0,11.6
21179,1,1,9.0,Member,150,2.16,15.51,0.0,17.67
21180,4,8,,Administrator,19,1.7,2.63,0.0,4.33
21181,4,5,40.0,Member,92,1.3,11.31,0.0,12.61
21182,2,6,,Standard,58,3.84,6.15,0.0,9.99
21183,2,13,,Standard,68,6.59,6.89,0.0,13.48
21184,2,9,1.0,Member,76,7.83,8.02,2.22,13.63
21185,5,10,7.0,Member,99,5.74,10.82,0.0,16.56
21186,2,6,8.0,Member,155,1.64,10.02,0.0,11.66
21187,1,3,,Time Limited,63,7.93,6.4,0.0,14.33
21188,3,6,37.0,Member,98,4.36,7.76,2.61,9.51
21189,3,3,,Standard,81,5.51,10.26,0.0,15.77
21190,2,13,,Standard,59,6.1,6.63,0.0,12.73
21191,4,12,,Standard,49,6.31,7.84,1.63,12.52
21192,5,1,,Standard,43,4.62,3.04,0.0,7.66
21193,4,8,,Time Limited,73,2.08,6.21,0.0,8.29
21194,1,16,,Standard,137,5.12,16.38,0.0,21.5
21195,2,14,17.0,Member,179,3.17,17.69,1.55,19.31
21196,3,5,40.0,Member,152,5.8,16.12,0.0,21.92
21197,2,12,18.0,Member,68,0.05,9.21,0.0,9.26
21198,1,13,,Standard,128,6.47,9.0,0.0,15.47
21199,1,13,,Time Limited,62,2.22,9.26,2.78,8.7
21200,2,11,,Time Limited,63,0.82,9.25,0.0,10.07
21201,3,16,,Free,33,5.99,4.42,0.61,9.8
21202,3,10,,Standard,33,7.62,4.89,2.38,10.13
21203,2,11,,Standard,99,6.76,14.22,0.0,20.98
21204,1,2,,Standard,122,4.94,10.55,0.0,15.49
21205,4,4,2.0,Member,114,0.83,12.06,0.0,12.89
21206,5,8,,Standard,50,1.3,6.37,0.0,7.67
21207,1,10,55.0,Member,132,2.72,17.06,0.0,19.78
21208,5,4,,Standard,78,6.85,6.56,0.0,13.41
21209,2,13,,Standard,131,1.04,9.01,0.0,10.05
21210,1,3,64.0,Member,169,7.2,14.27,0.0,21.47
21211,3,3,,Administrator,39,2.1,4.03,2.51,3.62
21212,5,7,53.0,Member,175,4.02,27.35,0.0,31.37
21213,2,14,,Standard,103,0.61,7.81,0.0,8.42
21214,1,12,1.0,Member,93,0.75,14.14,0.0,14.89
21215,5,7,,Standard,77,0.82,7.27,0.0,8.09
21216,3,6,,Standard,40,0.75,4.12,0.0,4.87
21217,5,11,,Standard,123,1.82,12.04,0.0,13.86
21218,1,6,,Standard,68,1.91,10.21,0.0,12.12
21219,1,11,,Standard,136,1.55,15.68,0.88,16.35
21220,3,6,38.0,Member,89,6.66,12.0,0.0,18.66
21221,4,4,,Standard,48,6.13,6.14,0.0,12.27
21222,1,10,,Standard,120,5.62,13.08,1.86,16.84
21223,5,10,,Standard,55,5.36,3.98,0.0,9.34
21224,3,10,3.0,Member,101,4.16,13.64,0.0,17.8
21225,4,6,,Standard,85,5.92,6.54,0.0,12.46
21226,4,15,,Standard,127,7.91,10.43,2.14,16.2
21227,4,10,,Time Limited,63,3.38,4.48,0.0,7.86
21228,1,5,,Administrator,44,6.74,6.84,0.0,13.58
21229,2,8,43.0,Member,84,6.68,11.46,0.0,18.14
21230,2,6,,Standard,66,7.88,6.1,0.0,13.98
21231,4,10,,Standard,90,2.47,11.51,2.28,11.7
21232,2,8,,Standard,60,2.35,6.61,2.46,6.5
21233,3,12,1.0,Member,108,1.61,15.06,0.0,16.67
21234,5,7,,Time Limited,55,3.39,3.54,0.0,6.93
21235,4,1,,Standard,149,7.29,19.07,0.0,26.36
21236,3,1,3.0,Member,52,6.12,6.01,0.0,12.13
21237,4,16,,Time Limited,84,4.7,11.36,1.5,14.56
21238,1,11,,Standard,73,6.55,7.94,0.0,14.49
21239,3,11,,Time Limited,79,5.84,11.93,2.35,15.42
21240,5,16,,Standard,119,2.39,16.99,0.45,18.93
21241,5,8,,Standard,32,7.16,2.49,1.3,8.35
21242,3,15,,Standard,75,2.63,10.95,0.0,13.58
21243,5,1,,Standard,103,3.92,12.06,1.52,14.46
21244,5,2,9.0,Member,160,5.26,16.18,0.0,21.44
21245,3,13,,Administrator,16,4.86,1.82,1.32,5.36
21246,1,9,,Standard,44,5.51,5.42,0.0,10.93
21247,4,10,,Standard,38,1.5,5.38,0.0,6.88
21248,1,9,63.0,Member,93,6.54,10.79,0.0,17.33
21249,1,11,35.0,Member,176,7.53,15.33,0.0,22.86
21250,5,12,,Standard,132,2.49,12.05,0.0,14.54
21251,1,14,9.0,Member,72,6.64,10.61,0.0,17.25
21252,4,14,,Standard,37,2.82,2.25,0.0,5.07
21253,4,13,42.0,Member,70,4.8,4.71,0.0,9.51
21254,3,6,,Standard,60,0.92,5.27,0.0,6.19
21255,5,16,19.0,Member,161,4.54,20.7,2.62,22.62
21256,3,8,,Standard,133,7.68,9.31,0.0,16.99
21257,1,6,,Standard,97,4.64,9.8,0.0,14.44
21258,2,1,,Time Limited,44,1.52,6.84,1.57,6.79
21259,3,5,,Standard,57,1.0,7.36,0.0,8.36
21260,4,2,,Free,33,3.74,5.22,1.63,7.33
21261,2,15,,Standard,110,0.36,16.65,0.0,17.01
21262,5,1,,Standard,58,5.97,5.71,0.0,11.68
21263,4,6,,Administrator,45,6.35,5.69,1.86,10.18
21264,1,5,,Standard,105,3.27,16.05,1.57,17.75
21265,1,15,56.0,Member,136,4.62,10.03,0.83,13.82
21266,3,16,,Standard,42,4.71,5.58,0.11,10.18
21267,3,2,,Standard,146,0.38,20.88,0.0,21.26
21268,5,9,,Time Limited,36,6.21,5.1,0.0,11.31
21269,3,15,,Standard,71,2.68,8.95,0.0,11.63
21270,3,5,,Standard,73,7.83,6.28,0.0,14.11
21271,3,8,7.0,Member,63,3.01,4.24,0.0,7.25
21272,5,15,,Standard,129,1.48,14.0,0.0,15.48
21273,4,6,,Standard,124,6.28,10.03,0.55,15.76
21274,5,6,26.0,Member,180,3.25,23.25,0.0,26.5
21275,3,4,,Standard,67,1.32,5.17,0.0,6.49
21276,5,10,,Free,30,7.58,3.35,0.0,10.93
21277,2,7,,Standard,149,3.08,12.28,0.0,15.36
21278,3,7,,Standard,73,3.63,7.02,0.0,10.65
21279,1,3,14.0,Member,60,4.76,7.78,0.35,12.19
21280,1,6,,Standard,140,6.77,19.12,0.0,25.89
21281,3,15,,Time Limited,32,6.07,2.23,0.0,8.3
21282,1,11,,Standard,49,5.21,7.58,2.84,9.95
21283,5,6,,Standard,138,4.26,16.11,0.0,20.37
21284,3,11,13.0,Member,88,3.6,11.45,2.3,12.75
21285,1,1,30.0,Member,103,5.5,8.03,0.43,13.1
21286,1,7,,Standard,119,5.81,8.71,2.32,12.2
21287,1,14,,Time Limited,34,6.04,4.34,1.68,8.7
21288,1,13,,Free,15,2.03,1.78,0.0,3.81
21289,3,1,10.0,Member,137,0.03,17.84,1.73,16.14
21290,5,13,20.0,Member,127,3.15,10.43,0.0,13.58
21291,2,13,,Standard,142,2.85,16.58,1.76,17.67
21292,5,12,,Standard,92,4.69,11.95,0.0,16.64
21293,2,11,,Standard,73,7.83,7.24,0.0,15.07
21294,5,8,38.0,Member,68,0.93,4.57,0.0,5.5
21295,4,3,,Standard,105,7.23,9.23,0.0,16.46
21296,5,8,11.0,Member,153,3.38,13.62,0.0,17.0
21297,1,15,,Administrator,37,2.37,5.45,0.0,7.82
21298,4,11,,Standard,34,0.97,4.68,0.0,5.65
21299,4,16,18.0,Member,53,7.53,4.14,0.75,10.92
21300,3,15,66.0,Member,81,3.99,8.8,0.0,12.79
21301,5,14,,Standard,91,0.82,9.48,0.0,10.3
21302,2,2,,Standard,53,4.18,4.63,0.0,8.81
21303,5,7,,Standard,129,1.31,18.8,0.0,20.11
21304,3,7,,Standard,55,7.91,7.86,0.0,15.77
21305,3,16,25.0,Member,151,5.8,16.74,0.0,22.54
21306,4,10,,Standard,36,4.67,5.28,0.0,9.95
21307,4,9,21.0,Member,169,1.78,17.09,0.0,18.87
21308,5,12,9.0,Member,80,3.45,11.8,0.0,15.25
21309,1,1,,Standard,144,0.32,18.48,0.0,18.8
21310,1,7,,Standard,53,0.68,5.38,0.0,6.06
21311,3,7,,Standard,139,0.02,21.76,0.0,21.78
21312,3,4,,Standard,49,1.07,3.77,0.0,4.84
21313,1,12,,Standard,91,3.26,7.87,0.0,11.13
21314,5,13,9.0,Member,149,7.85,9.88,0.0,17.73
21315,3,4,,Time Limited,74,3.54,10.48,0.0,14.02
21316,3,1,,Standard,76,2.46,10.01,0.0,12.47
21317,5,5,,Administrator,39,1.0,4.05,0.0,5.05
21318,1,6,43.0,Member,48,7.56,5.31,0.0,12.87
21319,4,14,,Standard,116,5.07,13.66,0.0,18.73
21320,1,4,,Time Limited,47,5.44,4.42,0.0,9.86
21321,1,12,,Standard,87,7.24,11.69,0.0,18.93
21322,3,9,,Standard,84,4.49,10.63,0.0,15.12
21323,2,16,,Standard,138,5.66,16.26,0.0,21.92
21324,3,14,59.0,Member,45,3.76,6.34,0.0,10.1
21325,4,4,57.0,Member,93,2.21,8.78,0.0,10.99
21326,3,3,2.0,Member,96,4.91,6.01,0.0,10.92
21327,4,1,,Time Limited,88,3.98,12.48,0.0,16.46
21328,3,5,6.0,Member,86,6.17,7.86,0.64,13.39
21329,4,4,,Standard,109,0.7,14.58,0.0,15.28
21330,1,10,12.0,Member,70,6.3,5.51,2.14,9.67
21331,1,16,,Free,50,2.91,5.24,0.0,8.15
21332,3,2,,Administrator,34,7.36,3.29,1.92,8.73
21333,5,13,46.0,Member,116,2.41,18.21,0.0,20.62
21334,5,15,4.0,Member,68,0.3,6.44,0.0,6.74
21335,5,10,,Standard,95,2.26,13.53,0.0,15.79
21336,5,10,,Standard,34,5.05,3.82,0.0,8.87
21337,1,13,,Standard,39,1.3,5.47,0.15,6.62
21338,1,8,,Standard,83,4.82,6.8,0.0,11.62
21339,5,4,,Time Limited,33,1.39,3.23,0.0,4.62
21340,1,6,18.0,Member,86,2.95,11.63,1.76,12.82
21341,4,4,,Standard,61,7.63,5.46,2.58,10.51
21342,4,15,8.0,Member,113,4.56,8.03,0.0,12.59
21343,3,11,,Administrator,18,2.69,2.28,0.0,4.97
21344,1,10,,Standard,93,4.14,6.63,0.0,10.77
21345,3,4,,Standard,122,4.37,16.4,0.0,20.77
21346,3,4,1.0,Member,109,0.09,7.82,0.0,7.91
21347,2,16,,Free,50,1.85,4.47,0.0,6.32
21348,4,4,,Standard,101,3.65,10.62,0.0,14.27
21349,2,16,,Standard,130,4.55,15.71,0.0,20.26
21350,2,13,,Standard,129,4.78,16.37,0.0,21.15
21351,3,7,36.0,Member,79,6.41,7.96,2.99,11.38
21352,3,12,26.0,Member,119,3.46,10.12,0.0,13.58
21353,5,7,,Time Limited,65,4.93,5.95,0.0,10.88
21354,2,10,,Standard,81,4.9,5.89,0.0,10.79
21355,5,7,,Time Limited,35,2.54,4.54,1.48,5.6
21356,3,2,,Standard,56,5.42,6.87,0.0,12.29
21357,3,7,,Standard,44,2.66,5.66,0.0,8.32
21358,1,10,,Time Limited,71,4.78,7.43,0.0,12.21
21359,3,7,,Standard,128,5.11,8.97,0.0,14.08
21360,2,13,,Standard,149,5.27,17.58,0.0,22.85
21361,5,3,,Standard,128,3.99,20.04,0.0,24.03
21362,2,11,23.0,Member,67,3.91,9.04,0.0,12.95
21363,4,13,,Time Limited,68,3.06,7.82,0.0,10.88
21364,1,9,,Standard,148,5.38,21.16,1.95,24.59
21365,5,11,26.0,Member,172,4.39,14.01,0.41,17.99
21366,1,14,,Standard,135,5.45,9.33,2.11,12.67
21367,3,10,,Standard,113,2.52,11.7,0.0,14.22
21368,1,15,,Standard,120,6.82,13.32,1.8,18.34
21369,1,3,,Standard,90,5.08,7.06,0.0,12.14
21370,4,9,28.0,Member,87,1.94,7.18,0.0,9.12
21371,4,12,50.0,Member,142,5.4,16.13,0.0,21.53
21372,5,3,64.0,Member,49,6.67,7.22,0.0,13.89
21373,2,16,11.0,Member,127,0.22,20.22,1.24,19.2
21374,5,1,,Standard,39,3.45,2.55,0.0,6.0
21375,4,5,,Standard,36,6.29,2.58,0.0,8.87
21376,4,13,,Standard,146,0.78,15.49,0.0,16.27
21377,1,9,,Standard,101,4.62,8.79,0.0,13.41
21378,3,2,,Standard,65,3.07,9.59,0.0,12.66
21379,2,11,,Standard,140,6.08,21.41,0.0,27.49
21380,1,7,,Standard,97,2.39,7.96,0.0,10.35
21381,5,9,13.0,Member,137,4.27,15.48,0.0,19.75
21382,1,15,24.0,Member,120,3.7,17.45,0.0,21.15
21383,3,15,,Standard,61,3.11,8.96,0.0,12.07
21384,1,3,,Standard,114,4.71,8.86,0.0,13.57
21385,4,16,,Standard,55,7.45,7.27,0.0,14.72
21386,5,16,51.0,Member,132,4.89,11.58,0.0,16.47
21387,3,6,8.0,Member,127,0.34,13.31,0.0,13.65
21388,3,16,,Time Limited,86,3.93,9.9,0.12,13.71
21389,3,4,,Standard,50,2.89,5.87,0.0,8.76
21390,4,3,53.0,Member,161,7.95,22.43,1.52,28.86
21391,4,4,,Standard,104,5.13,6.55,0.0,11.68
21392,2,4,,Standard,62,0.89,8.13,0.0,9.02
21393,4,10,,Standard,147,0.93,18.93,0.0,19.86
21394,2,13,,Time Limited,48,2.41,5.91,0.0,8.32
21395,3,7,2.0,Member,113,5.29,17.73,0.0,23.02
21396,3,11,7.0,Member,142,1.36,17.04,0.0,18.4
21397,1,10,,Standard,118,7.14,9.83,2.68,14.29
21398,2,14,32.0,Member,47,2.54,7.12,0.0,9.66
21399,3,13,,Standard,92,7.76,5.73,0.0,13.49
21400,4,6,25.0,Member,119,6.81,16.68,0.0,23.49
21401,1,11,,Administrator,30,0.94,4.1,1.49,3.55
21402,1,6,,Standard,79,5.16,5.49,1.43,9.22
21403,4,1,17.0,Member,179,2.01,11.8,0.0,13.81
21404,1,9,,Standard,96,1.57,11.23,0.0,12.8
21405,1,8,,Standard,121,7.08,16.62,0.0,23.7
21406,4,7,,Standard,122,1.71,13.0,0.0,14.71
21407,2,1,,Standard,124,6.68,15.88,0.0,22.56
21408,1,11,22.0,Member,157,2.41,12.52,0.0,14.93
21409,2,16,24.0,Member,105,6.68,6.76,2.83,10.61
21410,4,13,61.0,Member,141,0.32,13.2,1.01,12.51
21411,2,9,18.0,Member,103,2.77,7.96,0.0,10.73
21412,3,5,,Standard,57,5.04,5.97,0.0,11.01
21413,3,2,,Standard,43,6.5,6.56,0.0,13.06
21414,3,10,6.0,Member,136,0.33,12.46,0.0,12.79
21415,5,3,,Standard,33,7.6,2.63,0.0,10.23
21416,1,7,,Standard,148,5.13,9.49,0.0,14.62
21417,3,12,48.0,Member,48,2.04,6.24,0.0,8.28
21418,2,13,31.0,Member,103,1.69,8.65,2.42,7.92
21419,2,5,15.0,Member,114,2.91,14.39,0.61,16.69
21420,4,15,38.0,Member,81,3.55,12.54,0.0,16.09
21421,4,1,,Standard,116,4.93,8.93,0.0,13.86
21422,2,16,,Standard,81,7.62,11.9,0.0,19.52
21423,1,12,,Standard,105,7.33,11.21,0.0,18.54
21424,3,12,37.0,Member,175,0.72,22.96,0.0,23.68
21425,3,15,53.0,Member,109,2.41,8.07,0.0,10.48
21426,4,16,,Standard,56,6.01,4.25,0.0,10.26
21427,1,12,,Standard,137,3.3,18.73,0.0,22.03
21428,1,5,,Standard,41,6.05,5.08,0.0,11.13
21429,5,11,,Free,36,6.19,4.99,0.0,11.18
21430,5,4,,Standard,77,1.59,6.46,2.83,5.22
21431,3,1,,Standard,122,7.6,11.34,0.0,18.94
21432,1,2,,Standard,32,2.65,3.37,0.47,5.55
21433,4,5,,Standard,100,0.68,7.25,1.55,6.38
21434,4,6,6.0,Member,99,1.86,12.97,0.0,14.83
21435,5,2,,Standard,104,4.53,14.03,0.0,18.56
21436,4,8,,Standard,103,6.48,11.64,0.0,18.12
21437,3,15,,Standard,112,4.29,15.04,0.0,19.33
21438,2,10,,Standard,146,5.65,13.0,0.0,18.65
21439,5,15,,Standard,125,6.17,13.62,0.0,19.79
21440,3,14,3.0,Member,143,3.65,19.18,2.86,19.97
21441,3,14,,Standard,79,5.89,8.93,0.37,14.45
21442,3,11,,Standard,149,1.36,18.8,1.84,18.32
21443,5,15,39.0,Member,123,6.0,14.88,0.0,20.88
21444,2,6,,Standard,51,3.83,3.18,0.0,7.01
21445,2,4,66.0,Member,96,1.12,13.59,0.0,14.71
21446,3,4,,Standard,136,5.51,12.67,0.31,17.87
21447,2,10,,Time Limited,61,2.56,5.12,0.0,7.68
21448,5,8,,Administrator,23,6.81,1.79,0.0,8.6
21449,4,1,,Standard,149,5.7,20.86,0.0,26.56
21450,4,14,,Time Limited,77,2.4,7.8,0.0,10.2
21451,5,10,,Standard,91,2.45,5.75,0.0,8.2
21452,2,6,,Administrator,38,5.46,4.37,0.0,9.83
21453,4,8,,Standard,140,7.38,13.17,1.13,19.42
21454,4,14,,Standard,32,5.72,4.7,0.0,10.42
21455,4,11,,Standard,90,6.08,10.5,0.0,16.58
21456,4,6,,Time Limited,34,7.92,3.75,0.0,11.67
21457,4,9,,Standard,59,6.32,7.77,0.16,13.93
21458,5,13,,Standard,128,7.28,15.71,0.0,22.99
21459,1,10,,Standard,117,1.18,13.38,1.29,13.27
21460,3,7,,Standard,115,4.29,9.55,2.79,11.05
21461,2,15,,Administrator,23,7.33,3.35,0.0,10.68
21462,1,1,,Standard,58,0.4,6.1,2.93,3.57
21463,1,14,10.0,Member,67,2.5,4.08,0.0,6.58
21464,1,4,,Standard,92,5.45,10.39,0.0,15.84
21465,1,7,,Time Limited,71,3.78,6.4,0.0,10.18
21466,3,7,,Time Limited,85,0.9,9.94,0.0,10.84
21467,5,2,,Standard,102,5.63,11.85,1.64,15.84
21468,1,12,2.0,Member,117,3.86,8.29,1.78,10.37
21469,3,6,38.0,Member,74,6.66,9.21,0.0,15.87
21470,3,9,,Standard,133,2.37,14.61,0.0,16.98
21471,1,1,,Standard,31,6.43,4.14,1.37,9.2
21472,3,4,,Free,18,1.4,2.45,0.0,3.85
21473,1,11,,Standard,116,2.7,7.66,0.0,10.36
21474,3,6,,Standard,44,1.96,5.64,0.0,7.6
21475,2,10,,Standard,53,3.49,4.31,0.0,7.8
21476,4,1,,Standard,97,2.63,8.6,0.0,11.23
21477,4,13,,Standard,95,2.48,6.68,0.39,8.77
21478,4,10,16.0,Member,54,5.01,5.61,0.0,10.62
21479,5,6,,Standard,31,5.08,2.96,0.0,8.04
21480,2,16,,Standard,137,5.8,19.77,0.0,25.57
21481,5,14,,Time Limited,88,7.51,8.14,0.0,15.65
21482,1,14,,Time Limited,45,0.31,5.27,0.0,5.58
21483,3,1,52.0,Member,48,3.69,3.23,0.0,6.92
21484,2,12,,Free,59,5.34,9.32,0.0,14.66
21485,3,12,25.0,Member,167,7.79,20.34,0.0,28.13
21486,4,1,,Standard,104,7.16,8.56,0.0,15.72
21487,3,16,9.0,Member,135,3.47,20.03,2.83,20.67
21488,4,6,45.0,Member,115,5.1,13.86,0.0,18.96
21489,2,7,57.0,Member,151,3.11,20.62,0.0,23.73
21490,2,2,30.0,Member,87,6.46,12.11,0.0,18.57
21491,4,4,,Standard,62,1.26,4.07,2.88,2.45
21492,1,9,59.0,Member,103,3.17,13.68,0.0,16.85
21493,5,3,,Time Limited,55,0.93,6.0,0.0,6.93
21494,4,3,,Standard,71,3.06,7.07,0.0,10.13
21495,3,4,12.0,Member,128,7.97,16.33,0.0,24.3
21496,3,14,,Standard,51,0.5,5.22,0.0,5.72
21497,1,1,,Standard,95,3.91,8.97,0.0,12.88
21498,2,6,23.0,Member,146,7.75,13.0,0.0,20.75
21499,3,7,,Standard,53,2.34,7.03,0.0,9.37
21500,1,3,58.0,Member,166,0.08,26.44,0.0,26.52
21501,1,8,,Standard,30,7.98,2.86,0.0,10.84
21502,4,10,,Standard,71,1.94,6.96,0.0,8.9
21503,3,7,,Standard,98,7.32,14.27,0.0,21.59
21504,5,15,34.0,Member,110,0.53,11.04,0.0,11.57
21505,2,8,,Free,53,6.59,6.43,0.0,13.02
21506,2,10,,Standard,86,6.32,12.86,1.48,17.7
21507,3,11,27.0,Member,148,4.98,13.6,0.0,18.58
21508,4,13,,Standard,147,6.02,9.11,0.0,15.13
21509,5,14,,Standard,86,5.19,12.55,2.73,15.01
21510,5,5,,Free,40,7.06,4.38,0.0,11.44
21511,1,13,,Standard,95,4.5,14.5,0.0,19.0
21512,5,10,,Standard,33,2.12,2.28,0.0,4.4
21513,4,8,,Standard,54,5.6,5.11,0.21,10.5
21514,1,6,,Standard,131,7.15,17.41,0.0,24.56
21515,3,16,,Standard,71,3.16,4.45,0.0,7.61
21516,1,3,,Standard,35,1.57,4.69,0.0,6.26
21517,3,7,,Standard,98,5.99,11.56,0.0,17.55
21518,5,12,4.0,Member,176,4.52,24.82,0.0,29.34
21519,4,9,,Free,23,4.08,2.89,0.0,6.97
21520,5,10,,Time Limited,39,0.06,5.32,0.0,5.38
21521,3,3,,Standard,84,1.87,7.7,0.0,9.57
21522,3,11,28.0,Member,162,0.0,13.16,0.0,13.16
21523,3,16,35.0,Member,90,2.52,8.59,0.0,11.11
21524,1,12,,Standard,94,2.16,9.25,0.0,11.41
21525,5,1,,Standard,79,2.29,7.81,0.0,10.1
21526,2,6,9.0,Member,52,1.67,5.01,0.0,6.68
21527,5,11,,Time Limited,56,6.24,5.26,0.0,11.5
21528,1,9,,Time Limited,54,5.92,4.91,0.0,10.83
21529,2,12,,Time Limited,70,7.83,10.73,0.0,18.56
21530,3,13,27.0,Member,63,3.8,5.26,1.79,7.27
21531,3,3,,Standard,113,3.31,15.58,0.0,18.89
21532,1,2,43.0,Member,75,6.87,11.42,0.0,18.29
21533,3,11,,Standard,38,5.73,4.23,2.55,7.41
21534,4,7,,Standard,37,1.64,3.0,0.0,4.64
21535,1,1,9.0,Member,83,3.99,6.86,0.0,10.85
21536,3,2,,Standard,40,1.1,5.68,1.05,5.73
21537,5,4,,Administrator,17,5.26,1.68,0.0,6.94
21538,3,8,9.0,Member,118,0.19,10.03,0.0,10.22
21539,2,6,17.0,Member,46,0.46,3.96,0.0,4.42
21540,1,11,,Standard,100,0.45,9.7,0.0,10.15
21541,3,7,32.0,Member,150,4.88,20.29,0.0,25.17
21542,3,5,,Standard,47,6.64,4.44,0.0,11.08
21543,4,14,,Standard,87,7.59,13.2,0.17,20.62
21544,5,16,,Standard,150,5.08,9.8,0.0,14.88
21545,3,3,,Standard,48,1.09,4.82,0.0,5.91
21546,3,5,37.0,Member,69,1.2,7.84,0.0,9.04
21547,1,15,8.0,Member,50,6.24,6.67,0.0,12.91
21548,5,3,,Standard,104,4.83,12.74,0.0,17.57
21549,5,13,,Standard,114,6.36,18.07,0.0,24.43
21550,5,1,16.0,Member,107,4.31,6.55,0.0,10.86
21551,5,12,,Standard,138,5.29,12.63,0.0,17.92
21552,1,9,44.0,Member,77,6.39,10.33,0.0,16.72
21553,4,6,,Time Limited,64,5.55,4.33,0.0,9.88
21554,3,14,,Standard,37,3.81,3.93,0.0,7.74
21555,5,14,,Standard,137,1.49,12.96,0.26,14.19
21556,5,4,,Administrator,41,6.81,6.54,1.3,12.05
21557,4,8,,Standard,65,2.16,6.17,0.0,8.33
21558,3,13,8.0,Member,78,7.64,9.12,0.54,16.22
21559,3,8,15.0,Member,156,4.27,15.46,1.2,18.53
21560,2,7,,Standard,104,0.13,8.88,0.02,8.99
21561,1,9,48.0,Member,60,7.68,3.85,1.13,10.4
21562,2,9,58.0,Member,61,2.81,5.76,0.0,8.57
21563,2,10,,Time Limited,73,0.68,9.58,2.77,7.49
21564,4,2,19.0,Member,120,1.81,13.04,2.84,12.01
21565,1,7,,Standard,75,3.33,5.33,2.05,6.61
21566,1,6,,Administrator,31,1.71,3.85,1.76,3.8
21567,5,13,,Administrator,29,5.37,1.96,0.0,7.33
21568,3,10,8.0,Member,64,2.76,3.94,2.04,4.66
21569,2,8,60.0,Member,165,6.69,19.15,0.0,25.84
21570,2,10,,Standard,147,5.77,22.74,0.98,27.53
21571,4,12,64.0,Member,123,0.14,9.33,0.0,9.47
21572,4,1,5.0,Member,115,7.67,16.08,0.0,23.75
21573,3,1,,Standard,52,5.8,5.48,0.0,11.28
21574,2,7,,Standard,113,4.47,12.81,0.0,17.28
21575,5,10,,Time Limited,89,4.69,13.34,0.0,18.03
21576,4,11,,Standard,59,7.02,4.62,0.0,11.64
21577,5,6,,Time Limited,56,0.9,8.81,0.0,9.71
21578,4,3,,Standard,69,7.38,5.44,0.0,12.82
21579,2,13,,Standard,54,5.81,6.98,0.0,12.79
21580,4,15,,Standard,143,3.17,11.57,2.64,12.1
21581,5,12,7.0,Member,86,0.33,11.9,0.0,12.23
21582,1,4,,Standard,148,3.36,11.25,0.8,13.81
21583,4,12,,Standard,50,7.01,6.08,0.5,12.59
21584,3,7,,Standard,106,1.52,15.64,2.21,14.95
21585,3,1,7.0,Member,170,1.53,22.95,0.68,23.8
21586,4,12,66.0,Member,170,5.4,22.97,0.0,28.37
21587,3,15,66.0,Member,122,0.05,13.29,0.0,13.34
21588,3,8,44.0,Member,172,1.46,12.22,0.0,13.68
21589,1,11,2.0,Member,83,1.74,8.07,0.0,9.81
21590,2,16,,Time Limited,59,3.81,5.33,1.17,7.97
21591,1,1,62.0,Member,87,3.17,10.74,0.0,13.91
21592,1,14,36.0,Member,145,2.88,16.07,0.0,18.95
21593,5,16,,Free,44,1.8,4.38,0.0,6.18
21594,4,4,,Time Limited,47,4.92,5.08,0.0,10.0
21595,2,16,,Standard,31,2.79,3.87,0.0,6.66
21596,1,10,,Standard,77,1.31,6.32,2.88,4.75
21597,2,1,26.0,Member,134,0.22,19.57,0.0,19.79
21598,3,15,,Standard,95,3.62,9.02,0.0,12.64
21599,3,5,27.0,Member,143,6.66,15.24,1.32,20.58
21600,1,16,59.0,Member,106,3.1,12.72,0.0,15.82
21601,1,7,,Standard,87,7.19,5.77,0.0,12.96
21602,1,2,,Administrator,43,3.49,4.57,0.0,8.06
21603,1,16,6.0,Member,180,7.77,23.67,0.0,31.44
21604,5,6,,Administrator,38,6.55,4.17,2.87,7.85
21605,4,5,49.0,Member,71,2.0,6.96,0.0,8.96
21606,2,6,,Standard,95,3.37,12.08,0.0,15.45
21607,2,4,,Standard,61,5.4,6.98,0.0,12.38
21608,4,2,,Standard,97,2.43,11.51,1.83,12.11
