transaction_id,cashier_id,terminal_id,item_id,member_id,transaction_datetime,income_expense,payment_method,transaction_type,amount_tnd
6748,5,23,,,2024-05-01 12:40:21,Income,Cash,Playstation Incomes,"30,48"
6749,1,10,,34.0,2024-05-01 22:55:50,Income,Cash,Member Transactions,"13,36"
6750,1,24,,,2024-05-01 21:59:03,Income,Cash,Playstation Incomes,"18,50"
6751,1,15,,,2024-05-01 18:30:00,Income,Cash,Computer Incomes,"5,83"
6752,5,13,,,2024-05-01 16:50:37,Income,Cash,Computer Incomes,"9,59"
6753,1,23,,,2024-05-01 10:24:02,Income,Cash,Playstation Incomes,"5,83"
6754,1,12,,,2024-05-01 18:03:05,Income,Cash,Computer Incomes,"3,43"
6755,1,24,,,2024-05-01 10:37:51,Income,Credit Card,Playstation Incomes,"7,88"
6756,4,13,,,2024-05-01 10:39:26,Income,Cash,Computer Incomes,"9,24"
6757,1,16,,,2024-05-01 18:31:54,Income,Cash,Computer Incomes,"34,24"
6758,5,23,,,2024-05-01 19:55:23,Income,Cash,Playstation Incomes,"6,16"
6759,3,15,,18.0,2024-05-01 11:12:23,Income,Cash,Member Transactions,"29,79"
6760,4,9,,,2024-05-01 11:03:14,Income,Cash,Computer Incomes,"18,49"
6761,3,10,,,2024-05-01 20:32:20,Income,Cash,Computer Incomes,"16,78"
6762,2,15,,,2024-05-01 13:39:51,Income,Cash,Computer Incomes,"32,19"
6763,5,1,,,2024-05-01 13:57:55,Income,Cash,Computer Incomes,"24,31"
6764,3,9,,,2024-05-01 13:52:28,Income,Cash,Computer Incomes,"22,94"
6765,5,24,,,2024-05-01 21:41:25,Income,Cash,Playstation Incomes,"6,16"
6766,5,10,,,2024-05-02 22:34:08,Income,Cash,Computer Incomes,"8,46"
6767,4,2,43.0,,2024-05-02 09:20:02,Income,Credit Card,Order Incomes,"17,23"
6768,1,2,,,2024-05-02 17:12:57,Income,Cash,Computer Incomes,"17,88"
6769,5,12,,,2024-05-02 13:59:56,Income,Cash,Computer Incomes,"24,71"
6770,5,16,,,2024-05-02 20:37:53,Income,Cash,Computer Incomes,"17,88"
6771,5,6,,,2024-05-02 19:00:24,Income,Cash,Computer Incomes,"14,63"
6772,5,23,,,2024-05-02 12:18:27,Income,Cash,Playstation Incomes,"4,23"
6773,4,14,,6.0,2024-05-02 09:13:56,Income,Credit Card,Member Transactions,"13,33"
6774,3,1,34.0,,2024-05-02 11:51:32,Income,Cash,Order Incomes,"18,53"
6775,1,13,,,2024-05-02 12:48:24,Income,Cash,Computer Incomes,"20,16"
6776,2,9,,,2024-05-02 17:37:29,Income,Cash,Computer Incomes,"9,43"
6777,1,5,36.0,,2024-05-02 09:07:58,Income,Cash,Order Incomes,"19,83"
6778,3,12,35.0,,2024-05-02 23:32:34,Income,Cash,Order Incomes,"12,03"
6779,5,9,,,2024-05-02 15:58:32,Income,Cash,Computer Incomes,"5,21"
6780,4,10,,,2024-05-02 20:49:00,Income,Cash,Computer Incomes,"28,94"
6781,1,13,,,2024-05-02 18:35:00,Income,Cash,Computer Incomes,"18,52"
6782,2,24,,,2024-05-02 16:39:52,Income,Cash,Playstation Incomes,"12,35"
6783,2,5,,,2024-05-02 09:20:24,Income,Cash,Computer Incomes,"12,67"
6784,3,23,,,2024-05-02 15:49:38,Income,Cash,Playstation Incomes,"3,57"
6785,5,5,,,2024-05-02 21:14:27,Income,Cash,Computer Incomes,"18,52"
6786,4,24,,,2024-05-02 23:39:45,Income,Credit Card,Playstation Incomes,"4,55"
6787,3,23,,,2024-05-02 11:57:09,Income,Cash,Playstation Incomes,"5,85"
6788,5,24,,,2024-05-02 16:07:53,Income,Cash,Playstation Incomes,"17,87"
6789,5,11,,,2024-05-03 12:11:12,Income,Credit Card,Computer Incomes,"2,09"
6790,3,16,,,2024-05-03 18:30:02,Income,Cash,Computer Incomes,"11,81"
6791,3,5,,,2024-05-03 15:06:58,Income,Cash,Computer Incomes,"7,29"
6792,1,1,,,2024-05-03 15:51:37,Income,Cash,Computer Incomes,"15,45"
6793,2,12,,,2024-05-03 13:31:44,Income,Cash,Computer Incomes,"4,17"
6794,4,23,,,2024-05-03 21:52:06,Income,Credit Card,Playstation Incomes,"10,42"
6795,5,6,,,2024-05-03 18:45:00,Income,Cash,Computer Incomes,"6,25"
6796,2,2,,,2024-05-03 16:01:11,Income,Cash,Computer Incomes,"12,67"
6797,2,2,,,2024-05-03 21:31:11,Income,Cash,Computer Incomes,"10,59"
6798,3,6,,,2024-05-03 20:45:43,Income,Cash,Computer Incomes,"4,52"
6799,1,4,,,2024-05-03 09:11:37,Income,Cash,Computer Incomes,"11,63"
6800,5,7,26.0,,2024-05-03 19:25:10,Income,Credit Card,Order Incomes,"6,60"
6801,3,4,,,2024-05-03 16:49:57,Income,Cash,Computer Incomes,"17,36"
6802,1,13,,,2024-05-03 21:32:19,Income,Cash,Computer Incomes,"16,32"
6803,5,3,,,2024-05-03 15:31:42,Income,Cash,Computer Incomes,"4,34"
6804,5,12,,,2024-05-03 18:04:49,Income,Cash,Computer Incomes,"14,06"
6805,3,3,,,2024-05-03 11:15:01,Income,Cash,Computer Incomes,"3,82"
6806,1,2,,57.0,2024-05-03 14:27:37,Income,Credit Card,Member Transactions,"9,03"
6807,4,7,28.0,,2024-05-03 21:24:01,Income,Cash,Order Incomes,"11,63"
6808,1,16,,,2024-05-03 22:40:26,Income,Credit Card,Computer Incomes,"17,19"
6809,5,3,,,2024-05-03 10:58:44,Income,Cash,Computer Incomes,"14,41"
6810,5,9,,,2024-05-03 20:42:11,Income,Cash,Computer Incomes,"4,34"
6811,5,11,,,2024-05-03 15:25:59,Income,Cash,Computer Incomes,"8,51"
6812,2,24,,,2024-05-03 21:07:47,Income,Cash,Playstation Incomes,"9,20"
6813,5,23,,,2024-05-03 14:17:15,Income,Credit Card,Playstation Incomes,"9,19"
6814,4,15,40.0,,2024-05-03 09:47:51,Income,Cash,Order Incomes,"4,51"
6815,5,24,,,2024-05-03 10:09:06,Income,Credit Card,Playstation Incomes,"7,80"
6816,3,8,,,2024-05-03 17:39:11,Income,Cash,Computer Incomes,"15,09"
6817,5,8,,,2024-05-03 17:32:44,Income,Cash,Computer Incomes,"5,90"
6818,4,2,,,2024-05-03 20:08:32,Income,Credit Card,Computer Incomes,"4,68"
6819,1,11,,,2024-05-03 09:21:12,Income,Cash,Computer Incomes,"16,66"
6820,5,23,,,2024-05-03 12:40:54,Income,Cash,Playstation Incomes,"12,32"
6821,2,15,,,2024-05-03 12:57:05,Income,Cash,Computer Incomes,"3,64"
6822,4,24,,,2024-05-03 16:32:33,Income,Cash,Playstation Incomes,"15,96"
6823,5,2,,14.0,2024-05-03 12:37:43,Income,Cash,Member Transactions,"6,76"
6824,4,12,,,2024-05-03 13:33:16,Income,Cash,Computer Incomes,"2,60"
6825,1,6,4.0,,2024-05-03 09:45:25,Income,Cash,Order Incomes,"11,62"
6826,3,10,27.0,,2024-05-03 16:58:24,Income,Cash,Order Incomes,"2,77"
6827,3,23,,,2024-05-03 13:52:13,Income,Cash,Playstation Incomes,"10,06"
6828,4,24,,,2024-05-03 16:45:30,Income,Cash,Playstation Incomes,"12,66"
6829,3,5,,,2024-05-04 15:23:34,Income,Cash,Computer Incomes,"11,75"
6830,5,7,,,2024-05-04 20:18:57,Income,Cash,Computer Incomes,"13,35"
6831,4,16,,,2024-05-04 12:03:12,Income,Cash,Computer Incomes,"8,81"
6832,1,8,34.0,,2024-05-04 14:19:57,Income,Cash,Order Incomes,"8,81"
6833,1,7,44.0,,2024-05-04 11:57:06,Income,Cash,Order Incomes,"4,27"
6834,2,23,,,2024-05-04 15:19:16,Income,Cash,Playstation Incomes,"17,88"
6835,4,24,,,2024-05-04 14:35:23,Income,Cash,Playstation Incomes,"14,95"
6836,2,16,,,2024-05-04 12:29:36,Income,Cash,Computer Incomes,"22,95"
6837,2,9,,,2024-05-04 12:05:05,Income,Cash,Computer Incomes,"4,27"
6838,5,16,,,2024-05-04 15:46:13,Income,Cash,Computer Incomes,"9,34"
6839,4,14,,,2024-05-04 19:25:28,Income,Cash,Computer Incomes,"8,28"
6840,4,5,,,2024-05-04 12:15:51,Income,Cash,Computer Incomes,"4,54"
6841,3,23,,,2024-05-04 10:09:23,Income,Cash,Playstation Incomes,"21,35"
6842,1,12,29.0,,2024-05-04 20:09:12,Income,Cash,Order Incomes,"26,69"
6843,5,24,,,2024-05-04 12:24:57,Income,Cash,Playstation Incomes,"7,21"
6844,5,23,,,2024-05-04 16:38:34,Income,Cash,Playstation Incomes,"11,47"
6845,3,6,,,2024-05-04 23:11:54,Income,Cash,Computer Incomes,"24,54"
6846,4,24,,,2024-05-04 10:51:24,Income,Cash,Playstation Incomes,"14,94"
6847,5,6,,,2024-05-04 22:41:32,Income,Cash,Computer Incomes,"20,01"
6848,5,15,,,2024-05-04 09:41:33,Income,Cash,Computer Incomes,"20,01"
6849,4,23,,,2024-05-04 19:03:04,Income,Cash,Playstation Incomes,"12,54"
6850,5,24,,,2024-05-04 22:35:50,Income,Cash,Playstation Incomes,"4,26"
6851,1,3,47.0,,2024-05-04 17:05:26,Income,Cash,Order Incomes,"20,81"
6852,5,2,,,2024-05-04 19:14:58,Income,Cash,Computer Incomes,"5,87"
6853,3,6,44.0,,2024-05-04 22:26:00,Income,Cash,Order Incomes,"11,20"
6854,3,15,20.0,,2024-05-04 20:32:30,Income,Cash,Order Incomes,"21,61"
6855,2,6,,,2024-05-04 20:00:39,Income,Cash,Computer Incomes,"20,81"
6856,2,4,,11.0,2024-05-04 20:04:13,Income,Cash,Member Transactions,"11,20"
6857,2,11,,,2024-05-04 20:37:34,Income,Credit Card,Computer Incomes,"24,01"
6858,2,16,,,2024-05-04 15:42:46,Income,Cash,Computer Incomes,"5,33"
6859,1,23,,,2024-05-05 21:57:30,Income,Credit Card,Playstation Incomes,"10,22"
6860,2,9,41.0,,2024-05-05 20:23:36,Income,Cash,Order Incomes,"18,74"
6861,1,15,,,2024-05-05 12:15:08,Income,Cash,Computer Incomes,"6,14"
6862,2,24,,,2024-05-05 20:27:36,Income,Cash,Playstation Incomes,"28,96"
6863,1,23,,,2024-05-05 20:15:12,Income,Cash,Playstation Incomes,"19,42"
6864,2,10,,,2024-05-05 17:17:34,Income,Cash,Computer Incomes,"11,93"
6865,3,7,23.0,,2024-05-05 23:29:15,Income,Cash,Order Incomes,"3,74"
6866,4,16,11.0,,2024-05-05 17:20:41,Income,Cash,Order Incomes,"33,72"
6867,1,8,49.0,,2024-05-05 15:24:30,Income,Cash,Order Incomes,"20,09"
6868,4,6,,,2024-05-05 11:57:18,Income,Credit Card,Computer Incomes,"32,35"
6869,3,2,,,2024-05-05 23:22:45,Income,Cash,Computer Incomes,"23,84"
6870,3,6,,,2024-05-05 20:11:10,Income,Cash,Computer Incomes,"11,24"
6871,5,24,,,2024-05-05 23:15:31,Income,Cash,Playstation Incomes,"14,98"
6872,3,11,,30.0,2024-05-05 22:22:40,Income,Cash,Member Transactions,"5,79"
6873,1,4,,22.0,2024-05-05 11:12:15,Income,Cash,Member Transactions,"10,89"
6874,1,23,,,2024-05-06 23:50:38,Income,Cash,Playstation Incomes,"23,10"
6875,2,13,,,2024-05-06 15:49:51,Income,Cash,Computer Incomes,"24,10"
6876,4,24,,,2024-05-06 14:01:56,Income,Cash,Playstation Incomes,"10,05"
6877,1,3,,,2024-05-06 14:28:26,Income,Cash,Computer Incomes,"22,43"
6878,4,14,,,2024-05-06 15:45:45,Income,Credit Card,Computer Incomes,"32,47"
6879,2,12,,,2024-05-06 14:50:28,Income,Cash,Computer Incomes,"28,12"
6880,1,5,,,2024-05-06 21:51:13,Income,Cash,Computer Incomes,"21,75"
6881,1,15,,,2024-05-06 15:56:24,Income,Cash,Computer Incomes,"21,08"
6882,4,13,,65.0,2024-05-06 18:05:35,Income,Cash,Member Transactions,"29,78"
6883,4,1,28.0,,2024-05-06 15:57:16,Income,Cash,Order Incomes,"26,10"
6884,4,12,,,2024-05-06 15:31:14,Income,Credit Card,Computer Incomes,"15,06"
6885,1,1,,,2024-05-06 09:38:30,Income,Cash,Computer Incomes,"11,71"
6886,1,23,,,2024-05-06 13:47:20,Income,Cash,Playstation Incomes,"10,70"
6887,1,4,,,2024-05-06 18:44:23,Income,Credit Card,Computer Incomes,"24,43"
6888,2,5,37.0,,2024-05-06 19:29:04,Income,Cash,Order Incomes,"8,03"
6889,3,4,,,2024-05-06 15:40:59,Income,Credit Card,Computer Incomes,"25,10"
6890,5,24,,,2024-05-06 12:52:51,Income,Cash,Playstation Incomes,"3,68"
6891,5,6,,,2024-05-06 13:09:04,Income,Cash,Computer Incomes,"25,76"
6892,1,8,,,2024-05-07 15:58:42,Income,Cash,Computer Incomes,"6,22"
6893,1,23,,,2024-05-07 16:52:56,Income,Credit Card,Playstation Incomes,"19,81"
6894,5,24,,,2024-05-07 14:25:37,Income,Cash,Playstation Incomes,"14,05"
6895,1,15,29.0,,2024-05-07 23:16:46,Income,Cash,Order Incomes,"11,75"
6896,3,1,,,2024-05-07 09:56:17,Income,Cash,Computer Incomes,"11,98"
6897,4,3,,,2024-05-07 12:39:18,Income,Cash,Computer Incomes,"17,97"
6898,5,7,21.0,,2024-05-07 15:33:20,Income,Cash,Order Incomes,"7,83"
6899,5,15,,,2024-05-07 14:07:27,Income,Cash,Computer Incomes,"9,91"
6900,2,23,,,2024-05-07 23:51:40,Income,Cash,Playstation Incomes,"14,05"
6901,2,24,,,2024-05-07 16:25:22,Income,Cash,Playstation Incomes,"9,90"
6902,4,3,,,2024-05-07 10:02:55,Income,Cash,Computer Incomes,"15,42"
6903,5,4,33.0,,2024-05-07 13:28:03,Income,Cash,Order Incomes,"6,21"
6904,2,23,,,2024-05-07 15:45:58,Income,Cash,Playstation Incomes,"11,51"
6905,3,24,,,2024-05-07 21:11:36,Income,Cash,Playstation Incomes,"16,80"
6906,5,23,,,2024-05-07 15:34:32,Income,Cash,Playstation Incomes,"22,33"
6907,4,1,,56.0,2024-05-07 23:17:01,Income,Cash,Member Transactions,"8,28"
6908,2,7,,,2024-05-08 23:46:33,Income,Cash,Computer Incomes,"8,56"
6909,3,3,28.0,,2024-05-08 15:38:15,Income,Credit Card,Order Incomes,"22,50"
6910,2,10,,,2024-05-08 19:42:13,Income,Cash,Computer Incomes,"5,63"
6911,3,11,,64.0,2024-05-08 17:19:48,Income,Cash,Member Transactions,"9,54"
6912,4,14,,,2024-05-08 22:43:31,Income,Cash,Computer Incomes,"10,27"
6913,1,10,,,2024-05-08 17:21:10,Income,Credit Card,Computer Incomes,"23,96"
6914,3,3,,,2024-05-08 17:21:40,Income,Cash,Computer Incomes,"13,45"
6915,1,2,,,2024-05-08 10:13:20,Income,Cash,Computer Incomes,"3,67"
6916,4,24,,,2024-05-08 12:09:10,Income,Cash,Playstation Incomes,"4,65"
6917,3,14,,,2024-05-08 23:21:34,Income,Cash,Computer Incomes,"18,82"
6918,5,14,,,2024-05-08 10:04:14,Income,Cash,Computer Incomes,"15,15"
6919,4,23,,,2024-05-08 17:18:38,Income,Cash,Playstation Incomes,"19,80"
6920,5,3,,49.0,2024-05-08 16:40:20,Income,Credit Card,Member Transactions,"5,13"
6921,1,24,,,2024-05-08 15:33:40,Income,Cash,Playstation Incomes,"11,73"
6922,1,13,,,2024-05-08 10:04:55,Income,Cash,Computer Incomes,"20,53"
6923,2,15,,,2024-05-08 09:06:27,Income,Cash,Computer Incomes,"8,06"
6924,5,8,11.0,,2024-05-09 19:44:50,Income,Cash,Order Incomes,"13,67"
6925,4,12,,,2024-05-09 15:02:24,Income,Cash,Computer Incomes,"12,05"
6926,4,23,,,2024-05-09 15:21:14,Income,Credit Card,Playstation Incomes,"13,21"
6927,2,14,,,2024-05-09 12:33:14,Income,Cash,Computer Incomes,"3,71"
6928,3,8,,5.0,2024-05-09 15:05:02,Income,Credit Card,Member Transactions,"3,48"
6929,5,2,,,2024-05-09 20:17:03,Income,Cash,Computer Incomes,"16,45"
6930,3,3,,,2024-05-09 14:46:48,Income,Credit Card,Computer Incomes,"15,29"
6931,3,4,44.0,,2024-05-09 18:16:15,Income,Cash,Order Incomes,"20,62"
6932,3,16,,,2024-05-09 19:36:37,Income,Cash,Computer Incomes,"22,24"
6933,1,14,24.0,,2024-05-09 14:34:18,Income,Cash,Order Incomes,"19,93"
6934,5,12,3.0,,2024-05-09 18:57:58,Income,Cash,Order Incomes,"16,91"
6935,5,12,,,2024-05-09 18:06:57,Income,Cash,Computer Incomes,"22,24"
6936,1,8,,,2024-05-09 14:51:56,Income,Cash,Computer Incomes,"2,32"
6937,3,1,,,2024-05-09 20:11:56,Income,Cash,Computer Incomes,"15,51"
6938,1,10,,,2024-05-09 11:30:59,Income,Cash,Computer Incomes,"8,80"
6939,4,16,3.0,,2024-05-09 11:03:49,Income,Cash,Order Incomes,"9,72"
6940,4,13,,,2024-05-09 18:14:05,Income,Cash,Computer Incomes,"19,22"
6941,2,1,10.0,,2024-05-09 16:56:51,Income,Credit Card,Order Incomes,"6,25"
6942,1,8,,,2024-05-09 11:33:29,Income,Cash,Computer Incomes,"6,71"
6943,3,13,,,2024-05-09 19:23:34,Income,Cash,Computer Incomes,"18,99"
6944,3,24,,,2024-05-09 22:44:18,Income,Cash,Playstation Incomes,"10,65"
6945,2,16,,53.0,2024-05-09 13:26:12,Income,Cash,Member Transactions,"18,06"
6946,3,23,,,2024-05-09 10:18:24,Income,Cash,Playstation Incomes,"11,35"
6947,3,8,,63.0,2024-05-10 14:53:35,Income,Cash,Member Transactions,"21,86"
6948,2,15,,,2024-05-10 12:47:44,Income,Cash,Computer Incomes,"16,88"
6949,3,4,,,2024-05-10 12:28:15,Income,Cash,Computer Incomes,"13,00"
6950,2,24,,,2024-05-10 18:19:18,Income,Credit Card,Playstation Incomes,"23,24"
6951,3,9,,,2024-05-10 23:05:38,Income,Cash,Computer Incomes,"8,03"
6952,1,5,,,2024-05-10 17:36:37,Income,Cash,Computer Incomes,"10,52"
6953,1,9,28.0,,2024-05-10 11:54:10,Income,Credit Card,Order Incomes,"25,45"
6954,5,5,20.0,,2024-05-10 16:20:48,Income,Cash,Order Incomes,"12,18"
6955,2,2,,,2024-05-10 10:40:02,Income,Cash,Computer Incomes,"4,98"
6956,2,8,8.0,,2024-05-10 23:24:02,Income,Cash,Order Incomes,"16,88"
6957,2,23,,,2024-05-10 09:35:10,Income,Cash,Playstation Incomes,"6,37"
6958,4,5,7.0,,2024-05-10 22:06:28,Income,Cash,Order Incomes,"20,47"
6959,2,7,,,2024-05-10 10:46:07,Income,Credit Card,Computer Incomes,"8,86"
6960,2,2,,23.0,2024-05-10 15:07:11,Income,Cash,Member Transactions,"19,37"
6961,2,15,,,2024-05-10 22:46:07,Income,Cash,Computer Incomes,"14,66"
6962,2,8,,,2024-05-10 21:14:39,Income,Credit Card,Computer Incomes,"8,57"
6963,5,13,,,2024-05-10 10:05:11,Income,Cash,Computer Incomes,"27,65"
6964,4,7,,,2024-05-10 23:11:38,Income,Cash,Computer Incomes,"8,02"
6965,3,12,,,2024-05-10 12:37:46,Income,Cash,Computer Incomes,"4,14"
6966,5,10,,,2024-05-10 17:36:45,Income,Cash,Computer Incomes,"8,57"
6967,3,11,,,2024-05-10 12:46:43,Income,Cash,Computer Incomes,"24,06"
6968,5,12,41.0,,2024-05-10 18:01:54,Income,Cash,Order Incomes,"4,70"
6969,5,24,,,2024-05-10 15:19:27,Income,Credit Card,Playstation Incomes,"23,23"
6970,2,5,,,2024-05-10 10:06:05,Income,Credit Card,Computer Incomes,"19,08"
6971,1,16,,,2024-05-10 22:38:03,Income,Cash,Computer Incomes,"12,44"
6972,3,11,,,2024-05-10 23:00:52,Income,Cash,Computer Incomes,"9,95"
6973,5,3,,,2024-05-10 14:35:35,Income,Cash,Computer Incomes,"14,93"
6974,2,23,,,2024-05-10 15:17:10,Income,Cash,Playstation Incomes,"17,14"
6975,1,6,,,2024-05-10 18:54:14,Income,Cash,Computer Incomes,"20,46"
6976,5,13,,,2024-05-10 15:26:32,Income,Cash,Computer Incomes,"9,68"
6977,1,9,,,2024-05-10 11:53:16,Income,Cash,Computer Incomes,"17,70"
6978,4,24,,,2024-05-10 20:30:34,Income,Cash,Playstation Incomes,"4,42"
6979,4,11,,,2024-05-10 10:55:12,Income,Cash,Computer Incomes,"9,95"
6980,5,23,,,2024-05-11 09:39:30,Income,Cash,Playstation Incomes,"2,38"
6981,4,1,,,2024-05-11 18:47:27,Income,Cash,Computer Incomes,"17,50"
6982,1,24,,,2024-05-11 15:46:22,Income,Cash,Playstation Incomes,"3,03"
6983,3,9,,28.0,2024-05-11 20:52:32,Income,Cash,Member Transactions,"21,17"
6984,3,12,,,2024-05-11 11:02:16,Income,Cash,Computer Incomes,"16,20"
6985,4,1,,,2024-05-11 11:28:00,Income,Credit Card,Computer Incomes,"13,82"
6986,2,23,,,2024-05-11 10:05:14,Income,Cash,Playstation Incomes,"16,42"
6987,5,24,,,2024-05-11 16:13:49,Income,Cash,Playstation Incomes,"15,12"
6988,5,2,,11.0,2024-05-11 13:26:03,Income,Cash,Member Transactions,"15,77"
6989,1,10,,,2024-05-11 11:32:22,Income,Cash,Computer Incomes,"17,50"
6990,2,2,,,2024-05-11 18:22:08,Income,Cash,Computer Incomes,"7,13"
6991,1,10,,32.0,2024-05-11 13:27:10,Income,Cash,Member Transactions,"18,58"
6992,3,12,,,2024-05-11 18:43:27,Income,Cash,Computer Incomes,"10,59"
6993,4,14,,,2024-05-11 21:50:11,Income,Cash,Computer Incomes,"12,53"
6994,3,11,,,2024-05-11 22:57:17,Income,Cash,Computer Incomes,"21,60"
6995,4,11,,,2024-05-11 15:23:10,Income,Cash,Computer Incomes,"15,12"
6996,5,13,,2.0,2024-05-11 10:33:42,Income,Cash,Member Transactions,"9,72"
6997,3,11,,,2024-05-11 17:56:06,Income,Cash,Computer Incomes,"9,28"
6998,2,15,,,2024-05-11 23:10:14,Income,Cash,Computer Incomes,"19,00"
6999,4,1,,,2024-05-11 09:36:32,Income,Cash,Computer Incomes,"6,69"
7000,4,13,,,2024-05-11 21:17:54,Income,Cash,Computer Incomes,"8,20"
7001,1,14,,26.0,2024-05-11 13:17:15,Income,Cash,Member Transactions,"17,27"
7002,5,23,,,2024-05-11 11:54:27,Income,Cash,Playstation Incomes,"13,60"
7003,4,24,,,2024-05-11 23:41:08,Income,Cash,Playstation Incomes,"6,04"
7004,5,15,,,2024-05-11 19:19:23,Income,Cash,Computer Incomes,"19,86"
7005,1,13,,,2024-05-11 13:51:15,Income,Cash,Computer Incomes,"17,27"
7006,1,15,47.0,,2024-05-11 17:42:45,Income,Cash,Order Incomes,"15,97"
7007,2,2,38.0,,2024-05-11 19:47:51,Income,Cash,Order Incomes,"10,36"
7008,2,23,,,2024-05-11 16:10:51,Income,Cash,Playstation Incomes,"19,21"
7009,2,24,,,2024-05-11 09:19:59,Income,Cash,Playstation Incomes,"20,72"
7010,1,12,16.0,,2024-05-11 11:44:26,Income,Cash,Order Incomes,"19,00"
7011,5,8,9.0,,2024-05-11 19:13:04,Income,Cash,Order Incomes,"5,39"
7012,5,11,,61.0,2024-05-11 23:42:01,Income,Cash,Member Transactions,"3,67"
7013,5,4,,,2024-05-11 17:18:21,Income,Cash,Computer Incomes,"19,86"
7014,5,23,,,2024-05-11 09:01:45,Income,Credit Card,Playstation Incomes,"20,72"
7015,3,9,,28.0,2024-05-11 21:33:29,Income,Cash,Member Transactions,"18,57"
7016,4,16,,,2024-05-11 10:43:28,Income,Cash,Computer Incomes,"2,15"
7017,3,12,,,2024-05-11 19:56:55,Income,Cash,Computer Incomes,"16,41"
7018,1,13,,,2024-05-12 10:06:28,Income,Cash,Computer Incomes,"6,79"
7019,2,10,6.0,,2024-05-12 14:34:23,Income,Cash,Order Incomes,"18,20"
7020,4,9,,,2024-05-12 22:03:26,Income,Cash,Computer Incomes,"9,24"
7021,4,6,,,2024-05-12 09:49:20,Income,Cash,Computer Incomes,"21,73"
7022,3,24,,,2024-05-12 20:15:23,Income,Cash,Playstation Incomes,"11,14"
7023,4,23,,,2024-05-12 19:51:33,Income,Cash,Playstation Incomes,"19,56"
7024,1,5,22.0,,2024-05-12 17:42:36,Income,Credit Card,Order Incomes,"14,40"
7025,5,5,,,2024-05-12 15:56:34,Income,Cash,Computer Incomes,"7,88"
7026,4,10,,,2024-05-12 14:01:01,Income,Cash,Computer Incomes,"16,02"
7027,3,1,43.0,,2024-05-12 13:16:48,Income,Cash,Order Incomes,"21,99"
7028,1,2,,,2024-05-12 10:58:40,Income,Cash,Computer Incomes,"18,46"
7029,2,11,,,2024-05-12 15:14:35,Income,Cash,Computer Incomes,"17,92"
7030,5,1,,,2024-05-12 09:09:23,Income,Cash,Computer Incomes,"25,79"
7031,3,24,,,2024-05-12 17:42:04,Income,Cash,Playstation Incomes,"12,49"
7032,2,16,,,2024-05-12 15:32:36,Income,Cash,Computer Incomes,"7,06"
7033,5,15,,,2024-05-12 14:02:08,Income,Credit Card,Computer Incomes,"5,43"
7034,5,23,,,2024-05-13 23:39:56,Income,Cash,Playstation Incomes,"7,12"
7035,3,2,,,2024-05-13 14:24:56,Income,Cash,Computer Incomes,"4,25"
7036,5,13,48.0,,2024-05-13 13:03:52,Income,Cash,Order Incomes,"7,88"
7037,2,4,,,2024-05-13 19:55:43,Income,Cash,Computer Incomes,"2,28"
7038,1,24,,,2024-05-13 22:40:54,Income,Credit Card,Playstation Incomes,"11,21"
7039,4,12,,,2024-05-13 19:41:35,Income,Cash,Computer Incomes,"13,18"
7040,3,6,,,2024-05-13 14:31:37,Income,Cash,Computer Incomes,"13,94"
7041,5,23,,,2024-05-13 21:00:56,Income,Cash,Playstation Incomes,"4,09"
7042,1,5,,,2024-05-13 17:19:35,Income,Cash,Computer Incomes,"8,18"
7043,2,24,,,2024-05-13 13:53:14,Income,Credit Card,Playstation Incomes,"3,94"
7044,1,14,,,2024-05-13 18:30:16,Income,Cash,Computer Incomes,"13,49"
7045,4,6,,,2024-05-13 11:58:26,Income,Cash,Computer Incomes,"5,46"
7046,3,15,17.0,,2024-05-13 22:39:06,Income,Cash,Order Incomes,"14,39"
7047,3,3,,,2024-05-13 23:54:42,Income,Cash,Computer Incomes,"5,90"
7048,5,9,,,2024-05-13 10:55:51,Income,Cash,Computer Incomes,"2,12"
7049,2,10,,,2024-05-13 19:45:53,Income,Cash,Computer Incomes,"14,54"
7050,2,23,,,2024-05-13 14:44:28,Income,Cash,Playstation Incomes,"12,42"
7051,4,2,,,2024-05-13 19:09:06,Income,Cash,Computer Incomes,"1,51"
7052,1,13,,,2024-05-13 09:03:58,Income,Credit Card,Computer Incomes,"10,14"
7053,4,24,,,2024-05-13 20:19:38,Income,Cash,Playstation Incomes,"14,08"
7054,2,23,,,2024-05-13 09:43:06,Income,Cash,Playstation Incomes,"7,11"
7055,2,15,,,2024-05-14 09:48:46,Income,Cash,Computer Incomes,"2,31"
7056,1,13,,,2024-05-14 12:30:28,Income,Cash,Computer Incomes,"2,89"
7057,3,8,,,2024-05-14 14:36:42,Income,Cash,Computer Incomes,"7,32"
7058,3,24,,,2024-05-14 13:33:35,Income,Credit Card,Playstation Incomes,"10,21"
7059,3,14,6.0,,2024-05-14 15:10:00,Income,Cash,Order Incomes,"7,51"
7060,3,5,,,2024-05-14 19:05:05,Income,Cash,Computer Incomes,"13,09"
7061,5,11,,,2024-05-14 10:03:00,Income,Cash,Computer Incomes,"14,63"
7062,3,16,,,2024-05-14 10:22:04,Income,Cash,Computer Incomes,"7,90"
7063,5,23,,,2024-05-14 16:59:15,Income,Cash,Playstation Incomes,"6,93"
7064,3,1,9.0,,2024-05-14 22:49:41,Income,Cash,Order Incomes,"10,78"
7065,4,1,,,2024-05-14 11:31:11,Income,Cash,Computer Incomes,"13,29"
7066,5,14,,,2024-05-14 14:56:54,Income,Cash,Computer Incomes,"15,98"
7067,5,2,,,2024-05-14 22:18:21,Income,Cash,Computer Incomes,"16,75"
7068,3,13,,,2024-05-14 16:11:00,Income,Cash,Computer Incomes,"17,52"
7069,1,9,,,2024-05-14 17:57:06,Income,Cash,Computer Incomes,"13,09"
7070,3,7,,,2024-05-14 14:19:14,Income,Credit Card,Computer Incomes,"13,86"
7071,4,5,20.0,,2024-05-14 13:02:30,Income,Cash,Order Incomes,"16,74"
7072,3,10,,,2024-05-14 15:01:32,Income,Cash,Computer Incomes,"6,35"
7073,1,4,31.0,,2024-05-14 11:18:05,Income,Cash,Order Incomes,"2,11"
7074,1,14,,,2024-05-14 22:57:49,Income,Cash,Computer Incomes,"2,50"
7075,4,16,,,2024-05-14 13:32:08,Income,Cash,Computer Incomes,"10,20"
7076,3,12,,,2024-05-14 18:41:23,Income,Cash,Computer Incomes,"3,65"
7077,2,24,,,2024-05-14 15:57:48,Income,Cash,Playstation Incomes,"13,47"
7078,5,8,,,2024-05-14 18:00:13,Income,Cash,Computer Incomes,"17,51"
7079,4,2,,,2024-05-15 22:04:14,Income,Cash,Computer Incomes,"33,45"
7080,2,16,,,2024-05-15 13:24:43,Income,Cash,Computer Incomes,"29,06"
7081,2,3,15.0,,2024-05-15 12:48:21,Income,Cash,Order Incomes,"14,19"
7082,4,6,48.0,,2024-05-15 10:39:22,Income,Cash,Order Incomes,"13,18"
7083,4,23,,,2024-05-15 17:03:15,Income,Cash,Playstation Incomes,"13,52"
7084,4,24,,,2024-05-15 19:12:18,Income,Cash,Playstation Incomes,"20,61"
7085,3,23,,,2024-05-15 13:48:55,Income,Cash,Playstation Incomes,"33,45"
7086,2,6,35.0,,2024-05-15 15:45:48,Income,Cash,Order Incomes,"32,10"
7087,5,9,,,2024-05-15 14:38:47,Income,Cash,Computer Incomes,"8,78"
7088,2,12,,,2024-05-15 11:53:04,Income,Cash,Computer Incomes,"32,43"
7089,2,1,,,2024-05-15 09:49:40,Income,Cash,Computer Incomes,"7,43"
7090,3,2,,16.0,2024-05-15 16:50:42,Income,Cash,Member Transactions,"21,28"
7091,1,9,20.0,,2024-05-15 20:56:42,Income,Cash,Order Incomes,"23,98"
7092,4,9,,,2024-05-15 10:26:16,Income,Credit Card,Computer Incomes,"13,51"
7093,3,24,,,2024-05-15 14:11:17,Income,Cash,Playstation Incomes,"12,83"
7094,1,23,,,2024-05-15 14:02:51,Income,Cash,Playstation Incomes,"24,99"
7095,2,8,,,2024-05-15 10:09:20,Income,Cash,Computer Incomes,"28,71"
7096,2,7,,16.0,2024-05-15 17:31:18,Income,Cash,Member Transactions,"26,35"
7097,2,24,,,2024-05-15 23:47:37,Income,Cash,Playstation Incomes,"7,09"
7098,5,23,,,2024-05-16 14:41:47,Income,Cash,Playstation Incomes,"12,59"
7099,4,24,,,2024-05-16 23:02:14,Income,Cash,Playstation Incomes,"18,49"
7100,3,10,,,2024-05-16 10:42:19,Income,Cash,Computer Incomes,"3,94"
7101,1,2,,,2024-05-16 20:05:58,Income,Cash,Computer Incomes,"16,33"
7102,4,23,,,2024-05-16 18:44:39,Income,Cash,Playstation Incomes,"16,52"
7103,4,12,,27.0,2024-05-16 16:08:02,Income,Cash,Member Transactions,"14,36"
7104,2,5,,20.0,2024-05-16 19:07:05,Income,Cash,Member Transactions,"15,34"
7105,3,2,,,2024-05-16 13:44:41,Income,Credit Card,Computer Incomes,"3,94"
7106,4,24,,,2024-05-16 12:39:29,Income,Cash,Playstation Incomes,"4,53"
7107,2,4,,2.0,2024-05-16 10:42:34,Income,Cash,Member Transactions,"9,25"
7108,3,23,,,2024-05-16 11:36:56,Income,Cash,Playstation Incomes,"18,69"
7109,3,16,,8.0,2024-05-16 14:25:22,Income,Credit Card,Member Transactions,"15,93"
7110,2,24,,,2024-05-16 22:47:07,Income,Cash,Playstation Incomes,"11,41"
7111,1,15,,,2024-05-16 23:55:51,Income,Credit Card,Computer Incomes,"13,37"
7112,3,10,,,2024-05-16 21:56:51,Income,Cash,Computer Incomes,"10,61"
7113,3,12,4.0,,2024-05-16 19:28:15,Income,Cash,Order Incomes,"17,69"
7114,4,23,,,2024-05-16 20:44:38,Income,Cash,Playstation Incomes,"18,28"
7115,4,14,,,2024-05-16 11:19:37,Income,Cash,Computer Incomes,"3,73"
7116,2,9,,,2024-05-16 19:55:09,Income,Cash,Computer Incomes,"4,52"
7117,1,24,,,2024-05-16 09:02:57,Income,Cash,Playstation Incomes,"19,66"
7118,5,6,35.0,,2024-05-16 12:17:03,Income,Credit Card,Order Incomes,"7,86"
7119,2,1,,,2024-05-17 18:23:13,Income,Cash,Computer Incomes,"11,84"
7120,1,3,,42.0,2024-05-17 09:15:28,Income,Credit Card,Member Transactions,"23,67"
7121,1,23,,,2024-05-17 11:51:55,Income,Cash,Playstation Incomes,"7,78"
7122,1,13,,,2024-05-17 13:23:09,Income,Cash,Computer Incomes,"26,37"
7123,3,4,,,2024-05-17 12:47:12,Income,Cash,Computer Incomes,"33,13"
7124,4,24,,,2024-05-17 13:18:37,Income,Cash,Playstation Incomes,"14,88"
7125,2,23,,,2024-05-17 11:34:45,Income,Cash,Playstation Incomes,"13,19"
7126,5,24,,,2024-05-17 09:07:25,Income,Cash,Playstation Incomes,"17,92"
7127,5,4,24.0,,2024-05-17 16:43:00,Income,Credit Card,Order Incomes,"28,06"
7128,5,23,,,2024-05-17 12:10:09,Income,Cash,Playstation Incomes,"13,86"
7129,2,1,,,2024-05-17 16:38:38,Income,Cash,Computer Incomes,"19,61"
7130,1,13,,,2024-05-17 10:57:34,Income,Cash,Computer Incomes,"17,24"
7131,5,14,,,2024-05-17 23:00:33,Income,Cash,Computer Incomes,"21,30"
7132,3,16,,,2024-05-17 19:13:47,Income,Cash,Computer Incomes,"23,67"
7133,2,24,,,2024-05-17 13:26:41,Income,Cash,Playstation Incomes,"28,74"
7134,4,10,42.0,,2024-05-17 19:15:01,Income,Cash,Order Incomes,"18,26"
7135,5,6,,,2024-05-17 21:47:57,Income,Cash,Computer Incomes,"12,17"
7136,5,7,30.0,,2024-05-17 23:10:59,Income,Credit Card,Order Incomes,"10,48"
7137,4,2,,,2024-05-17 16:25:04,Income,Cash,Computer Incomes,"6,77"
7138,5,6,,,2024-05-17 15:36:27,Income,Cash,Computer Incomes,"9,46"
7139,2,16,,51.0,2024-05-17 14:52:25,Income,Cash,Member Transactions,"30,08"
7140,2,1,,,2024-05-17 22:15:46,Income,Cash,Computer Incomes,"14,19"
7141,1,1,,,2024-05-17 18:21:02,Income,Cash,Computer Incomes,"21,29"
7142,5,5,,,2024-05-17 21:04:53,Income,Credit Card,Computer Incomes,"8,78"
7143,1,2,,,2024-05-17 09:27:34,Income,Cash,Computer Incomes,"13,52"
7144,5,11,,,2024-05-17 19:40:43,Income,Cash,Computer Incomes,"20,95"
7145,4,9,,,2024-05-17 13:24:54,Income,Cash,Computer Incomes,"14,19"
7146,4,16,,,2024-05-17 15:42:11,Income,Cash,Computer Incomes,"31,09"
7147,1,23,,,2024-05-17 20:04:55,Income,Cash,Playstation Incomes,"26,02"
7148,1,9,,,2024-05-17 19:21:51,Income,Cash,Computer Incomes,"17,91"
7149,5,4,9.0,,2024-05-17 23:58:59,Income,Credit Card,Order Incomes,"3,71"
7150,5,6,,,2024-05-17 17:58:22,Income,Cash,Computer Incomes,"20,95"
7151,1,14,,24.0,2024-05-18 15:33:12,Income,Cash,Member Transactions,"8,80"
7152,3,5,,,2024-05-18 15:25:18,Income,Cash,Computer Incomes,"11,08"
7153,4,24,,,2024-05-18 09:06:51,Income,Cash,Playstation Incomes,"11,08"
7154,2,23,,,2024-05-18 10:06:54,Income,Cash,Playstation Incomes,"13,02"
7155,1,24,,,2024-05-18 16:45:40,Income,Cash,Playstation Incomes,"11,08"
7156,4,8,,,2024-05-18 16:01:03,Income,Cash,Computer Incomes,"9,32"
7157,1,2,35.0,,2024-05-18 18:34:28,Income,Cash,Order Incomes,"16,53"
7158,2,6,18.0,,2024-05-18 22:31:58,Income,Cash,Order Incomes,"11,43"
7159,5,23,,,2024-05-18 18:44:35,Income,Cash,Playstation Incomes,"16,53"
7160,3,15,,,2024-05-18 13:40:04,Income,Cash,Computer Incomes,"5,28"
7161,3,13,26.0,,2024-05-18 20:54:50,Income,Cash,Order Incomes,"4,75"
7162,3,24,,,2024-05-18 13:53:13,Income,Cash,Playstation Incomes,"4,40"
7163,1,23,,,2024-05-18 14:45:01,Income,Cash,Playstation Incomes,"4,75"
7164,3,13,,,2024-05-18 10:42:42,Income,Cash,Computer Incomes,"10,91"
7165,4,24,,,2024-05-18 11:40:50,Income,Credit Card,Playstation Incomes,"15,65"
7166,4,23,,,2024-05-18 19:19:00,Income,Cash,Playstation Incomes,"17,59"
7167,4,24,,,2024-05-18 11:03:11,Income,Cash,Playstation Incomes,"13,54"
7168,4,4,,,2024-05-18 09:40:03,Income,Cash,Computer Incomes,"10,03"
7169,1,5,,,2024-05-18 21:30:36,Income,Cash,Computer Incomes,"15,64"
7170,4,6,,,2024-05-18 21:51:52,Income,Cash,Computer Incomes,"6,68"
7171,3,23,,,2024-05-18 12:21:05,Income,Cash,Playstation Incomes,"7,55"
7172,5,24,,,2024-05-18 18:22:28,Income,Cash,Playstation Incomes,"13,88"
7173,2,10,35.0,,2024-05-18 19:45:17,Income,Cash,Order Incomes,"15,11"
7174,5,23,,,2024-05-18 21:00:40,Income,Credit Card,Playstation Incomes,"2,81"
7175,5,16,,,2024-05-18 10:44:50,Income,Cash,Computer Incomes,"1,93"
7176,2,24,,,2024-05-18 11:53:12,Income,Credit Card,Playstation Incomes,"17,40"
7177,2,8,,,2024-05-18 15:04:40,Income,Credit Card,Computer Incomes,"12,30"
7178,3,1,,,2024-05-18 18:56:43,Income,Credit Card,Computer Incomes,"15,99"
7179,4,8,,,2024-05-18 11:31:30,Income,Credit Card,Computer Incomes,"9,84"
7180,1,7,,,2024-05-18 11:01:02,Income,Cash,Computer Incomes,"17,05"
7181,3,8,39.0,,2024-05-18 17:13:13,Income,Cash,Order Incomes,"4,57"
7182,1,11,,,2024-05-18 23:54:33,Income,Cash,Computer Incomes,"4,92"
7183,2,14,,,2024-05-18 16:40:49,Income,Cash,Computer Incomes,"3,69"
7184,2,23,,,2024-05-18 19:35:18,Income,Cash,Playstation Incomes,"9,84"
7185,3,8,,,2024-05-18 17:50:11,Income,Cash,Computer Incomes,"5,62"
7186,1,16,28.0,,2024-05-19 11:38:02,Income,Cash,Order Incomes,"6,83"
7187,1,2,,,2024-05-19 14:12:35,Income,Cash,Computer Incomes,"19,24"
7188,4,7,,,2024-05-19 15:57:04,Income,Cash,Computer Incomes,"16,55"
7189,2,24,,,2024-05-19 19:23:41,Income,Cash,Playstation Incomes,"20,68"
7190,2,2,,,2024-05-19 18:52:57,Income,Cash,Computer Incomes,"16,96"
7191,4,23,,,2024-05-19 14:54:05,Income,Cash,Playstation Incomes,"12,62"
7192,3,24,,,2024-05-19 20:24:09,Income,Cash,Playstation Incomes,"19,24"
7193,3,1,,,2024-05-19 17:55:29,Income,Cash,Computer Incomes,"20,27"
7194,3,9,,,2024-05-19 14:59:01,Income,Credit Card,Computer Incomes,"3,73"
7195,2,9,,,2024-05-19 17:09:38,Income,Cash,Computer Incomes,"12,41"
7196,3,1,,,2024-05-19 16:18:08,Income,Cash,Computer Incomes,"16,54"
7197,5,3,37.0,,2024-05-19 21:30:09,Income,Cash,Order Incomes,"9,09"
7198,2,14,10.0,,2024-05-19 12:16:30,Income,Cash,Order Incomes,"8,06"
7199,5,13,,,2024-05-19 17:01:40,Income,Cash,Computer Incomes,"20,47"
7200,5,13,49.0,,2024-05-19 12:46:05,Income,Credit Card,Order Incomes,"9,51"
7201,2,11,,,2024-05-19 20:26:03,Income,Cash,Computer Incomes,"18,19"
7202,2,15,,,2024-05-19 21:58:38,Income,Cash,Computer Incomes,"8,06"
7203,2,3,,,2024-05-19 11:35:01,Income,Cash,Computer Incomes,"2,68"
7204,4,11,,,2024-05-19 13:49:36,Income,Cash,Computer Incomes,"4,75"
7205,3,3,40.0,,2024-05-19 15:16:54,Income,Cash,Order Incomes,"20,47"
7206,1,9,,,2024-05-19 21:09:47,Income,Credit Card,Computer Incomes,"20,47"
7207,3,7,,,2024-05-19 13:17:00,Income,Credit Card,Computer Incomes,"11,99"
7208,3,15,,,2024-05-19 19:08:47,Income,Cash,Computer Incomes,"11,37"
7209,4,13,,,2024-05-19 11:26:29,Income,Credit Card,Computer Incomes,"7,23"
7210,3,23,,,2024-05-20 14:23:07,Income,Cash,Playstation Incomes,"14,74"
7211,4,10,,,2024-05-20 23:01:19,Income,Credit Card,Computer Incomes,"15,44"
7212,4,24,,,2024-05-20 16:10:15,Income,Cash,Playstation Incomes,"11,93"
7213,1,12,,,2024-05-20 19:53:51,Income,Cash,Computer Incomes,"21,52"
7214,5,12,,,2024-05-20 11:14:14,Income,Cash,Computer Incomes,"16,85"
7215,2,4,16.0,,2024-05-20 19:55:08,Income,Cash,Order Incomes,"4,45"
7216,5,4,,,2024-05-20 10:51:43,Income,Cash,Computer Incomes,"5,85"
7217,2,9,10.0,,2024-05-20 19:17:21,Income,Cash,Order Incomes,"10,53"
7218,2,12,,,2024-05-20 18:11:08,Income,Credit Card,Computer Incomes,"21,52"
7219,5,23,,,2024-05-20 10:02:41,Income,Cash,Playstation Incomes,"10,76"
7220,3,9,,,2024-05-20 12:16:12,Income,Credit Card,Computer Incomes,"2,34"
7221,1,6,,,2024-05-20 20:57:13,Income,Cash,Computer Incomes,"8,65"
7222,3,11,,,2024-05-20 13:42:57,Income,Cash,Computer Incomes,"12,86"
7223,4,13,,,2024-05-20 13:44:29,Income,Credit Card,Computer Incomes,"23,15"
7224,3,13,,,2024-05-20 23:24:50,Income,Cash,Computer Incomes,"6,78"
7225,1,15,,,2024-05-20 12:02:51,Income,Cash,Computer Incomes,"7,71"
7226,4,1,19.0,,2024-05-20 15:33:48,Income,Cash,Order Incomes,"7,25"
7227,3,12,,,2024-05-20 21:20:19,Income,Cash,Computer Incomes,"18,00"
7228,1,2,10.0,,2024-05-20 15:43:48,Income,Cash,Order Incomes,"9,12"
7229,5,16,,,2024-05-21 20:28:56,Income,Cash,Computer Incomes,"6,68"
7230,2,2,,,2024-05-21 10:56:55,Income,Credit Card,Computer Incomes,"3,44"
7231,5,12,,,2024-05-21 14:13:16,Income,Cash,Computer Incomes,"11,53"
7232,4,13,,,2024-05-21 10:54:55,Income,Credit Card,Computer Incomes,"15,98"
7233,4,13,,5.0,2024-05-21 15:30:56,Income,Cash,Member Transactions,"18,60"
7234,4,24,,,2024-05-21 23:09:54,Income,Cash,Playstation Incomes,"9,30"
7235,4,2,,,2024-05-21 23:34:55,Income,Cash,Computer Incomes,"6,27"
7236,4,5,,5.0,2024-05-21 20:56:35,Income,Cash,Member Transactions,"17,39"
7237,3,23,,,2024-05-21 14:04:43,Income,Cash,Playstation Incomes,"2,84"
7238,2,5,,,2024-05-21 12:44:29,Income,Cash,Computer Incomes,"5,06"
7239,2,13,30.0,,2024-05-21 21:52:02,Income,Cash,Order Incomes,"3,63"
7240,4,3,46.0,,2024-05-21 17:04:55,Income,Cash,Order Incomes,"18,80"
7241,4,12,13.0,,2024-05-21 20:36:38,Income,Cash,Order Incomes,"4,64"
7242,2,1,,,2024-05-21 16:51:59,Income,Cash,Computer Incomes,"6,87"
7243,3,3,40.0,,2024-05-21 09:52:55,Income,Cash,Order Incomes,"8,28"
7244,4,15,,,2024-05-21 21:29:37,Income,Cash,Computer Incomes,"7,88"
7245,5,5,,,2024-05-21 15:10:34,Income,Cash,Computer Incomes,"6,87"
7246,1,12,,,2024-05-21 20:41:15,Income,Cash,Computer Incomes,"17,38"
7247,5,16,29.0,,2024-05-21 19:38:11,Income,Cash,Order Incomes,"9,29"
7248,4,11,,,2024-05-22 11:36:31,Income,Cash,Computer Incomes,"10,97"
7249,5,24,,,2024-05-22 12:43:52,Income,Cash,Playstation Incomes,"30,94"
7250,3,10,14.0,,2024-05-22 12:32:59,Income,Cash,Order Incomes,"21,93"
7251,1,23,,,2024-05-22 15:07:33,Income,Cash,Playstation Incomes,"16,84"
7252,2,16,,,2024-05-22 18:09:29,Income,Credit Card,Computer Incomes,"37,21"
7253,3,8,,,2024-05-22 13:40:10,Income,Credit Card,Computer Incomes,"26,24"
7254,5,6,,,2024-05-22 18:54:47,Income,Cash,Computer Incomes,"18,41"
7255,5,24,,,2024-05-22 17:58:50,Income,Cash,Playstation Incomes,"10,19"
7256,2,9,,,2024-05-22 13:55:08,Income,Cash,Computer Incomes,"9,40"
7257,2,23,,,2024-05-22 09:06:22,Income,Cash,Playstation Incomes,"10,57"
7258,3,9,,66.0,2024-05-22 15:07:52,Income,Cash,Member Transactions,"23,10"
7259,3,7,,,2024-05-22 23:45:07,Income,Credit Card,Computer Incomes,"25,45"
7260,2,2,,,2024-05-22 10:38:49,Income,Cash,Computer Incomes,"8,61"
7261,3,6,,,2024-05-22 20:45:55,Income,Credit Card,Computer Incomes,"28,58"
7262,2,2,,,2024-05-22 10:20:08,Income,Cash,Computer Incomes,"33,67"
7263,2,14,,,2024-05-22 22:23:53,Income,Cash,Computer Incomes,"32,89"
7264,3,10,,,2024-05-23 13:54:53,Income,Cash,Computer Incomes,"22,26"
7265,3,24,,,2024-05-23 10:45:29,Income,Cash,Playstation Incomes,"13,66"
7266,4,6,,,2024-05-23 19:06:09,Income,Cash,Computer Incomes,"17,45"
7267,4,10,,,2024-05-23 09:36:11,Income,Cash,Computer Incomes,"6,07"
7268,1,23,,,2024-05-23 14:17:19,Income,Credit Card,Playstation Incomes,"5,31"
7269,3,24,,,2024-05-23 17:17:50,Income,Cash,Playstation Incomes,"19,98"
7270,3,6,,,2024-05-23 09:31:17,Income,Cash,Computer Incomes,"19,47"
7271,1,16,,,2024-05-23 19:47:26,Income,Cash,Computer Incomes,"7,84"
7272,1,23,,,2024-05-23 09:58:53,Income,Cash,Playstation Incomes,"25,04"
7273,3,11,,,2024-05-23 11:01:29,Income,Cash,Computer Incomes,"19,97"
7274,5,9,,,2024-05-23 12:49:57,Income,Cash,Computer Incomes,"24,77"
7275,3,24,,,2024-05-23 12:21:23,Income,Cash,Playstation Incomes,"4,29"
7276,4,5,,,2024-05-23 15:44:44,Income,Cash,Computer Incomes,"11,88"
7277,3,14,,,2024-05-23 11:42:55,Income,Cash,Computer Incomes,"13,40"
7278,3,14,,,2024-05-23 21:14:38,Income,Cash,Computer Incomes,"8,34"
7279,1,5,,,2024-05-23 12:06:06,Income,Cash,Computer Incomes,"20,73"
7280,4,11,,,2024-05-23 09:24:19,Income,Cash,Computer Incomes,"15,42"
7281,2,2,,,2024-05-24 22:40:24,Income,Cash,Computer Incomes,"20,66"
7282,2,4,,,2024-05-24 15:55:24,Income,Cash,Computer Incomes,"25,96"
7283,5,4,,,2024-05-24 10:00:10,Income,Credit Card,Computer Incomes,"12,98"
7284,1,4,,44.0,2024-05-24 15:07:30,Income,Cash,Member Transactions,"6,36"
7285,2,23,,,2024-05-24 14:10:42,Income,Credit Card,Playstation Incomes,"9,80"
7286,1,13,,,2024-05-24 23:26:05,Income,Cash,Computer Incomes,"4,24"
7287,3,9,,,2024-05-24 10:17:58,Income,Cash,Computer Incomes,"5,30"
7288,4,14,20.0,,2024-05-24 09:31:36,Income,Cash,Order Incomes,"4,77"
7289,5,1,,,2024-05-24 17:54:55,Income,Cash,Computer Incomes,"14,30"
7290,1,6,48.0,,2024-05-24 10:33:56,Income,Credit Card,Order Incomes,"7,15"
7291,3,5,,,2024-05-24 10:34:18,Income,Credit Card,Computer Incomes,"20,66"
7292,3,15,,,2024-05-24 13:17:44,Income,Cash,Computer Incomes,"2,65"
7293,4,24,,,2024-05-24 16:36:06,Income,Credit Card,Playstation Incomes,"4,24"
7294,4,15,,,2024-05-24 19:53:15,Income,Cash,Computer Incomes,"9,27"
7295,5,10,,,2024-05-24 18:57:50,Income,Cash,Computer Incomes,"12,98"
7296,3,16,,63.0,2024-05-24 09:36:01,Income,Credit Card,Member Transactions,"2,92"
7297,1,14,,,2024-05-24 20:46:27,Income,Cash,Computer Incomes,"5,30"
7298,3,14,,,2024-05-24 19:40:37,Income,Cash,Computer Incomes,"26,49"
7299,2,14,,,2024-05-24 09:38:22,Income,Cash,Computer Incomes,"7,42"
7300,5,13,,,2024-05-24 22:02:48,Income,Cash,Computer Incomes,"7,42"
7301,4,4,,,2024-05-24 19:49:03,Income,Cash,Computer Incomes,"24,09"
7302,1,2,,,2024-05-24 11:03:47,Income,Cash,Computer Incomes,"4,23"
7303,5,11,,,2024-05-24 16:17:03,Income,Cash,Computer Incomes,"15,88"
7304,1,15,43.0,,2024-05-24 19:03:43,Income,Cash,Order Incomes,"12,18"
7305,5,23,,,2024-05-24 12:00:55,Income,Cash,Playstation Incomes,"25,95"
7306,2,2,,,2024-05-24 16:10:38,Income,Cash,Computer Incomes,"5,03"
7307,1,11,,,2024-05-24 23:52:37,Income,Cash,Computer Incomes,"5,03"
7308,5,11,,,2024-05-24 18:56:48,Income,Cash,Computer Incomes,"21,44"
7309,4,4,6.0,,2024-05-24 18:37:51,Income,Cash,Order Incomes,"26,48"
7310,3,14,,,2024-05-24 19:19:57,Income,Cash,Computer Incomes,"22,50"
7311,1,14,,,2024-05-24 18:48:26,Income,Cash,Computer Incomes,"17,21"
7312,1,24,,,2024-05-24 16:08:26,Income,Cash,Playstation Incomes,"19,59"
7313,3,1,,,2024-05-24 14:17:12,Income,Cash,Computer Incomes,"14,03"
7314,1,12,,,2024-05-24 22:05:06,Income,Cash,Computer Incomes,"14,56"
7315,5,8,,,2024-05-24 21:45:49,Income,Cash,Computer Incomes,"9,00"
7316,2,1,,,2024-05-24 12:33:05,Income,Cash,Computer Incomes,"23,30"
7317,5,16,,,2024-05-24 21:22:41,Income,Cash,Computer Incomes,"19,06"
7318,3,1,,,2024-05-24 15:54:34,Income,Credit Card,Computer Incomes,"11,12"
7319,2,23,,,2024-05-24 21:59:34,Income,Cash,Playstation Incomes,"25,95"
7320,2,1,49.0,,2024-05-24 17:14:12,Income,Cash,Order Incomes,"9,79"
7321,5,15,,,2024-05-25 10:28:46,Income,Cash,Computer Incomes,"9,15"
7322,4,14,,,2024-05-25 09:08:34,Income,Credit Card,Computer Incomes,"15,53"
7323,5,11,,,2024-05-25 12:32:10,Income,Cash,Computer Incomes,"16,22"
7324,3,24,,,2024-05-25 12:57:40,Income,Cash,Playstation Incomes,"6,73"
7325,2,23,,,2024-05-25 18:04:03,Income,Cash,Playstation Incomes,"9,66"
7326,2,12,14.0,,2024-05-25 23:14:08,Income,Cash,Order Incomes,"9,66"
7327,4,12,,,2024-05-25 18:44:19,Income,Credit Card,Computer Incomes,"7,25"
7328,4,24,,,2024-05-25 16:42:44,Income,Cash,Playstation Incomes,"8,97"
7329,1,1,,,2024-05-25 16:59:06,Income,Credit Card,Computer Incomes,"12,25"
7330,4,3,,19.0,2024-05-25 23:05:31,Income,Credit Card,Member Transactions,"10,53"
7331,3,2,,61.0,2024-05-25 09:25:35,Income,Cash,Member Transactions,"4,49"
7332,5,3,,,2024-05-25 15:03:10,Income,Cash,Computer Incomes,"1,90"
7333,2,15,,57.0,2024-05-25 09:07:27,Income,Cash,Member Transactions,"7,59"
7334,5,23,,,2024-05-25 10:58:34,Income,Cash,Playstation Incomes,"7,25"
7335,2,24,,,2024-05-25 11:39:01,Income,Cash,Playstation Incomes,"7,59"
7336,3,12,37.0,,2024-05-25 17:35:21,Income,Cash,Order Incomes,"13,80"
7337,5,23,,,2024-05-25 10:15:23,Income,Cash,Playstation Incomes,"5,52"
7338,4,24,,,2024-05-25 16:37:35,Income,Cash,Playstation Incomes,"14,49"
7339,1,3,38.0,,2024-05-25 22:05:20,Income,Cash,Order Incomes,"12,25"
7340,1,23,,,2024-05-25 22:54:50,Income,Cash,Playstation Incomes,"5,87"
7341,2,14,,,2024-05-25 18:44:34,Income,Cash,Computer Incomes,"15,18"
7342,5,15,,,2024-05-25 18:41:12,Income,Cash,Computer Incomes,"10,35"
7343,5,1,,,2024-05-25 12:28:49,Income,Credit Card,Computer Incomes,"17,25"
7344,1,4,,,2024-05-25 20:00:30,Income,Cash,Computer Incomes,"7,08"
7345,4,4,16.0,,2024-05-25 17:39:48,Income,Cash,Order Incomes,"15,01"
7346,2,15,,,2024-05-25 21:03:05,Income,Credit Card,Computer Incomes,"10,86"
7347,2,15,,37.0,2024-05-25 23:10:18,Income,Cash,Member Transactions,"3,96"
7348,5,3,,,2024-05-25 13:21:11,Income,Cash,Computer Incomes,"1,72"
7349,4,24,,,2024-05-25 16:42:42,Income,Cash,Playstation Incomes,"8,96"
7350,1,23,,,2024-05-25 17:41:06,Income,Cash,Playstation Incomes,"8,79"
7351,1,24,,,2024-05-25 11:26:02,Income,Credit Card,Playstation Incomes,"7,24"
7352,2,7,,,2024-05-25 15:38:11,Income,Credit Card,Computer Incomes,"6,72"
7353,5,23,,,2024-05-25 15:01:14,Income,Cash,Playstation Incomes,"16,04"
7354,1,16,,,2024-05-25 16:53:23,Income,Credit Card,Computer Incomes,"6,38"
7355,1,11,,,2024-05-25 14:37:18,Income,Cash,Computer Incomes,"14,83"
7356,3,8,34.0,,2024-05-25 19:44:28,Income,Cash,Order Incomes,"16,38"
7357,2,24,,,2024-05-25 13:52:55,Income,Cash,Playstation Incomes,"1,72"
7358,1,23,,,2024-05-25 12:13:24,Income,Cash,Playstation Incomes,"10,17"
7359,4,24,,,2024-05-25 12:23:12,Income,Cash,Playstation Incomes,"9,83"
7360,1,2,,,2024-05-25 21:59:49,Income,Cash,Computer Incomes,"15,52"
7361,1,23,,,2024-05-25 12:31:03,Income,Cash,Playstation Incomes,"4,31"
7362,1,24,,,2024-05-25 16:58:29,Income,Cash,Playstation Incomes,"8,45"
7363,3,23,,,2024-05-25 17:48:31,Income,Cash,Playstation Incomes,"10,52"
7364,5,9,,,2024-05-25 10:17:05,Income,Cash,Computer Incomes,"4,31"
7365,3,24,,,2024-05-26 10:15:01,Income,Cash,Playstation Incomes,"25,16"
7366,2,8,,,2024-05-26 10:20:56,Income,Cash,Computer Incomes,"6,80"
7367,4,13,,,2024-05-26 21:48:25,Income,Credit Card,Computer Incomes,"23,65"
7368,2,23,,,2024-05-26 23:02:19,Income,Credit Card,Playstation Incomes,"14,84"
7369,2,24,,,2024-05-26 22:52:41,Income,Cash,Playstation Incomes,"8,81"
7370,2,23,,,2024-05-26 13:20:36,Income,Credit Card,Playstation Incomes,"14,09"
7371,4,7,,,2024-05-26 20:01:32,Income,Cash,Computer Incomes,"24,15"
7372,1,2,,,2024-05-26 12:05:55,Income,Cash,Computer Incomes,"8,55"
7373,3,14,,,2024-05-26 10:39:51,Income,Credit Card,Computer Incomes,"21,37"
7374,4,14,,,2024-05-26 15:23:48,Income,Cash,Computer Incomes,"16,09"
7375,2,24,,,2024-05-26 19:21:20,Income,Cash,Playstation Incomes,"4,27"
7376,2,16,26.0,,2024-05-26 17:24:07,Income,Cash,Order Incomes,"11,31"
7377,1,14,,,2024-05-26 17:41:29,Income,Cash,Computer Incomes,"18,86"
7378,3,5,24.0,,2024-05-26 21:27:06,Income,Cash,Order Incomes,"20,12"
7379,3,23,,,2024-05-26 11:16:14,Income,Cash,Playstation Incomes,"7,29"
7380,2,24,,,2024-05-26 17:32:14,Income,Cash,Playstation Incomes,"4,27"
7381,1,11,,,2024-05-26 15:17:13,Income,Cash,Computer Incomes,"12,07"
7382,3,6,,,2024-05-27 17:08:08,Income,Cash,Computer Incomes,"17,38"
7383,2,23,,,2024-05-27 16:27:24,Income,Cash,Playstation Incomes,"15,64"
7384,4,5,,,2024-05-27 20:12:05,Income,Cash,Computer Incomes,"18,77"
7385,5,4,,,2024-05-27 20:32:16,Income,Cash,Computer Incomes,"19,46"
7386,3,3,,,2024-05-27 12:11:06,Income,Cash,Computer Incomes,"4,87"
7387,2,7,39.0,,2024-05-27 09:30:35,Income,Cash,Order Incomes,"23,63"
7388,3,24,,,2024-05-27 13:10:05,Income,Cash,Playstation Incomes,"4,87"
7389,3,16,,,2024-05-27 10:53:24,Income,Credit Card,Computer Incomes,"10,08"
7390,5,3,,,2024-05-27 11:05:56,Income,Cash,Computer Incomes,"26,41"
7391,4,9,43.0,,2024-05-27 16:45:40,Income,Cash,Order Incomes,"13,89"
7392,1,23,,,2024-05-27 12:55:01,Income,Cash,Playstation Incomes,"32,65"
7393,5,11,,,2024-05-27 23:22:44,Income,Credit Card,Computer Incomes,"33,00"
7394,3,13,,,2024-05-27 17:49:27,Income,Cash,Computer Incomes,"12,15"
7395,5,10,,,2024-05-27 10:06:54,Income,Cash,Computer Incomes,"23,62"
7396,1,24,,,2024-05-27 18:06:18,Income,Cash,Playstation Incomes,"27,79"
7397,3,10,30.0,,2024-05-27 16:45:04,Income,Cash,Order Incomes,"14,24"
7398,5,14,,,2024-05-27 23:03:51,Income,Cash,Computer Incomes,"5,55"
7399,2,2,,,2024-05-27 14:03:08,Income,Credit Card,Computer Incomes,"28,14"
7400,4,11,,,2024-05-27 23:00:54,Income,Cash,Computer Incomes,"29,53"
7401,1,6,,61.0,2024-05-28 13:02:44,Income,Cash,Member Transactions,"21,21"
7402,1,23,,,2024-05-28 11:25:16,Income,Cash,Playstation Incomes,"28,38"
7403,3,7,,,2024-05-28 19:53:23,Income,Cash,Computer Incomes,"14,97"
7404,2,16,,,2024-05-28 19:03:14,Income,Cash,Computer Incomes,"27,45"
7405,2,14,,,2024-05-28 22:25:51,Income,Cash,Computer Incomes,"22,46"
7406,2,24,,,2024-05-28 15:16:22,Income,Cash,Playstation Incomes,"14,35"
7407,2,4,,,2024-05-28 22:19:36,Income,Cash,Computer Incomes,"9,67"
7408,3,9,,,2024-05-28 16:56:56,Income,Cash,Computer Incomes,"8,10"
7409,2,2,,43.0,2024-05-28 20:44:02,Income,Cash,Member Transactions,"14,34"
7410,1,10,,57.0,2024-05-28 09:04:08,Income,Cash,Member Transactions,"30,55"
7411,2,23,,,2024-05-28 15:36:33,Income,Cash,Playstation Incomes,"12,16"
7412,1,15,5.0,,2024-05-28 15:35:43,Income,Cash,Order Incomes,"6,54"
7413,4,24,,,2024-05-28 17:15:50,Income,Cash,Playstation Incomes,"24,32"
7414,3,6,,37.0,2024-05-28 20:45:29,Income,Cash,Member Transactions,"12,16"
7415,2,13,,,2024-05-29 13:15:27,Income,Credit Card,Computer Incomes,"11,03"
7416,2,23,,,2024-05-29 09:31:30,Income,Cash,Playstation Incomes,"13,29"
7417,4,1,,,2024-05-29 16:48:11,Income,Cash,Computer Incomes,"22,63"
7418,2,6,48.0,,2024-05-29 13:55:59,Income,Credit Card,Order Incomes,"21,50"
7419,5,2,,,2024-05-29 15:39:13,Income,Cash,Computer Incomes,"25,74"
7420,2,15,,,2024-05-29 16:29:46,Income,Cash,Computer Incomes,"24,04"
7421,5,24,,,2024-05-29 11:19:14,Income,Cash,Playstation Incomes,"26,01"
7422,1,10,,,2024-05-29 12:18:42,Income,Cash,Computer Incomes,"12,72"
7423,5,15,,47.0,2024-05-29 20:16:15,Income,Cash,Member Transactions,"21,77"
7424,4,4,,5.0,2024-05-29 15:59:04,Income,Cash,Member Transactions,"21,77"
7425,2,3,,,2024-05-29 20:29:55,Income,Cash,Computer Incomes,"7,91"
7426,4,23,,,2024-05-29 14:34:02,Income,Cash,Playstation Incomes,"8,20"
7427,1,8,,,2024-05-29 22:31:09,Income,Credit Card,Computer Incomes,"25,16"
7428,2,4,43.0,,2024-05-29 15:39:45,Income,Cash,Order Incomes,"16,11"
7429,2,24,,,2024-05-30 15:08:20,Income,Credit Card,Playstation Incomes,"6,72"
7430,1,23,,,2024-05-30 20:04:33,Income,Cash,Playstation Incomes,"34,72"
7431,5,4,,,2024-05-30 11:28:03,Income,Cash,Computer Incomes,"8,96"
7432,4,2,,,2024-05-30 11:00:36,Income,Cash,Computer Incomes,"26,13"
7433,1,16,41.0,,2024-05-30 23:35:08,Income,Cash,Order Incomes,"25,76"
7434,5,15,47.0,,2024-05-30 23:39:49,Income,Cash,Order Incomes,"26,13"
7435,1,24,,,2024-05-30 10:04:24,Income,Cash,Playstation Incomes,"15,68"
7436,2,2,,,2024-05-30 09:39:09,Income,Credit Card,Computer Incomes,"24,27"
7437,1,9,,,2024-05-30 18:23:54,Income,Cash,Computer Incomes,"35,09"
7438,4,2,,,2024-05-30 20:19:25,Income,Cash,Computer Incomes,"36,20"
7439,4,14,,,2024-05-30 09:26:43,Income,Cash,Computer Incomes,"36,95"
7440,2,6,,,2024-05-30 22:21:52,Income,Cash,Computer Incomes,"25,38"
7441,2,10,,,2024-05-30 13:06:48,Income,Cash,Computer Incomes,"14,55"
7442,3,16,,,2024-05-30 22:55:33,Income,Cash,Computer Incomes,"5,22"
7443,3,23,,,2024-05-30 21:14:18,Income,Cash,Playstation Incomes,"20,90"
7444,3,12,,,2024-05-30 15:24:23,Income,Cash,Computer Incomes,"26,50"
7445,2,10,,,2024-05-30 16:36:26,Income,Credit Card,Computer Incomes,"17,91"
7446,4,9,,,2024-05-31 15:13:01,Income,Cash,Computer Incomes,"6,85"
7447,1,7,7.0,,2024-05-31 13:12:47,Income,Cash,Order Incomes,"20,78"
7448,1,2,,,2024-05-31 22:00:41,Income,Credit Card,Computer Incomes,"15,76"
7449,4,13,,,2024-05-31 18:45:14,Income,Cash,Computer Incomes,"4,11"
7450,5,12,,,2024-05-31 12:42:12,Income,Cash,Computer Incomes,"5,94"
7451,2,15,,,2024-05-31 19:11:41,Income,Cash,Computer Incomes,"18,50"
7452,4,8,,,2024-05-31 12:14:46,Income,Credit Card,Computer Incomes,"2,74"
7453,5,2,,,2024-05-31 22:12:14,Income,Cash,Computer Incomes,"14,61"
7454,5,24,,,2024-05-31 14:48:02,Income,Credit Card,Playstation Incomes,"15,53"
7455,5,9,,,2024-05-31 22:58:39,Income,Credit Card,Computer Incomes,"20,78"
7456,4,3,,,2024-05-31 19:58:28,Income,Cash,Computer Incomes,"18,72"
7457,3,23,,,2024-05-31 15:22:32,Income,Cash,Playstation Incomes,"8,22"
7458,1,15,,,2024-05-31 09:10:00,Income,Cash,Computer Incomes,"3,66"
7459,5,9,,,2024-05-31 16:18:52,Income,Cash,Computer Incomes,"12,79"
7460,5,9,,,2024-05-31 14:17:21,Income,Cash,Computer Incomes,"16,66"
7461,5,24,,,2024-05-31 13:58:21,Income,Cash,Playstation Incomes,"13,46"
7462,5,4,,1.0,2024-05-31 21:58:10,Income,Cash,Member Transactions,"14,15"
7463,3,7,,,2024-05-31 20:46:37,Income,Cash,Computer Incomes,"8,44"
7464,1,23,,,2024-05-31 23:59:26,Income,Cash,Playstation Incomes,"21,00"
7465,4,24,,,2024-05-31 18:24:08,Income,Cash,Playstation Incomes,"18,71"
7466,1,2,,,2024-05-31 13:59:55,Income,Cash,Computer Incomes,"2,73"
7467,2,15,,,2024-05-31 18:57:33,Income,Cash,Computer Incomes,"12,09"
7468,2,16,,,2024-05-31 14:16:53,Income,Cash,Computer Incomes,"5,25"
7469,1,1,33.0,,2024-05-31 15:28:33,Income,Credit Card,Order Incomes,"17,12"
7470,3,15,,,2024-05-31 21:26:49,Income,Cash,Computer Incomes,"8,90"
7471,5,5,,,2024-05-31 23:04:46,Income,Cash,Computer Incomes,"11,41"
7472,2,1,,,2024-05-31 17:20:40,Income,Cash,Computer Incomes,"21,00"
7473,4,9,,,2024-05-31 17:36:46,Income,Cash,Computer Incomes,"7,53"
7474,5,6,,,2024-06-01 20:11:00,Income,Cash,Computer Incomes,"16,80"
7475,1,23,,,2024-06-01 19:50:45,Income,Cash,Playstation Incomes,"26,23"
7476,1,9,,,2024-06-01 11:22:18,Income,Cash,Computer Incomes,"13,26"
7477,2,11,,,2024-06-01 23:47:36,Income,Cash,Computer Incomes,"22,99"
7478,3,24,,,2024-06-01 12:28:16,Income,Cash,Playstation Incomes,"7,08"
7479,5,23,,,2024-06-01 10:29:58,Income,Cash,Playstation Incomes,"21,22"
7480,2,12,,,2024-06-01 12:04:37,Income,Credit Card,Computer Incomes,"2,95"
7481,2,14,,,2024-06-01 23:53:11,Income,Cash,Computer Incomes,"19,75"
7482,2,2,,,2024-06-01 14:45:44,Income,Cash,Computer Incomes,"10,91"
7483,2,24,,,2024-06-01 20:17:54,Income,Cash,Playstation Incomes,"20,04"
7484,1,6,,,2024-06-01 21:47:03,Income,Cash,Computer Incomes,"10,02"
7485,4,11,,18.0,2024-06-01 20:22:42,Income,Cash,Member Transactions,"23,58"
7486,4,5,,57.0,2024-06-01 18:57:26,Income,Cash,Member Transactions,"27,41"
7487,2,12,18.0,,2024-06-01 13:54:45,Income,Cash,Order Incomes,"29,18"
7488,1,7,,,2024-06-01 18:13:38,Income,Cash,Computer Incomes,"23,28"
7489,2,9,38.0,,2024-06-01 11:11:17,Income,Cash,Order Incomes,"10,60"
7490,5,11,,,2024-06-01 21:37:04,Income,Cash,Computer Incomes,"22,09"
7491,3,15,45.0,,2024-06-01 22:25:32,Income,Cash,Order Incomes,"25,93"
7492,4,15,,,2024-06-01 16:52:54,Income,Cash,Computer Incomes,"28,28"
7493,4,23,,,2024-06-01 17:08:46,Income,Cash,Playstation Incomes,"8,25"
7494,5,11,,,2024-06-01 20:06:18,Income,Credit Card,Computer Incomes,"25,93"
7495,5,8,,28.0,2024-06-01 13:05:44,Income,Cash,Member Transactions,"8,83"
7496,2,4,,,2024-06-01 12:21:54,Income,Cash,Computer Incomes,"20,92"
7497,2,5,,,2024-06-01 12:26:18,Income,Cash,Computer Incomes,"5,89"
7498,3,24,,,2024-06-01 14:57:56,Income,Cash,Playstation Incomes,"27,10"
7499,5,2,,,2024-06-01 09:21:29,Income,Cash,Computer Incomes,"5,89"
7500,2,23,,,2024-06-01 11:38:36,Income,Credit Card,Playstation Incomes,"6,18"
7501,4,14,,,2024-06-01 14:51:12,Income,Cash,Computer Incomes,"25,34"
7502,4,9,,,2024-06-01 10:27:24,Income,Cash,Computer Incomes,"3,24"
7503,1,15,,26.0,2024-06-01 12:30:20,Income,Cash,Member Transactions,"15,32"
7504,1,9,,,2024-06-01 19:22:55,Income,Cash,Computer Incomes,"26,22"
7505,3,4,,12.0,2024-06-02 09:49:10,Income,Cash,Member Transactions,"18,00"
7506,5,9,,,2024-06-02 22:52:54,Income,Cash,Computer Incomes,"28,92"
7507,5,12,,,2024-06-02 16:11:31,Income,Credit Card,Computer Incomes,"11,57"
7508,4,24,,,2024-06-02 23:55:08,Income,Cash,Playstation Incomes,"20,57"
7509,3,23,,,2024-06-02 09:46:01,Income,Cash,Playstation Incomes,"14,78"
7510,4,24,,,2024-06-02 21:51:22,Income,Cash,Playstation Incomes,"24,74"
7511,4,11,,,2024-06-02 18:56:39,Income,Cash,Computer Incomes,"21,21"
7512,1,23,,,2024-06-02 13:54:03,Income,Cash,Playstation Incomes,"18,64"
7513,3,24,,,2024-06-02 10:38:20,Income,Cash,Playstation Incomes,"31,49"
7514,4,6,,8.0,2024-06-02 21:58:13,Income,Credit Card,Member Transactions,"24,74"
7515,5,23,,,2024-06-02 21:02:24,Income,Cash,Playstation Incomes,"24,74"
7516,3,7,29.0,,2024-06-02 18:38:55,Income,Credit Card,Order Incomes,"8,99"
7517,5,24,,,2024-06-02 12:27:31,Income,Cash,Playstation Incomes,"21,20"
7518,1,9,44.0,,2024-06-02 10:21:32,Income,Cash,Order Incomes,"27,95"
7519,5,23,,,2024-06-02 09:20:56,Income,Cash,Playstation Incomes,"3,21"
7520,3,24,,,2024-06-02 18:19:56,Income,Cash,Playstation Incomes,"4,17"
7521,2,14,23.0,,2024-06-02 15:38:38,Income,Cash,Order Incomes,"6,42"
7522,4,15,,,2024-06-02 23:04:06,Income,Cash,Computer Incomes,"13,49"
7523,1,3,19.0,,2024-06-02 12:06:20,Income,Cash,Order Incomes,"12,20"
7524,3,23,,,2024-06-02 11:16:29,Income,Cash,Playstation Incomes,"23,45"
7525,3,5,47.0,,2024-06-02 15:55:59,Income,Cash,Order Incomes,"8,99"
7526,4,24,,,2024-06-02 11:36:10,Income,Cash,Playstation Incomes,"5,14"
7527,2,23,,,2024-06-02 22:22:34,Income,Cash,Playstation Incomes,"17,02"
7528,5,16,22.0,,2024-06-03 15:55:44,Income,Cash,Order Incomes,"8,63"
7529,5,24,,,2024-06-03 23:56:04,Income,Cash,Playstation Incomes,"10,60"
7530,4,2,,,2024-06-03 22:20:17,Income,Cash,Computer Incomes,"13,32"
7531,3,10,,,2024-06-03 09:26:50,Income,Credit Card,Computer Incomes,"12,82"
7532,2,10,,,2024-06-03 16:59:28,Income,Credit Card,Computer Incomes,"23,42"
7533,5,23,,,2024-06-03 13:36:17,Income,Cash,Playstation Incomes,"22,93"
7534,1,24,,,2024-06-03 17:05:36,Income,Cash,Playstation Incomes,"13,32"
7535,4,12,,,2024-06-03 19:50:33,Income,Cash,Computer Incomes,"8,63"
7536,3,9,,,2024-06-03 11:44:23,Income,Cash,Computer Incomes,"13,56"
7537,2,9,29.0,,2024-06-03 12:07:14,Income,Cash,Order Incomes,"19,48"
7538,4,23,,,2024-06-03 12:21:16,Income,Credit Card,Playstation Incomes,"16,52"
7539,2,9,,,2024-06-03 15:08:32,Income,Cash,Computer Incomes,"16,02"
7540,5,24,,,2024-06-03 18:31:50,Income,Cash,Playstation Incomes,"10,10"
7541,5,10,,,2024-06-03 20:29:22,Income,Cash,Computer Incomes,"22,67"
7542,2,10,15.0,,2024-06-03 11:18:41,Income,Credit Card,Order Incomes,"2,71"
7543,2,7,,,2024-06-03 16:42:12,Income,Cash,Computer Incomes,"16,76"
7544,3,7,,10.0,2024-06-03 21:36:10,Income,Cash,Member Transactions,"13,80"
7545,5,12,,,2024-06-03 21:45:21,Income,Cash,Computer Incomes,"15,77"
7546,3,11,,,2024-06-03 22:11:38,Income,Credit Card,Computer Incomes,"10,84"
7547,4,15,,,2024-06-03 20:35:15,Income,Credit Card,Computer Incomes,"11,83"
7548,3,15,,,2024-06-03 17:16:03,Income,Cash,Computer Incomes,"19,72"
7549,1,2,,,2024-06-04 16:52:15,Income,Cash,Computer Incomes,"17,71"
7550,2,2,,,2024-06-04 17:50:51,Income,Cash,Computer Incomes,"13,52"
7551,3,9,,,2024-06-04 18:57:14,Income,Cash,Computer Incomes,"11,04"
7552,3,9,,,2024-06-04 09:39:49,Income,Cash,Computer Incomes,"5,52"
7553,1,1,,,2024-06-04 13:49:31,Income,Cash,Computer Incomes,"10,85"
7554,3,8,,,2024-06-04 13:58:16,Income,Cash,Computer Incomes,"10,47"
7555,1,23,,,2024-06-04 20:00:36,Income,Cash,Playstation Incomes,"6,86"
7556,4,13,,,2024-06-04 23:26:26,Income,Cash,Computer Incomes,"13,14"
7557,2,24,,,2024-06-04 22:57:20,Income,Cash,Playstation Incomes,"13,71"
7558,4,13,,,2024-06-04 14:36:44,Income,Credit Card,Computer Incomes,"2,86"
7559,3,2,25.0,,2024-06-04 13:19:09,Income,Cash,Order Incomes,"16,94"
7560,1,16,,,2024-06-04 14:32:12,Income,Credit Card,Computer Incomes,"8,76"
7561,1,14,,49.0,2024-06-04 18:11:02,Income,Cash,Member Transactions,"2,29"
7562,1,23,,,2024-06-04 14:31:50,Income,Cash,Playstation Incomes,"16,36"
7563,3,14,,,2024-06-04 17:03:10,Income,Cash,Computer Incomes,"18,46"
7564,1,4,,34.0,2024-06-04 23:51:09,Income,Credit Card,Member Transactions,"3,42"
7565,5,14,,,2024-06-04 14:09:43,Income,Cash,Computer Incomes,"6,66"
7566,2,16,,,2024-06-04 11:32:48,Income,Cash,Computer Incomes,"5,51"
7567,3,5,32.0,,2024-06-04 18:14:51,Income,Cash,Order Incomes,"11,60"
7568,5,9,,,2024-06-04 14:53:03,Income,Cash,Computer Incomes,"6,47"
7569,2,12,,,2024-06-04 12:59:55,Income,Cash,Computer Incomes,"16,93"
7570,1,24,,,2024-06-04 11:18:17,Income,Cash,Playstation Incomes,"3,42"
7571,5,23,,,2024-06-04 16:19:08,Income,Cash,Playstation Incomes,"10,46"
7572,1,12,,,2024-06-05 19:56:07,Income,Cash,Computer Incomes,"6,35"
7573,3,6,,,2024-06-05 13:40:10,Income,Cash,Computer Incomes,"14,18"
7574,2,15,,,2024-06-05 20:27:21,Income,Cash,Computer Incomes,"6,53"
7575,1,15,,,2024-06-05 15:49:07,Income,Cash,Computer Incomes,"10,45"
7576,1,4,13.0,,2024-06-05 18:17:10,Income,Cash,Order Incomes,"2,24"
7577,3,24,,,2024-06-05 23:43:24,Income,Credit Card,Playstation Incomes,"17,16"
7578,1,9,,,2024-06-05 10:08:01,Income,Cash,Computer Incomes,"11,57"
7579,5,9,,,2024-06-05 19:21:08,Income,Cash,Computer Incomes,"18,65"
7580,3,16,,,2024-06-05 23:19:08,Income,Credit Card,Computer Incomes,"13,06"
7581,1,9,,,2024-06-05 16:02:43,Income,Cash,Computer Incomes,"4,29"
7582,2,13,,,2024-06-05 10:20:44,Income,Cash,Computer Incomes,"17,35"
7583,1,23,,,2024-06-05 12:46:57,Income,Cash,Playstation Incomes,"4,29"
7584,3,16,,,2024-06-05 22:27:49,Income,Credit Card,Computer Incomes,"18,64"
7585,1,9,,,2024-06-05 11:03:20,Income,Cash,Computer Incomes,"10,63"
7586,3,24,,,2024-06-05 19:56:23,Income,Cash,Playstation Incomes,"5,96"
7587,5,1,,,2024-06-05 19:24:47,Income,Cash,Computer Incomes,"2,79"
7588,2,2,,,2024-06-05 12:12:55,Income,Cash,Computer Incomes,"4,10"
7589,2,23,,,2024-06-05 09:52:01,Income,Cash,Playstation Incomes,"2,23"
7590,5,8,,14.0,2024-06-05 16:42:01,Income,Cash,Member Transactions,"3,17"
7591,2,12,,,2024-06-05 10:51:50,Income,Cash,Computer Incomes,"16,78"
7592,2,24,,,2024-06-05 13:59:13,Income,Credit Card,Playstation Incomes,"7,45"
7593,5,14,,,2024-06-06 10:28:51,Income,Cash,Computer Incomes,"24,58"
7594,1,12,,,2024-06-06 23:39:47,Income,Credit Card,Computer Incomes,"19,83"
7595,4,23,,,2024-06-06 17:10:30,Income,Credit Card,Playstation Incomes,"14,25"
7596,4,5,,,2024-06-06 23:33:41,Income,Cash,Computer Incomes,"21,79"
7597,5,1,,,2024-06-06 13:56:34,Income,Cash,Computer Incomes,"19,83"
7598,1,24,,,2024-06-06 21:52:20,Income,Cash,Playstation Incomes,"20,67"
7599,4,13,7.0,,2024-06-06 22:04:03,Income,Cash,Order Incomes,"7,27"
7600,1,12,,,2024-06-06 20:01:52,Income,Cash,Computer Incomes,"10,06"
7601,5,14,,,2024-06-06 09:24:13,Income,Cash,Computer Incomes,"21,51"
7602,2,16,,,2024-06-06 15:57:30,Income,Cash,Computer Incomes,"19,55"
7603,1,9,,,2024-06-06 13:50:29,Income,Credit Card,Computer Incomes,"6,42"
7604,3,15,,,2024-06-06 18:57:56,Income,Credit Card,Computer Incomes,"26,81"
7605,2,6,,,2024-06-06 19:46:15,Income,Cash,Computer Incomes,"15,91"
7606,4,10,35.0,,2024-06-06 19:28:53,Income,Cash,Order Incomes,"25,41"
7607,5,5,,,2024-06-06 10:27:10,Income,Credit Card,Computer Incomes,"3,63"
7608,5,12,,,2024-06-06 12:39:32,Income,Cash,Computer Incomes,"3,35"
7609,5,10,,,2024-06-06 19:16:37,Income,Cash,Computer Incomes,"17,31"
7610,2,10,,,2024-06-06 21:55:30,Income,Credit Card,Computer Incomes,"4,46"
7611,4,7,,,2024-06-06 16:20:56,Income,Cash,Computer Incomes,"7,26"
7612,1,16,,45.0,2024-06-06 15:05:46,Income,Cash,Member Transactions,"15,08"
7613,5,23,,,2024-06-07 09:55:39,Income,Cash,Playstation Incomes,"23,23"
7614,3,6,,,2024-06-07 10:07:34,Income,Cash,Computer Incomes,"10,35"
7615,2,8,,,2024-06-07 12:01:03,Income,Cash,Computer Incomes,"7,07"
7616,4,24,,,2024-06-07 17:41:04,Income,Cash,Playstation Incomes,"12,37"
7617,4,1,,,2024-06-07 15:06:00,Income,Cash,Computer Incomes,"12,37"
7618,1,9,,,2024-06-07 20:11:22,Income,Cash,Computer Incomes,"11,36"
7619,3,23,,,2024-06-07 23:48:51,Income,Cash,Playstation Incomes,"3,03"
7620,1,2,28.0,,2024-06-07 22:28:28,Income,Cash,Order Incomes,"2,78"
7621,2,24,,,2024-06-07 16:30:41,Income,Credit Card,Playstation Incomes,"19,69"
7622,4,23,,,2024-06-07 15:57:43,Income,Cash,Playstation Incomes,"15,91"
7623,4,15,,,2024-06-07 22:12:08,Income,Cash,Computer Incomes,"23,98"
7624,1,24,,,2024-06-07 13:11:24,Income,Cash,Playstation Incomes,"3,29"
7625,3,11,,,2024-06-07 17:27:37,Income,Cash,Computer Incomes,"22,97"
7626,5,23,,,2024-06-07 14:54:06,Income,Cash,Playstation Incomes,"6,82"
7627,3,9,,,2024-06-07 15:23:09,Income,Cash,Computer Incomes,"19,69"
7628,3,2,24.0,,2024-06-07 19:02:21,Income,Cash,Order Incomes,"15,90"
7629,1,15,,,2024-06-07 20:16:49,Income,Cash,Computer Incomes,"15,14"
7630,4,8,34.0,,2024-06-07 17:33:42,Income,Cash,Order Incomes,"10,34"
7631,5,1,3.0,,2024-06-07 16:27:22,Income,Cash,Order Incomes,"6,56"
7632,5,3,,,2024-06-07 10:06:22,Income,Cash,Computer Incomes,"23,22"
7633,1,2,,,2024-06-07 21:37:41,Income,Cash,Computer Incomes,"24,48"
7634,1,10,,,2024-06-07 09:09:11,Income,Cash,Computer Incomes,"19,43"
7635,3,6,,,2024-06-07 17:38:14,Income,Cash,Computer Incomes,"25,24"
7636,3,9,,,2024-06-07 09:40:13,Income,Cash,Computer Incomes,"6,56"
7637,1,6,,,2024-06-07 12:04:57,Income,Cash,Computer Incomes,"19,68"
7638,2,24,,,2024-06-07 09:02:04,Income,Cash,Playstation Incomes,"11,10"
7639,2,23,,,2024-06-07 14:59:35,Income,Cash,Playstation Incomes,"14,89"
7640,1,11,,,2024-06-07 18:12:42,Income,Cash,Computer Incomes,"22,21"
7641,1,7,,10.0,2024-06-07 11:16:29,Income,Credit Card,Member Transactions,"5,80"
7642,1,12,,31.0,2024-06-08 17:10:47,Income,Credit Card,Member Transactions,"12,65"
7643,3,13,,26.0,2024-06-08 19:18:51,Income,Cash,Member Transactions,"14,58"
7644,4,24,,,2024-06-08 12:17:59,Income,Cash,Playstation Incomes,"19,73"
7645,1,13,,,2024-06-08 16:19:31,Income,Cash,Computer Incomes,"3,86"
7646,3,23,,,2024-06-08 15:18:35,Income,Cash,Playstation Incomes,"6,86"
7647,4,8,,,2024-06-08 12:12:36,Income,Cash,Computer Incomes,"9,65"
7648,3,6,,,2024-06-08 20:51:49,Income,Cash,Computer Incomes,"5,79"
7649,2,3,,,2024-06-08 13:57:06,Income,Cash,Computer Incomes,"6,65"
7650,3,2,16.0,,2024-06-08 10:25:51,Income,Cash,Order Incomes,"17,58"
7651,3,10,,,2024-06-08 15:47:19,Income,Cash,Computer Incomes,"11,58"
7652,1,8,,,2024-06-08 16:28:31,Income,Cash,Computer Incomes,"19,94"
7653,1,10,10.0,,2024-06-08 10:21:38,Income,Cash,Order Incomes,"16,94"
7654,5,9,,,2024-06-08 17:10:54,Income,Credit Card,Computer Incomes,"20,15"
7655,1,1,,,2024-06-08 18:31:49,Income,Cash,Computer Incomes,"18,23"
7656,2,16,,,2024-06-08 13:25:02,Income,Cash,Computer Incomes,"20,58"
7657,2,6,,,2024-06-08 21:50:42,Income,Cash,Computer Incomes,"11,37"
7658,2,8,,,2024-06-08 16:47:32,Income,Cash,Computer Incomes,"3,86"
7659,2,8,,,2024-06-08 13:10:12,Income,Cash,Computer Incomes,"9,44"
7660,5,4,28.0,,2024-06-08 23:33:36,Income,Cash,Order Incomes,"21,01"
7661,2,15,,,2024-06-08 16:39:51,Income,Cash,Computer Incomes,"6,86"
7662,4,2,,,2024-06-08 11:01:55,Income,Credit Card,Computer Incomes,"8,37"
7663,1,6,31.0,,2024-06-08 16:26:38,Income,Cash,Order Incomes,"7,71"
7664,4,7,,,2024-06-08 10:19:14,Income,Cash,Computer Incomes,"10,28"
7665,2,10,,,2024-06-08 15:13:22,Income,Cash,Computer Incomes,"21,43"
7666,4,10,,,2024-06-08 11:13:27,Income,Cash,Computer Incomes,"21,22"
7667,1,14,,,2024-06-08 15:44:16,Income,Cash,Computer Incomes,"7,07"
7668,1,5,,,2024-06-08 14:33:25,Income,Cash,Computer Incomes,"5,14"
7669,2,24,,,2024-06-08 13:27:17,Income,Cash,Playstation Incomes,"3,64"
7670,1,13,,,2024-06-08 23:49:38,Income,Cash,Computer Incomes,"14,57"
7671,5,4,,,2024-06-08 19:56:11,Income,Cash,Computer Incomes,"13,71"
7672,5,3,,,2024-06-08 19:51:04,Income,Cash,Computer Incomes,"21,22"
7673,5,15,,,2024-06-08 23:16:14,Income,Cash,Computer Incomes,"12,00"
7674,5,4,,,2024-06-08 14:37:41,Income,Cash,Computer Incomes,"7,50"
7675,4,2,,,2024-06-08 18:06:13,Income,Credit Card,Computer Incomes,"11,14"
7676,4,6,,,2024-06-08 09:29:16,Income,Cash,Computer Incomes,"13,29"
7677,3,3,,,2024-06-08 21:01:46,Income,Cash,Computer Incomes,"13,93"
7678,5,15,8.0,,2024-06-08 16:31:23,Income,Cash,Order Incomes,"20,36"
7679,3,23,,,2024-06-08 15:55:52,Income,Cash,Playstation Incomes,"11,57"
7680,5,16,29.0,,2024-06-08 20:51:55,Income,Cash,Order Incomes,"6,64"
7681,5,11,,,2024-06-08 14:07:15,Income,Cash,Computer Incomes,"9,86"
7682,3,12,,,2024-06-09 14:11:53,Income,Cash,Computer Incomes,"14,89"
7683,5,9,,,2024-06-09 23:42:29,Income,Cash,Computer Incomes,"6,68"
7684,5,1,5.0,,2024-06-09 17:59:41,Income,Cash,Order Incomes,"2,57"
7685,3,7,,,2024-06-09 12:06:44,Income,Cash,Computer Incomes,"8,99"
7686,2,4,,,2024-06-09 14:48:30,Income,Cash,Computer Incomes,"5,14"
7687,4,7,17.0,,2024-06-09 21:00:52,Income,Cash,Order Incomes,"5,39"
7688,1,2,,,2024-06-09 12:20:21,Income,Cash,Computer Incomes,"4,10"
7689,3,7,11.0,,2024-06-09 19:08:58,Income,Cash,Order Incomes,"25,40"
7690,1,11,,,2024-06-09 16:12:07,Income,Cash,Computer Incomes,"13,08"
7691,5,24,,,2024-06-09 15:05:33,Income,Cash,Playstation Incomes,"25,40"
7692,2,13,,57.0,2024-06-09 15:57:16,Income,Cash,Member Transactions,"4,36"
7693,4,11,,,2024-06-09 19:46:05,Income,Cash,Computer Incomes,"6,67"
7694,5,3,,,2024-06-09 15:33:43,Income,Cash,Computer Incomes,"24,11"
7695,1,10,,,2024-06-09 14:28:07,Income,Cash,Computer Incomes,"14,88"
7696,4,23,,,2024-06-09 17:50:03,Income,Cash,Playstation Incomes,"19,75"
7697,4,6,,,2024-06-09 23:39:08,Income,Cash,Computer Incomes,"19,50"
7698,5,10,37.0,,2024-06-09 20:30:38,Income,Cash,Order Incomes,"16,93"
7699,2,4,28.0,,2024-06-09 18:12:15,Income,Cash,Order Incomes,"16,16"
7700,1,6,,,2024-06-10 22:59:27,Income,Cash,Computer Incomes,"29,00"
7701,3,10,,,2024-06-10 19:22:48,Income,Cash,Computer Incomes,"13,30"
7702,3,1,,,2024-06-10 15:21:28,Income,Cash,Computer Incomes,"4,44"
7703,5,3,,,2024-06-10 23:47:10,Income,Cash,Computer Incomes,"20,95"
7704,1,7,,,2024-06-10 09:30:36,Income,Cash,Computer Incomes,"15,71"
7705,1,9,,,2024-06-10 11:04:40,Income,Cash,Computer Incomes,"37,86"
7706,3,9,,,2024-06-10 14:42:27,Income,Cash,Computer Incomes,"13,70"
7707,2,5,42.0,,2024-06-10 22:31:06,Income,Credit Card,Order Incomes,"6,45"
7708,3,15,,,2024-06-10 19:31:43,Income,Cash,Computer Incomes,"31,42"
7709,3,9,,,2024-06-10 10:52:40,Income,Cash,Computer Incomes,"15,71"
7710,2,15,,,2024-06-10 10:30:18,Income,Cash,Computer Incomes,"29,00"
7711,5,4,,,2024-06-10 23:23:00,Income,Cash,Computer Incomes,"4,02"
7712,2,10,31.0,,2024-06-10 11:30:46,Income,Credit Card,Order Incomes,"27,79"
7713,5,3,,,2024-06-10 17:33:50,Income,Cash,Computer Incomes,"17,31"
7714,1,24,,,2024-06-10 10:56:04,Income,Cash,Playstation Incomes,"6,44"
7715,3,1,,,2024-06-10 13:13:23,Income,Cash,Computer Incomes,"5,23"
7716,1,15,,44.0,2024-06-10 15:05:41,Income,Cash,Member Transactions,"26,58"
7717,1,5,,,2024-06-10 12:21:19,Income,Cash,Computer Incomes,"36,24"
7718,3,15,,,2024-06-10 11:39:58,Income,Cash,Computer Incomes,"11,27"
7719,2,10,,,2024-06-10 21:01:22,Income,Cash,Computer Incomes,"8,05"
7720,4,23,,,2024-06-11 13:45:49,Income,Credit Card,Playstation Incomes,"20,43"
7721,3,8,,,2024-06-11 21:47:35,Income,Cash,Computer Incomes,"6,53"
7722,4,24,,,2024-06-11 12:39:11,Income,Cash,Playstation Incomes,"11,07"
7723,2,23,,,2024-06-11 15:16:12,Income,Cash,Playstation Incomes,"5,68"
7724,4,10,,,2024-06-11 12:06:12,Income,Cash,Computer Incomes,"21,00"
7725,4,1,,,2024-06-11 12:20:10,Income,Cash,Computer Incomes,"9,93"
7726,2,10,,,2024-06-11 22:26:14,Income,Cash,Computer Incomes,"16,17"
7727,1,7,3.0,,2024-06-11 10:08:54,Income,Cash,Order Incomes,"21,00"
7728,2,24,,,2024-06-11 23:41:27,Income,Cash,Playstation Incomes,"4,54"
7729,3,3,41.0,,2024-06-11 11:33:20,Income,Cash,Order Incomes,"9,08"
7730,3,9,,,2024-06-11 15:50:16,Income,Credit Card,Computer Incomes,"8,23"
7731,4,15,16.0,,2024-06-11 21:09:44,Income,Cash,Order Incomes,"18,44"
7732,2,3,,,2024-06-11 16:09:49,Income,Cash,Computer Incomes,"25,25"
7733,2,5,23.0,,2024-06-11 09:56:01,Income,Cash,Order Incomes,"3,12"
7734,5,13,34.0,,2024-06-11 10:51:49,Income,Cash,Order Incomes,"7,37"
7735,4,12,,,2024-06-11 09:14:13,Income,Cash,Computer Incomes,"21,55"
7736,4,8,,,2024-06-11 12:40:03,Income,Cash,Computer Incomes,"10,77"
7737,4,1,,,2024-06-11 14:30:37,Income,Cash,Computer Incomes,"11,91"
7738,4,9,,,2024-06-11 21:17:47,Income,Cash,Computer Incomes,"22,97"
7739,1,14,,,2024-06-11 15:30:17,Income,Credit Card,Computer Incomes,"25,24"
7740,2,10,,,2024-06-11 12:30:43,Income,Cash,Computer Incomes,"21,55"
7741,3,16,,,2024-06-12 23:10:04,Income,Cash,Computer Incomes,"20,97"
7742,1,23,,,2024-06-12 16:52:44,Income,Credit Card,Playstation Incomes,"7,52"
7743,1,24,,,2024-06-12 16:28:00,Income,Cash,Playstation Incomes,"32,44"
7744,5,13,,,2024-06-12 16:55:17,Income,Credit Card,Computer Incomes,"35,21"
7745,3,10,,,2024-06-12 16:42:57,Income,Cash,Computer Incomes,"14,25"
7746,4,2,49.0,,2024-06-12 10:52:18,Income,Cash,Order Incomes,"29,28"
7747,4,16,,,2024-06-12 12:52:05,Income,Cash,Computer Incomes,"33,23"
7748,2,4,,,2024-06-12 21:23:28,Income,Cash,Computer Incomes,"22,16"
7749,2,11,,30.0,2024-06-12 23:46:47,Income,Cash,Member Transactions,"26,10"
7750,1,14,,,2024-06-12 13:01:12,Income,Cash,Computer Incomes,"12,26"
7751,2,13,,,2024-06-12 22:23:48,Income,Cash,Computer Incomes,"14,24"
7752,1,2,16.0,,2024-06-12 20:01:36,Income,Cash,Order Incomes,"16,21"
7753,3,23,,,2024-06-12 10:07:37,Income,Cash,Playstation Incomes,"35,20"
7754,3,6,,,2024-06-12 09:05:56,Income,Credit Card,Computer Incomes,"8,70"
7755,4,14,,,2024-06-12 21:14:50,Income,Credit Card,Computer Incomes,"11,47"
7756,5,8,,,2024-06-12 20:06:19,Income,Cash,Computer Incomes,"22,94"
7757,3,13,17.0,,2024-06-12 11:26:42,Income,Cash,Order Incomes,"22,94"
7758,4,12,,,2024-06-12 12:20:03,Income,Cash,Computer Incomes,"23,33"
7759,1,7,9.0,,2024-06-13 16:34:34,Income,Cash,Order Incomes,"5,34"
7760,2,24,,,2024-06-13 16:46:40,Income,Cash,Playstation Incomes,"8,22"
7761,4,14,,,2024-06-13 17:52:58,Income,Cash,Computer Incomes,"16,64"
7762,4,4,,,2024-06-13 20:08:42,Income,Cash,Computer Incomes,"17,25"
7763,4,23,,,2024-06-13 09:03:59,Income,Cash,Playstation Incomes,"15,41"
7764,1,4,,,2024-06-13 11:26:29,Income,Cash,Computer Incomes,"6,17"
7765,2,1,,48.0,2024-06-13 15:58:21,Income,Cash,Member Transactions,"7,81"
7766,2,24,,,2024-06-13 13:04:44,Income,Cash,Playstation Incomes,"18,90"
7767,1,8,10.0,,2024-06-13 19:03:33,Income,Cash,Order Incomes,"11,29"
7768,3,23,,,2024-06-13 11:08:36,Income,Credit Card,Playstation Incomes,"8,62"
7769,2,3,,53.0,2024-06-13 18:23:28,Income,Cash,Member Transactions,"19,09"
7770,2,9,,,2024-06-13 09:38:50,Income,Cash,Computer Incomes,"15,60"
7771,4,7,,,2024-06-13 20:14:04,Income,Cash,Computer Incomes,"2,25"
7772,4,1,,,2024-06-13 17:22:44,Income,Cash,Computer Incomes,"3,49"
7773,4,12,,,2024-06-13 18:37:19,Income,Cash,Computer Incomes,"19,09"
7774,1,7,,,2024-06-13 09:11:06,Income,Cash,Computer Incomes,"6,57"
7775,3,24,,,2024-06-13 23:57:34,Income,Cash,Playstation Incomes,"16,22"
7776,1,23,,,2024-06-13 23:04:22,Income,Cash,Playstation Incomes,"10,88"
7777,3,16,,,2024-06-13 15:49:43,Income,Cash,Computer Incomes,"14,98"
7778,5,14,15.0,,2024-06-14 22:56:42,Income,Cash,Order Incomes,"2,96"
7779,2,1,,,2024-06-14 13:11:47,Income,Cash,Computer Incomes,"9,05"
7780,4,6,,,2024-06-14 19:35:26,Income,Credit Card,Computer Incomes,"6,65"
7781,3,15,,,2024-06-14 14:00:56,Income,Credit Card,Computer Incomes,"2,77"
7782,3,16,,,2024-06-14 19:22:43,Income,Cash,Computer Incomes,"15,88"
7783,4,1,19.0,,2024-06-14 15:43:09,Income,Cash,Order Incomes,"11,26"
7784,4,11,,,2024-06-14 22:10:20,Income,Cash,Computer Incomes,"12,19"
7785,1,24,,,2024-06-14 16:13:33,Income,Cash,Playstation Incomes,"5,17"
7786,5,1,,,2024-06-14 22:26:12,Income,Credit Card,Computer Incomes,"9,60"
7787,3,2,,,2024-06-14 16:47:07,Income,Cash,Computer Incomes,"13,29"
7788,4,23,,,2024-06-14 20:45:48,Income,Credit Card,Playstation Incomes,"17,72"
7789,5,24,,,2024-06-14 11:49:09,Income,Credit Card,Playstation Incomes,"17,91"
7790,5,23,,,2024-06-14 18:56:43,Income,Cash,Playstation Incomes,"15,32"
7791,1,4,,,2024-06-14 09:15:28,Income,Credit Card,Computer Incomes,"13,11"
7792,4,13,,,2024-06-14 18:12:50,Income,Cash,Computer Incomes,"3,70"
7793,2,15,28.0,,2024-06-14 23:00:37,Income,Cash,Order Incomes,"15,88"
7794,1,9,12.0,,2024-06-14 10:19:13,Income,Cash,Order Incomes,"15,51"
7795,2,24,,,2024-06-14 14:48:31,Income,Cash,Playstation Incomes,"14,59"
7796,3,10,,,2024-06-14 15:16:52,Income,Cash,Computer Incomes,"2,77"
7797,1,12,,,2024-06-14 14:29:38,Income,Cash,Computer Incomes,"16,25"
7798,1,23,,,2024-06-14 19:05:10,Income,Cash,Playstation Incomes,"5,17"
7799,1,5,,,2024-06-14 10:16:04,Income,Cash,Computer Incomes,"5,72"
7800,2,24,,,2024-06-14 10:52:18,Income,Credit Card,Playstation Incomes,"14,94"
7801,2,10,,,2024-06-14 12:50:21,Income,Cash,Computer Incomes,"11,44"
7802,3,3,,,2024-06-14 15:44:57,Income,Cash,Computer Incomes,"4,42"
7803,5,9,,,2024-06-14 12:39:03,Income,Cash,Computer Incomes,"14,76"
7804,2,13,,,2024-06-14 16:20:12,Income,Cash,Computer Incomes,"4,61"
7805,5,13,,,2024-06-14 19:55:40,Income,Cash,Computer Incomes,"17,53"
7806,3,5,,,2024-06-14 23:37:45,Income,Cash,Computer Incomes,"5,90"
7807,1,23,,,2024-06-14 17:17:21,Income,Cash,Playstation Incomes,"10,88"
7808,2,24,,,2024-06-14 19:35:02,Income,Cash,Playstation Incomes,"9,59"
7809,4,23,,,2024-06-14 16:24:29,Income,Cash,Playstation Incomes,"7,01"
7810,2,24,,,2024-06-14 19:11:51,Income,Cash,Playstation Incomes,"3,87"
7811,3,7,44.0,,2024-06-14 22:29:23,Income,Cash,Order Incomes,"4,42"
7812,3,9,,,2024-06-14 22:25:01,Income,Credit Card,Computer Incomes,"11,62"
7813,1,23,,,2024-06-14 13:12:50,Income,Cash,Playstation Incomes,"7,01"
7814,4,3,6.0,,2024-06-14 21:23:18,Income,Cash,Order Incomes,"3,32"
7815,4,1,,,2024-06-14 18:29:06,Income,Credit Card,Computer Incomes,"5,35"
7816,2,5,,,2024-06-14 18:06:48,Income,Cash,Computer Incomes,"13,10"
7817,4,15,,,2024-06-14 21:32:31,Income,Cash,Computer Incomes,"13,84"
7818,2,3,,,2024-06-14 22:36:08,Income,Credit Card,Computer Incomes,"14,21"
7819,3,11,,,2024-06-14 13:30:39,Income,Credit Card,Computer Incomes,"2,21"
7820,1,16,16.0,,2024-06-14 14:48:27,Income,Cash,Order Incomes,"4,24"
7821,2,24,,,2024-06-14 15:45:59,Income,Cash,Playstation Incomes,"6,09"
7822,2,23,,,2024-06-15 20:41:05,Income,Cash,Playstation Incomes,"10,08"
7823,5,24,,,2024-06-15 22:51:25,Income,Credit Card,Playstation Incomes,"21,98"
7824,2,11,,,2024-06-15 14:48:39,Income,Credit Card,Computer Incomes,"2,75"
7825,2,2,,,2024-06-15 20:29:32,Income,Cash,Computer Incomes,"8,48"
7826,1,10,,39.0,2024-06-15 16:57:44,Income,Cash,Member Transactions,"3,67"
7827,1,6,,,2024-06-15 15:34:48,Income,Credit Card,Computer Incomes,"19,46"
7828,2,14,6.0,,2024-06-15 12:53:29,Income,Credit Card,Order Incomes,"18,55"
7829,5,23,,,2024-06-15 11:06:19,Income,Cash,Playstation Incomes,"2,52"
7830,5,10,,,2024-06-15 14:48:14,Income,Cash,Computer Incomes,"6,19"
7831,2,10,,,2024-06-15 10:02:20,Income,Credit Card,Computer Incomes,"4,13"
7832,5,4,,,2024-06-15 19:37:57,Income,Cash,Computer Incomes,"2,98"
7833,4,10,,,2024-06-15 09:14:16,Income,Cash,Computer Incomes,"8,93"
7834,4,5,,,2024-06-15 22:19:50,Income,Cash,Computer Incomes,"6,42"
7835,5,8,,,2024-06-15 15:49:41,Income,Cash,Computer Incomes,"22,90"
7836,3,8,,3.0,2024-06-15 19:01:27,Income,Cash,Member Transactions,"12,13"
7837,4,3,,,2024-06-15 09:38:19,Income,Cash,Computer Incomes,"8,01"
7838,2,2,,,2024-06-15 13:43:37,Income,Credit Card,Computer Incomes,"9,61"
7839,1,13,45.0,,2024-06-15 14:07:49,Income,Cash,Order Incomes,"13,96"
7840,3,2,,,2024-06-15 21:26:51,Income,Cash,Computer Incomes,"5,72"
7841,1,7,,,2024-06-15 11:29:25,Income,Cash,Computer Incomes,"17,62"
7842,5,24,,,2024-06-15 13:12:45,Income,Cash,Playstation Incomes,"11,21"
7843,5,10,,,2024-06-15 14:46:46,Income,Cash,Computer Incomes,"8,24"
7844,5,23,,,2024-06-15 17:21:38,Income,Cash,Playstation Incomes,"9,61"
7845,5,5,,65.0,2024-06-15 17:13:22,Income,Cash,Member Transactions,"14,42"
7846,2,10,,,2024-06-15 20:00:48,Income,Cash,Computer Incomes,"9,61"
7847,3,12,,25.0,2024-06-15 13:41:40,Income,Credit Card,Member Transactions,"20,37"
7848,1,2,,,2024-06-15 12:58:57,Income,Cash,Computer Incomes,"16,48"
7849,4,24,,,2024-06-15 22:51:08,Income,Cash,Playstation Incomes,"8,47"
7850,3,4,,,2024-06-15 20:37:57,Income,Cash,Computer Incomes,"10,07"
7851,3,9,,,2024-06-15 16:01:06,Income,Cash,Computer Incomes,"5,26"
7852,4,10,,,2024-06-15 19:35:04,Income,Cash,Computer Incomes,"20,14"
7853,2,4,35.0,,2024-06-15 18:56:06,Income,Cash,Order Incomes,"14,42"
7854,4,6,,,2024-06-15 15:53:31,Income,Cash,Computer Incomes,"10,53"
7855,3,8,,,2024-06-16 09:25:05,Income,Cash,Computer Incomes,"18,20"
7856,1,1,,,2024-06-16 19:07:05,Income,Cash,Computer Incomes,"25,40"
7857,4,23,,,2024-06-16 23:20:18,Income,Cash,Playstation Incomes,"27,51"
7858,3,4,,,2024-06-16 17:15:39,Income,Cash,Computer Incomes,"9,74"
7859,2,24,,,2024-06-16 13:08:54,Income,Cash,Playstation Incomes,"5,08"
7860,4,11,,,2024-06-16 19:57:30,Income,Cash,Computer Incomes,"32,59"
7861,4,10,,,2024-06-16 13:58:31,Income,Cash,Computer Incomes,"13,55"
7862,1,3,41.0,,2024-06-16 09:53:19,Income,Credit Card,Order Incomes,"18,62"
7863,1,1,,39.0,2024-06-16 19:29:04,Income,Credit Card,Member Transactions,"16,92"
7864,5,13,,,2024-06-16 21:01:22,Income,Credit Card,Computer Incomes,"30,89"
7865,1,9,,,2024-06-16 23:54:03,Income,Cash,Computer Incomes,"10,57"
7866,4,6,,,2024-06-16 09:52:57,Income,Cash,Computer Incomes,"15,65"
7867,2,12,,,2024-06-16 13:42:43,Income,Cash,Computer Incomes,"34,70"
7868,5,23,,,2024-06-16 14:34:31,Income,Cash,Playstation Incomes,"22,42"
7869,4,3,,,2024-06-16 23:16:19,Income,Cash,Computer Incomes,"26,66"
7870,2,13,,,2024-06-16 20:09:43,Income,Cash,Computer Incomes,"6,77"
7871,1,14,,,2024-06-17 12:00:25,Income,Cash,Computer Incomes,"31,37"
7872,5,24,,,2024-06-17 14:49:55,Income,Credit Card,Playstation Incomes,"40,39"
7873,1,4,,,2024-06-17 18:48:43,Income,Cash,Computer Incomes,"19,34"
7874,2,14,,,2024-06-17 23:31:46,Income,Cash,Computer Incomes,"31,80"
7875,4,3,,,2024-06-17 09:11:54,Income,Cash,Computer Incomes,"12,04"
7876,1,13,,,2024-06-17 16:24:04,Income,Credit Card,Computer Incomes,"6,45"
7877,1,3,41.0,,2024-06-17 10:16:27,Income,Credit Card,Order Incomes,"42,54"
7878,4,23,,,2024-06-17 13:47:02,Income,Cash,Playstation Incomes,"20,20"
7879,3,6,,,2024-06-17 11:43:53,Income,Cash,Computer Incomes,"29,64"
7880,4,15,19.0,,2024-06-17 16:03:55,Income,Cash,Order Incomes,"42,53"
7881,3,16,,,2024-06-17 13:07:42,Income,Cash,Computer Incomes,"22,77"
7882,3,4,,,2024-06-17 19:32:38,Income,Cash,Computer Incomes,"39,09"
7883,4,10,,,2024-06-17 19:45:30,Income,Cash,Computer Incomes,"41,24"
7884,3,24,,,2024-06-17 22:34:24,Income,Cash,Playstation Incomes,"7,73"
7885,4,6,,,2024-06-18 23:11:38,Income,Cash,Computer Incomes,"6,79"
7886,5,15,6.0,,2024-06-18 22:58:53,Income,Cash,Order Incomes,"13,29"
7887,5,7,,,2024-06-18 23:18:16,Income,Cash,Computer Incomes,"6,22"
7888,2,23,,,2024-06-18 21:55:09,Income,Cash,Playstation Incomes,"17,52"
7889,4,10,,,2024-06-18 17:09:46,Income,Cash,Computer Incomes,"7,63"
7890,4,24,,,2024-06-18 18:17:17,Income,Cash,Playstation Incomes,"19,79"
7891,5,3,,,2024-06-18 18:20:36,Income,Cash,Computer Incomes,"26,00"
7892,2,9,,,2024-06-18 23:36:48,Income,Credit Card,Computer Incomes,"17,52"
7893,5,15,,,2024-06-18 21:28:19,Income,Credit Card,Computer Incomes,"3,68"
7894,2,6,,,2024-06-18 12:19:57,Income,Cash,Computer Incomes,"19,79"
7895,5,7,22.0,,2024-06-18 14:32:57,Income,Cash,Order Incomes,"26,85"
7896,5,5,,,2024-06-18 21:08:20,Income,Credit Card,Computer Incomes,"21,76"
7897,1,11,,,2024-06-18 23:27:44,Income,Cash,Computer Incomes,"6,50"
7898,3,23,,,2024-06-18 23:58:11,Income,Cash,Playstation Incomes,"17,24"
7899,2,10,,,2024-06-18 09:53:51,Income,Cash,Computer Incomes,"20,63"
7900,3,7,14.0,,2024-06-18 14:23:19,Income,Cash,Order Incomes,"18,64"
7901,5,24,,,2024-06-18 09:06:56,Income,Credit Card,Playstation Incomes,"5,08"
7902,4,2,,,2024-06-18 17:45:07,Income,Cash,Computer Incomes,"13,84"
7903,2,2,,,2024-06-18 13:06:53,Income,Cash,Computer Incomes,"16,38"
7904,2,4,,,2024-06-18 09:11:23,Income,Cash,Computer Incomes,"10,45"
7905,2,4,,,2024-06-18 10:31:23,Income,Cash,Computer Incomes,"5,36"
7906,1,16,,,2024-06-18 15:39:04,Income,Cash,Computer Incomes,"6,21"
7907,1,4,,,2024-06-18 21:35:09,Income,Cash,Computer Incomes,"18,36"
7908,4,7,,,2024-06-18 17:06:44,Income,Cash,Computer Incomes,"27,97"
7909,3,6,20.0,,2024-06-19 11:12:03,Income,Cash,Order Incomes,"19,77"
7910,5,8,1.0,,2024-06-19 11:48:40,Income,Credit Card,Order Incomes,"20,76"
7911,5,23,,,2024-06-19 12:16:38,Income,Credit Card,Playstation Incomes,"26,03"
7912,1,3,22.0,,2024-06-19 19:48:26,Income,Cash,Order Incomes,"29,00"
7913,1,7,,,2024-06-19 23:46:39,Income,Cash,Computer Incomes,"29,00"
7914,4,9,,,2024-06-19 20:12:33,Income,Cash,Computer Incomes,"18,78"
7915,4,3,,,2024-06-19 20:02:18,Income,Cash,Computer Incomes,"27,02"
7916,5,24,,,2024-06-19 12:30:57,Income,Cash,Playstation Incomes,"4,29"
7917,4,8,39.0,,2024-06-19 22:22:14,Income,Cash,Order Incomes,"25,69"
7918,3,15,,,2024-06-19 14:56:20,Income,Cash,Computer Incomes,"23,38"
7919,5,3,21.0,,2024-06-19 09:55:49,Income,Cash,Order Incomes,"19,76"
7920,4,8,33.0,,2024-06-19 20:45:00,Income,Cash,Order Incomes,"5,60"
7921,2,2,,,2024-06-19 13:24:40,Income,Cash,Computer Incomes,"29,97"
7922,5,15,,,2024-06-19 09:27:06,Income,Cash,Computer Incomes,"8,56"
7923,3,5,22.0,,2024-06-19 20:22:44,Income,Cash,Order Incomes,"20,42"
7924,2,6,22.0,,2024-06-19 13:56:55,Income,Cash,Order Incomes,"4,94"
7925,4,15,,,2024-06-19 23:36:31,Income,Credit Card,Computer Incomes,"26,02"
7926,3,23,,,2024-06-20 16:04:30,Income,Cash,Playstation Incomes,"8,06"
7927,2,15,,,2024-06-20 19:52:30,Income,Cash,Computer Incomes,"6,80"
7928,5,16,,,2024-06-20 17:25:56,Income,Cash,Computer Incomes,"16,11"
7929,5,10,,,2024-06-20 23:40:57,Income,Cash,Computer Incomes,"21,40"
7930,4,24,,,2024-06-20 22:38:24,Income,Cash,Playstation Incomes,"24,16"
7931,3,23,,,2024-06-20 18:25:13,Income,Cash,Playstation Incomes,"10,57"
7932,3,15,,,2024-06-20 17:01:29,Income,Cash,Computer Incomes,"20,39"
7933,1,12,,,2024-06-20 17:31:23,Income,Credit Card,Computer Incomes,"22,91"
7934,4,24,,,2024-06-20 23:58:39,Income,Cash,Playstation Incomes,"20,14"
7935,3,11,,,2024-06-20 23:22:34,Income,Cash,Computer Incomes,"17,37"
7936,5,23,,,2024-06-20 21:01:11,Income,Credit Card,Playstation Incomes,"24,16"
7937,2,3,,,2024-06-20 11:07:42,Income,Cash,Computer Incomes,"21,64"
7938,2,6,,,2024-06-20 22:31:24,Income,Credit Card,Computer Incomes,"6,29"
7939,4,24,,,2024-06-20 12:03:32,Income,Credit Card,Playstation Incomes,"10,56"
7940,1,5,40.0,,2024-06-20 20:33:56,Income,Cash,Order Incomes,"4,78"
7941,2,23,,,2024-06-20 15:01:54,Income,Cash,Playstation Incomes,"24,15"
7942,1,24,,,2024-06-20 17:03:12,Income,Cash,Playstation Incomes,"13,84"
7943,1,12,,,2024-06-20 11:42:16,Income,Credit Card,Computer Incomes,"21,13"
7944,4,7,,31.0,2024-06-20 13:18:00,Income,Cash,Member Transactions,"8,55"
7945,4,8,,39.0,2024-06-20 14:09:58,Income,Cash,Member Transactions,"9,31"
7946,1,7,,47.0,2024-06-20 11:23:15,Income,Credit Card,Member Transactions,"23,40"
7947,4,15,,,2024-06-20 16:41:39,Income,Cash,Computer Incomes,"24,91"
7948,5,3,,,2024-06-20 16:29:27,Income,Cash,Computer Incomes,"18,11"
7949,3,5,,,2024-06-21 16:53:03,Income,Cash,Computer Incomes,"31,89"
7950,3,14,,,2024-06-21 09:40:24,Income,Cash,Computer Incomes,"10,63"
7951,5,23,,,2024-06-21 11:10:17,Income,Cash,Playstation Incomes,"9,67"
7952,5,16,,,2024-06-21 18:28:11,Income,Cash,Computer Incomes,"29,32"
7953,1,6,,,2024-06-21 19:31:01,Income,Cash,Computer Incomes,"11,60"
7954,4,24,,,2024-06-21 15:16:30,Income,Cash,Playstation Incomes,"4,84"
7955,2,23,,,2024-06-21 16:52:26,Income,Cash,Playstation Incomes,"13,21"
7956,1,24,,,2024-06-21 23:31:23,Income,Cash,Playstation Incomes,"6,13"
7957,3,14,,,2024-06-21 17:18:40,Income,Cash,Computer Incomes,"28,67"
7958,5,4,29.0,,2024-06-21 16:40:08,Income,Cash,Order Incomes,"15,47"
7959,3,13,,,2024-06-21 12:59:01,Income,Cash,Computer Incomes,"13,86"
7960,1,11,,,2024-06-21 13:22:35,Income,Cash,Computer Incomes,"12,89"
7961,4,14,,,2024-06-21 18:24:13,Income,Cash,Computer Incomes,"21,26"
7962,3,15,,,2024-06-21 20:57:35,Income,Cash,Computer Incomes,"6,77"
7963,1,9,,,2024-06-21 16:43:58,Income,Cash,Computer Incomes,"13,21"
7964,5,12,,,2024-06-21 23:11:37,Income,Cash,Computer Incomes,"16,43"
7965,2,9,11.0,,2024-06-21 13:33:04,Income,Cash,Order Incomes,"19,64"
7966,3,1,,10.0,2024-06-21 11:00:15,Income,Credit Card,Member Transactions,"25,44"
7967,4,14,,,2024-06-21 17:17:09,Income,Cash,Computer Incomes,"23,51"
7968,5,23,,,2024-06-21 15:45:45,Income,Cash,Playstation Incomes,"30,92"
7969,5,1,11.0,,2024-06-21 12:23:39,Income,Cash,Order Incomes,"4,83"
7970,5,1,,,2024-06-21 16:40:47,Income,Cash,Computer Incomes,"26,41"
7971,2,7,,,2024-06-21 16:21:00,Income,Cash,Computer Incomes,"23,51"
7972,4,10,,,2024-06-21 12:27:10,Income,Cash,Computer Incomes,"20,61"
7973,4,24,,,2024-06-21 13:40:17,Income,Cash,Playstation Incomes,"5,79"
7974,3,16,,33.0,2024-06-21 10:03:02,Income,Cash,Member Transactions,"21,25"
7975,4,16,,48.0,2024-06-21 19:32:49,Income,Cash,Member Transactions,"27,05"
7976,5,12,,11.0,2024-06-21 19:07:40,Income,Cash,Member Transactions,"27,37"
7977,3,7,,,2024-06-22 10:05:23,Income,Cash,Computer Incomes,"3,29"
7978,3,23,,,2024-06-22 21:56:48,Income,Cash,Playstation Incomes,"13,99"
7979,2,5,,,2024-06-22 21:42:52,Income,Credit Card,Computer Incomes,"10,37"
7980,5,16,,,2024-06-22 19:36:31,Income,Credit Card,Computer Incomes,"11,92"
7981,4,10,,,2024-06-22 21:04:34,Income,Cash,Computer Incomes,"12,96"
7982,1,6,,,2024-06-22 14:04:24,Income,Cash,Computer Incomes,"13,30"
7983,4,7,,,2024-06-22 14:51:33,Income,Cash,Computer Incomes,"6,39"
7984,4,11,,,2024-06-22 21:20:21,Income,Cash,Computer Incomes,"2,42"
7985,1,13,,,2024-06-22 12:15:46,Income,Cash,Computer Incomes,"4,84"
7986,1,16,21.0,,2024-06-22 12:48:04,Income,Cash,Order Incomes,"7,43"
7987,3,14,,,2024-06-22 18:09:32,Income,Cash,Computer Incomes,"3,46"
7988,1,2,,,2024-06-22 19:46:17,Income,Cash,Computer Incomes,"15,37"
7989,3,7,,,2024-06-22 23:17:47,Income,Cash,Computer Incomes,"13,30"
7990,4,3,,,2024-06-22 19:16:21,Income,Cash,Computer Incomes,"7,78"
7991,1,7,9.0,,2024-06-22 14:35:45,Income,Cash,Order Incomes,"4,67"
7992,5,24,,,2024-06-22 20:48:03,Income,Credit Card,Playstation Incomes,"9,16"
7993,5,15,,,2024-06-22 21:02:29,Income,Cash,Computer Incomes,"14,17"
7994,3,5,,,2024-06-22 19:16:48,Income,Cash,Computer Incomes,"13,81"
7995,1,12,,,2024-06-22 20:02:16,Income,Cash,Computer Incomes,"14,33"
7996,4,6,,,2024-06-22 13:02:26,Income,Cash,Computer Incomes,"10,36"
7997,1,11,,,2024-06-22 20:59:32,Income,Cash,Computer Incomes,"16,06"
7998,2,23,,,2024-06-22 13:00:56,Income,Credit Card,Playstation Incomes,"3,10"
7999,5,4,,,2024-06-22 10:31:20,Income,Cash,Computer Incomes,"9,32"
8000,5,24,,,2024-06-22 19:15:47,Income,Cash,Playstation Incomes,"5,00"
8001,2,15,,,2024-06-22 17:12:39,Income,Cash,Computer Incomes,"2,59"
8002,4,23,,,2024-06-22 15:16:07,Income,Credit Card,Playstation Incomes,"6,73"
8003,5,1,,,2024-06-22 18:40:18,Income,Credit Card,Computer Incomes,"8,11"
8004,3,3,,,2024-06-22 12:49:47,Income,Cash,Computer Incomes,"12,08"
8005,2,9,37.0,,2024-06-22 14:25:39,Income,Cash,Order Incomes,"7,08"
8006,4,7,,7.0,2024-06-22 22:20:46,Income,Cash,Member Transactions,"16,06"
8007,5,24,,,2024-06-22 18:15:50,Income,Cash,Playstation Incomes,"7,59"
8008,3,3,42.0,,2024-06-22 15:58:10,Income,Cash,Order Incomes,"7,42"
8009,2,2,,,2024-06-22 10:04:34,Income,Cash,Computer Incomes,"14,67"
8010,5,2,,,2024-06-22 15:55:23,Income,Cash,Computer Incomes,"15,71"
8011,4,23,,,2024-06-22 10:49:25,Income,Cash,Playstation Incomes,"3,28"
8012,4,24,,,2024-06-23 21:34:28,Income,Cash,Playstation Incomes,"28,07"
8013,5,12,,,2024-06-23 20:49:35,Income,Credit Card,Computer Incomes,"32,33"
8014,5,23,,,2024-06-23 19:33:29,Income,Cash,Playstation Incomes,"21,32"
8015,2,8,,34.0,2024-06-23 15:35:55,Income,Cash,Member Transactions,"17,06"
8016,1,16,,,2024-06-23 14:49:37,Income,Cash,Computer Incomes,"21,67"
8017,1,9,12.0,,2024-06-23 21:21:02,Income,Credit Card,Order Incomes,"22,03"
8018,1,13,49.0,,2024-06-23 13:20:52,Income,Cash,Order Incomes,"33,40"
8019,3,8,,,2024-06-23 21:55:53,Income,Credit Card,Computer Incomes,"3,91"
8020,2,16,,,2024-06-23 18:45:03,Income,Cash,Computer Incomes,"18,48"
8021,1,24,,,2024-06-23 10:07:05,Income,Cash,Playstation Incomes,"5,68"
8022,2,15,4.0,,2024-06-23 11:19:52,Income,Cash,Order Incomes,"23,08"
8023,4,23,,,2024-06-23 19:10:35,Income,Cash,Playstation Incomes,"21,66"
8024,4,9,,,2024-06-23 22:24:39,Income,Credit Card,Computer Incomes,"15,27"
8025,3,24,,,2024-06-23 18:37:26,Income,Cash,Playstation Incomes,"14,56"
8026,4,14,,,2024-06-23 10:17:37,Income,Cash,Computer Incomes,"16,69"
8027,4,10,,,2024-06-23 15:04:39,Income,Cash,Computer Incomes,"4,97"
8028,3,6,,,2024-06-23 14:30:25,Income,Cash,Computer Incomes,"18,82"
8029,5,10,,,2024-06-23 13:08:42,Income,Cash,Computer Incomes,"35,16"
8030,4,3,11.0,,2024-06-23 16:14:57,Income,Cash,Order Incomes,"15,27"
8031,5,6,,,2024-06-23 21:29:04,Income,Cash,Computer Incomes,"18,82"
8032,3,9,,,2024-06-24 16:33:49,Income,Cash,Computer Incomes,"10,86"
8033,3,9,,37.0,2024-06-24 20:43:08,Income,Credit Card,Member Transactions,"5,58"
8034,4,6,,,2024-06-24 17:45:55,Income,Cash,Computer Incomes,"14,38"
8035,5,11,,,2024-06-24 11:28:59,Income,Cash,Computer Incomes,"9,98"
8036,3,7,,10.0,2024-06-24 16:09:11,Income,Credit Card,Member Transactions,"21,71"
8037,4,13,,59.0,2024-06-24 12:32:10,Income,Cash,Member Transactions,"7,92"
8038,3,3,,,2024-06-24 15:25:56,Income,Cash,Computer Incomes,"4,70"
8039,5,2,5.0,,2024-06-24 21:21:57,Income,Cash,Order Incomes,"6,75"
8040,4,3,,,2024-06-24 12:18:45,Income,Cash,Computer Incomes,"23,46"
8041,3,6,,,2024-06-24 16:41:53,Income,Cash,Computer Incomes,"19,06"
8042,4,9,28.0,,2024-06-24 18:39:31,Income,Cash,Order Incomes,"17,89"
8043,3,12,,,2024-06-24 20:39:55,Income,Cash,Computer Incomes,"26,98"
8044,3,23,,,2024-06-24 18:17:28,Income,Cash,Playstation Incomes,"18,47"
8045,2,6,,,2024-06-24 20:47:30,Income,Cash,Computer Incomes,"9,09"
8046,3,24,,,2024-06-24 10:57:29,Income,Cash,Playstation Incomes,"7,91"
8047,5,14,,,2024-06-24 15:20:09,Income,Cash,Computer Incomes,"24,63"
8048,4,2,,,2024-06-24 20:26:22,Income,Cash,Computer Incomes,"7,62"
8049,5,7,,,2024-06-24 10:38:11,Income,Cash,Computer Incomes,"22,58"
8050,1,11,,,2024-06-24 18:06:17,Income,Cash,Computer Incomes,"3,22"
8051,1,10,,,2024-06-25 16:33:00,Income,Credit Card,Computer Incomes,"11,77"
8052,4,11,,,2024-06-25 14:49:30,Income,Cash,Computer Incomes,"4,23"
8053,2,1,,,2024-06-25 10:32:39,Income,Cash,Computer Incomes,"15,39"
8054,3,8,,,2024-06-25 14:27:26,Income,Cash,Computer Incomes,"12,98"
8055,1,3,,,2024-06-25 23:10:33,Income,Cash,Computer Incomes,"3,62"
8056,2,4,,,2024-06-25 21:27:39,Income,Cash,Computer Incomes,"10,26"
8057,2,23,,,2024-06-25 16:53:22,Income,Cash,Playstation Incomes,"24,74"
8058,3,14,,,2024-06-25 18:24:48,Income,Cash,Computer Incomes,"19,01"
8059,2,15,25.0,,2024-06-25 19:01:03,Income,Cash,Order Incomes,"25,94"
8060,2,10,,61.0,2024-06-25 21:02:26,Income,Cash,Member Transactions,"20,21"
8061,2,15,,,2024-06-25 09:39:37,Income,Cash,Computer Incomes,"3,61"
8062,3,1,11.0,,2024-06-25 13:31:43,Income,Cash,Order Incomes,"28,95"
8063,2,14,,,2024-06-25 21:39:39,Income,Cash,Computer Incomes,"21,41"
8064,3,24,,,2024-06-25 17:40:35,Income,Cash,Playstation Incomes,"13,57"
8065,5,23,,,2024-06-25 19:43:44,Income,Cash,Playstation Incomes,"9,65"
8066,4,3,,,2024-06-25 21:07:18,Income,Cash,Computer Incomes,"29,56"
8067,3,13,,,2024-06-26 12:07:12,Income,Cash,Computer Incomes,"14,06"
8068,5,8,39.0,,2024-06-26 20:40:48,Income,Cash,Order Incomes,"42,18"
8069,2,1,,,2024-06-26 12:18:26,Income,Cash,Computer Incomes,"7,54"
8070,4,16,,,2024-06-26 17:28:42,Income,Cash,Computer Incomes,"19,59"
8071,1,24,,,2024-06-26 11:15:20,Income,Cash,Playstation Incomes,"7,03"
8072,1,3,,,2024-06-26 12:28:38,Income,Cash,Computer Incomes,"7,54"
8073,2,3,,,2024-06-26 13:33:52,Income,Cash,Computer Incomes,"32,14"
8074,4,5,,,2024-06-26 17:16:27,Income,Cash,Computer Incomes,"27,12"
8075,1,23,,,2024-06-26 09:08:53,Income,Cash,Playstation Incomes,"34,65"
8076,4,2,,,2024-06-26 22:35:11,Income,Credit Card,Computer Incomes,"24,61"
8077,3,24,,,2024-06-26 09:35:41,Income,Cash,Playstation Incomes,"30,63"
8078,5,8,,,2024-06-26 22:23:36,Income,Cash,Computer Incomes,"35,14"
8079,2,4,,,2024-06-26 14:25:20,Income,Credit Card,Computer Incomes,"13,55"
8080,5,2,47.0,,2024-06-26 15:44:21,Income,Cash,Order Incomes,"18,07"
8081,1,12,,,2024-06-26 09:01:07,Income,Cash,Computer Incomes,"10,04"
8082,4,6,,,2024-06-26 23:00:59,Income,Cash,Computer Incomes,"30,12"
8083,2,23,,,2024-06-27 13:26:27,Income,Cash,Playstation Incomes,"14,14"
8084,4,14,11.0,,2024-06-27 14:53:42,Income,Cash,Order Incomes,"7,96"
8085,3,7,,,2024-06-27 17:34:40,Income,Cash,Computer Incomes,"14,14"
8086,5,24,,,2024-06-27 16:37:37,Income,Cash,Playstation Incomes,"30,05"
8087,5,14,,,2024-06-27 22:57:47,Income,Cash,Computer Incomes,"30,93"
8088,4,8,,,2024-06-27 14:37:46,Income,Credit Card,Computer Incomes,"9,73"
8089,5,16,,,2024-06-27 16:36:33,Income,Cash,Computer Incomes,"43,75"
8090,1,16,,,2024-06-27 21:24:49,Income,Cash,Computer Incomes,"7,06"
8091,3,3,,46.0,2024-06-27 10:49:56,Income,Cash,Member Transactions,"25,62"
8092,1,1,,,2024-06-27 22:12:19,Income,Cash,Computer Incomes,"36,67"
8093,5,23,,,2024-06-27 21:04:28,Income,Cash,Playstation Incomes,"20,32"
8094,5,3,,,2024-06-27 13:07:45,Income,Cash,Computer Incomes,"11,48"
8095,1,12,,33.0,2024-06-27 12:29:49,Income,Cash,Member Transactions,"41,08"
8096,5,1,25.0,,2024-06-27 09:41:59,Income,Cash,Order Incomes,"36,67"
8097,2,1,,,2024-06-27 13:51:53,Income,Cash,Computer Incomes,"12,81"
8098,5,7,,,2024-06-28 11:01:02,Income,Cash,Computer Incomes,"19,62"
8099,2,24,,,2024-06-28 12:08:38,Income,Cash,Playstation Incomes,"17,35"
8100,4,23,,,2024-06-28 14:36:18,Income,Cash,Playstation Incomes,"9,67"
8101,1,9,,,2024-06-28 23:47:04,Income,Credit Card,Computer Incomes,"3,99"
8102,4,7,,,2024-06-28 22:01:32,Income,Cash,Computer Incomes,"26,16"
8103,5,11,,,2024-06-28 19:22:08,Income,Credit Card,Computer Incomes,"11,09"
8104,4,7,,,2024-06-28 14:57:11,Income,Cash,Computer Incomes,"7,11"
8105,1,4,,,2024-06-28 09:11:16,Income,Cash,Computer Incomes,"11,66"
8106,5,5,,,2024-06-28 09:35:13,Income,Cash,Computer Incomes,"15,07"
8107,2,6,,,2024-06-28 17:33:53,Income,Cash,Computer Incomes,"2,85"
8108,5,8,,,2024-06-28 14:46:09,Income,Cash,Computer Incomes,"19,91"
8109,4,2,,,2024-06-28 11:12:45,Income,Cash,Computer Incomes,"22,18"
8110,3,24,,,2024-06-28 19:27:24,Income,Cash,Playstation Incomes,"16,21"
8111,5,11,,,2024-06-28 19:41:19,Income,Cash,Computer Incomes,"6,54"
8112,1,4,,41.0,2024-06-28 13:40:51,Income,Cash,Member Transactions,"9,96"
8113,2,23,,,2024-06-28 18:28:03,Income,Cash,Playstation Incomes,"5,69"
8114,5,24,,,2024-06-28 23:05:26,Income,Cash,Playstation Incomes,"27,30"
8115,1,15,,,2024-06-28 16:36:37,Income,Cash,Computer Incomes,"22,18"
8116,3,14,,,2024-06-28 12:54:59,Income,Cash,Computer Incomes,"8,53"
8117,1,4,,,2024-06-28 13:45:26,Income,Cash,Computer Incomes,"27,86"
8118,5,2,17.0,,2024-06-28 09:17:20,Income,Cash,Order Incomes,"7,67"
8119,5,2,,,2024-06-28 22:44:09,Income,Cash,Computer Incomes,"24,73"
8120,3,23,,,2024-06-28 12:15:57,Income,Cash,Playstation Incomes,"9,66"
8121,2,15,,,2024-06-28 22:02:23,Income,Cash,Computer Incomes,"19,61"
8122,4,13,,,2024-06-28 15:32:08,Income,Cash,Computer Incomes,"16,77"
8123,2,15,,,2024-06-28 18:09:29,Income,Cash,Computer Incomes,"28,43"
8124,4,8,24.0,,2024-06-28 21:39:53,Income,Cash,Order Incomes,"19,90"
8125,1,24,,,2024-06-28 13:03:18,Income,Cash,Playstation Incomes,"11,94"
8126,1,10,3.0,,2024-06-28 19:52:49,Income,Credit Card,Order Incomes,"9,38"
8127,3,14,48.0,,2024-06-28 19:09:48,Income,Cash,Order Incomes,"8,52"
8128,5,4,,,2024-06-28 11:18:50,Income,Cash,Computer Incomes,"8,81"
8129,4,23,,,2024-06-28 19:13:03,Income,Cash,Playstation Incomes,"15,35"
8130,1,13,,,2024-06-28 16:32:52,Income,Credit Card,Computer Incomes,"22,74"
8131,2,3,,,2024-06-28 14:57:24,Income,Cash,Computer Incomes,"27,01"
8132,5,24,,,2024-06-28 21:17:39,Income,Cash,Playstation Incomes,"14,50"
8133,4,3,,47.0,2024-06-28 23:30:09,Income,Cash,Member Transactions,"26,72"
8134,2,23,,,2024-06-29 21:55:25,Income,Cash,Playstation Incomes,"27,11"
8135,2,7,,48.0,2024-06-29 18:55:15,Income,Cash,Member Transactions,"3,31"
8136,3,13,31.0,,2024-06-29 10:32:54,Income,Cash,Order Incomes,"8,27"
8137,2,9,,,2024-06-29 10:27:47,Income,Credit Card,Computer Incomes,"15,21"
8138,5,2,47.0,,2024-06-29 17:15:37,Income,Credit Card,Order Incomes,"6,29"
8139,5,2,,,2024-06-29 09:47:25,Income,Cash,Computer Incomes,"24,80"
8140,3,4,,34.0,2024-06-29 13:50:48,Income,Cash,Member Transactions,"10,58"
8141,4,15,34.0,,2024-06-29 22:11:24,Income,Cash,Order Incomes,"19,18"
8142,5,1,,,2024-06-29 21:02:00,Income,Cash,Computer Incomes,"7,94"
8143,2,24,,,2024-06-29 20:23:33,Income,Cash,Playstation Incomes,"4,30"
8144,3,12,48.0,,2024-06-29 23:52:05,Income,Credit Card,Order Incomes,"14,22"
8145,3,4,,,2024-06-29 20:12:35,Income,Cash,Computer Incomes,"8,27"
8146,1,23,,,2024-06-29 13:43:01,Income,Credit Card,Playstation Incomes,"16,20"
8147,2,2,,,2024-06-29 18:16:31,Income,Cash,Computer Incomes,"25,46"
8148,5,1,,,2024-06-29 15:50:25,Income,Cash,Computer Incomes,"12,24"
8149,3,2,,,2024-06-29 11:51:57,Income,Cash,Computer Incomes,"5,62"
8150,4,12,,,2024-06-29 12:30:07,Income,Cash,Computer Incomes,"22,47"
8151,3,2,34.0,,2024-06-29 16:58:04,Income,Cash,Order Incomes,"22,80"
8152,3,8,,,2024-06-29 10:18:24,Income,Cash,Computer Incomes,"7,27"
8153,1,24,,,2024-06-29 09:07:58,Income,Cash,Playstation Incomes,"8,92"
8154,5,23,,,2024-06-29 10:16:37,Income,Cash,Playstation Incomes,"20,82"
8155,4,13,,,2024-06-29 17:35:50,Income,Cash,Computer Incomes,"17,51"
8156,5,8,,,2024-06-29 22:57:11,Income,Credit Card,Computer Incomes,"16,19"
8157,2,24,,,2024-06-29 19:59:58,Income,Cash,Playstation Incomes,"29,08"
8158,4,23,,,2024-06-29 09:06:37,Income,Cash,Playstation Incomes,"5,28"
8159,3,24,,,2024-06-29 10:47:32,Income,Credit Card,Playstation Incomes,"9,91"
8160,1,23,,,2024-06-29 22:33:37,Income,Credit Card,Playstation Incomes,"3,63"
8161,5,1,19.0,,2024-06-29 13:58:50,Income,Cash,Order Incomes,"22,47"
8162,2,9,,,2024-06-29 12:34:05,Income,Cash,Computer Incomes,"27,76"
8163,3,8,,,2024-06-29 14:30:53,Income,Cash,Computer Incomes,"11,89"
8164,4,9,5.0,,2024-06-29 17:16:06,Income,Cash,Order Incomes,"30,41"
8165,5,24,,,2024-06-29 12:04:13,Income,Cash,Playstation Incomes,"6,61"
8166,5,23,,,2024-06-30 23:47:45,Income,Cash,Playstation Incomes,"18,81"
8167,4,8,,,2024-06-30 19:45:40,Income,Credit Card,Computer Incomes,"24,56"
8168,1,9,21.0,,2024-06-30 13:24:25,Income,Cash,Order Incomes,"24,56"
8169,2,24,,,2024-06-30 09:44:38,Income,Cash,Playstation Incomes,"7,84"
8170,1,15,,,2024-06-30 23:00:00,Income,Cash,Computer Incomes,"19,86"
8171,3,15,,,2024-06-30 16:28:43,Income,Cash,Computer Incomes,"10,19"
8172,2,9,,,2024-06-30 14:49:41,Income,Cash,Computer Incomes,"23,78"
8173,2,10,,,2024-06-30 19:50:50,Income,Cash,Computer Incomes,"18,28"
8174,4,15,27.0,,2024-06-30 15:02:41,Income,Credit Card,Order Incomes,"3,13"
8175,2,23,,,2024-06-30 15:41:34,Income,Cash,Playstation Incomes,"16,45"
8176,5,24,,,2024-06-30 19:04:31,Income,Cash,Playstation Incomes,"20,63"
8177,2,2,,,2024-06-30 09:25:30,Income,Cash,Computer Incomes,"15,67"
8178,1,23,,,2024-06-30 21:53:11,Income,Cash,Playstation Incomes,"13,06"
8179,4,10,5.0,,2024-06-30 12:41:03,Income,Cash,Order Incomes,"26,12"
8180,4,16,,,2024-06-30 13:34:39,Income,Cash,Computer Incomes,"13,32"
8181,3,1,,52.0,2024-07-01 21:34:44,Income,Cash,Member Transactions,"5,79"
8182,1,9,,39.0,2024-07-01 21:33:54,Income,Credit Card,Member Transactions,"19,12"
8183,5,5,40.0,,2024-07-01 20:01:25,Income,Cash,Order Incomes,"12,33"
8184,3,4,,,2024-07-01 09:26:04,Income,Cash,Computer Incomes,"17,86"
8185,4,16,,61.0,2024-07-01 09:12:24,Income,Cash,Member Transactions,"17,86"
8186,5,13,,,2024-07-01 19:56:30,Income,Credit Card,Computer Incomes,"18,11"
8187,4,24,,,2024-07-01 19:34:45,Income,Cash,Playstation Incomes,"3,27"
8188,2,23,,,2024-07-01 11:08:34,Income,Cash,Playstation Incomes,"3,77"
8189,5,15,40.0,,2024-07-01 10:39:30,Income,Cash,Order Incomes,"19,86"
8190,2,13,,,2024-07-01 09:47:06,Income,Cash,Computer Incomes,"23,13"
8191,4,5,,22.0,2024-07-01 17:16:58,Income,Cash,Member Transactions,"19,11"
8192,4,3,,,2024-07-01 14:43:48,Income,Cash,Computer Incomes,"4,77"
8193,4,3,,,2024-07-01 10:50:42,Income,Credit Card,Computer Incomes,"18,86"
8194,4,24,,,2024-07-01 18:39:14,Income,Cash,Playstation Incomes,"5,53"
8195,5,23,,,2024-07-01 19:51:55,Income,Credit Card,Playstation Incomes,"10,81"
8196,2,24,,,2024-07-02 13:41:01,Income,Cash,Playstation Incomes,"24,65"
8197,3,12,,46.0,2024-07-02 19:26:52,Income,Cash,Member Transactions,"15,11"
8198,1,10,,,2024-07-02 20:23:06,Income,Cash,Computer Incomes,"17,49"
8199,5,15,,,2024-07-02 16:01:04,Income,Cash,Computer Incomes,"24,25"
8200,1,16,,,2024-07-02 21:31:46,Income,Cash,Computer Incomes,"27,83"
8201,5,4,,,2024-07-02 13:20:46,Income,Cash,Computer Incomes,"8,75"
8202,4,8,24.0,,2024-07-02 22:29:23,Income,Cash,Order Incomes,"10,34"
8203,2,6,,,2024-07-02 11:29:30,Income,Cash,Computer Incomes,"27,42"
8204,3,11,,,2024-07-02 21:08:48,Income,Cash,Computer Incomes,"6,75"
8205,1,5,,,2024-07-02 13:40:21,Income,Cash,Computer Incomes,"15,89"
8206,2,23,,,2024-07-02 09:40:36,Income,Credit Card,Playstation Incomes,"19,47"
8207,5,8,,,2024-07-02 19:38:48,Income,Cash,Computer Incomes,"24,64"
8208,2,2,,21.0,2024-07-02 16:22:14,Income,Credit Card,Member Transactions,"19,87"
8209,3,3,,,2024-07-02 12:07:50,Income,Cash,Computer Incomes,"32,58"
8210,3,9,,16.0,2024-07-02 10:59:15,Income,Cash,Member Transactions,"21,85"
8211,5,4,,,2024-07-02 13:06:33,Income,Cash,Computer Incomes,"34,57"
8212,3,24,,,2024-07-03 16:25:26,Income,Cash,Playstation Incomes,"13,94"
8213,3,1,,,2024-07-03 11:54:00,Income,Credit Card,Computer Incomes,"6,97"
8214,3,8,,,2024-07-03 09:33:38,Income,Cash,Computer Incomes,"17,98"
8215,5,11,,,2024-07-03 14:10:48,Income,Cash,Computer Incomes,"6,79"
8216,3,23,,,2024-07-03 10:59:55,Income,Cash,Playstation Incomes,"4,41"
8217,3,2,,22.0,2024-07-03 10:44:25,Income,Credit Card,Member Transactions,"6,24"
8218,2,24,,,2024-07-03 11:26:59,Income,Cash,Playstation Incomes,"13,21"
8219,2,23,,,2024-07-03 22:00:15,Income,Cash,Playstation Incomes,"14,31"
8220,2,24,,,2024-07-03 18:31:14,Income,Cash,Playstation Incomes,"4,04"
8221,1,10,,3.0,2024-07-03 12:15:24,Income,Cash,Member Transactions,"2,93"
8222,2,15,,,2024-07-03 19:50:20,Income,Cash,Computer Incomes,"15,77"
8223,5,23,,,2024-07-03 18:14:34,Income,Cash,Playstation Incomes,"10,82"
8224,4,8,,,2024-07-03 12:04:09,Income,Cash,Computer Incomes,"15,95"
8225,1,24,,,2024-07-03 23:21:07,Income,Cash,Playstation Incomes,"9,35"
8226,1,23,,,2024-07-03 16:21:34,Income,Credit Card,Playstation Incomes,"10,63"
8227,4,2,7.0,,2024-07-03 20:04:46,Income,Credit Card,Order Incomes,"5,31"
8228,3,6,,,2024-07-03 10:36:39,Income,Cash,Computer Incomes,"3,85"
8229,2,12,,,2024-07-04 16:20:43,Income,Cash,Computer Incomes,"8,55"
8230,3,24,,,2024-07-04 09:07:58,Income,Credit Card,Playstation Incomes,"2,70"
8231,5,23,,,2024-07-04 13:27:09,Income,Cash,Playstation Incomes,"12,59"
8232,3,24,,,2024-07-04 18:45:55,Income,Cash,Playstation Incomes,"10,50"
8233,4,14,,,2024-07-04 22:21:38,Income,Cash,Computer Incomes,"6,60"
8234,2,23,,,2024-07-04 19:00:34,Income,Cash,Playstation Incomes,"8,40"
8235,5,10,,,2024-07-04 15:05:07,Income,Cash,Computer Incomes,"10,35"
8236,2,5,,,2024-07-04 14:41:57,Income,Cash,Computer Incomes,"5,55"
8237,3,11,,,2024-07-04 22:49:25,Income,Cash,Computer Incomes,"13,19"
8238,4,8,,,2024-07-04 09:53:42,Income,Cash,Computer Incomes,"7,65"
8239,5,7,,,2024-07-04 16:50:44,Income,Cash,Computer Incomes,"3,90"
8240,4,24,,,2024-07-04 13:29:15,Income,Credit Card,Playstation Incomes,"8,25"
8241,3,23,,,2024-07-04 16:09:33,Income,Cash,Playstation Incomes,"14,53"
8242,1,4,,,2024-07-04 10:45:01,Income,Cash,Computer Incomes,"12,58"
8243,2,13,,,2024-07-04 21:16:00,Income,Cash,Computer Incomes,"8,99"
8244,2,7,10.0,,2024-07-04 12:14:11,Income,Cash,Order Incomes,"7,49"
8245,1,8,,,2024-07-04 20:10:56,Income,Credit Card,Computer Incomes,"4,79"
8246,4,1,16.0,,2024-07-04 19:58:12,Income,Cash,Order Incomes,"1,64"
8247,1,3,,,2024-07-04 12:07:39,Income,Cash,Computer Incomes,"2,09"
8248,4,1,,,2024-07-04 22:39:25,Income,Cash,Computer Incomes,"8,39"
8249,4,9,,,2024-07-04 10:06:31,Income,Cash,Computer Incomes,"14,98"
8250,3,16,,,2024-07-05 20:20:12,Income,Cash,Computer Incomes,"27,57"
8251,1,14,31.0,,2024-07-05 20:49:25,Income,Credit Card,Order Incomes,"23,12"
8252,1,3,,,2024-07-05 11:45:21,Income,Cash,Computer Incomes,"25,49"
8253,1,9,,,2024-07-05 18:58:26,Income,Cash,Computer Incomes,"24,01"
8254,5,24,,,2024-07-05 20:00:00,Income,Cash,Playstation Incomes,"29,64"
8255,5,13,,,2024-07-05 18:54:30,Income,Cash,Computer Incomes,"20,75"
8256,4,9,35.0,,2024-07-05 19:58:09,Income,Cash,Order Incomes,"24,31"
8257,5,16,,,2024-07-05 12:38:19,Income,Cash,Computer Incomes,"5,64"
8258,1,3,,,2024-07-05 12:07:09,Income,Credit Card,Computer Incomes,"9,19"
8259,4,6,4.0,,2024-07-05 18:15:15,Income,Credit Card,Order Incomes,"17,79"
8260,3,2,,,2024-07-05 14:36:19,Income,Cash,Computer Incomes,"21,93"
8261,1,8,18.0,,2024-07-05 10:51:36,Income,Cash,Order Incomes,"13,93"
8262,3,10,46.0,,2024-07-05 11:13:23,Income,Cash,Order Incomes,"10,97"
8263,2,8,,,2024-07-05 11:23:49,Income,Cash,Computer Incomes,"15,12"
8264,5,4,,,2024-07-05 13:56:45,Income,Cash,Computer Incomes,"13,34"
8265,5,6,,,2024-07-05 17:42:20,Income,Cash,Computer Incomes,"5,04"
8266,4,5,,,2024-07-05 11:37:51,Income,Credit Card,Computer Incomes,"7,41"
8267,4,12,,,2024-07-05 18:43:40,Income,Cash,Computer Incomes,"13,64"
8268,3,5,,,2024-07-05 16:38:25,Income,Credit Card,Computer Incomes,"13,03"
8269,1,16,,,2024-07-05 17:34:22,Income,Cash,Computer Incomes,"16,89"
8270,5,23,,,2024-07-05 12:11:41,Income,Cash,Playstation Incomes,"11,55"
8271,5,4,,,2024-07-05 22:30:50,Income,Credit Card,Computer Incomes,"19,26"
8272,3,4,,,2024-07-05 22:08:25,Income,Credit Card,Computer Incomes,"18,07"
8273,2,24,,,2024-07-05 23:52:13,Income,Cash,Playstation Incomes,"9,18"
8274,1,1,,,2024-07-05 16:08:01,Income,Cash,Computer Incomes,"26,67"
8275,4,23,,,2024-07-05 09:57:09,Income,Cash,Playstation Incomes,"3,85"
8276,4,24,,,2024-07-05 16:54:24,Income,Cash,Playstation Incomes,"8,59"
8277,3,2,,,2024-07-05 12:06:06,Income,Cash,Computer Incomes,"9,18"
8278,5,23,,,2024-07-05 14:33:03,Income,Cash,Playstation Incomes,"8,89"
8279,1,13,,,2024-07-05 17:49:36,Income,Credit Card,Computer Incomes,"29,33"
8280,5,4,,,2024-07-05 10:41:43,Income,Cash,Computer Incomes,"5,92"
8281,4,4,36.0,,2024-07-05 17:51:36,Income,Credit Card,Order Incomes,"27,26"
8282,4,11,,,2024-07-05 19:31:25,Income,Credit Card,Computer Incomes,"25,18"
8283,2,5,,,2024-07-05 17:39:00,Income,Cash,Computer Incomes,"4,14"
8284,4,3,19.0,,2024-07-05 11:56:55,Income,Cash,Order Incomes,"5,92"
8285,2,11,,,2024-07-06 20:49:43,Income,Cash,Computer Incomes,"10,66"
8286,3,1,,,2024-07-06 22:57:38,Income,Credit Card,Computer Incomes,"5,77"
8287,1,5,37.0,,2024-07-06 13:58:47,Income,Cash,Order Incomes,"6,00"
8288,3,2,,,2024-07-06 20:20:41,Income,Cash,Computer Incomes,"21,97"
8289,3,11,,,2024-07-06 21:29:06,Income,Cash,Computer Incomes,"16,20"
8290,4,24,,,2024-07-06 23:46:17,Income,Credit Card,Playstation Incomes,"11,99"
8291,4,6,,,2024-07-06 23:49:17,Income,Cash,Computer Incomes,"12,21"
8292,2,1,,,2024-07-06 11:34:52,Income,Cash,Computer Incomes,"15,31"
8293,2,23,,,2024-07-06 09:29:21,Income,Credit Card,Playstation Incomes,"21,53"
8294,1,12,,,2024-07-06 10:59:14,Income,Cash,Computer Incomes,"15,54"
8295,1,24,,,2024-07-06 13:15:40,Income,Cash,Playstation Incomes,"10,43"
8296,4,7,,,2024-07-06 15:08:02,Income,Cash,Computer Incomes,"19,09"
8297,4,23,,,2024-07-06 20:48:57,Income,Cash,Playstation Incomes,"19,53"
8298,1,5,,,2024-07-06 19:33:21,Income,Cash,Computer Incomes,"3,56"
8299,1,7,,,2024-07-06 10:13:11,Income,Cash,Computer Incomes,"6,22"
8300,1,14,,51.0,2024-07-06 09:45:10,Income,Cash,Member Transactions,"13,98"
8301,4,15,,,2024-07-06 14:00:22,Income,Cash,Computer Incomes,"6,44"
8302,3,6,,,2024-07-06 13:02:14,Income,Cash,Computer Incomes,"15,31"
8303,4,16,,,2024-07-06 10:49:37,Income,Credit Card,Computer Incomes,"15,31"
8304,4,24,,,2024-07-06 16:38:00,Income,Credit Card,Playstation Incomes,"3,55"
8305,3,6,,,2024-07-06 21:50:49,Income,Cash,Computer Incomes,"13,75"
8306,2,3,,,2024-07-06 23:00:06,Income,Cash,Computer Incomes,"11,31"
8307,2,23,,,2024-07-06 12:50:24,Income,Cash,Playstation Incomes,"13,09"
8308,3,24,,,2024-07-06 14:20:36,Income,Cash,Playstation Incomes,"2,66"
8309,3,2,9.0,,2024-07-06 22:22:10,Income,Credit Card,Order Incomes,"17,97"
8310,5,16,,,2024-07-06 15:07:00,Income,Cash,Computer Incomes,"21,52"
8311,2,14,,,2024-07-06 12:23:40,Income,Cash,Computer Incomes,"11,53"
8312,3,9,,,2024-07-06 15:20:50,Income,Credit Card,Computer Incomes,"11,53"
8313,2,6,,,2024-07-06 22:22:13,Income,Cash,Computer Incomes,"4,43"
8314,3,4,,13.0,2024-07-06 19:35:31,Income,Cash,Member Transactions,"14,86"
8315,2,3,,,2024-07-06 13:34:23,Income,Cash,Computer Incomes,"11,09"
8316,4,4,47.0,,2024-07-06 18:43:58,Income,Cash,Order Incomes,"16,41"
8317,3,23,,,2024-07-06 15:49:58,Income,Cash,Playstation Incomes,"3,55"
8318,5,24,,,2024-07-06 22:53:53,Income,Credit Card,Playstation Incomes,"17,97"
8319,2,13,,,2024-07-06 23:33:57,Income,Cash,Computer Incomes,"15,30"
8320,3,1,,,2024-07-06 21:53:23,Income,Cash,Computer Incomes,"17,08"
8321,4,16,,19.0,2024-07-06 20:37:27,Income,Cash,Member Transactions,"12,64"
8322,1,5,,,2024-07-06 18:59:30,Income,Cash,Computer Incomes,"21,96"
8323,2,23,,,2024-07-06 14:41:36,Income,Credit Card,Playstation Incomes,"13,31"
8324,5,5,,,2024-07-06 19:28:20,Income,Cash,Computer Incomes,"20,19"
8325,1,24,,,2024-07-06 18:34:17,Income,Cash,Playstation Incomes,"4,21"
8326,4,23,,,2024-07-06 13:36:32,Income,Cash,Playstation Incomes,"21,52"
8327,1,24,,,2024-07-06 16:02:46,Income,Cash,Playstation Incomes,"8,87"
8328,1,3,,,2024-07-07 22:19:55,Income,Cash,Computer Incomes,"35,11"
8329,4,5,37.0,,2024-07-07 16:41:40,Income,Cash,Order Incomes,"5,97"
8330,4,8,40.0,,2024-07-07 23:21:45,Income,Cash,Order Incomes,"3,87"
8331,2,23,,,2024-07-07 17:02:31,Income,Cash,Playstation Incomes,"31,60"
8332,3,2,,33.0,2024-07-07 23:53:55,Income,Cash,Member Transactions,"3,87"
8333,2,24,,,2024-07-07 13:42:14,Income,Cash,Playstation Incomes,"12,29"
8334,4,23,,,2024-07-07 18:34:55,Income,Cash,Playstation Incomes,"25,63"
8335,2,5,32.0,,2024-07-07 11:05:47,Income,Credit Card,Order Incomes,"15,45"
8336,3,16,,,2024-07-07 14:55:42,Income,Cash,Computer Incomes,"33,71"
8337,3,6,,,2024-07-07 12:06:51,Income,Cash,Computer Incomes,"17,56"
8338,2,8,,,2024-07-07 09:09:28,Income,Cash,Computer Incomes,"31,95"
8339,3,24,,,2024-07-07 15:38:45,Income,Cash,Playstation Incomes,"22,46"
8340,1,15,,,2024-07-07 21:48:36,Income,Cash,Computer Incomes,"20,00"
8341,4,3,,,2024-07-07 17:55:30,Income,Cash,Computer Incomes,"15,09"
8342,3,16,,,2024-07-07 16:14:06,Income,Cash,Computer Incomes,"29,13"
8343,2,3,,,2024-07-07 21:30:00,Income,Cash,Computer Incomes,"13,33"
8344,4,11,,,2024-07-07 20:53:50,Income,Cash,Computer Incomes,"8,07"
8345,3,14,,,2024-07-07 16:55:59,Income,Cash,Computer Incomes,"16,49"
8346,5,5,45.0,,2024-07-07 17:20:42,Income,Cash,Order Incomes,"18,95"
8347,4,23,,,2024-07-08 13:35:58,Income,Cash,Playstation Incomes,"15,95"
8348,1,2,,,2024-07-08 21:15:28,Income,Cash,Computer Incomes,"3,92"
8349,3,7,,,2024-07-08 22:13:26,Income,Cash,Computer Incomes,"5,04"
8350,2,16,6.0,,2024-07-08 16:35:22,Income,Cash,Order Incomes,"20,71"
8351,1,7,,,2024-07-08 13:43:57,Income,Cash,Computer Incomes,"3,64"
8352,4,24,,,2024-07-08 09:09:00,Income,Credit Card,Playstation Incomes,"24,90"
8353,2,23,,,2024-07-08 20:34:47,Income,Credit Card,Playstation Incomes,"7,28"
8354,1,24,,,2024-07-08 11:42:39,Income,Cash,Playstation Incomes,"5,88"
8355,2,11,32.0,,2024-07-08 09:52:33,Income,Cash,Order Incomes,"26,02"
8356,1,23,,,2024-07-08 19:07:42,Income,Cash,Playstation Incomes,"8,67"
8357,5,11,,,2024-07-08 14:31:50,Income,Cash,Computer Incomes,"8,67"
8358,4,3,43.0,,2024-07-08 19:38:00,Income,Cash,Order Incomes,"15,10"
8359,5,8,19.0,,2024-07-08 21:24:37,Income,Cash,Order Incomes,"26,29"
8360,3,24,,,2024-07-08 22:10:52,Income,Cash,Playstation Incomes,"8,11"
8361,2,23,,,2024-07-08 09:59:27,Income,Credit Card,Playstation Incomes,"12,86"
8362,4,24,,,2024-07-08 15:37:15,Income,Cash,Playstation Incomes,"8,39"
8363,2,7,,,2024-07-08 18:44:13,Income,Cash,Computer Incomes,"22,93"
8364,5,12,,,2024-07-08 19:14:17,Income,Credit Card,Computer Incomes,"21,81"
8365,3,13,,33.0,2024-07-08 17:40:30,Income,Cash,Member Transactions,"23,21"
8366,3,1,,,2024-07-09 20:58:35,Income,Cash,Computer Incomes,"35,85"
8367,2,23,,,2024-07-09 18:56:26,Income,Cash,Playstation Incomes,"10,06"
8368,5,9,,,2024-07-09 21:44:40,Income,Cash,Computer Incomes,"34,10"
8369,1,24,,,2024-07-09 23:25:58,Income,Credit Card,Playstation Incomes,"35,85"
8370,5,23,,,2024-07-09 15:16:33,Income,Cash,Playstation Incomes,"4,38"
8371,1,24,,,2024-07-09 21:57:51,Income,Cash,Playstation Incomes,"36,29"
8372,5,4,,,2024-07-09 13:31:05,Income,Cash,Computer Incomes,"24,05"
8373,2,10,,,2024-07-09 10:35:08,Income,Cash,Computer Incomes,"5,24"
8374,1,6,13.0,,2024-07-09 10:14:20,Income,Cash,Order Incomes,"15,30"
8375,5,14,,23.0,2024-07-09 10:22:15,Income,Cash,Member Transactions,"42,84"
8376,2,6,,,2024-07-09 23:38:58,Income,Cash,Computer Incomes,"17,92"
8377,3,23,,,2024-07-09 15:09:54,Income,Cash,Playstation Incomes,"21,85"
8378,3,24,,,2024-07-09 09:32:04,Income,Cash,Playstation Incomes,"22,73"
8379,3,8,,,2024-07-09 21:22:05,Income,Cash,Computer Incomes,"32,34"
8380,1,11,,,2024-07-09 16:38:09,Income,Cash,Computer Incomes,"4,80"
8381,5,4,,,2024-07-10 15:36:00,Income,Credit Card,Computer Incomes,"9,81"
8382,3,7,10.0,,2024-07-10 16:38:34,Income,Cash,Order Incomes,"12,78"
8383,4,10,,,2024-07-10 23:51:16,Income,Cash,Computer Incomes,"2,53"
8384,5,11,,,2024-07-10 17:14:28,Income,Cash,Computer Incomes,"14,86"
8385,2,10,,,2024-07-10 16:56:04,Income,Cash,Computer Incomes,"4,17"
8386,4,13,,,2024-07-10 23:24:22,Income,Cash,Computer Incomes,"6,84"
8387,3,23,,,2024-07-10 15:06:57,Income,Cash,Playstation Incomes,"4,31"
8388,3,3,,51.0,2024-07-10 16:10:36,Income,Cash,Member Transactions,"1,64"
8389,3,13,,,2024-07-10 23:58:00,Income,Cash,Computer Incomes,"2,68"
8390,2,4,,,2024-07-10 12:25:07,Income,Cash,Computer Incomes,"9,81"
8391,1,13,,,2024-07-10 17:29:34,Income,Cash,Computer Incomes,"14,42"
8392,5,24,,,2024-07-10 13:44:44,Income,Cash,Playstation Incomes,"7,43"
8393,4,16,,27.0,2024-07-10 19:51:58,Income,Cash,Member Transactions,"4,30"
8394,2,1,,,2024-07-10 22:27:55,Income,Cash,Computer Incomes,"6,38"
8395,4,10,,,2024-07-10 16:31:32,Income,Cash,Computer Incomes,"9,21"
8396,5,11,41.0,,2024-07-10 19:55:55,Income,Cash,Order Incomes,"2,37"
8397,5,15,,,2024-07-10 09:59:32,Income,Cash,Computer Incomes,"3,12"
8398,1,11,,,2024-07-10 21:03:46,Income,Credit Card,Computer Incomes,"13,96"
8399,3,23,,,2024-07-10 09:05:01,Income,Credit Card,Playstation Incomes,"7,87"
8400,2,14,,,2024-07-10 20:07:55,Income,Cash,Computer Incomes,"6,98"
8401,4,10,,,2024-07-10 15:20:58,Income,Cash,Computer Incomes,"11,73"
8402,4,3,27.0,,2024-07-11 16:14:02,Income,Cash,Order Incomes,"23,83"
8403,5,12,39.0,,2024-07-11 19:50:01,Income,Cash,Order Incomes,"15,00"
8404,1,1,,,2024-07-11 21:45:48,Income,Credit Card,Computer Incomes,"26,78"
8405,3,6,40.0,,2024-07-11 14:21:43,Income,Cash,Order Incomes,"25,17"
8406,3,24,,,2024-07-11 21:57:53,Income,Cash,Playstation Incomes,"16,07"
8407,3,23,,,2024-07-11 18:42:05,Income,Credit Card,Playstation Incomes,"21,96"
8408,5,8,48.0,,2024-07-11 19:11:17,Income,Cash,Order Incomes,"24,10"
8409,5,3,,,2024-07-11 13:25:52,Income,Cash,Computer Incomes,"7,22"
8410,1,16,,,2024-07-11 13:21:29,Income,Cash,Computer Incomes,"26,77"
8411,1,24,,,2024-07-11 22:08:01,Income,Cash,Playstation Incomes,"4,55"
8412,2,23,,,2024-07-11 14:04:22,Income,Cash,Playstation Incomes,"25,70"
8413,1,2,43.0,,2024-07-11 19:04:00,Income,Cash,Order Incomes,"9,90"
8414,5,4,,,2024-07-11 15:11:38,Income,Cash,Computer Incomes,"16,06"
8415,1,12,,,2024-07-11 14:39:23,Income,Cash,Computer Incomes,"23,02"
8416,3,14,24.0,,2024-07-12 19:04:29,Income,Cash,Order Incomes,"14,62"
8417,3,11,38.0,,2024-07-12 10:40:04,Income,Cash,Order Incomes,"14,62"
8418,4,3,,60.0,2024-07-12 19:06:36,Income,Credit Card,Member Transactions,"13,52"
8419,3,7,,,2024-07-12 10:56:30,Income,Cash,Computer Incomes,"16,45"
8420,5,24,,,2024-07-12 13:04:13,Income,Cash,Playstation Incomes,"6,58"
8421,3,2,,,2024-07-12 09:14:05,Income,Cash,Computer Incomes,"14,07"
8422,3,23,,,2024-07-12 10:40:39,Income,Cash,Playstation Incomes,"8,04"
8423,4,14,,,2024-07-12 14:13:07,Income,Cash,Computer Incomes,"14,44"
8424,2,8,,,2024-07-12 21:50:44,Income,Cash,Computer Incomes,"8,04"
8425,5,6,,,2024-07-12 13:32:30,Income,Cash,Computer Incomes,"14,80"
8426,5,24,,,2024-07-12 17:39:21,Income,Cash,Playstation Incomes,"7,86"
8427,2,13,7.0,,2024-07-12 15:46:25,Income,Cash,Order Incomes,"15,53"
8428,3,15,9.0,,2024-07-12 21:14:01,Income,Cash,Order Incomes,"17,36"
8429,4,13,,,2024-07-12 22:26:05,Income,Cash,Computer Incomes,"12,98"
8430,2,11,,,2024-07-12 15:30:41,Income,Cash,Computer Incomes,"8,04"
8431,3,16,,,2024-07-12 10:57:59,Income,Cash,Computer Incomes,"14,07"
8432,3,15,42.0,,2024-07-12 18:29:14,Income,Credit Card,Order Incomes,"4,02"
8433,5,23,,,2024-07-12 20:29:22,Income,Credit Card,Playstation Incomes,"17,73"
8434,2,24,,,2024-07-12 20:58:01,Income,Cash,Playstation Incomes,"11,15"
8435,5,3,,,2024-07-12 09:01:18,Income,Cash,Computer Incomes,"1,83"
8436,1,23,,,2024-07-12 18:16:00,Income,Cash,Playstation Incomes,"7,68"
8437,5,3,,,2024-07-12 10:52:22,Income,Cash,Computer Incomes,"10,59"
8438,3,13,,,2024-07-12 15:52:45,Income,Cash,Computer Incomes,"11,32"
8439,2,15,,,2024-07-12 22:57:30,Income,Cash,Computer Incomes,"16,80"
8440,4,9,,,2024-07-12 20:11:07,Income,Cash,Computer Incomes,"8,40"
8441,5,13,,,2024-07-12 20:26:35,Income,Cash,Computer Incomes,"8,95"
8442,3,24,,,2024-07-12 11:41:25,Income,Cash,Playstation Incomes,"11,69"
8443,1,15,,,2024-07-12 12:19:10,Income,Cash,Computer Incomes,"2,37"
8444,3,13,,,2024-07-12 17:17:18,Income,Cash,Computer Incomes,"6,75"
8445,3,1,,,2024-07-12 13:50:15,Income,Cash,Computer Incomes,"6,75"
8446,4,4,,,2024-07-12 13:50:17,Income,Cash,Computer Incomes,"4,56"
8447,1,23,,,2024-07-12 12:15:59,Income,Cash,Playstation Incomes,"10,41"
8448,3,5,,,2024-07-12 20:12:31,Income,Cash,Computer Incomes,"16,25"
8449,1,6,,,2024-07-12 12:13:51,Income,Cash,Computer Incomes,"13,33"
8450,3,8,,,2024-07-12 14:43:51,Income,Cash,Computer Incomes,"3,47"
8451,5,24,,,2024-07-12 19:32:12,Income,Cash,Playstation Incomes,"10,04"
8452,4,11,,,2024-07-12 10:49:56,Income,Cash,Computer Incomes,"2,19"
8453,5,7,,,2024-07-12 12:41:40,Income,Cash,Computer Incomes,"2,00"
8454,1,13,,,2024-07-13 09:26:03,Income,Cash,Computer Incomes,"4,87"
8455,4,8,,,2024-07-13 20:55:49,Income,Cash,Computer Incomes,"16,91"
8456,2,23,,,2024-07-13 15:27:55,Income,Cash,Playstation Incomes,"9,30"
8457,3,7,42.0,,2024-07-13 11:40:05,Income,Credit Card,Order Incomes,"11,00"
8458,5,14,,,2024-07-13 16:10:49,Income,Cash,Computer Incomes,"18,60"
8459,5,24,,,2024-07-13 17:14:45,Income,Cash,Playstation Incomes,"9,94"
8460,4,23,,,2024-07-13 23:22:38,Income,Cash,Playstation Incomes,"14,59"
8461,1,5,,,2024-07-13 21:58:18,Income,Credit Card,Computer Incomes,"17,34"
8462,1,15,,,2024-07-13 20:02:01,Income,Cash,Computer Incomes,"9,94"
8463,2,24,,,2024-07-13 18:14:11,Income,Cash,Playstation Incomes,"4,87"
8464,4,7,,,2024-07-13 11:05:53,Income,Cash,Computer Incomes,"19,45"
8465,3,6,,,2024-07-13 11:56:57,Income,Cash,Computer Incomes,"16,91"
8466,2,8,,,2024-07-13 10:01:59,Income,Cash,Computer Incomes,"16,07"
8467,1,5,33.0,,2024-07-13 22:45:35,Income,Cash,Order Incomes,"7,19"
8468,1,15,,,2024-07-13 12:36:03,Income,Cash,Computer Incomes,"10,78"
8469,1,3,,,2024-07-13 15:28:18,Income,Cash,Computer Incomes,"12,90"
8470,4,9,4.0,,2024-07-13 15:55:47,Income,Cash,Order Incomes,"11,00"
8471,1,13,,,2024-07-13 21:14:43,Income,Credit Card,Computer Incomes,"7,61"
8472,5,10,,,2024-07-13 13:18:17,Income,Cash,Computer Incomes,"4,65"
8473,2,8,,,2024-07-13 22:44:15,Income,Cash,Computer Incomes,"17,34"
8474,4,8,,,2024-07-13 11:30:20,Income,Cash,Computer Incomes,"7,19"
8475,3,5,41.0,,2024-07-13 17:09:29,Income,Cash,Order Incomes,"6,55"
8476,4,6,,,2024-07-13 21:16:41,Income,Cash,Computer Incomes,"18,38"
8477,2,1,49.0,,2024-07-13 22:56:24,Income,Cash,Order Incomes,"15,42"
8478,3,1,,,2024-07-13 21:24:19,Income,Credit Card,Computer Incomes,"8,03"
8479,2,23,,,2024-07-13 09:10:33,Income,Cash,Playstation Incomes,"12,25"
8480,5,14,3.0,,2024-07-13 22:58:04,Income,Cash,Order Incomes,"16,90"
8481,2,24,,,2024-07-13 13:22:41,Income,Cash,Playstation Incomes,"12,89"
8482,3,8,,,2024-07-13 12:04:32,Income,Cash,Computer Incomes,"6,97"
8483,5,11,,,2024-07-13 12:22:51,Income,Credit Card,Computer Incomes,"17,96"
8484,2,23,,,2024-07-13 16:17:43,Income,Cash,Playstation Incomes,"19,44"
8485,5,1,,,2024-07-13 16:52:55,Income,Cash,Computer Incomes,"16,69"
8486,4,3,,,2024-07-13 23:37:54,Income,Cash,Computer Incomes,"10,35"
8487,3,10,,,2024-07-13 19:19:33,Income,Credit Card,Computer Incomes,"17,96"
8488,3,1,1.0,,2024-07-13 18:09:53,Income,Credit Card,Order Incomes,"19,65"
8489,5,9,,,2024-07-13 13:50:21,Income,Cash,Computer Incomes,"8,87"
8490,2,8,23.0,,2024-07-13 22:59:50,Income,Cash,Order Incomes,"7,60"
8491,5,1,13.0,,2024-07-13 20:05:47,Income,Cash,Order Incomes,"11,83"
8492,4,1,,,2024-07-13 10:35:52,Income,Cash,Computer Incomes,"20,07"
8493,4,24,,,2024-07-13 23:01:25,Income,Cash,Playstation Incomes,"11,20"
8494,1,14,,16.0,2024-07-13 19:38:42,Income,Credit Card,Member Transactions,"17,75"
8495,5,8,,,2024-07-14 16:31:48,Income,Cash,Computer Incomes,"17,50"
8496,1,7,,,2024-07-14 13:38:20,Income,Cash,Computer Incomes,"18,64"
8497,2,4,,,2024-07-14 12:07:20,Income,Credit Card,Computer Incomes,"14,32"
8498,2,23,,,2024-07-14 22:02:20,Income,Cash,Playstation Incomes,"16,37"
8499,5,11,,,2024-07-14 18:44:28,Income,Credit Card,Computer Incomes,"16,59"
8500,1,10,8.0,,2024-07-14 09:48:27,Income,Cash,Order Incomes,"14,78"
8501,4,12,,29.0,2024-07-14 23:09:00,Income,Credit Card,Member Transactions,"21,13"
8502,5,14,37.0,,2024-07-14 13:04:54,Income,Credit Card,Order Incomes,"18,86"
8503,5,14,12.0,,2024-07-14 12:53:32,Income,Cash,Order Incomes,"8,63"
8504,2,11,,,2024-07-14 23:48:20,Income,Credit Card,Computer Incomes,"21,36"
8505,1,9,,,2024-07-14 23:46:11,Income,Cash,Computer Incomes,"6,58"
8506,5,9,,58.0,2024-07-14 10:13:41,Income,Cash,Member Transactions,"17,49"
8507,5,13,44.0,,2024-07-14 19:46:35,Income,Credit Card,Order Incomes,"17,95"
8508,1,7,26.0,,2024-07-14 16:04:24,Income,Credit Card,Order Incomes,"15,22"
8509,1,16,,66.0,2024-07-15 16:19:14,Income,Cash,Member Transactions,"25,01"
8510,1,7,,,2024-07-15 09:29:26,Income,Cash,Computer Incomes,"18,19"
8511,1,24,,,2024-07-15 22:31:00,Income,Cash,Playstation Incomes,"36,76"
8512,3,3,,25.0,2024-07-15 12:37:55,Income,Cash,Member Transactions,"19,71"
8513,2,23,,,2024-07-15 19:38:41,Income,Cash,Playstation Incomes,"20,84"
8514,1,13,,,2024-07-15 13:59:37,Income,Credit Card,Computer Incomes,"12,89"
8515,2,24,,,2024-07-15 19:33:58,Income,Cash,Playstation Incomes,"10,99"
8516,3,11,3.0,,2024-07-15 18:25:38,Income,Cash,Order Incomes,"16,30"
8517,5,6,,45.0,2024-07-15 19:28:09,Income,Credit Card,Member Transactions,"32,59"
8518,3,13,,27.0,2024-07-15 21:32:30,Income,Cash,Member Transactions,"10,60"
8519,3,23,,,2024-07-15 10:37:49,Income,Cash,Playstation Incomes,"37,13"
8520,3,15,22.0,,2024-07-15 16:56:44,Income,Cash,Order Incomes,"36,75"
8521,2,6,11.0,,2024-07-15 17:53:52,Income,Cash,Order Incomes,"10,22"
8522,1,11,,,2024-07-15 20:39:14,Income,Cash,Computer Incomes,"14,77"
8523,5,1,26.0,,2024-07-15 09:26:25,Income,Cash,Order Incomes,"23,86"
8524,5,9,,,2024-07-15 23:57:30,Income,Cash,Computer Incomes,"20,83"
8525,2,24,,,2024-07-15 13:25:09,Income,Cash,Playstation Incomes,"6,06"
8526,4,13,,,2024-07-15 10:16:13,Income,Cash,Computer Incomes,"16,67"
8527,5,11,,,2024-07-15 14:26:43,Income,Cash,Computer Incomes,"12,88"
8528,3,15,8.0,,2024-07-16 21:15:08,Income,Cash,Order Incomes,"7,18"
8529,2,9,,,2024-07-16 22:35:16,Income,Cash,Computer Incomes,"10,23"
8530,2,23,,,2024-07-16 09:51:27,Income,Cash,Playstation Incomes,"7,72"
8531,3,2,,,2024-07-16 12:35:44,Income,Cash,Computer Incomes,"7,00"
8532,1,16,,,2024-07-16 22:04:43,Income,Cash,Computer Incomes,"10,05"
8533,2,4,,,2024-07-16 16:59:30,Income,Cash,Computer Incomes,"10,23"
8534,1,14,,,2024-07-16 14:41:37,Income,Cash,Computer Incomes,"3,41"
8535,1,5,,,2024-07-16 15:05:25,Income,Cash,Computer Incomes,"2,52"
8536,1,14,26.0,,2024-07-16 16:33:40,Income,Credit Card,Order Incomes,"10,95"
8537,1,1,,,2024-07-16 22:39:56,Income,Credit Card,Computer Incomes,"6,46"
8538,2,24,,,2024-07-16 12:53:28,Income,Cash,Playstation Incomes,"3,94"
8539,2,23,,,2024-07-16 22:30:58,Income,Cash,Playstation Incomes,"12,73"
8540,3,1,,,2024-07-16 23:34:56,Income,Cash,Computer Incomes,"8,25"
8541,4,12,13.0,,2024-07-16 20:17:24,Income,Cash,Order Incomes,"17,76"
8542,1,12,,,2024-07-16 16:15:20,Income,Cash,Computer Incomes,"7,17"
8543,5,7,,,2024-07-16 10:24:32,Income,Cash,Computer Incomes,"3,76"
8544,2,10,,,2024-07-16 15:26:00,Income,Cash,Computer Incomes,"14,35"
8545,4,24,,,2024-07-16 11:03:48,Income,Cash,Playstation Incomes,"13,99"
8546,1,10,,,2024-07-17 19:40:22,Income,Cash,Computer Incomes,"3,30"
8547,1,23,,,2024-07-17 09:40:04,Income,Cash,Playstation Incomes,"12,18"
8548,1,16,,,2024-07-17 13:44:02,Income,Credit Card,Computer Incomes,"10,91"
8549,3,4,40.0,,2024-07-17 18:43:46,Income,Credit Card,Order Incomes,"24,61"
8550,5,9,,,2024-07-17 18:42:46,Income,Credit Card,Computer Incomes,"8,63"
8551,3,24,,,2024-07-17 16:10:17,Income,Cash,Playstation Incomes,"19,79"
8552,1,10,,,2024-07-17 18:12:57,Income,Cash,Computer Incomes,"24,36"
8553,1,1,,,2024-07-17 18:51:47,Income,Cash,Computer Incomes,"7,87"
8554,4,10,5.0,,2024-07-17 22:53:20,Income,Cash,Order Incomes,"5,08"
8555,2,13,,,2024-07-17 14:06:21,Income,Cash,Computer Incomes,"8,12"
8556,4,23,,,2024-07-17 13:49:30,Income,Cash,Playstation Incomes,"20,05"
8557,2,24,,,2024-07-17 22:37:58,Income,Cash,Playstation Incomes,"3,29"
8558,5,9,,,2024-07-17 17:17:25,Income,Cash,Computer Incomes,"8,37"
8559,1,23,,,2024-07-17 14:43:40,Income,Cash,Playstation Incomes,"11,66"
8560,2,2,,34.0,2024-07-17 19:22:35,Income,Cash,Member Transactions,"14,20"
8561,5,16,29.0,,2024-07-17 17:40:25,Income,Cash,Order Incomes,"4,31"
8562,5,7,,7.0,2024-07-17 19:05:08,Income,Cash,Member Transactions,"7,86"
8563,5,24,,,2024-07-17 12:20:55,Income,Cash,Playstation Incomes,"23,33"
8564,2,23,,,2024-07-17 16:58:07,Income,Cash,Playstation Incomes,"24,35"
8565,5,6,5.0,,2024-07-17 23:52:27,Income,Cash,Order Incomes,"9,13"
8566,3,24,,,2024-07-17 18:33:39,Income,Cash,Playstation Incomes,"7,35"
8567,5,7,7.0,,2024-07-17 21:12:48,Income,Cash,Order Incomes,"2,79"
8568,5,7,,55.0,2024-07-18 20:08:20,Income,Cash,Member Transactions,"3,80"
8569,2,23,,,2024-07-18 14:16:03,Income,Cash,Playstation Incomes,"21,53"
8570,2,7,,,2024-07-18 11:54:45,Income,Cash,Computer Incomes,"25,33"
8571,4,4,,,2024-07-18 21:22:12,Income,Cash,Computer Incomes,"21,53"
8572,4,12,,,2024-07-18 09:09:46,Income,Cash,Computer Incomes,"21,21"
8573,2,14,,,2024-07-18 18:11:55,Income,Cash,Computer Incomes,"29,45"
8574,4,5,,,2024-07-18 13:02:24,Income,Cash,Computer Incomes,"18,37"
8575,3,4,,60.0,2024-07-18 19:20:02,Income,Cash,Member Transactions,"14,88"
8576,3,15,,,2024-07-18 11:00:30,Income,Cash,Computer Incomes,"9,49"
8577,1,24,,,2024-07-18 23:02:51,Income,Cash,Playstation Incomes,"30,07"
8578,2,6,,,2024-07-18 23:22:28,Income,Cash,Computer Incomes,"3,79"
8579,5,16,,30.0,2024-07-18 18:04:12,Income,Cash,Member Transactions,"22,79"
8580,4,23,,,2024-07-18 16:58:32,Income,Cash,Playstation Incomes,"18,36"
8581,4,11,15.0,,2024-07-18 15:25:40,Income,Cash,Order Incomes,"5,38"
8582,2,24,,,2024-07-18 23:09:51,Income,Cash,Playstation Incomes,"6,01"
8583,5,12,,,2024-07-18 20:44:59,Income,Cash,Computer Incomes,"26,90"
8584,3,5,,,2024-07-19 17:12:24,Income,Cash,Computer Incomes,"14,44"
8585,5,23,,,2024-07-19 10:38:22,Income,Cash,Playstation Incomes,"15,52"
8586,4,24,,,2024-07-19 13:19:33,Income,Credit Card,Playstation Incomes,"10,47"
8587,1,23,,,2024-07-19 20:44:00,Income,Credit Card,Playstation Incomes,"6,14"
8588,1,24,,,2024-07-19 10:22:03,Income,Cash,Playstation Incomes,"3,07"
8589,1,23,,,2024-07-19 19:51:01,Income,Cash,Playstation Incomes,"7,76"
8590,4,2,,,2024-07-19 20:21:10,Income,Cash,Computer Incomes,"3,25"
8591,3,6,,,2024-07-19 14:31:17,Income,Cash,Computer Incomes,"7,22"
8592,3,24,,,2024-07-19 10:28:09,Income,Cash,Playstation Incomes,"15,16"
8593,3,16,1.0,,2024-07-19 15:55:23,Income,Cash,Order Incomes,"11,55"
8594,3,7,,,2024-07-19 10:45:55,Income,Cash,Computer Incomes,"9,21"
8595,5,3,,,2024-07-19 13:31:01,Income,Cash,Computer Incomes,"11,01"
8596,3,4,,,2024-07-19 10:20:15,Income,Cash,Computer Incomes,"11,91"
8597,3,10,,16.0,2024-07-19 13:40:34,Income,Cash,Member Transactions,"7,58"
8598,2,14,,,2024-07-19 11:03:50,Income,Cash,Computer Incomes,"17,87"
8599,3,2,2.0,,2024-07-19 14:13:10,Income,Cash,Order Incomes,"7,40"
8600,3,1,,,2024-07-19 17:09:24,Income,Credit Card,Computer Incomes,"17,69"
8601,5,1,,,2024-07-19 21:58:59,Income,Cash,Computer Incomes,"3,25"
8602,2,8,,,2024-07-19 12:36:08,Income,Cash,Computer Incomes,"5,60"
8603,4,23,,,2024-07-19 18:07:28,Income,Cash,Playstation Incomes,"1,81"
8604,1,6,,,2024-07-19 10:00:16,Income,Credit Card,Computer Incomes,"6,49"
8605,4,14,,,2024-07-19 15:36:32,Income,Credit Card,Computer Incomes,"14,79"
8606,5,9,31.0,,2024-07-19 19:09:53,Income,Cash,Order Incomes,"7,75"
8607,2,13,,,2024-07-19 11:40:54,Income,Cash,Computer Incomes,"9,20"
8608,2,5,,,2024-07-19 14:11:40,Income,Cash,Computer Incomes,"11,36"
8609,5,2,,,2024-07-19 19:51:34,Income,Cash,Computer Incomes,"14,79"
8610,4,12,,,2024-07-19 19:36:38,Income,Cash,Computer Incomes,"11,54"
8611,1,24,,,2024-07-19 18:31:29,Income,Credit Card,Playstation Incomes,"7,21"
8612,5,14,,,2024-07-19 12:23:27,Income,Cash,Computer Incomes,"11,72"
8613,4,11,,20.0,2024-07-19 16:05:03,Income,Credit Card,Member Transactions,"18,04"
8614,1,23,,,2024-07-19 09:24:18,Income,Cash,Playstation Incomes,"4,69"
8615,4,14,,,2024-07-19 14:40:38,Income,Cash,Computer Incomes,"8,30"
8616,5,7,,,2024-07-19 16:07:47,Income,Cash,Computer Incomes,"8,84"
8617,4,9,,,2024-07-20 22:32:59,Income,Cash,Computer Incomes,"3,81"
8618,5,13,,,2024-07-20 23:15:05,Income,Cash,Computer Incomes,"19,66"
8619,1,12,48.0,,2024-07-20 15:26:56,Income,Cash,Order Incomes,"30,45"
8620,2,13,,,2024-07-20 15:18:50,Income,Cash,Computer Incomes,"31,71"
8621,4,4,,,2024-07-20 09:55:19,Income,Cash,Computer Incomes,"24,42"
8622,2,24,,,2024-07-20 10:00:13,Income,Cash,Playstation Incomes,"28,86"
8623,3,7,,52.0,2024-07-20 16:22:07,Income,Cash,Member Transactions,"30,45"
8624,2,23,,,2024-07-20 14:52:40,Income,Cash,Playstation Incomes,"17,76"
8625,4,6,,,2024-07-20 11:53:06,Income,Cash,Computer Incomes,"20,30"
8626,2,9,,,2024-07-20 23:10:15,Income,Cash,Computer Incomes,"17,13"
8627,4,24,,,2024-07-20 16:17:53,Income,Cash,Playstation Incomes,"26,96"
8628,2,15,,,2024-07-20 21:11:51,Income,Cash,Computer Incomes,"19,35"
8629,5,9,,,2024-07-20 12:47:44,Income,Cash,Computer Incomes,"6,35"
8630,5,5,36.0,,2024-07-20 19:34:39,Income,Cash,Order Incomes,"19,97"
8631,3,12,,,2024-07-20 12:21:22,Income,Credit Card,Computer Incomes,"25,36"
8632,3,23,,,2024-07-20 19:15:48,Income,Cash,Playstation Incomes,"13,00"
8633,3,15,3.0,,2024-07-20 22:06:24,Income,Cash,Order Incomes,"8,87"
8634,1,2,,,2024-07-20 10:30:17,Income,Cash,Computer Incomes,"25,36"
8635,1,6,,,2024-07-20 20:56:44,Income,Cash,Computer Incomes,"22,19"
8636,2,7,,,2024-07-20 16:23:25,Income,Cash,Computer Incomes,"26,00"
8637,5,24,,,2024-07-20 16:31:51,Income,Cash,Playstation Incomes,"7,92"
8638,5,6,,,2024-07-20 15:13:45,Income,Credit Card,Computer Incomes,"19,02"
8639,4,23,,,2024-07-20 16:27:39,Income,Cash,Playstation Incomes,"30,12"
8640,1,24,,,2024-07-20 18:43:41,Income,Cash,Playstation Incomes,"30,44"
8641,4,23,,,2024-07-20 19:37:26,Income,Cash,Playstation Incomes,"5,07"
8642,2,15,7.0,,2024-07-20 15:27:51,Income,Cash,Order Incomes,"5,39"
8643,3,15,,,2024-07-20 15:55:50,Income,Cash,Computer Incomes,"30,12"
8644,2,2,,,2024-07-20 17:30:36,Income,Cash,Computer Incomes,"9,82"
8645,3,10,49.0,,2024-07-20 21:56:32,Income,Cash,Order Incomes,"3,17"
8646,5,14,14.0,,2024-07-20 18:21:22,Income,Cash,Order Incomes,"13,63"
8647,4,24,,,2024-07-20 15:00:12,Income,Cash,Playstation Incomes,"14,58"
8648,4,11,,,2024-07-21 09:51:45,Income,Cash,Computer Incomes,"11,99"
8649,3,3,,,2024-07-21 10:52:06,Income,Cash,Computer Incomes,"17,59"
8650,1,1,,26.0,2024-07-21 11:25:19,Income,Cash,Member Transactions,"33,57"
8651,1,13,35.0,,2024-07-21 19:29:32,Income,Cash,Order Incomes,"22,38"
8652,5,12,,,2024-07-21 09:53:26,Income,Cash,Computer Incomes,"18,39"
8653,5,7,,,2024-07-21 12:13:19,Income,Cash,Computer Incomes,"33,97"
8654,2,23,,,2024-07-21 14:27:25,Income,Credit Card,Playstation Incomes,"31,98"
8655,4,14,,,2024-07-21 22:20:48,Income,Cash,Computer Incomes,"16,38"
8656,4,24,,,2024-07-21 16:42:38,Income,Cash,Playstation Incomes,"20,38"
8657,2,2,8.0,,2024-07-21 21:57:45,Income,Cash,Order Incomes,"32,36"
8658,4,23,,,2024-07-21 13:31:47,Income,Credit Card,Playstation Incomes,"38,76"
8659,2,6,,,2024-07-21 12:24:58,Income,Cash,Computer Incomes,"18,38"
8660,5,15,,,2024-07-21 19:18:39,Income,Cash,Computer Incomes,"26,37"
8661,1,12,,,2024-07-21 13:19:01,Income,Cash,Computer Incomes,"31,17"
8662,4,9,,,2024-07-22 10:03:12,Income,Cash,Computer Incomes,"16,27"
8663,2,6,,,2024-07-22 11:46:23,Income,Credit Card,Computer Incomes,"21,12"
8664,2,8,36.0,,2024-07-22 11:42:06,Income,Cash,Order Incomes,"10,93"
8665,3,24,,,2024-07-22 21:20:55,Income,Cash,Playstation Incomes,"21,61"
8666,5,7,,,2024-07-22 14:01:49,Income,Cash,Computer Incomes,"11,41"
8667,5,23,,,2024-07-22 11:29:26,Income,Cash,Playstation Incomes,"22,82"
8668,5,4,,,2024-07-22 20:47:58,Income,Cash,Computer Incomes,"16,27"
8669,4,24,,,2024-07-22 12:15:38,Income,Cash,Playstation Incomes,"19,18"
8670,2,15,,,2024-07-22 14:33:52,Income,Cash,Computer Incomes,"7,77"
8671,4,23,,,2024-07-22 13:44:21,Income,Cash,Playstation Incomes,"3,40"
8672,4,9,15.0,,2024-07-22 23:02:07,Income,Cash,Order Incomes,"17,97"
8673,2,15,,51.0,2024-07-22 09:54:59,Income,Cash,Member Transactions,"5,09"
8674,5,4,47.0,,2024-07-22 12:53:39,Income,Cash,Order Incomes,"4,12"
8675,4,24,,,2024-07-22 23:31:52,Income,Cash,Playstation Incomes,"5,33"
8676,5,12,,,2024-07-22 11:15:50,Income,Credit Card,Computer Incomes,"4,61"
8677,4,9,,,2024-07-22 21:02:39,Income,Credit Card,Computer Incomes,"19,41"
8678,1,10,,,2024-07-22 19:26:42,Income,Cash,Computer Incomes,"2,91"
8679,1,3,,,2024-07-22 12:32:31,Income,Cash,Computer Incomes,"2,42"
8680,4,4,,,2024-07-22 23:26:27,Income,Credit Card,Computer Incomes,"24,02"
8681,5,14,,,2024-07-22 20:45:06,Income,Credit Card,Computer Incomes,"16,01"
8682,4,4,32.0,,2024-07-22 22:35:39,Income,Cash,Order Incomes,"21,84"
8683,2,14,27.0,,2024-07-23 21:05:30,Income,Cash,Order Incomes,"11,89"
8684,1,23,,,2024-07-23 21:43:22,Income,Cash,Playstation Incomes,"15,54"
8685,4,4,,,2024-07-23 19:35:00,Income,Cash,Computer Incomes,"7,32"
8686,4,15,,,2024-07-23 18:26:51,Income,Cash,Computer Incomes,"12,62"
8687,3,4,32.0,,2024-07-23 12:36:07,Income,Cash,Order Incomes,"12,98"
8688,5,8,36.0,,2024-07-23 14:28:37,Income,Cash,Order Incomes,"4,39"
8689,5,10,,,2024-07-23 16:38:55,Income,Cash,Computer Incomes,"12,97"
8690,1,24,,,2024-07-23 12:50:50,Income,Cash,Playstation Incomes,"13,71"
8691,3,14,,,2024-07-23 23:22:12,Income,Credit Card,Computer Incomes,"2,92"
8692,5,1,,44.0,2024-07-23 21:13:35,Income,Cash,Member Transactions,"18,28"
8693,3,9,48.0,,2024-07-23 20:12:11,Income,Cash,Order Incomes,"8,22"
8694,3,15,,,2024-07-23 14:01:19,Income,Cash,Computer Incomes,"6,58"
8695,2,9,,,2024-07-23 22:02:08,Income,Cash,Computer Incomes,"11,15"
8696,5,13,,,2024-07-23 16:56:06,Income,Cash,Computer Incomes,"10,78"
8697,1,4,,,2024-07-23 10:51:06,Income,Cash,Computer Incomes,"16,45"
8698,2,12,,,2024-07-24 12:35:28,Income,Cash,Computer Incomes,"4,82"
8699,4,23,,,2024-07-24 22:57:27,Income,Credit Card,Playstation Incomes,"13,18"
8700,2,24,,,2024-07-24 11:55:48,Income,Cash,Playstation Incomes,"24,10"
8701,2,4,3.0,,2024-07-24 15:00:48,Income,Cash,Order Incomes,"30,20"
8702,5,14,,,2024-07-24 16:12:10,Income,Cash,Computer Incomes,"29,56"
8703,2,6,,,2024-07-24 17:10:57,Income,Cash,Computer Incomes,"15,75"
8704,3,1,,,2024-07-24 18:06:24,Income,Cash,Computer Incomes,"7,72"
8705,5,15,,,2024-07-24 18:15:35,Income,Cash,Computer Incomes,"29,56"
8706,2,1,14.0,,2024-07-24 14:30:23,Income,Cash,Order Incomes,"21,85"
8707,4,23,,,2024-07-24 17:30:45,Income,Credit Card,Playstation Incomes,"22,80"
8708,4,3,11.0,,2024-07-24 12:14:51,Income,Cash,Order Incomes,"27,30"
8709,4,7,,31.0,2024-07-24 23:49:32,Income,Cash,Member Transactions,"5,14"
8710,2,13,21.0,,2024-07-24 17:32:16,Income,Cash,Order Incomes,"3,85"
8711,2,4,,,2024-07-24 10:21:58,Income,Cash,Computer Incomes,"12,52"
8712,2,7,,,2024-07-24 16:21:09,Income,Credit Card,Computer Incomes,"8,35"
8713,3,12,,,2024-07-24 15:15:55,Income,Cash,Computer Incomes,"29,55"
8714,2,24,,,2024-07-24 20:26:13,Income,Credit Card,Playstation Incomes,"19,27"
8715,4,23,,,2024-07-24 19:27:50,Income,Cash,Playstation Incomes,"3,85"
8716,2,4,30.0,,2024-07-25 23:43:24,Income,Cash,Order Incomes,"4,33"
8717,3,24,,,2024-07-25 15:46:00,Income,Cash,Playstation Incomes,"26,27"
8718,1,23,,,2024-07-25 23:02:39,Income,Cash,Playstation Incomes,"18,62"
8719,1,9,,33.0,2024-07-25 11:43:43,Income,Credit Card,Member Transactions,"31,92"
8720,3,3,8.0,,2024-07-25 19:11:24,Income,Credit Card,Order Incomes,"24,94"
8721,5,24,,,2024-07-25 18:41:32,Income,Cash,Playstation Incomes,"15,63"
8722,1,1,,,2024-07-25 15:00:29,Income,Cash,Computer Incomes,"21,61"
8723,1,23,,,2024-07-25 19:38:39,Income,Cash,Playstation Incomes,"4,66"
8724,1,15,,,2024-07-25 22:22:53,Income,Cash,Computer Incomes,"30,25"
8725,2,1,,,2024-07-25 11:40:42,Income,Cash,Computer Incomes,"29,25"
8726,3,6,,,2024-07-25 16:59:18,Income,Cash,Computer Incomes,"11,63"
8727,5,15,,,2024-07-25 17:11:17,Income,Cash,Computer Incomes,"16,28"
8728,5,24,,,2024-07-25 17:03:00,Income,Cash,Playstation Incomes,"9,97"
8729,5,12,,,2024-07-25 12:58:18,Income,Cash,Computer Incomes,"32,24"
8730,5,8,,,2024-07-25 17:56:38,Income,Cash,Computer Incomes,"14,96"
8731,5,3,15.0,,2024-07-25 17:52:12,Income,Credit Card,Order Incomes,"10,97"
8732,5,23,,,2024-07-25 16:48:16,Income,Cash,Playstation Incomes,"26,59"
8733,5,24,,,2024-07-26 18:53:27,Income,Cash,Playstation Incomes,"19,97"
8734,5,11,,66.0,2024-07-26 09:25:14,Income,Cash,Member Transactions,"22,98"
8735,5,16,,,2024-07-26 14:42:03,Income,Cash,Computer Incomes,"6,04"
8736,5,11,,,2024-07-26 12:39:42,Income,Credit Card,Computer Incomes,"11,38"
8737,3,2,,,2024-07-26 13:15:06,Income,Cash,Computer Incomes,"5,81"
8738,3,23,,,2024-07-26 13:55:13,Income,Cash,Playstation Incomes,"3,25"
8739,4,16,,,2024-07-26 14:46:30,Income,Cash,Computer Incomes,"6,27"
8740,1,2,,65.0,2024-07-26 22:08:03,Income,Cash,Member Transactions,"12,77"
8741,3,24,,,2024-07-26 17:59:45,Income,Cash,Playstation Incomes,"3,72"
8742,3,6,,,2024-07-26 17:20:21,Income,Credit Card,Computer Incomes,"19,73"
8743,3,1,,,2024-07-26 16:53:16,Income,Cash,Computer Incomes,"2,79"
8744,5,23,,,2024-07-26 13:04:52,Income,Cash,Playstation Incomes,"6,50"
8745,2,5,,,2024-07-26 18:31:08,Income,Cash,Computer Incomes,"3,49"
8746,3,3,,,2024-07-26 22:03:16,Income,Cash,Computer Incomes,"21,59"
8747,4,24,,,2024-07-26 09:17:37,Income,Credit Card,Playstation Incomes,"4,18"
8748,5,8,45.0,,2024-07-26 20:40:35,Income,Cash,Order Incomes,"2,33"
8749,2,12,,,2024-07-26 22:13:10,Income,Credit Card,Computer Incomes,"22,29"
8750,5,9,,,2024-07-26 14:23:46,Income,Cash,Computer Incomes,"2,33"
8751,3,23,,,2024-07-26 14:45:24,Income,Cash,Playstation Incomes,"14,16"
8752,5,3,,,2024-07-26 19:17:44,Income,Credit Card,Computer Incomes,"22,29"
8753,2,2,,,2024-07-26 13:28:09,Income,Cash,Computer Incomes,"13,70"
8754,4,9,,,2024-07-26 12:36:39,Income,Cash,Computer Incomes,"15,56"
8755,1,14,,,2024-07-26 09:26:14,Income,Cash,Computer Incomes,"21,82"
8756,4,8,,,2024-07-26 14:31:08,Income,Cash,Computer Incomes,"11,84"
8757,4,3,,,2024-07-26 10:50:34,Income,Cash,Computer Incomes,"22,05"
8758,3,24,,,2024-07-26 14:18:24,Income,Cash,Playstation Incomes,"12,30"
8759,4,23,,,2024-07-26 10:14:12,Income,Credit Card,Playstation Incomes,"21,58"
8760,5,7,,,2024-07-26 09:36:42,Income,Cash,Computer Incomes,"12,76"
8761,3,7,,,2024-07-26 22:06:27,Income,Cash,Computer Incomes,"21,35"
8762,3,24,,,2024-07-26 12:03:45,Income,Cash,Playstation Incomes,"13,46"
8763,4,9,34.0,,2024-07-26 14:26:44,Income,Cash,Order Incomes,"7,65"
8764,1,16,22.0,,2024-07-26 15:01:31,Income,Cash,Order Incomes,"20,42"
8765,1,8,24.0,,2024-07-26 11:43:18,Income,Credit Card,Order Incomes,"12,53"
8766,1,3,3.0,,2024-07-26 15:19:43,Income,Cash,Order Incomes,"10,90"
8767,1,10,47.0,,2024-07-26 11:07:17,Income,Cash,Order Incomes,"6,26"
8768,4,8,,,2024-07-26 16:27:54,Income,Cash,Computer Incomes,"9,74"
8769,2,10,19.0,,2024-07-26 18:49:58,Income,Credit Card,Order Incomes,"21,58"
8770,1,23,,,2024-07-26 15:24:45,Income,Cash,Playstation Incomes,"6,73"
8771,5,3,,,2024-07-26 16:50:04,Income,Cash,Computer Incomes,"10,21"
8772,1,3,,,2024-07-26 20:19:32,Income,Credit Card,Computer Incomes,"22,51"
8773,4,13,4.0,,2024-07-26 10:34:12,Income,Credit Card,Order Incomes,"11,83"
8774,1,24,,,2024-07-26 22:37:24,Income,Credit Card,Playstation Incomes,"7,19"
8775,5,13,,,2024-07-26 20:30:46,Income,Credit Card,Computer Incomes,"19,26"
8776,2,16,,,2024-07-26 14:03:12,Income,Cash,Computer Incomes,"5,33"
8777,1,7,,,2024-07-27 16:31:29,Income,Cash,Computer Incomes,"14,09"
8778,2,2,,,2024-07-27 23:01:12,Income,Cash,Computer Incomes,"29,13"
8779,3,8,,38.0,2024-07-27 11:12:23,Income,Cash,Member Transactions,"24,01"
8780,4,15,,,2024-07-27 14:20:36,Income,Credit Card,Computer Incomes,"25,61"
8781,4,8,,10.0,2024-07-27 17:08:19,Income,Cash,Member Transactions,"25,93"
8782,4,3,,,2024-07-27 17:39:41,Income,Credit Card,Computer Incomes,"16,97"
8783,1,1,,,2024-07-27 21:06:35,Income,Cash,Computer Incomes,"14,41"
8784,5,14,,,2024-07-27 23:53:50,Income,Cash,Computer Incomes,"25,29"
8785,2,7,,,2024-07-27 17:25:29,Income,Cash,Computer Incomes,"4,81"
8786,1,15,,3.0,2024-07-27 20:24:39,Income,Cash,Member Transactions,"28,49"
8787,4,23,,,2024-07-27 20:37:42,Income,Cash,Playstation Incomes,"22,73"
8788,4,13,,,2024-07-27 14:27:51,Income,Cash,Computer Incomes,"30,73"
8789,5,5,,,2024-07-27 22:50:12,Income,Cash,Computer Incomes,"3,85"
8790,2,1,,,2024-07-27 10:46:16,Income,Credit Card,Computer Incomes,"28,81"
8791,3,5,41.0,,2024-07-27 16:56:07,Income,Cash,Order Incomes,"16,01"
8792,3,7,,,2024-07-27 13:21:36,Income,Cash,Computer Incomes,"29,45"
8793,2,13,,,2024-07-27 13:37:27,Income,Cash,Computer Incomes,"13,13"
8794,3,10,,,2024-07-27 19:49:57,Income,Cash,Computer Incomes,"21,44"
8795,3,2,,,2024-07-27 11:04:03,Income,Credit Card,Computer Incomes,"17,28"
8796,2,8,,39.0,2024-07-27 10:26:26,Income,Cash,Member Transactions,"19,52"
8797,1,6,,,2024-07-27 21:55:05,Income,Cash,Computer Incomes,"30,08"
8798,2,9,,26.0,2024-07-27 23:52:36,Income,Cash,Member Transactions,"10,56"
8799,5,5,,,2024-07-27 21:41:57,Income,Cash,Computer Incomes,"3,84"
8800,5,8,48.0,,2024-07-27 15:28:28,Income,Credit Card,Order Incomes,"15,04"
8801,3,24,,,2024-07-27 09:21:58,Income,Cash,Playstation Incomes,"14,72"
8802,5,23,,,2024-07-27 21:17:34,Income,Cash,Playstation Incomes,"22,08"
8803,4,8,,,2024-07-27 20:19:05,Income,Cash,Computer Incomes,"18,24"
8804,3,11,,,2024-07-27 21:58:33,Income,Cash,Computer Incomes,"18,24"
8805,5,10,,,2024-07-27 09:45:07,Income,Cash,Computer Incomes,"22,40"
8806,5,1,,,2024-07-28 13:51:31,Income,Credit Card,Computer Incomes,"10,26"
8807,5,24,,,2024-07-28 20:33:26,Income,Cash,Playstation Incomes,"12,69"
8808,4,16,19.0,,2024-07-28 09:24:47,Income,Cash,Order Incomes,"15,82"
8809,3,23,,,2024-07-28 21:35:19,Income,Cash,Playstation Incomes,"2,26"
8810,2,12,,,2024-07-28 19:35:10,Income,Cash,Computer Incomes,"5,05"
8811,4,2,,,2024-07-28 14:00:40,Income,Cash,Computer Incomes,"5,22"
8812,2,8,,,2024-07-28 21:34:27,Income,Cash,Computer Incomes,"1,92"
8813,5,11,,,2024-07-28 17:01:52,Income,Cash,Computer Incomes,"15,99"
8814,3,4,,,2024-07-28 10:49:55,Income,Cash,Computer Incomes,"6,44"
8815,1,24,,,2024-07-28 15:52:24,Income,Cash,Playstation Incomes,"3,48"
8816,2,5,,,2024-07-28 18:52:03,Income,Credit Card,Computer Incomes,"9,90"
8817,4,4,43.0,,2024-07-28 15:09:55,Income,Cash,Order Incomes,"11,12"
8818,1,5,,,2024-07-28 11:34:50,Income,Cash,Computer Incomes,"12,34"
8819,2,1,,,2024-07-28 15:31:41,Income,Cash,Computer Incomes,"3,47"
8820,5,2,26.0,,2024-07-28 22:04:58,Income,Cash,Order Incomes,"13,03"
8821,2,23,,,2024-07-28 19:21:13,Income,Credit Card,Playstation Incomes,"12,86"
8822,4,3,,13.0,2024-07-28 17:46:39,Income,Cash,Member Transactions,"11,99"
8823,5,1,,,2024-07-28 15:29:41,Income,Credit Card,Computer Incomes,"17,20"
8824,4,24,,,2024-07-28 23:57:07,Income,Cash,Playstation Incomes,"5,38"
8825,3,10,,,2024-07-28 16:44:32,Income,Cash,Computer Incomes,"14,59"
8826,1,4,,28.0,2024-07-29 09:35:30,Income,Cash,Member Transactions,"33,11"
8827,4,23,,,2024-07-29 10:06:08,Income,Cash,Playstation Incomes,"9,03"
8828,1,12,,,2024-07-29 13:44:34,Income,Cash,Computer Incomes,"30,10"
8829,3,11,,,2024-07-29 09:38:23,Income,Cash,Computer Incomes,"33,45"
8830,3,13,,,2024-07-29 21:52:35,Income,Cash,Computer Incomes,"5,69"
8831,5,24,,,2024-07-29 10:18:03,Income,Cash,Playstation Incomes,"27,43"
8832,2,5,,,2024-07-29 15:18:32,Income,Cash,Computer Incomes,"19,40"
8833,5,13,,1.0,2024-07-29 15:20:43,Income,Cash,Member Transactions,"9,37"
8834,5,10,16.0,,2024-07-29 16:34:53,Income,Cash,Order Incomes,"32,45"
8835,3,3,48.0,,2024-07-29 10:27:08,Income,Cash,Order Incomes,"32,10"
8836,1,23,,,2024-07-29 10:11:00,Income,Cash,Playstation Incomes,"31,10"
8837,5,12,,,2024-07-29 16:58:27,Income,Cash,Computer Incomes,"26,42"
8838,3,24,,,2024-07-29 16:27:27,Income,Cash,Playstation Incomes,"6,01"
8839,5,13,,,2024-07-29 14:20:01,Income,Credit Card,Computer Incomes,"9,02"
8840,5,9,23.0,,2024-07-29 22:14:18,Income,Cash,Order Incomes,"24,41"
8841,1,1,,,2024-07-29 21:25:42,Income,Cash,Computer Incomes,"20,73"
8842,5,5,,,2024-07-29 10:14:08,Income,Credit Card,Computer Incomes,"22,74"
8843,1,10,,9.0,2024-07-30 17:38:37,Income,Cash,Member Transactions,"23,40"
8844,1,11,,,2024-07-30 13:46:09,Income,Cash,Computer Incomes,"35,45"
8845,2,16,,,2024-07-30 10:59:56,Income,Cash,Computer Incomes,"7,80"
8846,3,6,,,2024-07-30 21:34:17,Income,Cash,Computer Incomes,"18,44"
8847,1,11,,,2024-07-30 10:31:51,Income,Credit Card,Computer Incomes,"12,41"
8848,4,8,,,2024-07-30 10:01:54,Income,Cash,Computer Incomes,"17,02"
8849,5,12,34.0,,2024-07-30 23:16:50,Income,Cash,Order Incomes,"25,53"
8850,1,7,,,2024-07-30 12:39:01,Income,Cash,Computer Incomes,"27,30"
8851,4,4,,,2024-07-30 11:47:54,Income,Cash,Computer Incomes,"17,72"
8852,2,14,,,2024-07-30 15:33:31,Income,Credit Card,Computer Incomes,"31,19"
8853,5,4,,,2024-07-30 17:18:41,Income,Cash,Computer Incomes,"23,75"
8854,3,23,,,2024-07-30 22:56:22,Income,Cash,Playstation Incomes,"16,30"
8855,4,8,,,2024-07-30 21:32:47,Income,Credit Card,Computer Incomes,"24,10"
8856,2,24,,,2024-07-30 18:51:50,Income,Credit Card,Playstation Incomes,"3,54"
8857,3,13,,,2024-07-30 14:51:10,Income,Cash,Computer Incomes,"9,21"
8858,4,4,,64.0,2024-07-31 18:15:42,Income,Cash,Member Transactions,"6,31"
8859,1,6,38.0,,2024-07-31 12:20:25,Income,Cash,Order Incomes,"14,56"
8860,1,1,41.0,,2024-07-31 21:19:17,Income,Cash,Order Incomes,"11,17"
8861,5,12,,,2024-07-31 23:29:40,Income,Cash,Computer Incomes,"12,14"
8862,2,23,,,2024-07-31 14:27:16,Income,Cash,Playstation Incomes,"2,11"
8863,4,1,,,2024-07-31 20:53:16,Income,Credit Card,Computer Incomes,"13,43"
8864,4,13,31.0,,2024-07-31 12:04:32,Income,Credit Card,Order Incomes,"12,95"
8865,4,8,,27.0,2024-07-31 20:43:56,Income,Cash,Member Transactions,"15,37"
8866,2,5,,37.0,2024-07-31 20:35:17,Income,Cash,Member Transactions,"5,99"
8867,2,24,,,2024-07-31 22:13:35,Income,Cash,Playstation Incomes,"15,86"
8868,2,23,,,2024-07-31 15:13:23,Income,Cash,Playstation Incomes,"2,10"
8869,2,24,,,2024-07-31 12:35:04,Income,Cash,Playstation Incomes,"2,58"
8870,5,9,,5.0,2024-07-31 20:53:11,Income,Credit Card,Member Transactions,"4,20"
8871,5,4,,,2024-07-31 09:34:07,Income,Cash,Computer Incomes,"7,27"
8872,2,2,,,2024-07-31 13:04:33,Income,Cash,Computer Incomes,"6,14"
8873,3,6,,,2024-07-31 18:19:24,Income,Cash,Computer Incomes,"5,82"
8874,3,6,1.0,,2024-07-31 22:09:20,Income,Cash,Order Incomes,"10,83"
8875,4,10,,,2024-07-31 18:17:07,Income,Cash,Computer Incomes,"10,02"
8876,2,23,,,2024-07-31 19:52:24,Income,Cash,Playstation Incomes,"12,45"
8877,5,2,,,2024-07-31 23:14:24,Income,Cash,Computer Incomes,"10,51"
8878,5,6,,,2024-08-01 17:50:46,Income,Cash,Computer Incomes,"6,99"
8879,4,24,,,2024-08-01 23:30:43,Income,Cash,Playstation Incomes,"15,28"
8880,4,2,,19.0,2024-08-01 18:18:48,Income,Cash,Member Transactions,"15,02"
8881,2,23,,,2024-08-01 16:55:38,Income,Cash,Playstation Incomes,"21,75"
8882,5,15,,,2024-08-01 19:27:57,Income,Cash,Computer Incomes,"16,83"
8883,3,9,,,2024-08-01 22:49:09,Income,Cash,Computer Incomes,"25,11"
8884,1,11,,,2024-08-01 23:16:47,Income,Cash,Computer Incomes,"25,89"
8885,3,11,21.0,,2024-08-01 11:32:11,Income,Cash,Order Incomes,"21,75"
8886,4,10,,65.0,2024-08-01 23:25:27,Income,Credit Card,Member Transactions,"18,64"
8887,5,4,,,2024-08-01 22:20:55,Income,Cash,Computer Incomes,"2,85"
8888,5,5,,,2024-08-01 18:07:16,Income,Cash,Computer Incomes,"15,01"
8889,5,8,,,2024-08-01 18:37:28,Income,Cash,Computer Incomes,"20,19"
8890,4,5,,,2024-08-01 16:20:02,Income,Cash,Computer Incomes,"3,88"
8891,1,14,,,2024-08-01 12:11:56,Income,Cash,Computer Incomes,"12,42"
8892,5,5,,,2024-08-01 12:29:56,Income,Cash,Computer Incomes,"11,39"
8893,1,13,37.0,,2024-08-01 13:38:17,Income,Cash,Order Incomes,"7,24"
8894,5,9,,,2024-08-01 11:11:22,Income,Cash,Computer Incomes,"6,47"
8895,5,11,,,2024-08-01 09:57:25,Income,Credit Card,Computer Incomes,"5,17"
8896,5,13,,,2024-08-01 13:45:30,Income,Cash,Computer Incomes,"23,81"
8897,5,24,,,2024-08-02 18:22:16,Income,Cash,Playstation Incomes,"30,52"
8898,2,23,,,2024-08-02 16:41:57,Income,Cash,Playstation Incomes,"15,46"
8899,2,14,,,2024-08-02 20:53:43,Income,Cash,Computer Incomes,"29,33"
8900,3,7,,,2024-08-02 16:43:34,Income,Cash,Computer Incomes,"29,33"
8901,3,16,,,2024-08-02 18:19:26,Income,Cash,Computer Incomes,"12,29"
8902,3,24,,,2024-08-02 13:10:48,Income,Credit Card,Playstation Incomes,"39,24"
8903,3,6,,,2024-08-02 16:25:15,Income,Cash,Computer Incomes,"26,16"
8904,1,23,,,2024-08-02 11:19:44,Income,Cash,Playstation Incomes,"13,08"
8905,3,6,,,2024-08-02 14:46:09,Income,Cash,Computer Incomes,"9,91"
8906,1,24,,,2024-08-02 12:38:11,Income,Cash,Playstation Incomes,"11,10"
8907,5,15,,,2024-08-02 09:22:18,Income,Credit Card,Computer Incomes,"22,99"
8908,4,3,21.0,,2024-08-02 15:55:57,Income,Cash,Order Incomes,"17,84"
8909,5,1,2.0,,2024-08-02 19:20:32,Income,Credit Card,Order Incomes,"7,14"
8910,2,6,,,2024-08-02 10:23:52,Income,Cash,Computer Incomes,"4,76"
8911,4,8,,,2024-08-02 17:24:46,Income,Cash,Computer Incomes,"11,10"
8912,1,3,,,2024-08-02 21:07:55,Income,Cash,Computer Incomes,"22,59"
8913,5,12,,,2024-08-02 18:56:00,Income,Cash,Computer Incomes,"22,99"
8914,3,11,,,2024-08-02 12:13:17,Income,Cash,Computer Incomes,"17,83"
8915,2,2,14.0,,2024-08-02 15:23:53,Income,Cash,Order Incomes,"5,54"
8916,2,23,,,2024-08-02 21:46:25,Income,Cash,Playstation Incomes,"11,09"
8917,4,3,37.0,,2024-08-02 09:32:45,Income,Cash,Order Incomes,"34,87"
8918,3,24,,,2024-08-02 17:28:18,Income,Cash,Playstation Incomes,"11,49"
8919,3,1,,,2024-08-02 22:44:21,Income,Credit Card,Computer Incomes,"23,77"
8920,1,7,,,2024-08-02 12:36:01,Income,Cash,Computer Incomes,"17,83"
8921,2,10,,,2024-08-02 18:15:42,Income,Credit Card,Computer Incomes,"18,62"
8922,1,23,,,2024-08-02 09:15:03,Income,Cash,Playstation Incomes,"5,94"
8923,4,3,47.0,,2024-08-02 19:30:06,Income,Cash,Order Incomes,"5,54"
8924,1,24,,,2024-08-02 16:14:31,Income,Cash,Playstation Incomes,"12,68"
8925,1,11,,,2024-08-02 20:32:47,Income,Cash,Computer Incomes,"17,04"
8926,5,1,,,2024-08-02 21:25:59,Income,Cash,Computer Incomes,"7,92"
8927,3,15,,,2024-08-03 10:39:16,Income,Cash,Computer Incomes,"4,68"
8928,5,23,,,2024-08-03 23:15:58,Income,Cash,Playstation Incomes,"28,62"
8929,3,13,25.0,,2024-08-03 11:42:12,Income,Cash,Order Incomes,"27,45"
8930,5,24,,,2024-08-03 20:13:26,Income,Cash,Playstation Incomes,"12,85"
8931,4,23,,,2024-08-03 23:07:14,Income,Cash,Playstation Incomes,"7,01"
8932,3,14,,7.0,2024-08-03 23:11:17,Income,Cash,Member Transactions,"21,90"
8933,3,24,,,2024-08-03 17:56:23,Income,Cash,Playstation Incomes,"22,49"
8934,5,5,,,2024-08-03 13:46:16,Income,Cash,Computer Incomes,"24,24"
8935,5,23,,,2024-08-03 15:58:05,Income,Credit Card,Playstation Incomes,"6,72"
8936,1,2,,,2024-08-03 16:48:23,Income,Cash,Computer Incomes,"15,48"
8937,2,3,,,2024-08-03 11:50:19,Income,Cash,Computer Incomes,"5,84"
8938,1,14,,,2024-08-03 23:49:50,Income,Cash,Computer Incomes,"19,28"
8939,3,14,,,2024-08-03 10:55:37,Income,Cash,Computer Incomes,"7,01"
8940,2,3,,,2024-08-03 14:27:42,Income,Credit Card,Computer Incomes,"8,18"
8941,1,7,,,2024-08-03 17:16:37,Income,Cash,Computer Incomes,"15,77"
8942,1,24,,,2024-08-03 16:42:52,Income,Cash,Playstation Incomes,"5,26"
8943,4,9,,,2024-08-03 23:52:20,Income,Credit Card,Computer Incomes,"7,01"
8944,2,23,,,2024-08-03 12:41:24,Income,Cash,Playstation Incomes,"7,60"
8945,1,24,,,2024-08-03 17:09:49,Income,Cash,Playstation Incomes,"16,06"
8946,2,7,,,2024-08-03 19:35:39,Income,Credit Card,Computer Incomes,"18,68"
8947,4,23,,,2024-08-03 12:16:02,Income,Cash,Playstation Incomes,"13,43"
8948,4,5,1.0,,2024-08-03 20:44:40,Income,Cash,Order Incomes,"17,81"
8949,5,10,,,2024-08-03 21:31:11,Income,Cash,Computer Incomes,"10,51"
8950,1,8,,,2024-08-03 12:29:24,Income,Cash,Computer Incomes,"12,84"
8951,5,2,,,2024-08-03 22:28:15,Income,Cash,Computer Incomes,"8,46"
8952,4,2,,,2024-08-03 09:47:39,Income,Cash,Computer Incomes,"20,73"
8953,1,9,4.0,,2024-08-03 13:18:58,Income,Cash,Order Incomes,"16,35"
8954,1,13,,,2024-08-03 15:56:09,Income,Credit Card,Computer Incomes,"15,76"
8955,2,13,,55.0,2024-08-03 22:19:22,Income,Cash,Member Transactions,"7,88"
8956,4,24,,,2024-08-03 19:10:50,Income,Credit Card,Playstation Incomes,"18,97"
8957,5,16,,,2024-08-03 13:39:34,Income,Credit Card,Computer Incomes,"18,39"
8958,2,2,,,2024-08-03 20:23:17,Income,Cash,Computer Incomes,"18,97"
8959,5,23,,,2024-08-03 14:44:39,Income,Cash,Playstation Incomes,"3,21"
8960,5,24,,,2024-08-03 12:12:05,Income,Cash,Playstation Incomes,"18,10"
8961,2,5,,60.0,2024-08-03 16:26:37,Income,Cash,Member Transactions,"27,44"
8962,4,2,9.0,,2024-08-03 16:39:18,Income,Credit Card,Order Incomes,"4,96"
8963,1,13,39.0,,2024-08-03 13:41:13,Income,Cash,Order Incomes,"3,21"
8964,3,15,,,2024-08-04 22:33:56,Income,Cash,Computer Incomes,"6,43"
8965,2,9,,,2024-08-04 17:43:18,Income,Cash,Computer Incomes,"17,39"
8966,1,23,,,2024-08-04 14:01:58,Income,Cash,Playstation Incomes,"30,61"
8967,1,24,,,2024-08-04 16:15:28,Income,Cash,Playstation Incomes,"24,19"
8968,1,10,,,2024-08-04 21:58:09,Income,Cash,Computer Incomes,"17,39"
8969,4,6,,,2024-08-04 17:05:46,Income,Cash,Computer Incomes,"6,05"
8970,3,23,,,2024-08-04 11:52:09,Income,Cash,Playstation Incomes,"7,56"
8971,1,24,,,2024-08-04 12:29:34,Income,Cash,Playstation Incomes,"10,58"
8972,2,7,,59.0,2024-08-04 10:36:31,Income,Cash,Member Transactions,"30,98"
8973,4,6,,,2024-08-04 19:42:52,Income,Cash,Computer Incomes,"24,56"
8974,5,1,14.0,,2024-08-04 22:01:17,Income,Cash,Order Incomes,"31,36"
8975,4,23,,,2024-08-04 10:02:54,Income,Cash,Playstation Incomes,"33,25"
8976,4,6,,,2024-08-04 09:30:59,Income,Cash,Computer Incomes,"20,78"
8977,2,3,,,2024-08-04 17:43:47,Income,Cash,Computer Incomes,"30,98"
8978,5,24,,,2024-08-04 18:51:27,Income,Credit Card,Playstation Incomes,"36,27"
8979,5,14,,,2024-08-05 15:03:34,Income,Cash,Computer Incomes,"15,27"
8980,1,23,,,2024-08-05 15:10:23,Income,Cash,Playstation Incomes,"15,64"
8981,1,24,,,2024-08-05 19:01:17,Income,Cash,Playstation Incomes,"3,73"
8982,2,9,,,2024-08-05 12:54:45,Income,Cash,Computer Incomes,"8,75"
8983,3,11,,,2024-08-05 17:13:03,Income,Cash,Computer Incomes,"12,66"
8984,1,10,,,2024-08-05 10:11:40,Income,Cash,Computer Incomes,"13,41"
8985,3,23,,,2024-08-05 21:07:00,Income,Cash,Playstation Incomes,"12,66"
8986,3,11,,,2024-08-05 21:09:44,Income,Cash,Computer Incomes,"7,45"
8987,2,3,,5.0,2024-08-05 14:16:28,Income,Credit Card,Member Transactions,"14,52"
8988,1,24,,,2024-08-05 15:36:42,Income,Cash,Playstation Incomes,"2,98"
8989,4,5,,,2024-08-05 13:39:49,Income,Cash,Computer Incomes,"7,82"
8990,3,2,,,2024-08-05 19:58:30,Income,Credit Card,Computer Incomes,"7,08"
8991,2,4,,,2024-08-05 17:20:38,Income,Cash,Computer Incomes,"9,86"
8992,1,23,,,2024-08-05 13:37:02,Income,Cash,Playstation Incomes,"15,63"
8993,5,16,,,2024-08-05 13:31:57,Income,Cash,Computer Incomes,"7,25"
8994,3,24,,,2024-08-05 10:29:08,Income,Credit Card,Playstation Incomes,"10,79"
8995,3,7,,,2024-08-05 09:02:28,Income,Credit Card,Computer Incomes,"8,37"
8996,3,8,,,2024-08-05 17:13:31,Income,Cash,Computer Incomes,"7,81"
8997,2,3,,,2024-08-05 10:14:19,Income,Credit Card,Computer Incomes,"3,35"
8998,5,23,,,2024-08-05 11:56:54,Income,Cash,Playstation Incomes,"2,23"
8999,5,24,,,2024-08-05 23:24:58,Income,Cash,Playstation Incomes,"13,77"
9000,4,8,,46.0,2024-08-05 15:11:57,Income,Cash,Member Transactions,"2,04"
9001,1,15,,,2024-08-06 16:52:07,Income,Cash,Computer Incomes,"3,29"
9002,4,10,,44.0,2024-08-06 09:58:26,Income,Cash,Member Transactions,"12,38"
9003,1,23,,,2024-08-06 20:45:13,Income,Cash,Playstation Incomes,"17,43"
9004,5,3,,37.0,2024-08-06 10:21:31,Income,Cash,Member Transactions,"15,16"
9005,3,12,,,2024-08-06 16:57:31,Income,Cash,Computer Incomes,"17,69"
9006,1,5,,,2024-08-06 10:36:11,Income,Cash,Computer Incomes,"9,10"
9007,4,5,,,2024-08-06 23:16:12,Income,Cash,Computer Incomes,"6,57"
9008,2,24,,,2024-08-06 14:16:35,Income,Cash,Playstation Incomes,"20,97"
9009,3,11,39.0,,2024-08-06 13:28:04,Income,Credit Card,Order Incomes,"3,04"
9010,2,13,,,2024-08-06 19:19:54,Income,Cash,Computer Incomes,"5,81"
9011,2,5,,,2024-08-06 15:03:28,Income,Cash,Computer Incomes,"10,87"
9012,1,9,,,2024-08-06 22:09:37,Income,Cash,Computer Incomes,"7,32"
9013,2,11,,,2024-08-06 18:45:37,Income,Credit Card,Computer Incomes,"2,77"
9014,1,23,,,2024-08-06 20:18:03,Income,Cash,Playstation Incomes,"20,46"
9015,2,24,,,2024-08-06 20:39:16,Income,Cash,Playstation Incomes,"9,85"
9016,1,5,,,2024-08-06 09:19:28,Income,Credit Card,Computer Incomes,"8,84"
9017,3,23,,,2024-08-06 14:31:57,Income,Cash,Playstation Incomes,"5,55"
9018,5,8,,,2024-08-06 20:15:58,Income,Cash,Computer Incomes,"9,85"
9019,3,8,,,2024-08-06 19:41:43,Income,Cash,Computer Incomes,"23,49"
9020,4,11,,,2024-08-06 11:51:07,Income,Cash,Computer Incomes,"8,08"
9021,5,14,,,2024-08-06 15:12:39,Income,Cash,Computer Incomes,"10,10"
9022,2,12,30.0,,2024-08-06 20:38:33,Income,Cash,Order Incomes,"19,70"
9023,4,24,,,2024-08-06 09:57:18,Income,Cash,Playstation Incomes,"17,93"
9024,4,13,,,2024-08-06 09:17:36,Income,Cash,Computer Incomes,"8,33"
9025,2,9,10.0,,2024-08-07 09:53:31,Income,Cash,Order Incomes,"18,96"
9026,4,15,,,2024-08-07 23:43:29,Income,Cash,Computer Incomes,"28,27"
9027,2,1,,,2024-08-07 11:32:52,Income,Cash,Computer Incomes,"27,63"
9028,2,12,,,2024-08-07 23:50:33,Income,Cash,Computer Incomes,"16,71"
9029,5,2,,,2024-08-07 17:07:44,Income,Cash,Computer Incomes,"8,04"
9030,3,3,40.0,,2024-08-07 23:59:32,Income,Credit Card,Order Incomes,"16,71"
9031,3,11,,,2024-08-07 16:13:28,Income,Cash,Computer Incomes,"22,81"
9032,3,8,14.0,,2024-08-07 21:08:05,Income,Cash,Order Incomes,"24,73"
9033,3,10,,,2024-08-07 15:16:58,Income,Cash,Computer Incomes,"17,02"
9034,5,16,,,2024-08-07 15:32:44,Income,Cash,Computer Incomes,"6,42"
9035,4,8,,,2024-08-07 16:42:53,Income,Cash,Computer Incomes,"3,85"
9036,5,1,,,2024-08-07 15:45:42,Income,Cash,Computer Incomes,"13,81"
9037,1,2,,28.0,2024-08-07 14:34:16,Income,Credit Card,Member Transactions,"19,59"
9038,4,8,,,2024-08-07 21:11:55,Income,Cash,Computer Incomes,"4,81"
9039,2,11,,,2024-08-08 10:13:06,Income,Cash,Computer Incomes,"4,69"
9040,2,23,,,2024-08-08 20:55:12,Income,Credit Card,Playstation Incomes,"18,55"
9041,2,12,,,2024-08-08 18:37:27,Income,Cash,Computer Incomes,"5,27"
9042,2,24,,,2024-08-08 18:11:03,Income,Cash,Playstation Incomes,"16,40"
9043,2,5,,,2024-08-08 16:43:38,Income,Cash,Computer Incomes,"18,55"
9044,2,11,46.0,,2024-08-08 21:31:59,Income,Cash,Order Incomes,"9,18"
9045,4,23,,,2024-08-08 12:45:05,Income,Cash,Playstation Incomes,"14,64"
9046,5,8,,,2024-08-08 23:27:20,Income,Cash,Computer Incomes,"13,27"
9047,4,15,,,2024-08-08 18:29:03,Income,Cash,Computer Incomes,"9,75"
9048,1,7,,,2024-08-08 14:02:30,Income,Cash,Computer Incomes,"12,68"
9049,4,24,,,2024-08-08 22:18:52,Income,Credit Card,Playstation Incomes,"6,63"
9050,5,2,,,2024-08-08 22:07:22,Income,Cash,Computer Incomes,"11,31"
9051,1,23,,,2024-08-08 22:40:02,Income,Cash,Playstation Incomes,"15,41"
9052,1,7,40.0,,2024-08-08 10:59:38,Income,Cash,Order Incomes,"13,66"
9053,1,24,,,2024-08-09 12:18:13,Income,Cash,Playstation Incomes,"3,27"
9054,3,23,,,2024-08-09 10:29:21,Income,Cash,Playstation Incomes,"11,69"
9055,1,24,,,2024-08-09 22:12:45,Income,Credit Card,Playstation Incomes,"1,72"
9056,3,1,,,2024-08-09 21:12:13,Income,Credit Card,Computer Incomes,"15,65"
9057,1,8,,,2024-08-09 19:08:23,Income,Credit Card,Computer Incomes,"14,10"
9058,1,23,,,2024-08-09 21:40:27,Income,Credit Card,Playstation Incomes,"2,93"
9059,4,14,,,2024-08-09 10:46:51,Income,Cash,Computer Incomes,"11,01"
9060,2,24,,,2024-08-09 21:04:36,Income,Cash,Playstation Incomes,"5,51"
9061,5,4,,36.0,2024-08-09 16:33:37,Income,Cash,Member Transactions,"7,23"
9062,1,12,,,2024-08-09 15:21:21,Income,Cash,Computer Incomes,"12,73"
9063,3,23,,,2024-08-09 14:34:07,Income,Cash,Playstation Incomes,"6,71"
9064,1,24,,,2024-08-09 12:08:31,Income,Cash,Playstation Incomes,"2,76"
9065,3,3,,,2024-08-09 21:09:53,Income,Cash,Computer Incomes,"8,08"
9066,3,14,7.0,,2024-08-09 16:45:21,Income,Cash,Order Incomes,"3,62"
9067,3,7,,,2024-08-09 21:12:48,Income,Cash,Computer Incomes,"16,34"
9068,1,12,,,2024-08-09 23:56:42,Income,Cash,Computer Incomes,"12,55"
9069,1,2,,,2024-08-09 12:51:15,Income,Cash,Computer Incomes,"13,24"
9070,3,23,,,2024-08-09 22:24:26,Income,Cash,Playstation Incomes,"2,76"
9071,3,8,,,2024-08-09 10:59:37,Income,Credit Card,Computer Incomes,"9,29"
9072,2,10,,,2024-08-09 11:24:33,Income,Cash,Computer Incomes,"15,29"
9073,5,12,46.0,,2024-08-09 23:53:03,Income,Cash,Order Incomes,"6,18"
9074,4,13,,,2024-08-09 10:41:14,Income,Cash,Computer Incomes,"5,15"
9075,2,6,,,2024-08-09 11:01:32,Income,Credit Card,Computer Incomes,"13,23"
9076,2,24,,,2024-08-09 11:08:31,Income,Cash,Playstation Incomes,"12,89"
9077,4,16,,,2024-08-09 14:31:58,Income,Cash,Computer Incomes,"1,89"
9078,2,23,,,2024-08-09 12:47:39,Income,Cash,Playstation Incomes,"4,64"
9079,5,11,,,2024-08-09 22:02:22,Income,Cash,Computer Incomes,"9,45"
9080,2,24,,,2024-08-09 19:21:03,Income,Cash,Playstation Incomes,"10,14"
9081,4,23,,,2024-08-09 12:33:26,Income,Cash,Playstation Incomes,"13,40"
9082,4,14,31.0,,2024-08-09 12:10:57,Income,Credit Card,Order Incomes,"1,71"
9083,2,13,22.0,,2024-08-09 23:31:56,Income,Cash,Order Incomes,"5,84"
9084,4,15,5.0,,2024-08-09 13:55:18,Income,Cash,Order Incomes,"9,79"
9085,3,1,,37.0,2024-08-09 17:10:17,Income,Cash,Member Transactions,"2,92"
9086,2,24,,,2024-08-09 16:16:27,Income,Cash,Playstation Incomes,"3,61"
9087,2,7,,,2024-08-09 21:30:16,Income,Cash,Computer Incomes,"12,37"
9088,1,15,6.0,,2024-08-09 11:20:12,Income,Cash,Order Incomes,"5,50"
9089,5,7,,,2024-08-09 14:44:40,Income,Cash,Computer Incomes,"13,23"
9090,2,6,,,2024-08-09 17:51:44,Income,Credit Card,Computer Incomes,"2,57"
9091,1,23,,,2024-08-09 20:56:02,Income,Cash,Playstation Incomes,"3,26"
9092,5,24,,,2024-08-10 18:17:14,Income,Cash,Playstation Incomes,"8,98"
9093,5,16,,,2024-08-10 17:25:58,Income,Cash,Computer Incomes,"20,72"
9094,4,14,,,2024-08-10 20:00:18,Income,Credit Card,Computer Incomes,"15,20"
9095,3,23,,,2024-08-10 09:24:15,Income,Cash,Playstation Incomes,"9,21"
9096,5,24,,,2024-08-10 11:27:57,Income,Credit Card,Playstation Incomes,"17,50"
9097,1,12,,,2024-08-10 18:54:44,Income,Cash,Computer Incomes,"14,05"
9098,4,11,,,2024-08-10 17:30:12,Income,Cash,Computer Incomes,"8,29"
9099,4,23,,,2024-08-10 20:24:26,Income,Cash,Playstation Incomes,"12,20"
9100,5,6,,,2024-08-10 19:06:06,Income,Cash,Computer Incomes,"16,81"
9101,3,24,,,2024-08-10 13:20:55,Income,Cash,Playstation Incomes,"11,05"
9102,1,3,,,2024-08-10 12:13:39,Income,Cash,Computer Incomes,"12,89"
9103,5,15,,,2024-08-10 11:14:59,Income,Cash,Computer Incomes,"11,51"
9104,5,15,,,2024-08-10 10:25:09,Income,Cash,Computer Incomes,"14,97"
9105,1,8,41.0,,2024-08-10 09:51:26,Income,Cash,Order Incomes,"17,04"
9106,5,23,,,2024-08-10 15:06:35,Income,Cash,Playstation Incomes,"19,57"
9107,4,4,,,2024-08-10 20:00:20,Income,Cash,Computer Incomes,"20,26"
9108,1,12,,,2024-08-10 09:59:23,Income,Cash,Computer Incomes,"20,26"
9109,5,7,,,2024-08-10 15:27:09,Income,Cash,Computer Incomes,"5,07"
9110,5,3,,,2024-08-10 22:56:47,Income,Cash,Computer Incomes,"8,75"
9111,3,16,,28.0,2024-08-10 19:18:41,Income,Cash,Member Transactions,"2,30"
9112,2,24,,,2024-08-10 18:57:31,Income,Cash,Playstation Incomes,"11,27"
9113,5,15,,,2024-08-10 16:48:07,Income,Credit Card,Computer Incomes,"20,71"
9114,1,3,,,2024-08-10 09:02:33,Income,Cash,Computer Incomes,"13,34"
9115,4,11,,,2024-08-10 23:46:32,Income,Cash,Computer Incomes,"10,35"
9116,4,16,,,2024-08-10 15:26:38,Income,Cash,Computer Incomes,"4,37"
9117,4,7,,,2024-08-10 17:56:44,Income,Cash,Computer Incomes,"10,81"
9118,5,15,23.0,,2024-08-10 19:33:03,Income,Cash,Order Incomes,"19,79"
9119,4,16,47.0,,2024-08-10 17:23:59,Income,Cash,Order Incomes,"5,29"
9120,5,23,,,2024-08-10 14:33:06,Income,Credit Card,Playstation Incomes,"14,96"
9121,3,4,,,2024-08-10 23:52:43,Income,Cash,Computer Incomes,"21,40"
9122,3,9,,,2024-08-10 20:55:31,Income,Cash,Computer Incomes,"12,42"
9123,5,24,,,2024-08-10 18:05:15,Income,Cash,Playstation Incomes,"13,81"
9124,5,14,47.0,,2024-08-10 10:28:44,Income,Cash,Order Incomes,"18,18"
9125,3,1,,,2024-08-10 13:30:10,Income,Credit Card,Computer Incomes,"10,81"
9126,1,16,,,2024-08-10 21:07:36,Income,Cash,Computer Incomes,"4,37"
9127,2,4,,,2024-08-10 09:45:26,Income,Cash,Computer Incomes,"20,48"
9128,1,12,11.0,,2024-08-10 17:49:40,Income,Cash,Order Incomes,"13,81"
9129,3,2,,,2024-08-10 21:45:00,Income,Cash,Computer Incomes,"4,83"
9130,2,10,,,2024-08-11 18:21:05,Income,Cash,Computer Incomes,"20,98"
9131,5,4,,,2024-08-11 18:46:34,Income,Cash,Computer Incomes,"20,76"
9132,1,9,,,2024-08-11 10:58:27,Income,Cash,Computer Incomes,"14,64"
9133,5,15,,,2024-08-11 22:22:06,Income,Cash,Computer Incomes,"16,39"
9134,1,23,,,2024-08-11 23:55:40,Income,Cash,Playstation Incomes,"18,14"
9135,4,24,,,2024-08-11 11:24:29,Income,Cash,Playstation Incomes,"12,46"
9136,5,11,,,2024-08-11 16:01:33,Income,Cash,Computer Incomes,"14,42"
9137,5,15,,,2024-08-11 09:53:26,Income,Cash,Computer Incomes,"16,17"
9138,2,23,,,2024-08-11 12:49:45,Income,Credit Card,Playstation Incomes,"14,42"
9139,1,5,,,2024-08-11 22:11:02,Income,Cash,Computer Incomes,"20,32"
9140,5,13,,,2024-08-11 12:46:25,Income,Cash,Computer Incomes,"7,42"
9141,1,6,,,2024-08-11 16:18:14,Income,Cash,Computer Incomes,"20,09"
9142,1,24,,,2024-08-11 22:46:56,Income,Cash,Playstation Incomes,"3,05"
9143,5,16,,,2024-08-11 10:42:40,Income,Cash,Computer Incomes,"9,61"
9144,4,16,,,2024-08-11 11:56:45,Income,Cash,Computer Incomes,"8,95"
9145,4,9,,,2024-08-11 23:59:00,Income,Credit Card,Computer Incomes,"18,35"
9146,4,8,,,2024-08-11 22:49:53,Income,Cash,Computer Incomes,"12,23"
9147,1,23,,,2024-08-12 19:21:55,Income,Cash,Playstation Incomes,"5,14"
9148,4,6,,,2024-08-12 11:29:44,Income,Cash,Computer Incomes,"3,71"
9149,1,24,,,2024-08-12 10:35:06,Income,Cash,Playstation Incomes,"28,25"
9150,1,5,,,2024-08-12 16:55:01,Income,Cash,Computer Incomes,"27,40"
9151,1,4,,,2024-08-12 22:56:35,Income,Cash,Computer Incomes,"16,27"
9152,2,7,,,2024-08-12 17:47:22,Income,Credit Card,Computer Incomes,"18,84"
9153,5,23,,,2024-08-12 17:45:51,Income,Cash,Playstation Incomes,"14,56"
9154,4,16,,,2024-08-12 13:42:14,Income,Cash,Computer Incomes,"13,42"
9155,2,5,,,2024-08-12 12:43:56,Income,Cash,Computer Incomes,"21,12"
9156,5,3,,55.0,2024-08-12 19:36:07,Income,Credit Card,Member Transactions,"18,26"
9157,3,11,,,2024-08-12 21:16:09,Income,Cash,Computer Incomes,"16,54"
9158,2,13,,,2024-08-12 14:16:36,Income,Cash,Computer Incomes,"5,42"
9159,2,8,,,2024-08-12 19:12:43,Income,Cash,Computer Incomes,"7,98"
9160,4,14,,,2024-08-12 19:02:26,Income,Cash,Computer Incomes,"21,68"
9161,1,9,,,2024-08-12 10:18:17,Income,Cash,Computer Incomes,"19,11"
9162,1,12,,,2024-08-12 09:42:00,Income,Cash,Computer Incomes,"25,39"
9163,1,9,,,2024-08-12 14:25:52,Income,Cash,Computer Incomes,"8,27"
9164,4,24,,,2024-08-12 16:06:01,Income,Cash,Playstation Incomes,"18,26"
9165,2,2,,34.0,2024-08-12 13:41:46,Income,Credit Card,Member Transactions,"16,54"
9166,5,4,,,2024-08-12 20:18:27,Income,Cash,Computer Incomes,"21,11"
9167,1,23,,,2024-08-12 10:24:08,Income,Cash,Playstation Incomes,"15,97"
9168,1,6,,,2024-08-13 13:58:48,Income,Cash,Computer Incomes,"25,22"
9169,1,13,,,2024-08-13 10:54:30,Income,Credit Card,Computer Incomes,"19,11"
9170,3,24,,,2024-08-13 18:38:23,Income,Credit Card,Playstation Incomes,"13,01"
9171,4,11,,,2024-08-13 14:59:12,Income,Cash,Computer Incomes,"10,89"
9172,4,1,,,2024-08-13 15:04:26,Income,Credit Card,Computer Incomes,"12,74"
9173,2,1,,,2024-08-13 13:50:54,Income,Credit Card,Computer Incomes,"3,45"
9174,5,5,,,2024-08-13 10:34:33,Income,Cash,Computer Incomes,"16,72"
9175,4,7,,,2024-08-13 16:34:12,Income,Cash,Computer Incomes,"13,01"
9176,4,13,,,2024-08-13 18:19:51,Income,Cash,Computer Incomes,"11,42"
9177,3,6,,,2024-08-13 09:30:57,Income,Cash,Computer Incomes,"13,54"
9178,3,23,,,2024-08-13 20:34:16,Income,Cash,Playstation Incomes,"14,07"
9179,2,8,,,2024-08-13 11:36:50,Income,Cash,Computer Incomes,"13,27"
9180,4,8,,,2024-08-13 20:30:38,Income,Cash,Computer Incomes,"9,28"
9181,1,10,,,2024-08-13 20:28:00,Income,Cash,Computer Incomes,"17,24"
9182,4,24,,,2024-08-13 20:34:53,Income,Cash,Playstation Incomes,"23,61"
9183,4,1,,41.0,2024-08-13 18:34:36,Income,Cash,Member Transactions,"26,00"
9184,5,14,,,2024-08-13 09:18:07,Income,Cash,Computer Incomes,"13,00"
9185,5,4,14.0,,2024-08-13 13:35:07,Income,Credit Card,Order Incomes,"12,20"
9186,2,8,,,2024-08-13 09:11:25,Income,Cash,Computer Incomes,"24,94"
9187,2,14,,,2024-08-13 13:26:09,Income,Cash,Computer Incomes,"9,02"
9188,4,23,,,2024-08-13 20:09:20,Income,Cash,Playstation Incomes,"4,51"
9189,5,9,,,2024-08-13 19:59:04,Income,Cash,Computer Incomes,"18,31"
9190,1,24,,,2024-08-13 15:54:16,Income,Cash,Playstation Incomes,"17,51"
9191,4,1,,,2024-08-13 20:03:18,Income,Credit Card,Computer Incomes,"24,41"
9192,5,2,,17.0,2024-08-14 10:42:19,Income,Cash,Member Transactions,"14,48"
9193,4,16,,,2024-08-14 10:28:10,Income,Cash,Computer Incomes,"12,98"
9194,4,23,,,2024-08-14 18:31:16,Income,Cash,Playstation Incomes,"24,74"
9195,2,2,,,2024-08-14 10:19:28,Income,Cash,Computer Incomes,"26,85"
9196,4,2,,,2024-08-14 22:05:54,Income,Cash,Computer Incomes,"30,17"
9197,3,9,,,2024-08-14 17:30:04,Income,Credit Card,Computer Incomes,"7,55"
9198,1,24,,,2024-08-14 16:22:12,Income,Credit Card,Playstation Incomes,"22,93"
9199,3,11,,,2024-08-14 17:12:30,Income,Cash,Computer Incomes,"14,48"
9200,4,3,,,2024-08-14 16:15:00,Income,Cash,Computer Incomes,"6,04"
9201,4,14,36.0,,2024-08-14 11:02:38,Income,Credit Card,Order Incomes,"23,52"
9202,3,2,,,2024-08-14 22:48:28,Income,Cash,Computer Incomes,"27,75"
9203,5,1,,,2024-08-14 19:04:29,Income,Cash,Computer Incomes,"8,44"
9204,4,15,,43.0,2024-08-14 17:30:11,Income,Cash,Member Transactions,"11,76"
9205,5,9,,,2024-08-14 15:09:52,Income,Cash,Computer Incomes,"6,03"
9206,1,1,,,2024-08-14 16:02:35,Income,Cash,Computer Incomes,"18,40"
9207,5,5,,,2024-08-14 23:54:04,Income,Cash,Computer Incomes,"4,52"
9208,1,7,,,2024-08-14 11:19:05,Income,Cash,Computer Incomes,"25,33"
9209,5,5,24.0,,2024-08-14 11:56:15,Income,Cash,Order Incomes,"22,01"
9210,4,3,,,2024-08-14 14:12:13,Income,Cash,Computer Incomes,"6,33"
9211,1,14,,,2024-08-15 14:54:24,Income,Cash,Computer Incomes,"24,60"
9212,2,14,,65.0,2024-08-15 10:27:25,Income,Cash,Member Transactions,"21,12"
9213,2,23,,,2024-08-15 16:30:24,Income,Cash,Playstation Incomes,"16,21"
9214,1,8,,,2024-08-15 16:10:20,Income,Cash,Computer Incomes,"16,21"
9215,1,12,,,2024-08-15 18:45:04,Income,Cash,Computer Incomes,"11,58"
9216,2,13,,,2024-08-15 20:01:05,Income,Cash,Computer Incomes,"26,62"
9217,5,12,,,2024-08-15 18:47:05,Income,Cash,Computer Incomes,"6,08"
9218,4,11,,,2024-08-15 12:05:34,Income,Cash,Computer Incomes,"8,68"
9219,3,24,,,2024-08-15 12:52:24,Income,Cash,Playstation Incomes,"26,33"
9220,3,1,,,2024-08-15 21:42:02,Income,Credit Card,Computer Incomes,"16,78"
9221,4,11,,40.0,2024-08-15 14:20:47,Income,Cash,Member Transactions,"20,82"
9222,4,3,,,2024-08-15 16:24:46,Income,Cash,Computer Incomes,"19,96"
9223,2,15,,,2024-08-15 17:29:45,Income,Credit Card,Computer Incomes,"4,62"
9224,4,23,,,2024-08-15 22:16:37,Income,Cash,Playstation Incomes,"26,61"
9225,5,24,,,2024-08-15 18:59:39,Income,Cash,Playstation Incomes,"26,32"
9226,2,4,,,2024-08-15 13:36:38,Income,Cash,Computer Incomes,"19,09"
9227,4,12,,,2024-08-15 21:33:09,Income,Cash,Computer Incomes,"25,45"
9228,3,5,,,2024-08-15 18:14:11,Income,Cash,Computer Incomes,"10,99"
9229,2,16,,,2024-08-15 12:33:10,Income,Cash,Computer Incomes,"28,64"
9230,1,2,,,2024-08-15 13:21:20,Income,Cash,Computer Incomes,"25,74"
9231,3,3,,11.0,2024-08-15 10:32:59,Income,Cash,Member Transactions,"3,18"
9232,1,3,,,2024-08-16 23:31:10,Income,Cash,Computer Incomes,"12,11"
9233,5,13,,36.0,2024-08-16 19:17:03,Income,Cash,Member Transactions,"22,28"
9234,3,2,,,2024-08-16 13:54:31,Income,Cash,Computer Incomes,"12,60"
9235,1,8,,,2024-08-16 23:46:27,Income,Cash,Computer Incomes,"9,93"
9236,5,16,15.0,,2024-08-16 18:30:45,Income,Cash,Order Incomes,"6,54"
9237,4,5,,,2024-08-16 13:58:42,Income,Credit Card,Computer Incomes,"3,15"
9238,4,5,,,2024-08-16 14:49:36,Income,Cash,Computer Incomes,"23,25"
9239,1,23,,,2024-08-16 15:47:27,Income,Cash,Playstation Incomes,"22,28"
9240,2,10,23.0,,2024-08-16 18:53:19,Income,Cash,Order Incomes,"3,88"
9241,4,9,,,2024-08-16 18:01:58,Income,Cash,Computer Incomes,"14,54"
9242,2,3,,,2024-08-16 19:30:34,Income,Cash,Computer Incomes,"23,25"
9243,1,7,,,2024-08-16 15:26:47,Income,Credit Card,Computer Incomes,"4,12"
9244,5,11,,,2024-08-16 16:21:21,Income,Credit Card,Computer Incomes,"15,26"
9245,2,9,,,2024-08-16 23:56:11,Income,Credit Card,Computer Incomes,"10,18"
9246,4,12,,,2024-08-16 16:29:27,Income,Cash,Computer Incomes,"23,74"
9247,3,12,44.0,,2024-08-16 19:07:56,Income,Credit Card,Order Incomes,"18,17"
9248,3,8,,,2024-08-16 20:33:01,Income,Cash,Computer Incomes,"14,28"
9249,3,10,,,2024-08-16 13:53:36,Income,Cash,Computer Incomes,"21,31"
9250,5,9,,,2024-08-16 10:01:53,Income,Cash,Computer Incomes,"6,05"
9251,2,10,,,2024-08-16 15:24:00,Income,Cash,Computer Incomes,"22,03"
9252,2,7,,,2024-08-16 15:52:21,Income,Cash,Computer Incomes,"15,25"
9253,3,7,,,2024-08-16 10:25:24,Income,Credit Card,Computer Incomes,"8,23"
9254,3,24,,,2024-08-16 14:15:22,Income,Cash,Playstation Incomes,"3,39"
9255,4,23,,,2024-08-16 11:57:26,Income,Cash,Playstation Incomes,"9,20"
9256,2,24,,,2024-08-16 23:31:12,Income,Cash,Playstation Incomes,"14,77"
9257,5,7,35.0,,2024-08-16 19:21:57,Income,Cash,Order Incomes,"2,42"
9258,3,8,,,2024-08-16 21:31:41,Income,Cash,Computer Incomes,"23,97"
9259,2,6,,,2024-08-16 13:09:08,Income,Cash,Computer Incomes,"14,04"
9260,4,12,,,2024-08-16 13:52:54,Income,Cash,Computer Incomes,"15,74"
9261,1,16,16.0,,2024-08-16 10:32:21,Income,Cash,Order Incomes,"10,41"
9262,2,23,,,2024-08-16 14:48:09,Income,Cash,Playstation Incomes,"22,03"
9263,5,14,,,2024-08-17 16:27:28,Income,Cash,Computer Incomes,"2,40"
9264,5,2,,,2024-08-17 19:00:51,Income,Cash,Computer Incomes,"4,05"
9265,1,24,,,2024-08-17 22:49:33,Income,Cash,Playstation Incomes,"10,94"
9266,4,1,,,2024-08-17 20:20:40,Income,Cash,Computer Incomes,"2,10"
9267,3,23,,,2024-08-17 18:15:27,Income,Cash,Playstation Incomes,"12,74"
9268,3,24,,,2024-08-17 22:52:10,Income,Cash,Playstation Incomes,"11,69"
9269,2,16,,,2024-08-17 21:12:41,Income,Cash,Computer Incomes,"5,85"
9270,3,12,,,2024-08-17 17:24:09,Income,Cash,Computer Incomes,"14,83"
9271,2,1,30.0,,2024-08-17 20:02:52,Income,Cash,Order Incomes,"7,49"
9272,5,23,,,2024-08-17 18:26:24,Income,Cash,Playstation Incomes,"1,95"
9273,4,24,,,2024-08-17 18:13:08,Income,Cash,Playstation Incomes,"11,09"
9274,2,12,26.0,,2024-08-17 18:33:55,Income,Cash,Order Incomes,"9,59"
9275,3,10,,,2024-08-17 14:26:26,Income,Cash,Computer Incomes,"13,04"
9276,1,5,,,2024-08-17 14:12:04,Income,Cash,Computer Incomes,"14,68"
9277,2,23,,,2024-08-17 19:52:01,Income,Cash,Playstation Incomes,"9,29"
9278,3,10,24.0,,2024-08-17 15:54:59,Income,Cash,Order Incomes,"2,85"
9279,3,10,,,2024-08-17 21:26:39,Income,Cash,Computer Incomes,"9,44"
9280,2,2,,,2024-08-17 11:55:59,Income,Cash,Computer Incomes,"10,63"
9281,4,2,,21.0,2024-08-17 13:58:08,Income,Cash,Member Transactions,"2,69"
9282,4,24,,,2024-08-17 23:34:39,Income,Cash,Playstation Incomes,"11,08"
9283,4,4,,,2024-08-17 16:46:19,Income,Credit Card,Computer Incomes,"13,03"
9284,2,9,,,2024-08-17 19:12:32,Income,Credit Card,Computer Incomes,"5,54"
9285,2,5,27.0,,2024-08-17 21:02:27,Income,Cash,Order Incomes,"11,23"
9286,5,23,,,2024-08-17 12:58:52,Income,Credit Card,Playstation Incomes,"11,38"
9287,5,1,,31.0,2024-08-17 09:34:57,Income,Cash,Member Transactions,"12,13"
9288,3,9,,,2024-08-17 10:33:05,Income,Cash,Computer Incomes,"6,73"
9289,4,12,,,2024-08-17 14:39:59,Income,Cash,Computer Incomes,"14,07"
9290,5,10,,,2024-08-17 10:59:29,Income,Credit Card,Computer Incomes,"6,59"
9291,5,2,49.0,,2024-08-17 18:01:45,Income,Cash,Order Incomes,"8,83"
9292,2,16,,2.0,2024-08-17 13:25:19,Income,Cash,Member Transactions,"13,32"
9293,1,5,,,2024-08-17 22:46:56,Income,Cash,Computer Incomes,"14,37"
9294,5,6,,,2024-08-17 22:29:47,Income,Credit Card,Computer Incomes,"4,04"
9295,4,15,,,2024-08-17 13:24:35,Income,Cash,Computer Incomes,"2,99"
9296,5,7,,,2024-08-17 19:32:30,Income,Cash,Computer Incomes,"6,44"
9297,2,2,,,2024-08-17 23:37:12,Income,Cash,Computer Incomes,"6,29"
9298,1,6,,,2024-08-17 13:21:51,Income,Cash,Computer Incomes,"7,48"
9299,2,11,,32.0,2024-08-18 14:15:36,Income,Cash,Member Transactions,"15,12"
9300,4,13,,,2024-08-18 18:29:27,Income,Credit Card,Computer Incomes,"24,29"
9301,4,2,,8.0,2024-08-18 17:34:56,Income,Cash,Member Transactions,"18,84"
9302,5,15,26.0,,2024-08-18 19:47:07,Income,Cash,Order Incomes,"3,47"
9303,2,4,,,2024-08-18 11:13:38,Income,Cash,Computer Incomes,"24,54"
9304,5,15,7.0,,2024-08-18 18:13:17,Income,Credit Card,Order Incomes,"12,89"
9305,5,10,,,2024-08-18 09:01:04,Income,Cash,Computer Incomes,"18,34"
9306,1,7,5.0,,2024-08-18 13:04:12,Income,Cash,Order Incomes,"17,60"
9307,5,11,,,2024-08-18 18:33:44,Income,Cash,Computer Incomes,"10,16"
9308,1,11,,,2024-08-18 23:38:25,Income,Cash,Computer Incomes,"23,04"
9309,4,6,,14.0,2024-08-18 17:09:10,Income,Cash,Member Transactions,"8,42"
9310,5,24,,,2024-08-18 14:52:23,Income,Cash,Playstation Incomes,"8,92"
9311,4,8,21.0,,2024-08-18 11:02:41,Income,Cash,Order Incomes,"3,71"
9312,3,9,,,2024-08-18 11:28:59,Income,Cash,Computer Incomes,"20,81"
9313,3,11,49.0,,2024-08-18 18:19:39,Income,Cash,Order Incomes,"21,80"
9314,1,15,,,2024-08-18 13:27:30,Income,Cash,Computer Incomes,"17,59"
9315,4,23,,,2024-08-18 09:45:16,Income,Credit Card,Playstation Incomes,"4,21"
9316,1,14,,,2024-08-18 16:56:46,Income,Cash,Computer Incomes,"18,83"
9317,4,1,,,2024-08-18 16:18:45,Income,Cash,Computer Incomes,"24,77"
9318,2,24,,,2024-08-18 19:31:07,Income,Cash,Playstation Incomes,"11,15"
9319,4,5,,,2024-08-18 11:27:58,Income,Cash,Computer Incomes,"23,29"
9320,3,23,,,2024-08-18 12:21:50,Income,Cash,Playstation Incomes,"14,12"
9321,3,16,9.0,,2024-08-18 11:21:06,Income,Cash,Order Incomes,"9,91"
9322,1,24,,,2024-08-18 17:39:25,Income,Credit Card,Playstation Incomes,"13,62"
9323,1,7,,,2024-08-19 17:16:25,Income,Cash,Computer Incomes,"6,27"
9324,4,14,,,2024-08-19 14:47:10,Income,Cash,Computer Incomes,"2,23"
9325,2,7,16.0,,2024-08-19 11:52:33,Income,Cash,Order Incomes,"3,84"
9326,2,9,,,2024-08-19 12:51:25,Income,Cash,Computer Incomes,"15,35"
9327,5,23,,,2024-08-19 13:05:15,Income,Cash,Playstation Incomes,"5,05"
9328,5,24,,,2024-08-19 14:22:04,Income,Cash,Playstation Incomes,"13,13"
9329,4,9,,,2024-08-19 20:17:36,Income,Cash,Computer Incomes,"8,28"
9330,4,7,,8.0,2024-08-19 23:48:59,Income,Cash,Member Transactions,"15,15"
9331,4,1,,,2024-08-19 10:23:46,Income,Cash,Computer Incomes,"17,98"
9332,4,14,,,2024-08-19 15:43:42,Income,Cash,Computer Incomes,"7,48"
9333,5,2,,,2024-08-19 22:45:20,Income,Credit Card,Computer Incomes,"5,05"
9334,2,23,,,2024-08-19 18:08:42,Income,Cash,Playstation Incomes,"17,16"
9335,5,13,,,2024-08-19 21:29:00,Income,Cash,Computer Incomes,"3,83"
9336,4,11,,,2024-08-19 21:10:09,Income,Cash,Computer Incomes,"18,57"
9337,4,5,,,2024-08-19 09:56:14,Income,Cash,Computer Incomes,"3,23"
9338,5,5,35.0,,2024-08-19 15:13:32,Income,Cash,Order Incomes,"15,95"
9339,2,1,,,2024-08-19 18:46:17,Income,Cash,Computer Incomes,"11,91"
9340,4,24,,,2024-08-19 17:05:41,Income,Cash,Playstation Incomes,"12,92"
9341,1,16,,,2024-08-19 16:50:13,Income,Cash,Computer Incomes,"15,14"
9342,3,23,,,2024-08-19 10:36:22,Income,Cash,Playstation Incomes,"17,56"
9343,3,24,,,2024-08-20 15:51:08,Income,Cash,Playstation Incomes,"37,42"
9344,5,14,,,2024-08-20 11:45:55,Income,Cash,Computer Incomes,"19,66"
9345,4,13,13.0,,2024-08-20 22:32:58,Income,Cash,Order Incomes,"6,05"
9346,3,16,,,2024-08-20 16:48:41,Income,Cash,Computer Incomes,"13,23"
9347,1,10,,,2024-08-20 17:09:49,Income,Cash,Computer Incomes,"20,41"
9348,1,13,,,2024-08-20 15:57:51,Income,Cash,Computer Incomes,"26,84"
9349,5,12,,,2024-08-20 12:01:14,Income,Credit Card,Computer Incomes,"8,70"
9350,1,7,,,2024-08-20 16:31:00,Income,Cash,Computer Incomes,"15,12"
9351,4,2,,,2024-08-20 20:23:07,Income,Cash,Computer Incomes,"35,15"
9352,1,2,28.0,,2024-08-20 19:42:17,Income,Cash,Order Incomes,"13,22"
9353,3,6,18.0,,2024-08-20 15:04:07,Income,Credit Card,Order Incomes,"18,14"
9354,4,23,,,2024-08-20 12:04:32,Income,Cash,Playstation Incomes,"33,26"
9355,4,3,,,2024-08-20 15:34:17,Income,Cash,Computer Incomes,"23,43"
9356,5,24,,,2024-08-20 17:37:57,Income,Cash,Playstation Incomes,"30,99"
9357,3,5,,,2024-08-20 14:39:51,Income,Cash,Computer Incomes,"31,74"
9358,3,7,,,2024-08-21 21:31:41,Income,Cash,Computer Incomes,"35,29"
9359,2,12,,1.0,2024-08-21 19:02:49,Income,Cash,Member Transactions,"28,65"
9360,4,13,,,2024-08-21 21:38:40,Income,Cash,Computer Incomes,"41,51"
9361,3,4,,,2024-08-21 22:48:50,Income,Credit Card,Computer Incomes,"13,29"
9362,3,23,,,2024-08-21 16:46:58,Income,Cash,Playstation Incomes,"9,14"
9363,3,2,,,2024-08-21 09:07:33,Income,Cash,Computer Incomes,"28,23"
9364,4,24,,,2024-08-21 19:20:04,Income,Cash,Playstation Incomes,"26,56"
9365,3,23,,,2024-08-21 20:00:32,Income,Cash,Playstation Incomes,"35,28"
9366,2,16,,,2024-08-21 22:52:45,Income,Cash,Computer Incomes,"28,22"
9367,2,24,,,2024-08-21 16:36:49,Income,Credit Card,Playstation Incomes,"8,71"
9368,2,5,,,2024-08-21 14:36:01,Income,Cash,Computer Incomes,"26,56"
9369,4,9,,,2024-08-21 11:28:41,Income,Credit Card,Computer Incomes,"23,65"
9370,4,7,,,2024-08-21 23:53:14,Income,Cash,Computer Incomes,"28,64"
9371,3,23,,,2024-08-21 14:16:07,Income,Cash,Playstation Incomes,"27,81"
9372,1,12,,,2024-08-22 23:08:00,Income,Credit Card,Computer Incomes,"10,03"
9373,1,3,,,2024-08-22 09:44:24,Income,Cash,Computer Incomes,"3,35"
9374,4,24,,,2024-08-22 15:13:50,Income,Cash,Playstation Incomes,"15,41"
9375,1,23,,,2024-08-22 17:47:00,Income,Cash,Playstation Incomes,"4,46"
9376,3,24,,,2024-08-22 15:49:56,Income,Cash,Playstation Incomes,"5,02"
9377,3,10,23.0,,2024-08-22 17:52:42,Income,Cash,Order Incomes,"4,46"
9378,5,15,,,2024-08-22 22:34:00,Income,Credit Card,Computer Incomes,"7,80"
9379,3,13,,,2024-08-22 10:53:59,Income,Credit Card,Computer Incomes,"2,05"
9380,5,14,,,2024-08-22 12:50:00,Income,Cash,Computer Incomes,"6,87"
9381,2,13,15.0,,2024-08-22 12:02:07,Income,Cash,Order Incomes,"13,37"
9382,5,6,,,2024-08-22 12:03:07,Income,Cash,Computer Incomes,"5,20"
9383,1,13,18.0,,2024-08-22 18:54:10,Income,Credit Card,Order Incomes,"18,57"
9384,2,6,,,2024-08-22 12:41:14,Income,Cash,Computer Incomes,"5,93"
9385,5,23,,,2024-08-22 15:05:25,Income,Credit Card,Playstation Incomes,"17,07"
9386,2,7,33.0,,2024-08-22 20:34:50,Income,Cash,Order Incomes,"17,07"
9387,5,24,,,2024-08-22 10:47:02,Income,Cash,Playstation Incomes,"13,73"
9388,5,14,,,2024-08-22 19:15:28,Income,Cash,Computer Incomes,"8,16"
9389,1,23,,,2024-08-22 17:34:55,Income,Cash,Playstation Incomes,"13,92"
9390,2,24,,,2024-08-22 12:54:17,Income,Cash,Playstation Incomes,"16,14"
9391,1,15,,,2024-08-22 21:49:07,Income,Cash,Computer Incomes,"13,54"
9392,2,23,,,2024-08-22 11:58:16,Income,Cash,Playstation Incomes,"17,26"
9393,4,24,,,2024-08-22 23:51:25,Income,Cash,Playstation Incomes,"11,32"
9394,4,1,,,2024-08-22 18:09:20,Income,Cash,Computer Incomes,"16,51"
9395,3,11,,,2024-08-23 10:25:20,Income,Cash,Computer Incomes,"1,37"
9396,1,8,27.0,,2024-08-23 12:37:31,Income,Cash,Order Incomes,"2,86"
9397,2,2,,,2024-08-23 15:10:56,Income,Cash,Computer Incomes,"11,16"
9398,5,23,,,2024-08-23 16:14:01,Income,Cash,Playstation Incomes,"6,82"
9399,2,4,30.0,,2024-08-23 15:16:12,Income,Cash,Order Incomes,"9,30"
9400,3,11,,,2024-08-23 17:09:08,Income,Cash,Computer Incomes,"8,19"
9401,1,9,,,2024-08-23 09:16:18,Income,Cash,Computer Incomes,"11,16"
9402,1,5,,,2024-08-23 11:28:41,Income,Cash,Computer Incomes,"2,61"
9403,5,16,,,2024-08-23 15:18:22,Income,Cash,Computer Incomes,"3,60"
9404,3,24,,,2024-08-23 22:34:29,Income,Cash,Playstation Incomes,"2,73"
9405,4,13,,,2024-08-23 09:45:23,Income,Cash,Computer Incomes,"8,31"
9406,1,7,,,2024-08-23 15:31:54,Income,Credit Card,Computer Incomes,"9,18"
9407,1,3,,,2024-08-23 13:42:31,Income,Cash,Computer Incomes,"12,28"
9408,1,6,,,2024-08-23 13:26:51,Income,Cash,Computer Incomes,"3,10"
9409,1,23,,,2024-08-23 19:08:13,Income,Cash,Playstation Incomes,"12,03"
9410,1,15,,,2024-08-23 18:27:22,Income,Credit Card,Computer Incomes,"7,82"
9411,5,14,28.0,,2024-08-23 17:41:34,Income,Credit Card,Order Incomes,"11,16"
9412,5,6,,,2024-08-23 11:58:31,Income,Cash,Computer Incomes,"9,06"
9413,4,2,30.0,,2024-08-23 11:08:39,Income,Cash,Order Incomes,"9,06"
9414,1,4,,,2024-08-23 19:59:49,Income,Cash,Computer Incomes,"6,82"
9415,4,3,,,2024-08-23 11:16:38,Income,Credit Card,Computer Incomes,"7,82"
9416,4,14,,,2024-08-23 13:01:53,Income,Cash,Computer Incomes,"10,30"
9417,2,14,31.0,,2024-08-23 15:42:27,Income,Credit Card,Order Incomes,"1,74"
9418,5,13,,,2024-08-23 18:26:12,Income,Cash,Computer Incomes,"10,79"
9419,2,14,,,2024-08-23 12:51:17,Income,Cash,Computer Incomes,"3,59"
9420,4,4,,,2024-08-23 10:50:30,Income,Cash,Computer Incomes,"6,44"
9421,3,24,,,2024-08-23 11:07:03,Income,Cash,Playstation Incomes,"2,35"
9422,2,1,,43.0,2024-08-23 11:46:23,Income,Cash,Member Transactions,"5,33"
9423,4,11,35.0,,2024-08-23 15:25:07,Income,Cash,Order Incomes,"11,90"
9424,4,1,25.0,,2024-08-23 23:56:14,Income,Cash,Order Incomes,"9,05"
9425,5,23,,,2024-08-23 16:47:35,Income,Cash,Playstation Incomes,"3,59"
9426,1,16,,,2024-08-23 20:07:53,Income,Cash,Computer Incomes,"11,53"
9427,5,8,22.0,,2024-08-23 09:58:53,Income,Cash,Order Incomes,"12,15"
9428,4,3,,,2024-08-23 18:03:33,Income,Credit Card,Computer Incomes,"7,06"
9429,4,1,,,2024-08-23 15:04:43,Income,Cash,Computer Incomes,"10,66"
9430,4,13,,,2024-08-23 10:22:07,Income,Credit Card,Computer Incomes,"2,72"
9431,5,5,16.0,,2024-08-23 16:36:55,Income,Cash,Order Incomes,"4,58"
9432,3,8,,,2024-08-23 17:31:51,Income,Cash,Computer Incomes,"7,19"
9433,2,1,,,2024-08-23 18:56:52,Income,Cash,Computer Incomes,"8,80"
9434,5,9,7.0,,2024-08-23 16:47:47,Income,Cash,Order Incomes,"11,65"
9435,5,24,,,2024-08-23 18:34:53,Income,Cash,Playstation Incomes,"5,70"
9436,2,16,,6.0,2024-08-23 11:07:19,Income,Cash,Member Transactions,"6,19"
9437,3,9,,54.0,2024-08-24 23:12:43,Income,Cash,Member Transactions,"2,51"
9438,4,12,,,2024-08-24 15:26:43,Income,Cash,Computer Incomes,"14,32"
9439,2,12,,,2024-08-24 10:19:58,Income,Cash,Computer Incomes,"6,80"
9440,2,10,,,2024-08-24 15:48:17,Income,Cash,Computer Incomes,"4,12"
9441,2,13,,,2024-08-24 19:58:58,Income,Cash,Computer Incomes,"5,55"
9442,5,14,,,2024-08-24 10:31:28,Income,Cash,Computer Incomes,"4,66"
9443,3,23,,,2024-08-24 11:22:55,Income,Cash,Playstation Incomes,"6,62"
9444,3,24,,,2024-08-24 18:10:08,Income,Cash,Playstation Incomes,"8,06"
9445,4,11,,,2024-08-24 18:45:30,Income,Cash,Computer Incomes,"10,92"
9446,5,4,,,2024-08-24 16:11:42,Income,Credit Card,Computer Incomes,"3,05"
9447,1,14,,,2024-08-24 16:07:34,Income,Credit Card,Computer Incomes,"10,02"
9448,5,9,20.0,,2024-08-24 21:06:51,Income,Cash,Order Incomes,"8,77"
9449,2,14,,,2024-08-24 13:46:32,Income,Cash,Computer Incomes,"12,89"
9450,1,8,21.0,,2024-08-24 16:47:36,Income,Cash,Order Incomes,"17,36"
9451,5,7,24.0,,2024-08-24 09:28:57,Income,Credit Card,Order Incomes,"15,75"
9452,3,14,,,2024-08-24 12:32:05,Income,Credit Card,Computer Incomes,"17,00"
9453,2,23,,,2024-08-24 22:49:00,Income,Credit Card,Playstation Incomes,"7,88"
9454,4,15,,,2024-08-24 21:50:10,Income,Cash,Computer Incomes,"12,34"
9455,2,8,,50.0,2024-08-24 23:20:30,Income,Credit Card,Member Transactions,"3,39"
9456,4,5,14.0,,2024-08-24 11:50:43,Income,Cash,Order Incomes,"2,32"
9457,3,12,,,2024-08-24 16:03:23,Income,Cash,Computer Incomes,"14,13"
9458,2,7,17.0,,2024-08-24 19:00:46,Income,Cash,Order Incomes,"14,13"
9459,1,24,,,2024-08-24 17:16:51,Income,Cash,Playstation Incomes,"3,22"
9460,3,2,,,2024-08-24 19:47:30,Income,Cash,Computer Incomes,"12,70"
9461,5,16,,,2024-08-24 13:35:57,Income,Cash,Computer Incomes,"8,05"
9462,5,2,,,2024-08-24 19:36:45,Income,Cash,Computer Incomes,"10,19"
9463,1,10,,,2024-08-24 10:20:57,Income,Cash,Computer Incomes,"4,65"
9464,2,8,23.0,,2024-08-24 10:23:05,Income,Cash,Order Incomes,"11,27"
9465,3,12,,,2024-08-24 23:36:54,Income,Cash,Computer Incomes,"16,46"
9466,1,23,,,2024-08-24 20:31:13,Income,Cash,Playstation Incomes,"16,81"
9467,3,9,,,2024-08-24 20:08:41,Income,Cash,Computer Incomes,"3,57"
9468,4,14,,,2024-08-24 09:40:40,Income,Cash,Computer Incomes,"12,34"
9469,3,12,,,2024-08-24 09:51:24,Income,Cash,Computer Incomes,"2,68"
9470,1,15,,,2024-08-24 13:22:24,Income,Cash,Computer Incomes,"10,37"
9471,1,13,,23.0,2024-08-24 13:16:15,Income,Cash,Member Transactions,"15,92"
9472,4,24,,,2024-08-24 21:26:26,Income,Cash,Playstation Incomes,"6,44"
9473,4,13,,,2024-08-24 18:58:58,Income,Cash,Computer Incomes,"12,34"
9474,4,12,47.0,,2024-08-24 15:38:43,Income,Cash,Order Incomes,"9,84"
9475,5,14,,,2024-08-25 15:08:04,Income,Cash,Computer Incomes,"11,56"
9476,1,10,35.0,,2024-08-25 12:28:59,Income,Cash,Order Incomes,"11,23"
9477,3,8,,65.0,2024-08-25 15:38:35,Income,Cash,Member Transactions,"4,96"
9478,1,4,,52.0,2024-08-25 20:43:07,Income,Cash,Member Transactions,"19,82"
9479,3,23,,,2024-08-25 10:16:11,Income,Cash,Playstation Incomes,"16,18"
9480,2,8,,,2024-08-25 12:01:39,Income,Cash,Computer Incomes,"12,55"
9481,4,10,,,2024-08-25 11:34:08,Income,Cash,Computer Incomes,"13,87"
9482,1,16,,,2024-08-25 12:46:40,Income,Credit Card,Computer Incomes,"21,80"
9483,3,6,14.0,,2024-08-25 13:57:30,Income,Cash,Order Incomes,"23,12"
9484,2,4,,,2024-08-25 23:34:01,Income,Cash,Computer Incomes,"7,27"
9485,4,3,32.0,,2024-08-25 22:47:56,Income,Cash,Order Incomes,"4,63"
9486,2,6,,50.0,2024-08-25 12:50:43,Income,Cash,Member Transactions,"30,04"
9487,2,24,,,2024-08-25 22:28:16,Income,Cash,Playstation Incomes,"30,04"
9488,3,16,,,2024-08-25 14:01:20,Income,Cash,Computer Incomes,"22,12"
9489,4,6,,,2024-08-25 17:50:46,Income,Cash,Computer Incomes,"19,81"
9490,4,13,,,2024-08-25 11:38:25,Income,Credit Card,Computer Incomes,"11,88"
9491,5,16,,,2024-08-25 18:09:24,Income,Credit Card,Computer Incomes,"28,06"
9492,3,10,,,2024-08-25 09:33:46,Income,Cash,Computer Incomes,"20,14"
9493,3,23,,,2024-08-25 22:03:11,Income,Cash,Playstation Incomes,"18,16"
9494,1,13,,,2024-08-25 15:55:19,Income,Cash,Computer Incomes,"25,09"
9495,1,24,,,2024-08-25 16:57:25,Income,Cash,Playstation Incomes,"4,29"
9496,2,1,,,2024-08-25 13:55:10,Income,Cash,Computer Incomes,"7,92"
9497,5,7,,,2024-08-25 16:49:19,Income,Cash,Computer Incomes,"13,86"
9498,4,16,,,2024-08-25 23:40:28,Income,Credit Card,Computer Incomes,"6,27"
9499,4,8,38.0,,2024-08-26 17:05:41,Income,Cash,Order Incomes,"13,57"
9500,2,6,,,2024-08-26 15:44:45,Income,Cash,Computer Incomes,"25,93"
9501,5,7,,,2024-08-26 14:17:43,Income,Cash,Computer Incomes,"22,01"
9502,5,8,,,2024-08-26 18:23:02,Income,Cash,Computer Incomes,"22,31"
9503,3,5,,,2024-08-26 20:32:09,Income,Cash,Computer Incomes,"7,24"
9504,2,9,,,2024-08-26 20:48:04,Income,Cash,Computer Incomes,"9,05"
9505,5,23,,,2024-08-26 17:40:38,Income,Cash,Playstation Incomes,"6,64"
9506,3,13,25.0,,2024-08-26 22:29:09,Income,Cash,Order Incomes,"4,23"
9507,1,24,,,2024-08-26 09:05:08,Income,Cash,Playstation Incomes,"10,26"
9508,2,8,33.0,,2024-08-26 11:50:17,Income,Cash,Order Incomes,"27,44"
9509,1,14,,,2024-08-26 19:10:58,Income,Credit Card,Computer Incomes,"25,32"
9510,1,15,17.0,,2024-08-26 12:27:24,Income,Credit Card,Order Incomes,"25,92"
9511,2,1,,,2024-08-26 15:31:11,Income,Cash,Computer Incomes,"19,89"
9512,4,14,,,2024-08-26 20:19:57,Income,Cash,Computer Incomes,"7,53"
9513,1,23,,,2024-08-26 21:26:13,Income,Cash,Playstation Incomes,"12,36"
9514,5,5,,,2024-08-26 19:04:30,Income,Cash,Computer Incomes,"6,63"
9515,2,6,,,2024-08-26 11:48:39,Income,Cash,Computer Incomes,"20,19"
9516,2,24,,,2024-08-26 21:43:21,Income,Cash,Playstation Incomes,"25,62"
9517,2,6,,,2024-08-27 20:31:46,Income,Cash,Computer Incomes,"17,44"
9518,5,23,,,2024-08-27 17:15:56,Income,Cash,Playstation Incomes,"27,89"
9519,2,15,,,2024-08-27 13:45:41,Income,Cash,Computer Incomes,"13,60"
9520,3,24,,,2024-08-27 14:14:23,Income,Cash,Playstation Incomes,"8,02"
9521,1,7,30.0,,2024-08-27 19:27:42,Income,Cash,Order Incomes,"12,21"
9522,1,7,45.0,,2024-08-27 10:08:05,Income,Cash,Order Incomes,"4,89"
9523,1,9,,,2024-08-27 16:24:06,Income,Cash,Computer Incomes,"22,32"
9524,4,3,19.0,,2024-08-27 17:17:16,Income,Cash,Order Incomes,"34,51"
9525,1,23,,,2024-08-27 20:37:35,Income,Cash,Playstation Incomes,"23,70"
9526,4,24,,,2024-08-27 13:06:44,Income,Cash,Playstation Incomes,"19,87"
9527,2,5,,,2024-08-27 15:21:42,Income,Cash,Computer Incomes,"32,07"
9528,4,23,,,2024-08-27 11:16:37,Income,Cash,Playstation Incomes,"8,71"
9529,2,7,22.0,,2024-08-27 13:27:55,Income,Cash,Order Incomes,"8,71"
9530,4,13,,47.0,2024-08-27 09:20:50,Income,Cash,Member Transactions,"26,49"
9531,1,6,,,2024-08-27 13:35:35,Income,Cash,Computer Incomes,"29,28"
9532,5,11,,,2024-08-27 20:25:44,Income,Cash,Computer Incomes,"16,73"
9533,2,13,,43.0,2024-08-27 15:40:14,Income,Cash,Member Transactions,"31,37"
9534,2,13,,,2024-08-27 16:27:36,Income,Credit Card,Computer Incomes,"11,50"
9535,3,3,41.0,,2024-08-28 13:19:37,Income,Credit Card,Order Incomes,"21,78"
9536,2,8,,,2024-08-28 22:16:44,Income,Cash,Computer Incomes,"10,20"
9537,3,7,,,2024-08-28 12:01:19,Income,Credit Card,Computer Incomes,"14,83"
9538,2,11,,,2024-08-28 15:57:31,Income,Cash,Computer Incomes,"6,03"
9539,3,15,20.0,,2024-08-28 12:15:11,Income,Cash,Order Incomes,"11,36"
9540,1,6,,,2024-08-28 18:50:55,Income,Cash,Computer Incomes,"6,03"
9541,4,8,,,2024-08-28 09:44:34,Income,Cash,Computer Incomes,"3,25"
9542,2,11,,,2024-08-28 16:25:42,Income,Cash,Computer Incomes,"10,66"
9543,5,24,,,2024-08-28 19:38:54,Income,Cash,Playstation Incomes,"4,86"
9544,1,3,,,2024-08-28 23:54:02,Income,Cash,Computer Incomes,"7,87"
9545,2,3,,,2024-08-28 15:43:27,Income,Cash,Computer Incomes,"23,16"
9546,4,23,,,2024-08-28 16:12:19,Income,Cash,Playstation Incomes,"11,35"
9547,3,8,,,2024-08-28 11:23:43,Income,Cash,Computer Incomes,"19,92"
9548,2,14,,,2024-08-28 22:26:16,Income,Cash,Computer Incomes,"13,89"
9549,4,16,18.0,,2024-08-28 18:39:00,Income,Cash,Order Incomes,"2,77"
9550,5,3,,,2024-08-28 20:36:47,Income,Cash,Computer Incomes,"17,37"
9551,2,13,13.0,,2024-08-28 15:03:53,Income,Credit Card,Order Incomes,"10,88"
9552,4,4,,,2024-08-28 15:49:20,Income,Credit Card,Computer Incomes,"12,74"
9553,1,6,,,2024-08-28 11:12:13,Income,Cash,Computer Incomes,"22,93"
9554,1,24,,,2024-08-29 11:12:52,Income,Cash,Playstation Incomes,"15,52"
9555,5,14,39.0,,2024-08-29 23:36:17,Income,Cash,Order Incomes,"4,57"
9556,4,2,,,2024-08-29 21:21:20,Income,Cash,Computer Incomes,"9,43"
9557,5,23,,,2024-08-29 17:52:54,Income,Cash,Playstation Incomes,"17,95"
9558,4,6,,,2024-08-29 22:59:16,Income,Credit Card,Computer Incomes,"3,96"
9559,2,12,49.0,,2024-08-29 17:55:03,Income,Cash,Order Incomes,"8,52"
9560,5,16,17.0,,2024-08-29 23:37:19,Income,Credit Card,Order Incomes,"9,13"
9561,5,14,,,2024-08-29 23:48:05,Income,Cash,Computer Incomes,"9,12"
9562,1,7,,40.0,2024-08-29 21:36:51,Income,Cash,Member Transactions,"8,21"
9563,1,3,,11.0,2024-08-29 12:54:05,Income,Cash,Member Transactions,"29,50"
9564,2,8,3.0,,2024-08-29 12:56:35,Income,Cash,Order Incomes,"22,80"
9565,4,1,,,2024-08-29 09:02:15,Income,Cash,Computer Incomes,"3,64"
9566,5,12,,,2024-08-29 17:28:37,Income,Cash,Computer Incomes,"5,17"
9567,4,4,,,2024-08-29 10:00:07,Income,Cash,Computer Incomes,"28,89"
9568,2,6,,,2024-08-29 22:01:45,Income,Cash,Computer Incomes,"11,86"
9569,2,2,,,2024-08-29 23:31:33,Income,Cash,Computer Incomes,"28,89"
9570,2,10,,,2024-08-29 19:03:57,Income,Cash,Computer Incomes,"3,95"
9571,1,15,,,2024-08-29 23:20:28,Income,Cash,Computer Incomes,"24,33"
9572,5,11,,,2024-08-29 15:12:06,Income,Cash,Computer Incomes,"15,81"
9573,5,15,,,2024-08-30 21:27:52,Income,Cash,Computer Incomes,"5,81"
9574,5,24,,,2024-08-30 18:47:45,Income,Credit Card,Playstation Incomes,"14,73"
9575,5,23,,,2024-08-30 16:54:08,Income,Credit Card,Playstation Incomes,"21,65"
9576,2,12,,,2024-08-30 13:23:43,Income,Cash,Computer Incomes,"14,51"
9577,4,4,,,2024-08-30 15:03:16,Income,Cash,Computer Incomes,"14,07"
9578,3,3,,,2024-08-30 10:21:54,Income,Cash,Computer Incomes,"3,80"
9579,5,2,,,2024-08-30 16:08:06,Income,Cash,Computer Incomes,"17,19"
9580,1,8,,58.0,2024-08-30 21:33:19,Income,Credit Card,Member Transactions,"22,32"
9581,2,12,,,2024-08-30 17:35:26,Income,Cash,Computer Incomes,"8,04"
9582,3,3,,,2024-08-30 16:17:06,Income,Cash,Computer Incomes,"16,74"
9583,4,12,,,2024-08-30 12:58:06,Income,Cash,Computer Incomes,"19,87"
9584,2,8,,,2024-08-30 14:38:04,Income,Cash,Computer Incomes,"14,51"
9585,2,9,,,2024-08-30 18:17:43,Income,Credit Card,Computer Incomes,"6,48"
9586,5,3,,,2024-08-30 23:28:03,Income,Cash,Computer Incomes,"17,86"
9587,4,24,,,2024-08-30 19:26:09,Income,Cash,Playstation Incomes,"14,96"
9588,3,11,,,2024-08-30 19:12:32,Income,Credit Card,Computer Incomes,"7,59"
9589,1,6,,,2024-08-30 19:26:14,Income,Credit Card,Computer Incomes,"9,16"
9590,2,23,,,2024-08-30 19:01:43,Income,Cash,Playstation Incomes,"8,04"
9591,5,14,25.0,,2024-08-30 22:05:19,Income,Cash,Order Incomes,"3,79"
9592,4,6,,,2024-08-30 21:06:09,Income,Cash,Computer Incomes,"6,24"
9593,2,16,34.0,,2024-08-30 11:39:24,Income,Credit Card,Order Incomes,"15,84"
9594,4,16,1.0,,2024-08-30 11:26:52,Income,Cash,Order Incomes,"6,47"
9595,4,1,,58.0,2024-08-30 11:59:55,Income,Credit Card,Member Transactions,"14,28"
9596,1,3,,,2024-08-30 09:46:44,Income,Cash,Computer Incomes,"16,96"
9597,2,3,,,2024-08-30 12:58:18,Income,Cash,Computer Incomes,"4,46"
9598,1,13,,8.0,2024-08-30 16:10:08,Income,Cash,Member Transactions,"2,23"
9599,1,24,,,2024-08-30 15:26:24,Income,Cash,Playstation Incomes,"7,14"
9600,3,23,,,2024-08-30 16:34:49,Income,Credit Card,Playstation Incomes,"21,20"
9601,5,1,,,2024-08-30 13:28:37,Income,Cash,Computer Incomes,"4,46"
9602,1,16,,,2024-08-30 18:53:43,Income,Cash,Computer Incomes,"11,60"
9603,4,6,,,2024-08-30 09:16:34,Income,Cash,Computer Incomes,"16,73"
9604,5,24,,,2024-08-30 22:18:36,Income,Cash,Playstation Incomes,"14,50"
9605,4,23,,,2024-08-30 21:37:30,Income,Credit Card,Playstation Incomes,"3,57"
9606,5,24,,,2024-08-30 10:35:05,Income,Cash,Playstation Incomes,"15,84"
9607,5,23,,,2024-08-30 15:39:34,Income,Cash,Playstation Incomes,"7,81"
9608,2,24,,,2024-08-30 11:40:04,Income,Credit Card,Playstation Incomes,"4,68"
9609,5,23,,,2024-08-30 20:21:50,Income,Cash,Playstation Incomes,"9,81"
9610,3,6,,,2024-08-30 09:24:06,Income,Cash,Computer Incomes,"15,39"
9611,4,24,,,2024-08-30 16:40:17,Income,Cash,Playstation Incomes,"14,28"
9612,2,10,34.0,,2024-08-30 10:11:07,Income,Cash,Order Incomes,"12,05"
9613,5,12,,,2024-08-30 19:52:14,Income,Cash,Computer Incomes,"7,14"
9614,4,14,,,2024-08-31 10:46:33,Income,Cash,Computer Incomes,"10,48"
9615,5,8,,56.0,2024-08-31 23:13:57,Income,Cash,Member Transactions,"6,60"
9616,5,13,27.0,,2024-08-31 10:15:59,Income,Cash,Order Incomes,"15,33"
9617,1,5,,,2024-08-31 22:06:04,Income,Cash,Computer Incomes,"19,40"
9618,1,3,,,2024-08-31 23:01:18,Income,Cash,Computer Incomes,"14,94"
9619,2,16,,,2024-08-31 23:33:57,Income,Cash,Computer Incomes,"13,19"
9620,3,23,,,2024-08-31 13:44:23,Income,Cash,Playstation Incomes,"16,88"
9621,4,15,,,2024-08-31 21:33:57,Income,Cash,Computer Incomes,"14,16"
9622,4,14,,,2024-08-31 13:34:01,Income,Credit Card,Computer Incomes,"8,34"
9623,5,24,,,2024-08-31 11:44:51,Income,Cash,Playstation Incomes,"14,94"
9624,3,1,,15.0,2024-08-31 09:54:13,Income,Credit Card,Member Transactions,"11,45"
9625,5,16,17.0,,2024-08-31 21:59:28,Income,Cash,Order Incomes,"16,10"
9626,5,9,,,2024-08-31 13:10:46,Income,Cash,Computer Incomes,"4,85"
9627,5,23,,,2024-08-31 11:39:12,Income,Cash,Playstation Incomes,"12,22"
9628,3,24,,,2024-08-31 22:25:01,Income,Cash,Playstation Incomes,"16,10"
9629,4,6,,,2024-08-31 15:24:42,Income,Cash,Computer Incomes,"14,16"
9630,2,4,,,2024-08-31 10:09:59,Income,Cash,Computer Incomes,"5,05"
9631,3,16,,,2024-08-31 22:17:10,Income,Cash,Computer Incomes,"11,06"
9632,2,23,,,2024-08-31 09:46:34,Income,Cash,Playstation Incomes,"19,21"
9633,1,8,,,2024-08-31 13:34:28,Income,Cash,Computer Incomes,"5,44"
9634,3,6,,,2024-08-31 18:06:19,Income,Cash,Computer Incomes,"2,33"
9635,4,5,,,2024-08-31 20:51:21,Income,Cash,Computer Incomes,"11,45"
9636,4,24,,,2024-08-31 23:58:49,Income,Credit Card,Playstation Incomes,"13,77"
9637,1,23,,,2024-08-31 11:05:11,Income,Cash,Playstation Incomes,"9,30"
9638,2,2,14.0,,2024-08-31 22:26:47,Income,Cash,Order Incomes,"6,59"
9639,1,12,,,2024-08-31 18:38:01,Income,Cash,Computer Incomes,"18,03"
9640,4,24,,,2024-08-31 20:48:20,Income,Cash,Playstation Incomes,"16,09"
9641,5,3,2.0,,2024-08-31 16:11:34,Income,Credit Card,Order Incomes,"10,66"
9642,4,15,,,2024-08-31 12:10:49,Income,Cash,Computer Incomes,"3,29"
9643,4,12,,,2024-08-31 12:09:14,Income,Cash,Computer Incomes,"2,71"
9644,3,14,,,2024-08-31 21:59:15,Income,Cash,Computer Incomes,"4,26"
9645,2,14,,,2024-08-31 09:01:36,Income,Cash,Computer Incomes,"2,32"
9646,2,16,,,2024-08-31 20:09:56,Income,Cash,Computer Incomes,"5,04"
9647,4,16,,,2024-08-31 22:06:41,Income,Cash,Computer Incomes,"13,76"
9648,3,23,,,2024-08-31 09:16:13,Income,Cash,Playstation Incomes,"18,61"
9649,2,10,,,2024-08-31 16:53:30,Income,Cash,Computer Incomes,"9,50"
9650,3,14,,56.0,2024-08-31 13:51:43,Income,Cash,Member Transactions,"9,50"
9651,5,15,,,2024-08-31 18:04:02,Income,Cash,Computer Incomes,"12,02"
9652,2,2,,,2024-08-31 21:46:22,Income,Credit Card,Computer Incomes,"12,60"
9653,4,5,,,2024-08-31 13:25:20,Income,Cash,Computer Incomes,"2,32"
9654,2,24,,,2024-08-31 13:25:42,Income,Cash,Playstation Incomes,"10,86"
9655,2,4,,,2024-08-31 23:46:32,Income,Cash,Computer Incomes,"8,14"
9656,3,1,,,2024-09-01 11:51:43,Income,Cash,Computer Incomes,"12,88"
9657,1,11,,,2024-09-01 17:36:07,Income,Cash,Computer Incomes,"19,31"
9658,4,14,,,2024-09-01 14:50:58,Income,Cash,Computer Incomes,"3,83"
9659,4,12,,,2024-09-01 16:03:29,Income,Cash,Computer Incomes,"4,63"
9660,5,1,,,2024-09-01 12:08:35,Income,Cash,Computer Incomes,"16,09"
9661,3,23,,,2024-09-01 16:28:54,Income,Cash,Playstation Incomes,"7,25"
9662,2,3,,,2024-09-01 10:25:01,Income,Cash,Computer Incomes,"19,72"
9663,3,14,,,2024-09-01 12:27:39,Income,Cash,Computer Incomes,"19,11"
9664,4,9,,,2024-09-01 09:35:57,Income,Cash,Computer Incomes,"6,44"
9665,3,7,,,2024-09-01 15:04:01,Income,Cash,Computer Incomes,"8,45"
9666,4,4,14.0,,2024-09-01 10:08:08,Income,Cash,Order Incomes,"5,03"
9667,2,9,,,2024-09-01 21:27:28,Income,Credit Card,Computer Incomes,"14,69"
9668,1,3,,,2024-09-01 15:23:20,Income,Cash,Computer Incomes,"15,68"
9669,2,14,7.0,,2024-09-01 10:00:17,Income,Cash,Order Incomes,"7,03"
9670,5,9,,,2024-09-01 09:51:59,Income,Cash,Computer Incomes,"4,82"
9671,3,8,43.0,,2024-09-01 21:20:42,Income,Cash,Order Incomes,"18,50"
9672,3,24,,,2024-09-01 21:11:12,Income,Cash,Playstation Incomes,"14,07"
9673,1,13,,,2024-09-01 16:20:10,Income,Cash,Computer Incomes,"3,01"
9674,3,1,,,2024-09-01 17:55:52,Income,Cash,Computer Incomes,"8,24"
9675,1,4,,,2024-09-01 14:45:24,Income,Cash,Computer Incomes,"15,68"
9676,2,7,,,2024-09-01 12:43:02,Income,Cash,Computer Incomes,"5,43"
9677,4,3,,,2024-09-01 19:56:48,Income,Cash,Computer Incomes,"9,65"
9678,5,5,,,2024-09-01 21:36:18,Income,Cash,Computer Incomes,"7,44"
9679,3,23,,,2024-09-02 22:58:50,Income,Credit Card,Playstation Incomes,"9,39"
9680,4,6,,,2024-09-02 23:52:43,Income,Cash,Computer Incomes,"5,63"
9681,1,13,,,2024-09-02 15:34:14,Income,Cash,Computer Incomes,"8,05"
9682,2,13,,,2024-09-02 11:51:55,Income,Cash,Computer Incomes,"20,11"
9683,3,16,36.0,,2024-09-02 22:26:14,Income,Cash,Order Incomes,"24,40"
9684,3,16,,4.0,2024-09-02 16:37:58,Income,Credit Card,Member Transactions,"17,16"
9685,1,24,,,2024-09-02 16:53:38,Income,Credit Card,Playstation Incomes,"7,78"
9686,1,12,40.0,,2024-09-02 10:03:50,Income,Cash,Order Incomes,"20,92"
9687,5,23,,,2024-09-02 12:10:47,Income,Cash,Playstation Incomes,"15,55"
9688,5,4,,,2024-09-02 16:38:00,Income,Cash,Computer Incomes,"2,69"
9689,1,24,,,2024-09-02 18:54:56,Income,Cash,Playstation Incomes,"14,75"
9690,3,4,,36.0,2024-09-02 19:46:25,Income,Cash,Member Transactions,"25,46"
9691,5,5,,,2024-09-02 23:27:57,Income,Cash,Computer Incomes,"25,73"
9692,1,5,,,2024-09-02 16:53:32,Income,Cash,Computer Incomes,"5,09"
9693,5,13,,,2024-09-02 11:16:59,Income,Cash,Computer Incomes,"25,73"
9694,2,9,47.0,,2024-09-02 17:05:34,Income,Cash,Order Incomes,"12,86"
9695,3,15,,,2024-09-02 22:29:13,Income,Cash,Computer Incomes,"7,23"
9696,1,1,22.0,,2024-09-02 12:41:07,Income,Credit Card,Order Incomes,"16,08"
9697,4,23,,,2024-09-02 19:41:56,Income,Cash,Playstation Incomes,"3,75"
9698,2,10,,,2024-09-02 14:09:17,Income,Cash,Computer Incomes,"2,94"
9699,4,2,,,2024-09-02 20:35:07,Income,Cash,Computer Incomes,"8,04"
9700,4,1,3.0,,2024-09-03 16:03:30,Income,Cash,Order Incomes,"7,46"
9701,3,13,,,2024-09-03 14:09:31,Income,Credit Card,Computer Incomes,"7,15"
9702,5,2,,,2024-09-03 11:51:00,Income,Cash,Computer Incomes,"12,12"
9703,4,24,,,2024-09-03 19:48:22,Income,Cash,Playstation Incomes,"5,91"
9704,2,13,,,2024-09-03 14:42:59,Income,Cash,Computer Incomes,"30,44"
9705,3,6,,,2024-09-03 22:05:57,Income,Cash,Computer Incomes,"15,22"
9706,3,10,,,2024-09-03 10:14:48,Income,Cash,Computer Incomes,"26,09"
9707,5,6,,,2024-09-03 12:05:40,Income,Cash,Computer Incomes,"30,13"
9708,4,3,,34.0,2024-09-03 10:13:27,Income,Cash,Member Transactions,"17,70"
9709,4,8,,,2024-09-03 15:05:08,Income,Cash,Computer Incomes,"3,41"
9710,3,2,42.0,,2024-09-03 23:59:14,Income,Credit Card,Order Incomes,"30,43"
9711,1,4,,29.0,2024-09-03 18:41:45,Income,Cash,Member Transactions,"25,46"
9712,2,23,,,2024-09-03 22:56:15,Income,Cash,Playstation Incomes,"9,31"
9713,4,4,,,2024-09-03 11:15:39,Income,Cash,Computer Incomes,"19,25"
9714,1,11,,,2024-09-03 10:51:27,Income,Cash,Computer Incomes,"12,73"
9715,1,10,,,2024-09-03 19:41:04,Income,Cash,Computer Incomes,"23,29"
9716,5,24,,,2024-09-03 16:36:28,Income,Cash,Playstation Incomes,"16,45"
9717,4,23,,,2024-09-03 23:26:34,Income,Cash,Playstation Incomes,"14,28"
9718,2,24,,,2024-09-03 21:32:13,Income,Credit Card,Playstation Incomes,"13,04"
9719,5,23,,,2024-09-03 17:01:11,Income,Cash,Playstation Incomes,"24,53"
9720,4,12,17.0,,2024-09-03 12:44:42,Income,Cash,Order Incomes,"6,52"
9721,2,11,,,2024-09-03 18:58:56,Income,Cash,Computer Incomes,"21,11"
9722,5,8,,,2024-09-04 22:22:59,Income,Cash,Computer Incomes,"4,33"
9723,5,1,,,2024-09-04 20:01:45,Income,Cash,Computer Incomes,"3,58"
9724,5,11,,37.0,2024-09-04 14:41:48,Income,Cash,Member Transactions,"16,18"
9725,5,7,8.0,,2024-09-04 12:07:26,Income,Cash,Order Incomes,"6,59"
9726,2,24,,,2024-09-04 22:45:38,Income,Cash,Playstation Incomes,"7,34"
9727,4,23,,,2024-09-04 21:03:24,Income,Cash,Playstation Incomes,"7,15"
9728,5,2,,,2024-09-04 19:26:41,Income,Cash,Computer Incomes,"6,21"
9729,2,7,,,2024-09-04 23:35:11,Income,Cash,Computer Incomes,"12,60"
9730,4,24,,,2024-09-04 19:15:44,Income,Credit Card,Playstation Incomes,"3,95"
9731,1,1,,,2024-09-04 11:26:46,Income,Cash,Computer Incomes,"4,52"
9732,4,8,,,2024-09-04 21:26:17,Income,Cash,Computer Incomes,"14,67"
9733,4,9,,,2024-09-04 22:49:55,Income,Cash,Computer Incomes,"3,95"
9734,4,2,,62.0,2024-09-04 20:30:18,Income,Cash,Member Transactions,"11,29"
9735,5,23,,,2024-09-04 11:02:45,Income,Cash,Playstation Incomes,"13,53"
9736,1,24,,,2024-09-04 19:43:59,Income,Cash,Playstation Incomes,"6,95"
9737,1,5,,,2024-09-04 18:20:51,Income,Cash,Computer Incomes,"5,07"
9738,2,3,,,2024-09-04 12:38:01,Income,Cash,Computer Incomes,"8,65"
9739,2,23,,,2024-09-04 12:37:46,Income,Cash,Playstation Incomes,"9,77"
9740,5,24,,,2024-09-04 16:47:36,Income,Cash,Playstation Incomes,"8,46"
9741,2,2,,,2024-09-04 17:38:12,Income,Credit Card,Computer Incomes,"12,78"
9742,2,4,,,2024-09-04 13:47:54,Income,Cash,Computer Incomes,"6,76"
9743,4,8,,,2024-09-04 16:37:44,Income,Cash,Computer Incomes,"2,25"
9744,4,10,,,2024-09-05 11:28:27,Income,Cash,Computer Incomes,"6,79"
9745,3,7,,,2024-09-05 19:03:47,Income,Cash,Computer Incomes,"7,09"
9746,3,15,32.0,,2024-09-05 23:50:00,Income,Cash,Order Incomes,"14,63"
9747,1,4,,,2024-09-05 15:32:32,Income,Cash,Computer Incomes,"9,80"
9748,3,7,,,2024-09-05 19:10:41,Income,Cash,Computer Incomes,"1,81"
9749,2,23,,,2024-09-05 23:05:41,Income,Cash,Playstation Incomes,"5,28"
9750,1,4,28.0,,2024-09-05 09:18:49,Income,Cash,Order Incomes,"12,82"
9751,3,24,,,2024-09-05 09:56:23,Income,Cash,Playstation Incomes,"9,50"
9752,3,13,,12.0,2024-09-05 19:17:33,Income,Cash,Member Transactions,"9,50"
9753,3,23,,,2024-09-05 12:49:30,Income,Credit Card,Playstation Incomes,"7,39"
9754,4,11,,,2024-09-05 23:39:03,Income,Cash,Computer Incomes,"1,81"
9755,1,10,,,2024-09-05 23:58:50,Income,Cash,Computer Incomes,"5,88"
9756,2,11,,,2024-09-05 10:36:10,Income,Cash,Computer Incomes,"10,70"
9757,2,7,,,2024-09-05 19:32:43,Income,Cash,Computer Incomes,"1,80"
9758,4,24,,,2024-09-05 09:15:34,Income,Cash,Playstation Incomes,"9,64"
9759,4,2,6.0,,2024-09-05 15:15:37,Income,Credit Card,Order Incomes,"15,07"
9760,1,11,,,2024-09-05 13:28:02,Income,Cash,Computer Incomes,"9,94"
9761,4,11,,,2024-09-05 23:03:24,Income,Cash,Computer Incomes,"14,62"
9762,1,9,,,2024-09-05 10:54:49,Income,Cash,Computer Incomes,"8,14"
9763,5,8,,,2024-09-05 22:16:59,Income,Cash,Computer Incomes,"10,85"
9764,5,12,,,2024-09-05 20:45:44,Income,Cash,Computer Incomes,"10,40"
9765,2,12,,,2024-09-05 17:35:12,Income,Credit Card,Computer Incomes,"14,32"
9766,4,12,,38.0,2024-09-05 20:07:36,Income,Cash,Member Transactions,"2,41"
9767,2,23,,,2024-09-06 20:57:15,Income,Cash,Playstation Incomes,"21,84"
9768,1,12,27.0,,2024-09-06 18:19:41,Income,Cash,Order Incomes,"9,91"
9769,1,6,,,2024-09-06 20:55:14,Income,Cash,Computer Incomes,"13,73"
9770,5,3,27.0,,2024-09-06 16:28:46,Income,Cash,Order Incomes,"20,26"
9771,1,11,,,2024-09-06 22:34:35,Income,Cash,Computer Incomes,"13,06"
9772,3,12,,,2024-09-06 10:54:49,Income,Credit Card,Computer Incomes,"16,44"
9773,3,3,,,2024-09-06 15:59:30,Income,Credit Card,Computer Incomes,"14,41"
9774,2,4,49.0,,2024-09-06 16:50:39,Income,Cash,Order Incomes,"18,24"
9775,1,12,,,2024-09-06 19:32:54,Income,Credit Card,Computer Incomes,"10,81"
9776,5,24,,,2024-09-06 10:02:06,Income,Cash,Playstation Incomes,"17,34"
9777,2,23,,,2024-09-06 22:02:19,Income,Cash,Playstation Incomes,"13,51"
9778,3,24,,,2024-09-06 16:13:47,Income,Credit Card,Playstation Incomes,"20,26"
9779,5,9,,,2024-09-06 22:08:22,Income,Cash,Computer Incomes,"8,11"
9780,2,7,,,2024-09-06 23:59:24,Income,Cash,Computer Incomes,"6,98"
9781,1,23,,,2024-09-06 11:49:09,Income,Cash,Playstation Incomes,"7,20"
9782,5,24,,,2024-09-06 19:06:31,Income,Cash,Playstation Incomes,"22,28"
9783,2,1,,,2024-09-06 10:39:38,Income,Cash,Computer Incomes,"12,60"
9784,5,1,10.0,,2024-09-06 22:01:25,Income,Cash,Order Incomes,"3,82"
9785,2,16,,,2024-09-06 17:39:48,Income,Cash,Computer Incomes,"6,97"
9786,4,5,,,2024-09-06 11:24:48,Income,Cash,Computer Incomes,"5,62"
9787,2,4,,,2024-09-06 11:51:56,Income,Cash,Computer Incomes,"20,25"
9788,3,15,,,2024-09-06 19:03:06,Income,Cash,Computer Incomes,"10,57"
9789,4,15,,,2024-09-06 21:10:24,Income,Cash,Computer Incomes,"6,07"
9790,5,5,,,2024-09-06 11:26:00,Income,Cash,Computer Incomes,"18,90"
9791,1,10,,,2024-09-06 22:39:23,Income,Cash,Computer Incomes,"18,90"
9792,1,13,,,2024-09-06 22:45:27,Income,Cash,Computer Incomes,"10,35"
9793,2,8,,,2024-09-06 21:26:36,Income,Cash,Computer Incomes,"5,40"
9794,1,4,,,2024-09-06 11:25:15,Income,Credit Card,Computer Incomes,"8,55"
9795,4,1,,33.0,2024-09-06 16:40:02,Income,Cash,Member Transactions,"16,88"
9796,2,13,,,2024-09-06 17:23:26,Income,Cash,Computer Incomes,"15,30"
9797,1,23,,,2024-09-06 16:04:50,Income,Cash,Playstation Incomes,"2,92"
9798,2,12,1.0,,2024-09-06 16:01:54,Income,Cash,Order Incomes,"16,88"
9799,4,24,,,2024-09-06 23:34:30,Income,Cash,Playstation Incomes,"6,97"
9800,1,12,,7.0,2024-09-07 13:58:25,Income,Cash,Member Transactions,"3,69"
9801,4,5,,43.0,2024-09-07 23:23:48,Income,Cash,Member Transactions,"21,50"
9802,2,14,,,2024-09-07 15:43:21,Income,Cash,Computer Incomes,"17,81"
9803,3,14,,,2024-09-07 17:12:57,Income,Cash,Computer Incomes,"14,43"
9804,5,2,,35.0,2024-09-07 11:55:00,Income,Cash,Member Transactions,"27,64"
9805,1,7,,,2024-09-07 18:59:47,Income,Cash,Computer Incomes,"11,67"
9806,2,9,,,2024-09-07 10:21:50,Income,Cash,Computer Incomes,"17,50"
9807,5,1,,17.0,2024-09-07 15:09:11,Income,Cash,Member Transactions,"18,12"
9808,2,23,,,2024-09-07 16:25:08,Income,Cash,Playstation Incomes,"10,14"
9809,2,14,,,2024-09-07 17:43:43,Income,Cash,Computer Incomes,"4,61"
9810,4,10,,,2024-09-07 21:25:50,Income,Cash,Computer Incomes,"29,17"
9811,2,3,,,2024-09-07 16:17:43,Income,Cash,Computer Incomes,"19,96"
9812,5,13,16.0,,2024-09-07 14:22:09,Income,Cash,Order Incomes,"8,60"
9813,3,10,,,2024-09-07 15:26:42,Income,Cash,Computer Incomes,"11,36"
9814,5,24,,,2024-09-07 20:38:00,Income,Cash,Playstation Incomes,"28,86"
9815,2,14,9.0,,2024-09-07 17:28:46,Income,Cash,Order Incomes,"24,26"
9816,2,11,,,2024-09-07 09:30:32,Income,Cash,Computer Incomes,"17,50"
9817,3,23,,,2024-09-07 23:07:32,Income,Cash,Playstation Incomes,"11,98"
9818,4,14,,32.0,2024-09-07 15:07:41,Income,Cash,Member Transactions,"20,87"
9819,1,2,46.0,,2024-09-07 17:08:07,Income,Credit Card,Order Incomes,"18,72"
9820,5,11,18.0,,2024-09-07 09:10:16,Income,Cash,Order Incomes,"19,03"
9821,2,1,40.0,,2024-09-07 15:25:54,Income,Cash,Order Incomes,"11,35"
9822,4,8,26.0,,2024-09-07 09:10:10,Income,Cash,Order Incomes,"27,01"
9823,5,1,16.0,,2024-09-07 11:18:25,Income,Credit Card,Order Incomes,"27,01"
9824,1,9,,,2024-09-07 12:31:59,Income,Cash,Computer Incomes,"4,91"
9825,1,24,,,2024-09-07 10:48:05,Income,Credit Card,Playstation Incomes,"17,49"
9826,5,6,,,2024-09-07 17:11:33,Income,Cash,Computer Incomes,"21,79"
9827,1,7,,,2024-09-07 19:45:23,Income,Cash,Computer Incomes,"10,43"
9828,3,1,,,2024-09-07 21:37:23,Income,Cash,Computer Incomes,"27,01"
9829,2,9,,,2024-09-07 11:29:26,Income,Cash,Computer Incomes,"15,35"
9830,1,5,,,2024-09-07 13:55:33,Income,Cash,Computer Incomes,"9,82"
9831,4,23,,,2024-09-08 23:31:30,Income,Credit Card,Playstation Incomes,"7,97"
9832,4,4,,,2024-09-08 15:46:44,Income,Cash,Computer Incomes,"20,39"
9833,2,7,,66.0,2024-09-08 20:30:16,Income,Cash,Member Transactions,"11,72"
9834,1,15,,,2024-09-08 18:25:15,Income,Cash,Computer Incomes,"20,86"
9835,4,5,19.0,,2024-09-08 14:52:49,Income,Cash,Order Incomes,"12,89"
9836,3,8,,,2024-09-08 14:58:53,Income,Cash,Computer Incomes,"19,22"
9837,2,16,3.0,,2024-09-08 10:40:19,Income,Cash,Order Incomes,"17,58"
9838,2,7,46.0,,2024-09-08 16:20:16,Income,Cash,Order Incomes,"15,94"
9839,2,6,,,2024-09-08 09:23:21,Income,Cash,Computer Incomes,"19,46"
9840,3,12,,,2024-09-08 14:33:12,Income,Cash,Computer Incomes,"13,35"
9841,3,1,,,2024-09-08 15:54:50,Income,Cash,Computer Incomes,"15,70"
9842,2,13,6.0,,2024-09-08 11:00:02,Income,Cash,Order Incomes,"23,20"
9843,2,8,,,2024-09-08 20:13:57,Income,Cash,Computer Incomes,"23,43"
9844,1,4,,,2024-09-08 22:12:32,Income,Cash,Computer Incomes,"19,68"
9845,1,13,48.0,,2024-09-09 17:17:51,Income,Cash,Order Incomes,"10,82"
9846,5,9,,,2024-09-09 21:16:26,Income,Credit Card,Computer Incomes,"4,13"
9847,3,16,,,2024-09-09 19:45:39,Income,Cash,Computer Incomes,"23,45"
9848,5,12,,,2024-09-09 09:37:01,Income,Credit Card,Computer Incomes,"18,04"
9849,3,2,,,2024-09-09 18:39:43,Income,Credit Card,Computer Incomes,"21,38"
9850,1,24,,,2024-09-09 11:16:19,Income,Cash,Playstation Incomes,"14,17"
9851,5,10,,,2024-09-09 10:51:03,Income,Cash,Computer Incomes,"16,49"
9852,4,12,,,2024-09-09 11:48:43,Income,Cash,Computer Incomes,"24,73"
9853,5,6,,,2024-09-09 12:15:16,Income,Cash,Computer Incomes,"9,79"
9854,2,11,,,2024-09-09 21:14:27,Income,Cash,Computer Incomes,"21,64"
9855,3,10,17.0,,2024-09-09 14:29:40,Income,Cash,Order Incomes,"19,32"
9856,4,9,,,2024-09-09 19:20:36,Income,Cash,Computer Incomes,"16,23"
9857,2,15,,,2024-09-09 20:57:11,Income,Cash,Computer Incomes,"8,25"
9858,1,4,29.0,,2024-09-09 20:42:16,Income,Cash,Order Incomes,"10,04"
9859,1,4,21.0,,2024-09-09 17:54:21,Income,Cash,Order Incomes,"2,83"
9860,5,3,,,2024-09-09 12:01:30,Income,Cash,Computer Incomes,"4,63"
9861,4,16,,,2024-09-09 14:59:26,Income,Cash,Computer Incomes,"17,77"
9862,5,23,,,2024-09-09 09:21:07,Income,Cash,Playstation Incomes,"19,57"
9863,3,24,,,2024-09-09 12:37:15,Income,Cash,Playstation Incomes,"22,92"
9864,2,10,,,2024-09-09 12:04:58,Income,Cash,Computer Incomes,"7,98"
9865,2,1,31.0,,2024-09-09 16:15:18,Income,Cash,Order Incomes,"5,66"
9866,1,14,4.0,,2024-09-09 10:13:55,Income,Cash,Order Incomes,"5,40"
9867,4,6,,,2024-09-10 23:19:34,Income,Cash,Computer Incomes,"6,17"
9868,2,23,,,2024-09-10 16:02:49,Income,Credit Card,Playstation Incomes,"37,43"
9869,3,24,,,2024-09-10 17:36:48,Income,Cash,Playstation Incomes,"10,70"
9870,4,10,,,2024-09-10 17:44:55,Income,Cash,Computer Incomes,"15,22"
9871,3,23,,,2024-09-10 20:02:17,Income,Cash,Playstation Incomes,"25,09"
9872,5,12,,54.0,2024-09-10 10:11:16,Income,Cash,Member Transactions,"8,64"
9873,3,4,,,2024-09-10 23:02:54,Income,Cash,Computer Incomes,"26,33"
9874,2,24,,,2024-09-10 19:02:56,Income,Cash,Playstation Incomes,"5,35"
9875,4,11,,,2024-09-10 19:26:05,Income,Cash,Computer Incomes,"25,92"
9876,2,11,,,2024-09-10 18:01:00,Income,Cash,Computer Incomes,"27,15"
9877,4,11,,,2024-09-10 15:02:17,Income,Cash,Computer Incomes,"5,34"
9878,2,23,,,2024-09-10 20:26:14,Income,Cash,Playstation Incomes,"8,22"
9879,2,12,24.0,,2024-09-10 10:13:13,Income,Cash,Order Incomes,"16,45"
9880,4,14,14.0,,2024-09-10 11:49:49,Income,Cash,Order Incomes,"21,79"
9881,1,10,,23.0,2024-09-10 13:16:22,Income,Cash,Member Transactions,"32,90"
9882,3,11,19.0,,2024-09-10 17:40:43,Income,Cash,Order Incomes,"31,25"
9883,5,9,,,2024-09-10 10:22:17,Income,Cash,Computer Incomes,"18,50"
9884,1,24,,,2024-09-10 18:00:52,Income,Cash,Playstation Incomes,"39,48"
9885,4,16,,,2024-09-11 10:24:57,Income,Cash,Computer Incomes,"4,91"
9886,5,2,,,2024-09-11 09:49:32,Income,Cash,Computer Incomes,"19,88"
9887,3,4,,,2024-09-11 09:23:16,Income,Cash,Computer Incomes,"12,16"
9888,4,14,,,2024-09-11 15:25:57,Income,Cash,Computer Incomes,"19,17"
9889,4,11,,,2024-09-11 16:35:26,Income,Cash,Computer Incomes,"16,14"
9890,2,4,,,2024-09-11 17:13:51,Income,Cash,Computer Incomes,"18,01"
9891,3,2,,,2024-09-11 12:10:44,Income,Credit Card,Computer Incomes,"13,33"
9892,3,13,,,2024-09-11 23:24:47,Income,Cash,Computer Incomes,"11,69"
9893,5,12,,,2024-09-11 15:31:22,Income,Cash,Computer Incomes,"9,82"
9894,3,5,,,2024-09-11 16:30:48,Income,Cash,Computer Incomes,"13,56"
9895,4,13,,,2024-09-11 14:08:14,Income,Cash,Computer Incomes,"16,60"
9896,5,14,31.0,,2024-09-11 15:21:09,Income,Cash,Order Incomes,"15,89"
9897,5,3,,,2024-09-11 21:19:56,Income,Cash,Computer Incomes,"15,66"
9898,1,23,,,2024-09-11 23:46:44,Income,Cash,Playstation Incomes,"18,00"
9899,3,3,,,2024-09-11 21:31:34,Income,Cash,Computer Incomes,"14,49"
9900,1,24,,,2024-09-11 22:44:19,Income,Cash,Playstation Incomes,"4,20"
9901,1,3,,,2024-09-11 18:36:40,Income,Cash,Computer Incomes,"11,68"
9902,3,9,,,2024-09-11 13:20:07,Income,Credit Card,Computer Incomes,"7,94"
9903,3,6,,6.0,2024-09-12 11:13:08,Income,Cash,Member Transactions,"12,05"
9904,4,3,,57.0,2024-09-12 15:54:52,Income,Cash,Member Transactions,"10,45"
9905,2,11,,,2024-09-12 13:18:42,Income,Cash,Computer Incomes,"3,49"
9906,4,2,,,2024-09-12 14:05:06,Income,Cash,Computer Incomes,"9,11"
9907,1,9,,,2024-09-12 14:40:34,Income,Cash,Computer Incomes,"24,91"
9908,4,13,,,2024-09-12 11:25:13,Income,Cash,Computer Incomes,"24,10"
9909,5,8,,,2024-09-12 10:06:27,Income,Cash,Computer Incomes,"20,62"
9910,5,15,,29.0,2024-09-12 22:57:54,Income,Cash,Member Transactions,"8,84"
9911,1,14,,51.0,2024-09-12 11:40:45,Income,Credit Card,Member Transactions,"5,63"
9912,5,23,,,2024-09-12 19:07:16,Income,Cash,Playstation Incomes,"5,36"
9913,4,24,,,2024-09-12 18:42:27,Income,Cash,Playstation Incomes,"18,75"
9914,1,2,,5.0,2024-09-12 09:00:01,Income,Cash,Member Transactions,"16,33"
9915,3,4,48.0,,2024-09-12 16:05:43,Income,Credit Card,Order Incomes,"20,88"
9916,1,5,,,2024-09-12 17:26:44,Income,Cash,Computer Incomes,"21,68"
9917,3,3,19.0,,2024-09-12 16:37:08,Income,Cash,Order Incomes,"14,45"
9918,2,23,,,2024-09-12 10:44:13,Income,Cash,Playstation Incomes,"18,74"
9919,5,2,,,2024-09-12 16:35:42,Income,Cash,Computer Incomes,"22,49"
9920,3,1,42.0,,2024-09-12 19:14:41,Income,Credit Card,Order Incomes,"13,12"
9921,3,8,,,2024-09-12 20:51:45,Income,Cash,Computer Incomes,"4,55"
9922,1,15,,,2024-09-12 15:09:54,Income,Cash,Computer Incomes,"6,42"
9923,1,2,,,2024-09-12 12:43:51,Income,Cash,Computer Incomes,"4,28"
9924,4,9,35.0,,2024-09-13 13:48:32,Income,Cash,Order Incomes,"13,86"
9925,5,1,,65.0,2024-09-13 17:07:49,Income,Cash,Member Transactions,"14,47"
9926,1,7,37.0,,2024-09-13 14:30:22,Income,Cash,Order Incomes,"3,47"
9927,5,9,,,2024-09-13 11:24:41,Income,Credit Card,Computer Incomes,"6,63"
9928,3,15,,,2024-09-13 20:10:42,Income,Cash,Computer Incomes,"12,36"
9929,4,7,,,2024-09-13 11:51:25,Income,Cash,Computer Incomes,"7,09"
9930,1,14,,,2024-09-13 17:25:28,Income,Cash,Computer Incomes,"2,72"
9931,3,24,,,2024-09-13 13:21:35,Income,Cash,Playstation Incomes,"9,65"
9932,5,23,,,2024-09-13 18:04:10,Income,Credit Card,Playstation Incomes,"3,32"
9933,5,13,,,2024-09-13 19:09:50,Income,Cash,Computer Incomes,"2,72"
9934,2,10,25.0,,2024-09-13 22:48:31,Income,Cash,Order Incomes,"7,69"
9935,4,24,,,2024-09-13 21:19:26,Income,Cash,Playstation Incomes,"5,58"
9936,5,6,,,2024-09-13 14:33:12,Income,Cash,Computer Incomes,"8,14"
9937,3,5,,32.0,2024-09-13 13:11:40,Income,Cash,Member Transactions,"8,14"
9938,4,4,,,2024-09-13 21:57:43,Income,Cash,Computer Incomes,"12,51"
9939,4,7,,,2024-09-13 14:13:11,Income,Cash,Computer Incomes,"13,56"
9940,3,11,,,2024-09-13 17:17:01,Income,Cash,Computer Incomes,"13,55"
9941,5,5,,,2024-09-13 22:40:46,Income,Cash,Computer Incomes,"8,28"
9942,3,23,,,2024-09-13 11:30:00,Income,Cash,Playstation Incomes,"3,01"
9943,5,6,,48.0,2024-09-13 16:27:37,Income,Cash,Member Transactions,"12,80"
9944,4,6,,,2024-09-13 16:33:17,Income,Credit Card,Computer Incomes,"1,50"
9945,1,7,,,2024-09-13 13:16:29,Income,Credit Card,Computer Incomes,"12,80"
9946,2,10,13.0,,2024-09-13 20:31:27,Income,Credit Card,Order Incomes,"13,25"
9947,4,13,,,2024-09-13 23:25:00,Income,Cash,Computer Incomes,"2,71"
9948,5,13,,,2024-09-13 10:07:39,Income,Cash,Computer Incomes,"2,10"
9949,2,13,,,2024-09-13 16:47:11,Income,Cash,Computer Incomes,"7,08"
9950,1,6,,,2024-09-13 15:48:10,Income,Cash,Computer Incomes,"15,06"
9951,4,16,35.0,,2024-09-13 13:01:26,Income,Cash,Order Incomes,"1,95"
9952,1,8,1.0,,2024-09-13 15:14:26,Income,Cash,Order Incomes,"14,16"
9953,4,15,,,2024-09-13 16:52:52,Income,Cash,Computer Incomes,"4,82"
9954,4,2,,,2024-09-13 23:05:21,Income,Cash,Computer Incomes,"4,97"
9955,3,1,,,2024-09-13 16:48:01,Income,Cash,Computer Incomes,"11,59"
9956,4,24,,,2024-09-13 23:59:20,Income,Cash,Playstation Incomes,"11,90"
9957,5,11,,,2024-09-13 19:38:37,Income,Cash,Computer Incomes,"12,50"
9958,3,13,,,2024-09-13 21:43:08,Income,Cash,Computer Incomes,"2,25"
9959,2,7,,,2024-09-13 23:39:24,Income,Cash,Computer Incomes,"10,69"
9960,4,23,,,2024-09-13 09:24:08,Income,Cash,Playstation Incomes,"14,00"
9961,1,12,,59.0,2024-09-14 21:25:53,Income,Cash,Member Transactions,"10,99"
9962,2,14,39.0,,2024-09-14 11:57:02,Income,Cash,Order Incomes,"11,25"
9963,4,2,8.0,,2024-09-14 09:49:25,Income,Cash,Order Incomes,"15,08"
9964,1,7,,,2024-09-14 20:10:21,Income,Cash,Computer Incomes,"10,22"
9965,3,7,,31.0,2024-09-14 21:57:08,Income,Cash,Member Transactions,"15,85"
9966,3,5,,,2024-09-14 11:56:29,Income,Cash,Computer Incomes,"19,42"
9967,2,2,,,2024-09-14 16:34:50,Income,Cash,Computer Incomes,"9,71"
9968,2,24,,,2024-09-14 21:01:45,Income,Cash,Playstation Incomes,"4,09"
9969,3,23,,,2024-09-14 19:22:25,Income,Cash,Playstation Incomes,"23,26"
9970,2,4,37.0,,2024-09-14 12:37:55,Income,Cash,Order Incomes,"2,56"
9971,4,11,38.0,,2024-09-14 15:09:38,Income,Cash,Order Incomes,"24,79"
9972,5,8,,31.0,2024-09-14 21:09:17,Income,Cash,Member Transactions,"24,02"
9973,3,24,,,2024-09-14 23:06:35,Income,Cash,Playstation Incomes,"13,04"
9974,4,8,,,2024-09-14 17:08:03,Income,Cash,Computer Incomes,"7,93"
9975,4,3,,,2024-09-14 21:42:20,Income,Cash,Computer Incomes,"20,19"
9976,2,23,,,2024-09-14 11:39:26,Income,Cash,Playstation Incomes,"20,96"
9977,1,10,,,2024-09-14 12:52:08,Income,Cash,Computer Incomes,"11,49"
9978,3,13,,,2024-09-14 18:42:12,Income,Cash,Computer Incomes,"8,94"
9979,5,12,,,2024-09-14 12:16:36,Income,Cash,Computer Incomes,"12,77"
9980,1,7,29.0,,2024-09-14 14:11:35,Income,Credit Card,Order Incomes,"23,25"
9981,2,12,8.0,,2024-09-14 13:04:16,Income,Cash,Order Incomes,"8,68"
9982,2,12,,,2024-09-14 23:24:03,Income,Cash,Computer Incomes,"8,17"
9983,2,9,,,2024-09-14 22:08:47,Income,Credit Card,Computer Incomes,"6,64"
9984,3,16,31.0,,2024-09-14 14:00:32,Income,Cash,Order Incomes,"17,37"
9985,1,1,,,2024-09-14 20:08:51,Income,Cash,Computer Incomes,"24,01"
9986,5,11,25.0,,2024-09-14 15:59:52,Income,Credit Card,Order Incomes,"9,70"
9987,3,1,,,2024-09-14 21:08:58,Income,Cash,Computer Incomes,"17,88"
9988,1,16,30.0,,2024-09-14 13:01:09,Income,Cash,Order Incomes,"18,65"
9989,3,16,,,2024-09-14 09:51:01,Income,Cash,Computer Incomes,"4,34"
9990,5,10,,,2024-09-14 18:34:05,Income,Cash,Computer Incomes,"10,98"
9991,2,24,,,2024-09-14 10:18:43,Income,Cash,Playstation Incomes,"4,59"
9992,5,12,,,2024-09-14 15:25:24,Income,Cash,Computer Incomes,"9,96"
9993,1,11,,,2024-09-14 22:21:55,Income,Cash,Computer Incomes,"16,60"
9994,4,8,,10.0,2024-09-15 14:16:08,Income,Cash,Member Transactions,"10,55"
9995,1,4,47.0,,2024-09-15 22:08:07,Income,Cash,Order Incomes,"10,26"
9996,4,23,,,2024-09-15 14:15:55,Income,Credit Card,Playstation Incomes,"15,39"
9997,5,24,,,2024-09-15 13:12:38,Income,Cash,Playstation Incomes,"23,65"
9998,5,3,,19.0,2024-09-15 09:28:34,Income,Cash,Member Transactions,"4,85"
9999,4,5,,,2024-09-15 22:50:40,Income,Cash,Computer Incomes,"20,80"
10000,1,23,,,2024-09-15 14:57:55,Income,Cash,Playstation Incomes,"13,11"
10001,3,16,,,2024-09-15 18:28:21,Income,Cash,Computer Incomes,"17,95"
10002,1,24,,,2024-09-15 09:11:41,Income,Cash,Playstation Incomes,"7,41"
10003,1,23,,,2024-09-15 22:21:12,Income,Cash,Playstation Incomes,"21,37"
10004,2,24,,,2024-09-15 11:15:59,Income,Cash,Playstation Incomes,"24,51"
10005,1,4,,,2024-09-15 21:00:54,Income,Cash,Computer Incomes,"12,54"
10006,4,23,,,2024-09-15 12:22:30,Income,Cash,Playstation Incomes,"12,83"
10007,4,24,,,2024-09-15 22:48:13,Income,Cash,Playstation Incomes,"16,80"
10008,2,10,,,2024-09-15 13:28:26,Income,Cash,Computer Incomes,"15,66"
10009,5,14,,,2024-09-15 22:01:50,Income,Cash,Computer Incomes,"15,09"
10010,3,2,,,2024-09-15 14:13:42,Income,Cash,Computer Incomes,"6,83"
10011,4,23,,,2024-09-15 13:40:15,Income,Cash,Playstation Incomes,"16,23"
10012,1,1,,,2024-09-15 23:22:36,Income,Cash,Computer Incomes,"19,08"
10013,4,5,34.0,,2024-09-15 11:02:16,Income,Cash,Order Incomes,"10,54"
10014,1,14,,,2024-09-15 23:19:00,Income,Cash,Computer Incomes,"14,52"
10015,3,2,,,2024-09-15 22:00:11,Income,Cash,Computer Incomes,"3,70"
10016,2,24,,,2024-09-15 23:52:48,Income,Cash,Playstation Incomes,"15,95"
10017,1,23,,,2024-09-16 19:57:42,Income,Credit Card,Playstation Incomes,"14,71"
10018,2,1,,,2024-09-16 18:32:29,Income,Credit Card,Computer Incomes,"17,33"
10019,3,24,,,2024-09-16 14:52:53,Income,Cash,Playstation Incomes,"17,16"
10020,5,5,,,2024-09-16 14:38:21,Income,Cash,Computer Incomes,"10,16"
10021,1,11,,,2024-09-16 09:09:22,Income,Cash,Computer Incomes,"11,38"
10022,2,6,,,2024-09-16 18:26:17,Income,Cash,Computer Incomes,"2,28"
10023,2,23,,,2024-09-16 13:35:54,Income,Cash,Playstation Incomes,"8,75"
10024,1,24,,,2024-09-16 18:29:20,Income,Cash,Playstation Incomes,"3,32"
10025,3,10,,,2024-09-16 16:01:30,Income,Cash,Computer Incomes,"4,37"
10026,5,16,,,2024-09-16 17:09:42,Income,Cash,Computer Incomes,"6,30"
10027,2,3,,,2024-09-16 19:24:46,Income,Cash,Computer Incomes,"4,37"
10028,4,8,,35.0,2024-09-16 09:56:57,Income,Cash,Member Transactions,"10,32"
10029,1,7,,,2024-09-16 19:07:07,Income,Cash,Computer Incomes,"8,40"
10030,3,4,,,2024-09-16 22:56:00,Income,Cash,Computer Incomes,"10,32"
10031,5,11,,,2024-09-16 15:26:43,Income,Cash,Computer Incomes,"10,85"
10032,3,14,,,2024-09-16 20:39:52,Income,Cash,Computer Incomes,"15,75"
10033,5,23,,,2024-09-16 16:32:42,Income,Cash,Playstation Incomes,"12,77"
10034,5,16,19.0,,2024-09-16 13:47:54,Income,Cash,Order Incomes,"9,62"
10035,2,1,,,2024-09-16 18:18:05,Income,Cash,Computer Incomes,"5,25"
10036,4,7,,,2024-09-16 12:19:47,Income,Cash,Computer Incomes,"14,17"
10037,4,11,,,2024-09-16 10:35:14,Income,Cash,Computer Incomes,"14,17"
10038,5,2,,,2024-09-17 21:55:34,Income,Cash,Computer Incomes,"20,07"
10039,2,13,,,2024-09-17 09:22:20,Income,Cash,Computer Incomes,"8,72"
10040,2,24,,,2024-09-17 16:07:44,Income,Cash,Playstation Incomes,"21,65"
10041,3,11,,,2024-09-17 23:13:43,Income,Cash,Computer Incomes,"19,28"
10042,5,2,24.0,,2024-09-17 11:02:58,Income,Cash,Order Incomes,"16,90"
10043,4,10,,,2024-09-17 19:38:10,Income,Cash,Computer Incomes,"26,40"
10044,1,8,45.0,,2024-09-17 23:28:02,Income,Credit Card,Order Incomes,"11,36"
10045,5,4,30.0,,2024-09-17 11:34:44,Income,Cash,Order Incomes,"7,13"
10046,1,23,,,2024-09-17 21:01:39,Income,Cash,Playstation Incomes,"5,55"
10047,4,14,22.0,,2024-09-17 19:45:03,Income,Cash,Order Incomes,"23,76"
10048,2,9,,,2024-09-17 17:34:17,Income,Cash,Computer Incomes,"8,19"
10049,1,15,43.0,,2024-09-17 22:43:53,Income,Cash,Order Incomes,"24,28"
10050,5,6,,,2024-09-17 12:05:51,Income,Credit Card,Computer Incomes,"21,11"
10051,3,14,,,2024-09-17 23:34:48,Income,Cash,Computer Incomes,"20,85"
10052,2,6,34.0,,2024-09-17 17:13:54,Income,Cash,Order Incomes,"11,87"
10053,5,24,,,2024-09-17 17:11:21,Income,Cash,Playstation Incomes,"11,08"
10054,1,8,10.0,,2024-09-17 19:56:52,Income,Cash,Order Incomes,"21,11"
10055,3,23,,,2024-09-17 16:15:25,Income,Cash,Playstation Incomes,"16,63"
10056,4,15,,,2024-09-17 16:13:42,Income,Cash,Computer Incomes,"4,22"
10057,2,9,,18.0,2024-09-17 12:38:52,Income,Credit Card,Member Transactions,"22,96"
10058,5,24,,,2024-09-17 15:24:57,Income,Cash,Playstation Incomes,"11,35"
10059,1,23,,,2024-09-17 17:58:06,Income,Cash,Playstation Incomes,"18,21"
10060,2,2,43.0,,2024-09-17 15:08:49,Income,Cash,Order Incomes,"7,12"
10061,1,24,,,2024-09-18 18:47:25,Income,Cash,Playstation Incomes,"13,78"
10062,4,1,,,2024-09-18 18:50:26,Income,Cash,Computer Incomes,"24,34"
10063,4,9,,56.0,2024-09-18 10:45:39,Income,Cash,Member Transactions,"28,44"
10064,4,4,,61.0,2024-09-18 18:13:25,Income,Cash,Member Transactions,"5,58"
10065,1,23,,,2024-09-18 23:00:21,Income,Cash,Playstation Incomes,"11,73"
10066,2,1,28.0,,2024-09-18 23:32:07,Income,Cash,Order Incomes,"23,16"
10067,2,24,,,2024-09-18 11:20:28,Income,Cash,Playstation Incomes,"5,86"
10068,4,23,,,2024-09-18 16:19:12,Income,Cash,Playstation Incomes,"12,31"
10069,4,8,,,2024-09-18 12:15:01,Income,Cash,Computer Incomes,"27,26"
10070,1,24,,,2024-09-18 12:40:19,Income,Cash,Playstation Incomes,"13,77"
10071,2,9,,,2024-09-18 18:16:50,Income,Cash,Computer Incomes,"19,64"
10072,4,23,,,2024-09-18 15:40:17,Income,Cash,Playstation Incomes,"21,40"
10073,1,5,,,2024-09-18 12:16:29,Income,Cash,Computer Incomes,"23,45"
10074,1,6,,,2024-09-18 09:00:12,Income,Cash,Computer Incomes,"26,38"
10075,3,16,,,2024-09-19 22:26:28,Income,Cash,Computer Incomes,"19,62"
10076,3,11,,,2024-09-19 10:42:02,Income,Cash,Computer Incomes,"25,00"
10077,5,2,,,2024-09-19 09:27:21,Income,Cash,Computer Incomes,"29,75"
10078,3,10,,,2024-09-19 15:59:45,Income,Cash,Computer Incomes,"7,92"
10079,4,10,,,2024-09-19 19:35:18,Income,Cash,Computer Incomes,"31,33"
10080,4,15,7.0,,2024-09-19 23:05:39,Income,Credit Card,Order Incomes,"14,56"
10081,3,6,,,2024-09-19 14:51:27,Income,Credit Card,Computer Incomes,"23,73"
10082,2,2,,,2024-09-19 19:09:00,Income,Cash,Computer Incomes,"4,11"
10083,2,24,,,2024-09-19 13:39:28,Income,Cash,Playstation Incomes,"24,68"
10084,2,2,,,2024-09-19 17:14:17,Income,Cash,Computer Incomes,"9,17"
10085,2,13,,13.0,2024-09-19 19:45:37,Income,Cash,Member Transactions,"10,75"
10086,5,8,44.0,,2024-09-19 19:12:38,Income,Cash,Order Incomes,"28,79"
10087,5,14,,,2024-09-19 15:50:55,Income,Cash,Computer Incomes,"6,64"
10088,4,23,,,2024-09-19 09:02:01,Income,Cash,Playstation Incomes,"5,06"
10089,2,11,43.0,,2024-09-20 12:48:48,Income,Cash,Order Incomes,"2,02"
10090,4,11,,,2024-09-20 15:46:04,Income,Cash,Computer Incomes,"16,14"
10091,5,1,,,2024-09-20 17:37:59,Income,Cash,Computer Incomes,"8,81"
10092,5,2,,,2024-09-20 16:01:01,Income,Cash,Computer Incomes,"15,77"
10093,5,7,18.0,,2024-09-20 20:24:37,Income,Cash,Order Incomes,"16,14"
10094,4,11,,,2024-09-20 15:50:40,Income,Cash,Computer Incomes,"7,71"
10095,4,1,,,2024-09-20 20:55:14,Income,Credit Card,Computer Incomes,"8,07"
10096,2,24,,,2024-09-20 17:58:49,Income,Cash,Playstation Incomes,"4,59"
10097,5,12,,,2024-09-20 16:16:23,Income,Cash,Computer Incomes,"3,86"
10098,1,12,,,2024-09-20 15:57:56,Income,Cash,Computer Incomes,"4,41"
10099,2,23,,,2024-09-20 11:41:42,Income,Credit Card,Playstation Incomes,"8,44"
10100,2,24,,,2024-09-20 18:26:06,Income,Cash,Playstation Incomes,"15,77"
10101,3,14,,,2024-09-20 10:16:41,Income,Cash,Computer Incomes,"12,84"
10102,2,12,,,2024-09-20 14:55:37,Income,Cash,Computer Incomes,"15,41"
10103,1,13,,,2024-09-20 18:48:02,Income,Cash,Computer Incomes,"11,37"
10104,2,23,,,2024-09-20 15:32:49,Income,Cash,Playstation Incomes,"10,27"
10105,3,8,29.0,,2024-09-20 19:13:53,Income,Cash,Order Incomes,"4,21"
10106,5,10,18.0,,2024-09-20 13:18:59,Income,Cash,Order Incomes,"13,75"
10107,4,14,,,2024-09-20 16:00:24,Income,Cash,Computer Incomes,"3,48"
10108,4,24,,,2024-09-20 10:20:50,Income,Credit Card,Playstation Incomes,"4,40"
10109,2,5,,,2024-09-20 18:09:47,Income,Cash,Computer Incomes,"6,41"
10110,1,23,,,2024-09-20 11:07:49,Income,Cash,Playstation Incomes,"6,05"
10111,3,3,,,2024-09-20 09:02:10,Income,Cash,Computer Incomes,"10,08"
10112,2,24,,,2024-09-20 13:18:30,Income,Cash,Playstation Incomes,"8,98"
10113,5,2,,,2024-09-20 17:12:54,Income,Cash,Computer Incomes,"9,71"
10114,1,5,,,2024-09-20 10:26:37,Income,Cash,Computer Incomes,"11,55"
10115,3,23,,,2024-09-20 20:00:33,Income,Credit Card,Playstation Incomes,"10,81"
10116,3,5,,,2024-09-20 09:44:57,Income,Cash,Computer Incomes,"4,40"
10117,1,5,,,2024-09-20 22:49:06,Income,Cash,Computer Incomes,"15,95"
10118,1,24,,,2024-09-20 22:12:56,Income,Cash,Playstation Incomes,"6,60"
10119,4,13,,,2024-09-20 19:16:18,Income,Cash,Computer Incomes,"3,66"
10120,5,23,,,2024-09-20 09:30:02,Income,Cash,Playstation Incomes,"2,93"
10121,4,7,27.0,,2024-09-20 10:00:51,Income,Credit Card,Order Incomes,"4,21"
10122,3,8,,,2024-09-20 19:32:18,Income,Credit Card,Computer Incomes,"8,25"
10123,1,24,,,2024-09-20 17:26:14,Income,Cash,Playstation Incomes,"9,53"
10124,1,5,,,2024-09-20 23:00:32,Income,Cash,Computer Incomes,"13,93"
10125,1,3,,,2024-09-20 21:12:45,Income,Cash,Computer Incomes,"6,23"
10126,5,14,,64.0,2024-09-20 09:09:38,Income,Cash,Member Transactions,"14,30"
10127,1,16,,,2024-09-20 13:22:15,Income,Credit Card,Computer Incomes,"10,26"
10128,5,3,,,2024-09-20 09:41:57,Income,Credit Card,Computer Incomes,"3,66"
10129,1,10,,,2024-09-20 13:57:48,Income,Cash,Computer Incomes,"7,15"
10130,5,10,,,2024-09-21 21:14:06,Income,Cash,Computer Incomes,"12,32"
10131,3,16,,,2024-09-21 14:49:43,Income,Credit Card,Computer Incomes,"14,23"
10132,4,11,,,2024-09-21 18:21:35,Income,Credit Card,Computer Incomes,"25,72"
10133,4,14,,,2024-09-21 11:37:19,Income,Cash,Computer Incomes,"13,96"
10134,2,11,,,2024-09-21 10:56:24,Income,Credit Card,Computer Incomes,"19,70"
10135,2,1,,,2024-09-21 19:06:24,Income,Cash,Computer Incomes,"15,87"
10136,1,8,,,2024-09-21 16:00:53,Income,Cash,Computer Incomes,"22,44"
10137,5,23,,,2024-09-21 17:29:13,Income,Credit Card,Playstation Incomes,"7,94"
10138,3,13,,,2024-09-21 20:30:55,Income,Cash,Computer Incomes,"19,43"
10139,3,24,,,2024-09-21 19:40:42,Income,Cash,Playstation Incomes,"4,11"
10140,5,7,37.0,,2024-09-21 17:16:23,Income,Cash,Order Incomes,"8,49"
10141,4,8,,7.0,2024-09-21 18:45:48,Income,Cash,Member Transactions,"14,23"
10142,5,23,,,2024-09-21 23:21:22,Income,Cash,Playstation Incomes,"3,83"
10143,1,12,,,2024-09-21 17:42:42,Income,Cash,Computer Incomes,"14,22"
10144,2,16,,,2024-09-21 11:59:50,Income,Cash,Computer Incomes,"26,53"
10145,2,8,,,2024-09-21 10:17:21,Income,Cash,Computer Incomes,"3,55"
10146,1,12,,,2024-09-21 09:36:27,Income,Cash,Computer Incomes,"12,31"
10147,3,16,,,2024-09-21 23:31:27,Income,Cash,Computer Incomes,"20,24"
10148,2,6,,31.0,2024-09-21 21:20:40,Income,Cash,Member Transactions,"18,05"
10149,2,14,,,2024-09-21 22:43:17,Income,Cash,Computer Incomes,"13,95"
10150,4,24,,,2024-09-21 12:05:19,Income,Credit Card,Playstation Incomes,"11,76"
10151,3,23,,,2024-09-21 19:24:19,Income,Credit Card,Playstation Incomes,"9,30"
10152,5,15,,,2024-09-21 11:26:04,Income,Cash,Computer Incomes,"25,71"
10153,5,15,,,2024-09-21 23:37:27,Income,Cash,Computer Incomes,"11,76"
10154,5,11,,,2024-09-21 14:28:34,Income,Cash,Computer Incomes,"26,53"
10155,3,24,,,2024-09-21 17:53:02,Income,Cash,Playstation Incomes,"21,33"
10156,5,10,,,2024-09-21 22:55:53,Income,Credit Card,Computer Incomes,"23,25"
10157,4,6,,,2024-09-21 19:52:02,Income,Cash,Computer Incomes,"5,19"
10158,1,4,,,2024-09-21 11:38:40,Income,Cash,Computer Incomes,"17,78"
10159,3,23,,,2024-09-21 13:13:11,Income,Cash,Playstation Incomes,"14,22"
10160,1,13,49.0,,2024-09-21 15:03:15,Income,Credit Card,Order Incomes,"15,59"
10161,3,6,23.0,,2024-09-21 15:49:21,Income,Credit Card,Order Incomes,"14,49"
10162,5,24,,,2024-09-21 14:54:55,Income,Cash,Playstation Incomes,"24,34"
10163,5,23,,,2024-09-21 17:37:07,Income,Cash,Playstation Incomes,"4,65"
10164,4,24,,,2024-09-22 19:28:54,Income,Cash,Playstation Incomes,"20,89"
10165,5,6,18.0,,2024-09-22 09:07:27,Income,Credit Card,Order Incomes,"3,24"
10166,2,13,,27.0,2024-09-22 23:17:03,Income,Cash,Member Transactions,"21,64"
10167,2,7,32.0,,2024-09-22 21:59:15,Income,Cash,Order Incomes,"6,97"
10168,3,3,47.0,,2024-09-22 09:15:40,Income,Cash,Order Incomes,"17,91"
10169,4,16,,,2024-09-22 22:00:50,Income,Credit Card,Computer Incomes,"18,65"
10170,5,12,19.0,,2024-09-22 18:52:33,Income,Cash,Order Incomes,"4,23"
10171,5,4,,,2024-09-22 13:35:01,Income,Cash,Computer Incomes,"21,14"
10172,2,15,36.0,,2024-09-22 16:22:28,Income,Cash,Order Incomes,"2,74"
10173,4,10,33.0,,2024-09-22 12:46:41,Income,Cash,Order Incomes,"16,91"
10174,3,15,,,2024-09-22 13:45:03,Income,Cash,Computer Incomes,"17,15"
10175,3,1,,,2024-09-22 20:38:50,Income,Cash,Computer Incomes,"5,71"
10176,1,23,,,2024-09-22 21:13:03,Income,Cash,Playstation Incomes,"3,97"
10177,5,6,30.0,,2024-09-22 19:54:13,Income,Credit Card,Order Incomes,"19,88"
10178,2,24,,,2024-09-22 14:24:10,Income,Cash,Playstation Incomes,"5,96"
10179,1,1,,,2024-09-22 21:48:17,Income,Cash,Computer Incomes,"12,67"
10180,3,15,,,2024-09-22 16:26:00,Income,Cash,Computer Incomes,"10,69"
10181,1,16,,,2024-09-22 10:49:20,Income,Credit Card,Computer Incomes,"11,43"
10182,1,9,,,2024-09-22 14:46:56,Income,Credit Card,Computer Incomes,"20,13"
10183,1,5,,24.0,2024-09-23 14:17:14,Income,Cash,Member Transactions,"5,07"
10184,2,8,49.0,,2024-09-23 10:17:04,Income,Credit Card,Order Incomes,"27,02"
10185,4,7,,39.0,2024-09-23 22:50:12,Income,Cash,Member Transactions,"5,35"
10186,4,15,,,2024-09-23 17:13:19,Income,Credit Card,Computer Incomes,"26,74"
10187,5,3,,,2024-09-23 09:49:03,Income,Cash,Computer Incomes,"3,10"
10188,1,2,,,2024-09-23 23:55:36,Income,Credit Card,Computer Incomes,"19,99"
10189,3,6,,,2024-09-23 18:57:07,Income,Cash,Computer Incomes,"25,34"
10190,4,23,,,2024-09-23 17:19:31,Income,Cash,Playstation Incomes,"21,11"
10191,3,24,,,2024-09-23 15:48:14,Income,Cash,Playstation Incomes,"3,10"
10192,4,23,,,2024-09-23 15:43:16,Income,Cash,Playstation Incomes,"5,92"
10193,3,7,,,2024-09-23 16:06:38,Income,Cash,Computer Incomes,"26,17"
10194,5,12,,,2024-09-23 19:18:45,Income,Cash,Computer Incomes,"3,94"
10195,2,13,,,2024-09-23 13:11:21,Income,Cash,Computer Incomes,"21,67"
10196,2,6,,,2024-09-23 13:31:59,Income,Cash,Computer Incomes,"3,37"
10197,4,3,,,2024-09-23 19:18:01,Income,Cash,Computer Incomes,"7,03"
10198,3,12,44.0,,2024-09-23 09:35:13,Income,Cash,Order Incomes,"18,01"
10199,3,6,,,2024-09-23 09:49:29,Income,Cash,Computer Incomes,"25,61"
10200,4,24,,,2024-09-23 10:18:51,Income,Cash,Playstation Incomes,"21,67"
10201,2,23,,,2024-09-23 18:26:03,Income,Cash,Playstation Incomes,"18,01"
10202,1,1,,56.0,2024-09-23 12:03:25,Income,Cash,Member Transactions,"8,72"
10203,2,7,,,2024-09-23 15:10:37,Income,Cash,Computer Incomes,"13,79"
10204,4,5,,,2024-09-23 12:44:58,Income,Cash,Computer Incomes,"22,51"
10205,4,24,,,2024-09-23 12:57:09,Income,Cash,Playstation Incomes,"12,94"
10206,2,13,,64.0,2024-09-24 19:40:02,Income,Cash,Member Transactions,"14,58"
10207,1,23,,,2024-09-24 17:40:26,Income,Cash,Playstation Incomes,"4,62"
10208,4,10,,,2024-09-24 15:07:08,Income,Cash,Computer Incomes,"8,78"
10209,2,1,,,2024-09-24 19:03:39,Income,Cash,Computer Incomes,"9,52"
10210,2,10,,,2024-09-24 13:52:59,Income,Cash,Computer Incomes,"3,13"
10211,5,9,,,2024-09-24 09:20:08,Income,Cash,Computer Incomes,"1,49"
10212,1,24,,,2024-09-24 17:00:58,Income,Cash,Playstation Incomes,"11,01"
10213,1,3,11.0,,2024-09-24 21:44:23,Income,Cash,Order Incomes,"14,43"
10214,3,23,,,2024-09-24 11:36:41,Income,Cash,Playstation Incomes,"14,58"
10215,4,3,,,2024-09-24 17:03:01,Income,Cash,Computer Incomes,"12,34"
10216,4,24,,,2024-09-24 14:55:49,Income,Cash,Playstation Incomes,"6,84"
10217,5,8,,,2024-09-24 21:17:43,Income,Cash,Computer Incomes,"9,07"
10218,5,13,44.0,,2024-09-24 13:25:47,Income,Cash,Order Incomes,"5,50"
10219,2,8,,41.0,2024-09-24 15:02:50,Income,Credit Card,Member Transactions,"8,47"
10220,3,4,5.0,,2024-09-24 09:55:38,Income,Cash,Order Incomes,"14,42"
10221,5,23,,,2024-09-24 13:01:57,Income,Cash,Playstation Incomes,"9,36"
10222,1,24,,,2024-09-24 15:24:20,Income,Cash,Playstation Incomes,"12,34"
10223,3,10,,,2024-09-24 14:19:32,Income,Cash,Computer Incomes,"12,64"
10224,5,23,,,2024-09-24 20:49:14,Income,Cash,Playstation Incomes,"2,23"
10225,1,16,,,2024-09-24 12:53:06,Income,Cash,Computer Incomes,"6,09"
10226,4,4,,,2024-09-24 22:26:37,Income,Cash,Computer Incomes,"10,70"
10227,3,8,,,2024-09-25 19:14:47,Income,Cash,Computer Incomes,"7,11"
10228,1,14,23.0,,2024-09-25 15:09:15,Income,Cash,Order Incomes,"36,67"
10229,3,5,,,2024-09-25 21:48:35,Income,Cash,Computer Incomes,"20,21"
10230,5,2,,,2024-09-25 20:49:51,Income,Cash,Computer Incomes,"30,68"
10231,5,24,,,2024-09-25 18:16:17,Income,Cash,Playstation Incomes,"11,23"
10232,3,23,,,2024-09-25 19:44:18,Income,Cash,Playstation Incomes,"28,06"
10233,2,13,,,2024-09-25 12:55:19,Income,Cash,Computer Incomes,"13,85"
10234,4,10,,,2024-09-25 13:27:02,Income,Cash,Computer Incomes,"20,95"
10235,1,24,,,2024-09-25 16:18:31,Income,Cash,Playstation Incomes,"8,98"
10236,1,23,,,2024-09-25 22:02:54,Income,Cash,Playstation Incomes,"17,96"
10237,5,24,,,2024-09-25 23:14:33,Income,Cash,Playstation Incomes,"30,30"
10238,2,16,,,2024-09-25 22:37:23,Income,Credit Card,Computer Incomes,"32,17"
10239,3,3,,,2024-09-25 17:07:45,Income,Cash,Computer Incomes,"4,48"
10240,5,3,,,2024-09-25 21:34:43,Income,Cash,Computer Incomes,"28,80"
10241,5,4,,,2024-09-25 09:08:38,Income,Cash,Computer Incomes,"22,07"
10242,2,12,,,2024-09-25 11:33:44,Income,Credit Card,Computer Incomes,"19,07"
10243,1,23,,,2024-09-25 09:39:05,Income,Cash,Playstation Incomes,"34,79"
10244,4,12,,,2024-09-25 20:57:49,Income,Cash,Computer Incomes,"28,05"
10245,2,7,,,2024-09-26 20:11:13,Income,Cash,Computer Incomes,"27,90"
10246,2,24,,,2024-09-26 19:27:25,Income,Cash,Playstation Incomes,"19,75"
10247,5,10,11.0,,2024-09-26 11:37:32,Income,Cash,Order Incomes,"8,15"
10248,2,15,,,2024-09-26 15:06:40,Income,Cash,Computer Incomes,"5,33"
10249,5,23,,,2024-09-26 11:36:41,Income,Cash,Playstation Incomes,"23,83"
10250,2,9,,,2024-09-26 14:39:01,Income,Cash,Computer Incomes,"13,48"
10251,2,10,,,2024-09-26 12:43:33,Income,Cash,Computer Incomes,"3,77"
10252,2,24,,,2024-09-26 23:36:22,Income,Cash,Playstation Incomes,"14,42"
10253,1,5,,,2024-09-26 20:59:40,Income,Cash,Computer Incomes,"27,59"
10254,5,3,,,2024-09-26 14:48:30,Income,Cash,Computer Incomes,"20,69"
10255,5,11,,,2024-09-26 23:20:34,Income,Cash,Computer Incomes,"29,78"
10256,4,23,,,2024-09-26 18:52:39,Income,Credit Card,Playstation Incomes,"12,54"
10257,4,1,19.0,,2024-09-26 16:21:35,Income,Cash,Order Incomes,"15,67"
10258,2,5,,,2024-09-26 09:49:00,Income,Cash,Computer Incomes,"6,26"
10259,3,5,,,2024-09-26 09:24:37,Income,Cash,Computer Incomes,"17,23"
10260,1,3,,,2024-09-26 15:01:22,Income,Cash,Computer Incomes,"23,19"
10261,4,6,,,2024-09-26 14:19:07,Income,Cash,Computer Incomes,"23,19"
10262,2,8,,62.0,2024-09-26 20:04:12,Income,Cash,Member Transactions,"21,62"
10263,1,24,,,2024-09-26 19:25:02,Income,Credit Card,Playstation Incomes,"10,97"
10264,2,9,,,2024-09-26 13:39:20,Income,Cash,Computer Incomes,"22,56"
10265,2,14,,,2024-09-27 10:27:21,Income,Cash,Computer Incomes,"12,41"
10266,3,13,,,2024-09-27 16:33:07,Income,Cash,Computer Incomes,"5,78"
10267,2,9,,,2024-09-27 12:54:43,Income,Cash,Computer Incomes,"3,00"
10268,4,11,,,2024-09-27 17:48:47,Income,Credit Card,Computer Incomes,"4,50"
10269,3,3,,,2024-09-27 09:45:35,Income,Cash,Computer Incomes,"15,19"
10270,4,13,,,2024-09-27 22:30:51,Income,Cash,Computer Incomes,"4,92"
10271,5,2,,,2024-09-27 19:24:31,Income,Cash,Computer Incomes,"12,62"
10272,5,15,,,2024-09-27 22:19:22,Income,Cash,Computer Incomes,"13,26"
10273,3,23,,,2024-09-27 18:40:17,Income,Cash,Playstation Incomes,"14,12"
10274,2,8,8.0,,2024-09-27 09:38:29,Income,Credit Card,Order Incomes,"2,79"
10275,4,15,,38.0,2024-09-27 17:02:46,Income,Cash,Member Transactions,"11,55"
10276,5,24,,,2024-09-27 23:26:12,Income,Cash,Playstation Incomes,"13,05"
10277,3,23,,,2024-09-27 20:44:52,Income,Cash,Playstation Incomes,"8,99"
10278,4,6,,,2024-09-27 09:11:21,Income,Credit Card,Computer Incomes,"20,53"
10279,2,5,48.0,,2024-09-27 11:23:05,Income,Cash,Order Incomes,"11,55"
10280,1,10,,,2024-09-27 12:53:41,Income,Cash,Computer Incomes,"5,57"
10281,4,3,,,2024-09-27 21:44:26,Income,Credit Card,Computer Incomes,"4,71"
10282,5,24,,,2024-09-27 09:37:26,Income,Credit Card,Playstation Incomes,"8,56"
10283,1,1,,,2024-09-27 10:34:38,Income,Cash,Computer Incomes,"2,14"
10284,4,14,,,2024-09-27 21:01:37,Income,Cash,Computer Incomes,"17,32"
10285,2,8,,,2024-09-27 20:06:21,Income,Cash,Computer Incomes,"3,63"
10286,2,23,,,2024-09-27 22:22:04,Income,Cash,Playstation Incomes,"18,81"
10287,5,2,,,2024-09-27 20:06:45,Income,Cash,Computer Incomes,"17,32"
10288,3,11,,,2024-09-27 21:35:19,Income,Cash,Computer Incomes,"7,91"
10289,5,7,,,2024-09-27 15:17:34,Income,Cash,Computer Incomes,"5,56"
10290,2,4,,30.0,2024-09-27 12:10:08,Income,Cash,Member Transactions,"2,78"
10291,2,9,,,2024-09-27 23:58:38,Income,Cash,Computer Incomes,"7,48"
10292,2,24,,,2024-09-27 20:47:15,Income,Cash,Playstation Incomes,"15,61"
10293,4,12,,,2024-09-27 09:26:54,Income,Cash,Computer Incomes,"20,10"
10294,1,4,,,2024-09-27 12:15:32,Income,Cash,Computer Incomes,"6,41"
10295,5,6,36.0,,2024-09-27 21:47:18,Income,Cash,Order Incomes,"2,35"
10296,1,23,,,2024-09-27 13:36:21,Income,Cash,Playstation Incomes,"17,10"
10297,4,10,,,2024-09-27 14:04:42,Income,Cash,Computer Incomes,"17,74"
10298,4,8,,,2024-09-27 15:48:01,Income,Cash,Computer Incomes,"7,05"
10299,5,11,,,2024-09-27 20:35:12,Income,Cash,Computer Incomes,"2,99"
10300,1,24,,,2024-09-27 18:21:27,Income,Cash,Playstation Incomes,"4,91"
10301,2,4,24.0,,2024-09-27 19:58:04,Income,Credit Card,Order Incomes,"6,41"
10302,5,8,,,2024-09-27 20:03:30,Income,Credit Card,Computer Incomes,"13,25"
10303,2,15,,,2024-09-27 21:46:18,Income,Cash,Computer Incomes,"19,03"
10304,3,9,,,2024-09-27 23:04:34,Income,Cash,Computer Incomes,"16,68"
10305,5,23,,,2024-09-27 14:02:28,Income,Credit Card,Playstation Incomes,"11,54"
10306,1,12,,,2024-09-28 10:50:06,Income,Credit Card,Computer Incomes,"22,17"
10307,1,11,,,2024-09-28 23:23:04,Income,Cash,Computer Incomes,"22,78"
10308,4,6,,,2024-09-28 18:39:53,Income,Cash,Computer Incomes,"12,32"
10309,2,3,,,2024-09-28 15:23:19,Income,Cash,Computer Incomes,"29,24"
10310,2,2,,,2024-09-28 19:14:39,Income,Cash,Computer Incomes,"26,78"
10311,1,24,,,2024-09-28 18:18:34,Income,Cash,Playstation Incomes,"30,78"
10312,3,23,,,2024-09-28 20:45:15,Income,Credit Card,Playstation Incomes,"8,01"
10313,2,14,4.0,,2024-09-28 10:16:14,Income,Credit Card,Order Incomes,"15,70"
10314,2,24,,,2024-09-28 18:31:45,Income,Cash,Playstation Incomes,"7,08"
10315,3,12,,,2024-09-28 09:27:36,Income,Cash,Computer Incomes,"27,09"
10316,1,4,,,2024-09-28 18:25:46,Income,Cash,Computer Incomes,"8,93"
10317,2,15,3.0,,2024-09-28 10:47:55,Income,Credit Card,Order Incomes,"9,55"
10318,5,6,,,2024-09-28 18:35:49,Income,Cash,Computer Incomes,"21,86"
10319,2,10,,,2024-09-28 17:11:07,Income,Cash,Computer Incomes,"4,31"
10320,1,23,,,2024-09-28 20:33:00,Income,Credit Card,Playstation Incomes,"13,24"
10321,2,15,,,2024-09-28 22:42:47,Income,Cash,Computer Incomes,"27,40"
10322,3,11,,,2024-09-28 15:18:41,Income,Credit Card,Computer Incomes,"12,93"
10323,2,7,30.0,,2024-09-28 18:18:18,Income,Cash,Order Incomes,"20,01"
10324,2,24,,,2024-09-28 09:57:11,Income,Credit Card,Playstation Incomes,"12,92"
10325,4,3,28.0,,2024-09-28 21:44:52,Income,Cash,Order Incomes,"7,69"
10326,4,15,,,2024-09-28 21:14:07,Income,Cash,Computer Incomes,"7,07"
10327,4,13,,,2024-09-28 10:17:16,Income,Cash,Computer Incomes,"13,85"
10328,3,23,,,2024-09-28 13:39:32,Income,Cash,Playstation Incomes,"30,47"
10329,4,5,,,2024-09-28 19:34:44,Income,Cash,Computer Incomes,"4,61"
10330,1,12,,,2024-09-28 11:48:14,Income,Cash,Computer Incomes,"5,23"
10331,5,13,,,2024-09-28 23:08:59,Income,Cash,Computer Incomes,"4,00"
10332,4,24,,,2024-09-28 10:47:03,Income,Cash,Playstation Incomes,"13,54"
10333,1,7,,,2024-09-28 22:47:57,Income,Cash,Computer Incomes,"15,38"
10334,1,15,,,2024-09-28 11:58:44,Income,Cash,Computer Incomes,"8,31"
10335,4,1,,,2024-09-28 12:12:25,Income,Cash,Computer Incomes,"5,84"
10336,4,11,,,2024-09-28 09:49:09,Income,Cash,Computer Incomes,"23,69"
10337,4,11,21.0,,2024-09-28 21:38:51,Income,Cash,Order Incomes,"21,23"
10338,3,2,10.0,,2024-09-28 16:17:59,Income,Credit Card,Order Incomes,"18,77"
10339,5,1,,,2024-09-28 15:16:56,Income,Cash,Computer Incomes,"28,00"
10340,4,15,,,2024-09-28 11:34:35,Income,Cash,Computer Incomes,"7,07"
10341,2,4,,,2024-09-28 15:20:38,Income,Cash,Computer Incomes,"22,16"
10342,5,23,,,2024-09-29 16:55:17,Income,Cash,Playstation Incomes,"6,83"
10343,5,8,,,2024-09-29 21:11:26,Income,Cash,Computer Incomes,"18,71"
10344,4,12,,,2024-09-29 14:25:59,Income,Cash,Computer Incomes,"8,35"
10345,1,24,,,2024-09-29 15:43:29,Income,Credit Card,Playstation Incomes,"18,45"
10346,1,8,,,2024-09-29 13:33:46,Income,Cash,Computer Incomes,"12,89"
10347,5,6,,,2024-09-29 16:01:17,Income,Cash,Computer Incomes,"17,70"
10348,5,12,,,2024-09-29 23:37:06,Income,Cash,Computer Incomes,"3,29"
10349,5,23,,,2024-09-29 18:05:05,Income,Cash,Playstation Incomes,"24,52"
10350,1,3,,,2024-09-29 14:26:49,Income,Credit Card,Computer Incomes,"16,94"
10351,3,12,,,2024-09-29 12:25:47,Income,Cash,Computer Incomes,"7,08"
10352,3,13,,,2024-09-29 15:09:46,Income,Cash,Computer Incomes,"6,32"
10353,2,14,,58.0,2024-09-29 20:53:21,Income,Cash,Member Transactions,"11,12"
10354,3,1,7.0,,2024-09-29 13:23:28,Income,Cash,Order Incomes,"13,90"
10355,5,11,,,2024-09-29 14:09:14,Income,Cash,Computer Incomes,"6,31"
10356,3,16,22.0,,2024-09-29 11:24:19,Income,Cash,Order Incomes,"12,88"
10357,5,12,,,2024-09-29 12:16:07,Income,Cash,Computer Incomes,"5,81"
10358,5,24,,,2024-09-29 10:05:52,Income,Cash,Playstation Incomes,"18,44"
10359,2,12,,,2024-09-29 09:39:45,Income,Cash,Computer Incomes,"5,30"
10360,3,2,,,2024-09-29 09:00:02,Income,Cash,Computer Incomes,"5,81"
10361,4,1,,4.0,2024-09-29 23:23:21,Income,Cash,Member Transactions,"19,20"
10362,4,9,,,2024-09-29 20:34:43,Income,Cash,Computer Incomes,"22,99"
10363,4,13,,,2024-09-29 23:00:41,Income,Credit Card,Computer Incomes,"15,16"
10364,5,7,,,2024-09-30 23:29:32,Income,Credit Card,Computer Incomes,"19,42"
10365,1,1,39.0,,2024-09-30 17:51:49,Income,Cash,Order Incomes,"25,04"
10366,4,11,,,2024-09-30 23:11:52,Income,Cash,Computer Incomes,"11,26"
10367,1,12,,,2024-09-30 23:49:23,Income,Cash,Computer Incomes,"19,70"
10368,3,23,,,2024-09-30 18:57:28,Income,Cash,Playstation Incomes,"7,88"
10369,1,24,,,2024-09-30 09:09:51,Income,Cash,Playstation Incomes,"12,38"
10370,2,10,,,2024-09-30 09:58:02,Income,Cash,Computer Incomes,"17,16"
10371,3,10,,13.0,2024-09-30 09:15:39,Income,Cash,Member Transactions,"20,82"
10372,2,23,,,2024-09-30 10:08:05,Income,Cash,Playstation Incomes,"10,68"
10373,5,6,,,2024-09-30 14:47:58,Income,Cash,Computer Incomes,"8,72"
10374,2,12,,,2024-09-30 10:31:51,Income,Cash,Computer Incomes,"15,47"
10375,3,14,,,2024-09-30 22:58:28,Income,Cash,Computer Incomes,"25,88"
10376,3,5,,,2024-09-30 10:11:33,Income,Cash,Computer Incomes,"12,37"
10377,2,24,,,2024-09-30 17:12:12,Income,Cash,Playstation Incomes,"5,06"
10378,3,23,,,2024-09-30 12:13:28,Income,Cash,Playstation Incomes,"7,03"
10379,4,10,,,2024-09-30 13:00:31,Income,Cash,Computer Incomes,"6,75"
10380,2,11,34.0,,2024-09-30 18:15:57,Income,Cash,Order Incomes,"26,72"
10381,5,5,,45.0,2024-09-30 18:38:32,Income,Cash,Member Transactions,"27,56"
10382,5,16,,,2024-10-01 21:32:05,Income,Cash,Computer Incomes,"23,50"
10383,5,6,,,2024-10-01 12:30:39,Income,Cash,Computer Incomes,"5,39"
10384,5,5,,,2024-10-01 09:05:45,Income,Credit Card,Computer Incomes,"24,23"
10385,2,5,,,2024-10-01 20:50:32,Income,Cash,Computer Incomes,"5,88"
10386,3,15,,,2024-10-01 12:42:20,Income,Cash,Computer Incomes,"15,67"
10387,5,12,,,2024-10-01 22:36:14,Income,Cash,Computer Incomes,"8,82"
10388,5,24,,,2024-10-01 11:22:29,Income,Cash,Playstation Incomes,"18,11"
10389,5,2,,,2024-10-01 15:41:32,Income,Cash,Computer Incomes,"8,08"
10390,1,23,,,2024-10-01 14:27:38,Income,Cash,Playstation Incomes,"4,16"
10391,4,12,30.0,,2024-10-01 18:36:37,Income,Cash,Order Incomes,"9,29"
10392,3,1,,,2024-10-01 19:47:44,Income,Cash,Computer Incomes,"14,68"
10393,4,24,,,2024-10-01 21:11:00,Income,Cash,Playstation Incomes,"10,03"
10394,5,23,,,2024-10-01 10:20:45,Income,Credit Card,Playstation Incomes,"2,44"
10395,5,16,,,2024-10-01 19:19:38,Income,Cash,Computer Incomes,"18,59"
10396,3,6,,14.0,2024-10-01 11:40:43,Income,Cash,Member Transactions,"5,13"
10397,4,3,,,2024-10-02 12:44:39,Income,Cash,Computer Incomes,"2,32"
10398,1,9,,30.0,2024-10-02 14:35:15,Income,Credit Card,Member Transactions,"9,28"
10399,3,6,,,2024-10-02 11:12:59,Income,Cash,Computer Incomes,"2,65"
10400,2,11,40.0,,2024-10-02 22:54:53,Income,Cash,Order Incomes,"13,58"
10401,3,10,,,2024-10-02 18:27:06,Income,Credit Card,Computer Incomes,"13,09"
10402,1,24,,,2024-10-02 14:59:38,Income,Cash,Playstation Incomes,"10,93"
10403,3,23,,,2024-10-02 23:12:05,Income,Cash,Playstation Incomes,"5,30"
10404,5,4,,,2024-10-02 23:06:28,Income,Cash,Computer Incomes,"6,30"
10405,2,12,,,2024-10-02 13:26:46,Income,Cash,Computer Incomes,"3,32"
10406,4,2,,,2024-10-02 17:09:19,Income,Cash,Computer Incomes,"2,16"
10407,4,15,,,2024-10-02 23:01:43,Income,Credit Card,Computer Incomes,"14,91"
10408,3,8,,43.0,2024-10-02 23:26:22,Income,Cash,Member Transactions,"12,92"
10409,2,1,41.0,,2024-10-02 13:21:55,Income,Cash,Order Incomes,"16,56"
10410,5,5,,,2024-10-02 21:07:26,Income,Cash,Computer Incomes,"6,12"
10411,4,10,,,2024-10-02 21:37:59,Income,Credit Card,Computer Incomes,"7,61"
10412,4,15,,,2024-10-02 16:35:18,Income,Cash,Computer Incomes,"2,31"
10413,4,5,37.0,,2024-10-02 11:37:01,Income,Cash,Order Incomes,"14,90"
10414,1,24,,,2024-10-02 13:52:54,Income,Cash,Playstation Incomes,"15,39"
10415,4,8,,,2024-10-02 13:35:15,Income,Cash,Computer Incomes,"14,73"
10416,4,15,,,2024-10-02 10:27:55,Income,Cash,Computer Incomes,"13,74"
10417,2,10,,,2024-10-02 23:16:19,Income,Cash,Computer Incomes,"3,31"
10418,1,3,,,2024-10-02 11:24:50,Income,Cash,Computer Incomes,"7,28"
10419,3,3,,,2024-10-02 18:33:57,Income,Credit Card,Computer Incomes,"4,96"
10420,1,6,,,2024-10-02 23:44:17,Income,Cash,Computer Incomes,"3,64"
10421,4,2,,,2024-10-03 16:42:27,Income,Cash,Computer Incomes,"3,23"
10422,4,5,,,2024-10-03 18:43:00,Income,Credit Card,Computer Incomes,"27,01"
10423,4,10,,,2024-10-03 22:45:43,Income,Cash,Computer Incomes,"9,69"
10424,2,10,39.0,,2024-10-03 23:05:11,Income,Cash,Order Incomes,"10,57"
10425,1,23,,,2024-10-03 21:16:13,Income,Cash,Playstation Incomes,"15,56"
10426,5,24,,,2024-10-03 23:29:32,Income,Cash,Playstation Incomes,"19,96"
10427,4,5,,,2024-10-03 15:56:39,Income,Cash,Computer Incomes,"25,54"
10428,4,14,,,2024-10-03 20:03:31,Income,Cash,Computer Incomes,"12,33"
10429,1,23,,,2024-10-03 20:50:56,Income,Cash,Playstation Incomes,"17,61"
10430,2,24,,,2024-10-03 23:52:19,Income,Cash,Playstation Incomes,"17,32"
10431,1,1,,,2024-10-03 13:48:12,Income,Cash,Computer Incomes,"19,96"
10432,4,23,,,2024-10-03 17:51:27,Income,Cash,Playstation Incomes,"12,62"
10433,4,15,,,2024-10-03 16:34:00,Income,Cash,Computer Incomes,"8,81"
10434,4,2,,,2024-10-03 11:36:07,Income,Cash,Computer Incomes,"5,58"
10435,5,10,,,2024-10-03 17:05:01,Income,Cash,Computer Incomes,"8,80"
10436,1,24,,,2024-10-03 13:42:10,Income,Cash,Playstation Incomes,"18,19"
10437,1,2,9.0,,2024-10-03 14:37:46,Income,Cash,Order Incomes,"21,71"
10438,1,6,11.0,,2024-10-03 09:42:14,Income,Cash,Order Incomes,"28,46"
10439,1,4,39.0,,2024-10-03 23:24:29,Income,Cash,Order Incomes,"24,06"
10440,5,13,,,2024-10-03 10:34:46,Income,Cash,Computer Incomes,"9,97"
10441,1,1,,,2024-10-03 13:18:11,Income,Credit Card,Computer Incomes,"4,69"
10442,2,11,,,2024-10-03 23:14:29,Income,Cash,Computer Incomes,"10,27"
10443,2,11,,,2024-10-03 17:13:42,Income,Cash,Computer Incomes,"15,55"
10444,3,7,,,2024-10-03 23:53:51,Income,Cash,Computer Incomes,"11,44"
10445,4,7,,,2024-10-04 10:34:59,Income,Cash,Computer Incomes,"18,65"
10446,1,1,,,2024-10-04 17:22:36,Income,Cash,Computer Incomes,"8,86"
10447,4,4,,,2024-10-04 11:06:07,Income,Cash,Computer Incomes,"18,97"
10448,5,12,,,2024-10-04 19:03:41,Income,Cash,Computer Incomes,"19,60"
10449,2,23,,,2024-10-04 14:03:23,Income,Cash,Playstation Incomes,"13,60"
10450,5,24,,,2024-10-04 11:49:20,Income,Cash,Playstation Incomes,"13,60"
10451,4,23,,,2024-10-04 17:01:17,Income,Cash,Playstation Incomes,"8,86"
10452,4,13,,,2024-10-04 14:05:09,Income,Cash,Computer Incomes,"4,43"
10453,4,7,,,2024-10-04 09:17:14,Income,Cash,Computer Incomes,"28,45"
10454,1,15,,,2024-10-04 20:44:26,Income,Credit Card,Computer Incomes,"7,28"
10455,2,13,,,2024-10-04 19:17:45,Income,Cash,Computer Incomes,"17,07"
10456,4,5,,,2024-10-04 12:16:46,Income,Cash,Computer Incomes,"31,30"
10457,4,4,,,2024-10-04 19:35:51,Income,Credit Card,Computer Incomes,"16,44"
10458,2,7,,31.0,2024-10-04 17:09:39,Income,Credit Card,Member Transactions,"8,22"
10459,1,3,16.0,,2024-10-04 19:54:01,Income,Cash,Order Incomes,"24,98"
10460,1,8,,,2024-10-04 23:56:49,Income,Cash,Computer Incomes,"16,75"
10461,4,5,,,2024-10-04 18:46:29,Income,Credit Card,Computer Incomes,"22,12"
10462,4,24,,,2024-10-04 18:06:47,Income,Cash,Playstation Incomes,"13,59"
10463,2,1,,,2024-10-04 14:53:38,Income,Cash,Computer Incomes,"24,02"
10464,5,23,,,2024-10-04 17:24:54,Income,Cash,Playstation Incomes,"5,05"
10465,2,8,,,2024-10-04 13:37:19,Income,Cash,Computer Incomes,"30,97"
10466,3,24,,,2024-10-04 13:08:34,Income,Cash,Playstation Incomes,"21,81"
10467,3,5,,,2024-10-04 11:44:55,Income,Cash,Computer Incomes,"9,48"
10468,2,23,,,2024-10-04 20:35:18,Income,Cash,Playstation Incomes,"4,74"
10469,3,24,,,2024-10-04 19:20:44,Income,Cash,Playstation Incomes,"23,39"
10470,5,8,,,2024-10-04 13:03:01,Income,Cash,Computer Incomes,"6,95"
10471,3,2,,,2024-10-04 12:26:46,Income,Cash,Computer Incomes,"18,01"
10472,3,23,,,2024-10-04 21:39:27,Income,Credit Card,Playstation Incomes,"18,64"
10473,4,2,,,2024-10-04 11:29:33,Income,Cash,Computer Incomes,"7,58"
10474,1,24,,,2024-10-04 10:07:06,Income,Cash,Playstation Incomes,"29,08"
10475,3,12,,,2024-10-04 14:31:45,Income,Cash,Computer Incomes,"3,16"
10476,2,23,,,2024-10-04 18:03:23,Income,Cash,Playstation Incomes,"16,12"
10477,1,8,,,2024-10-04 11:01:12,Income,Cash,Computer Incomes,"30,66"
10478,2,24,,,2024-10-04 14:33:49,Income,Cash,Playstation Incomes,"4,10"
10479,3,23,,,2024-10-04 11:19:45,Income,Cash,Playstation Incomes,"20,23"
10480,3,11,,,2024-10-04 14:50:50,Income,Cash,Computer Incomes,"29,71"
10481,3,4,49.0,,2024-10-05 09:10:19,Income,Cash,Order Incomes,"6,38"
10482,5,13,,,2024-10-05 13:59:04,Income,Cash,Computer Incomes,"33,99"
10483,1,6,,,2024-10-05 14:04:11,Income,Cash,Computer Incomes,"24,43"
10484,5,10,,,2024-10-05 15:43:45,Income,Cash,Computer Incomes,"12,04"
10485,5,24,,,2024-10-05 19:39:50,Income,Cash,Playstation Incomes,"5,67"
10486,3,14,,,2024-10-05 14:46:03,Income,Cash,Computer Incomes,"6,73"
10487,3,14,,,2024-10-05 09:14:44,Income,Cash,Computer Incomes,"34,69"
10488,1,4,,,2024-10-05 23:29:00,Income,Cash,Computer Incomes,"29,03"
10489,2,13,16.0,,2024-10-05 16:53:02,Income,Cash,Order Incomes,"3,54"
10490,1,12,,,2024-10-05 09:45:05,Income,Cash,Computer Incomes,"34,69"
10491,2,23,,,2024-10-05 09:25:13,Income,Cash,Playstation Incomes,"28,68"
10492,4,24,,,2024-10-05 09:31:38,Income,Cash,Playstation Incomes,"19,12"
10493,1,11,,,2024-10-05 18:05:30,Income,Cash,Computer Incomes,"34,34"
10494,4,11,,,2024-10-05 19:51:58,Income,Cash,Computer Incomes,"35,05"
10495,4,7,,,2024-10-05 17:01:14,Income,Cash,Computer Incomes,"5,31"
10496,5,23,,,2024-10-05 20:38:22,Income,Cash,Playstation Incomes,"5,30"
10497,2,11,,,2024-10-05 12:51:31,Income,Cash,Computer Incomes,"18,05"
10498,5,13,,,2024-10-05 23:21:45,Income,Cash,Computer Incomes,"26,19"
10499,4,10,,,2024-10-05 10:10:18,Income,Cash,Computer Incomes,"15,92"
10500,1,8,27.0,,2024-10-05 18:49:18,Income,Cash,Order Incomes,"29,73"
10501,1,5,,,2024-10-05 09:46:14,Income,Cash,Computer Incomes,"7,43"
10502,5,7,,,2024-10-05 09:24:38,Income,Cash,Computer Incomes,"17,69"
10503,2,24,,,2024-10-05 12:23:48,Income,Credit Card,Playstation Incomes,"27,25"
10504,4,23,,,2024-10-05 11:20:12,Income,Cash,Playstation Incomes,"9,91"
10505,4,12,,,2024-10-05 23:37:18,Income,Cash,Computer Incomes,"31,50"
10506,2,24,,,2024-10-05 19:31:09,Income,Cash,Playstation Incomes,"9,55"
10507,4,3,,41.0,2024-10-05 12:21:38,Income,Cash,Member Transactions,"31,14"
10508,1,16,,,2024-10-05 22:50:26,Income,Cash,Computer Incomes,"4,95"
10509,1,14,28.0,,2024-10-05 14:16:19,Income,Credit Card,Order Incomes,"35,04"
10510,5,6,,,2024-10-05 20:25:46,Income,Cash,Computer Incomes,"6,01"
10511,2,5,,,2024-10-06 22:08:37,Income,Cash,Computer Incomes,"25,57"
10512,2,23,,,2024-10-06 17:37:35,Income,Cash,Playstation Incomes,"4,94"
10513,4,24,,,2024-10-06 11:21:21,Income,Credit Card,Playstation Incomes,"24,70"
10514,4,5,,,2024-10-06 23:49:01,Income,Cash,Computer Incomes,"22,95"
10515,5,15,,,2024-10-06 21:53:48,Income,Cash,Computer Incomes,"13,37"
10516,1,11,,,2024-10-06 17:27:41,Income,Cash,Computer Incomes,"19,47"
10517,1,10,,,2024-10-06 15:35:04,Income,Cash,Computer Incomes,"28,77"
10518,4,10,,,2024-10-06 20:00:11,Income,Cash,Computer Incomes,"7,56"
10519,2,9,,,2024-10-06 18:23:47,Income,Cash,Computer Incomes,"17,43"
10520,2,1,,,2024-10-06 15:51:26,Income,Cash,Computer Incomes,"8,71"
10521,2,23,,,2024-10-06 19:09:51,Income,Cash,Playstation Incomes,"17,13"
10522,3,10,34.0,,2024-10-06 23:22:31,Income,Cash,Order Incomes,"23,24"
10523,4,2,41.0,,2024-10-06 21:03:09,Income,Cash,Order Incomes,"29,05"
10524,2,15,,,2024-10-06 14:33:25,Income,Cash,Computer Incomes,"20,91"
10525,3,24,,,2024-10-06 19:34:05,Income,Cash,Playstation Incomes,"24,40"
10526,5,9,,,2024-10-06 12:07:08,Income,Cash,Computer Incomes,"23,24"
10527,5,13,,,2024-10-06 10:22:26,Income,Cash,Computer Incomes,"6,68"
10528,4,5,,18.0,2024-10-06 17:07:23,Income,Cash,Member Transactions,"9,29"
10529,5,7,21.0,,2024-10-06 13:18:22,Income,Cash,Order Incomes,"15,10"
10530,4,11,,,2024-10-06 16:06:48,Income,Cash,Computer Incomes,"19,75"
10531,2,23,,,2024-10-07 11:21:23,Income,Cash,Playstation Incomes,"17,23"
10532,3,11,,,2024-10-07 21:16:20,Income,Cash,Computer Incomes,"18,04"
10533,3,24,,,2024-10-07 16:51:22,Income,Cash,Playstation Incomes,"19,11"
10534,1,13,23.0,,2024-10-07 11:31:40,Income,Cash,Order Incomes,"6,46"
10535,4,23,,,2024-10-07 09:17:23,Income,Cash,Playstation Incomes,"24,50"
10536,1,24,,,2024-10-07 09:30:22,Income,Cash,Playstation Incomes,"11,58"
10537,4,23,,,2024-10-07 18:22:53,Income,Cash,Playstation Incomes,"18,04"
10538,4,2,,,2024-10-07 20:09:27,Income,Cash,Computer Incomes,"17,77"
10539,2,24,,,2024-10-07 20:10:01,Income,Cash,Playstation Incomes,"23,41"
10540,5,16,,,2024-10-07 11:19:06,Income,Cash,Computer Incomes,"5,65"
10541,5,23,,,2024-10-07 09:08:08,Income,Cash,Playstation Incomes,"14,53"
10542,3,7,,,2024-10-07 12:34:48,Income,Cash,Computer Incomes,"20,99"
10543,3,7,,,2024-10-07 20:16:24,Income,Cash,Computer Incomes,"19,37"
10544,4,9,,,2024-10-07 11:49:15,Income,Cash,Computer Incomes,"10,22"
10545,5,8,,,2024-10-07 23:29:36,Income,Cash,Computer Incomes,"19,64"
10546,4,1,,,2024-10-08 14:29:45,Income,Credit Card,Computer Incomes,"13,57"
10547,3,8,,,2024-10-08 10:02:17,Income,Cash,Computer Incomes,"24,07"
10548,4,16,,,2024-10-08 18:20:51,Income,Cash,Computer Incomes,"16,13"
10549,5,5,,,2024-10-08 10:31:48,Income,Credit Card,Computer Incomes,"4,61"
10550,5,8,12.0,,2024-10-08 17:50:10,Income,Cash,Order Incomes,"14,60"
10551,3,24,,,2024-10-08 09:18:37,Income,Cash,Playstation Incomes,"5,12"
10552,4,16,,,2024-10-08 09:56:46,Income,Cash,Computer Incomes,"9,99"
10553,5,9,,,2024-10-08 12:40:42,Income,Credit Card,Computer Incomes,"16,64"
10554,2,15,,,2024-10-08 16:46:44,Income,Cash,Computer Incomes,"24,07"
10555,5,23,,,2024-10-08 20:54:15,Income,Cash,Playstation Incomes,"12,28"
10556,1,24,,,2024-10-08 09:25:15,Income,Cash,Playstation Incomes,"3,32"
10557,2,2,,,2024-10-08 20:24:31,Income,Cash,Computer Incomes,"5,88"
10558,5,9,3.0,,2024-10-08 17:44:38,Income,Cash,Order Incomes,"15,61"
10559,2,9,5.0,,2024-10-08 13:35:54,Income,Cash,Order Incomes,"7,16"
10560,3,15,,,2024-10-08 09:48:02,Income,Cash,Computer Incomes,"6,91"
10561,3,10,,,2024-10-08 11:44:47,Income,Cash,Computer Incomes,"8,70"
10562,1,12,,,2024-10-08 09:59:30,Income,Cash,Computer Incomes,"7,93"
10563,3,9,,,2024-10-08 14:09:48,Income,Cash,Computer Incomes,"8,95"
10564,3,12,,28.0,2024-10-09 10:52:48,Income,Cash,Member Transactions,"23,49"
10565,1,16,31.0,,2024-10-09 13:38:11,Income,Cash,Order Incomes,"20,80"
10566,4,10,32.0,,2024-10-09 18:10:47,Income,Cash,Order Incomes,"17,38"
10567,1,6,6.0,,2024-10-09 20:55:04,Income,Cash,Order Incomes,"22,27"
10568,2,5,,,2024-10-09 16:18:54,Income,Cash,Computer Incomes,"23,98"
10569,3,23,,,2024-10-09 15:21:41,Income,Cash,Playstation Incomes,"14,68"
10570,2,24,,,2024-10-09 10:42:10,Income,Cash,Playstation Incomes,"9,30"
10571,2,10,,,2024-10-09 18:09:15,Income,Cash,Computer Incomes,"22,02"
10572,4,6,,,2024-10-09 12:35:03,Income,Credit Card,Computer Incomes,"8,08"
10573,1,5,,61.0,2024-10-09 21:10:57,Income,Cash,Member Transactions,"12,73"
10574,5,16,3.0,,2024-10-09 19:15:00,Income,Cash,Order Incomes,"2,45"
10575,4,6,,,2024-10-09 09:48:19,Income,Cash,Computer Incomes,"11,50"
10576,2,1,48.0,,2024-10-09 22:58:49,Income,Cash,Order Incomes,"14,92"
10577,3,23,,,2024-10-09 21:33:53,Income,Credit Card,Playstation Incomes,"14,19"
10578,2,2,,,2024-10-09 17:50:08,Income,Credit Card,Computer Incomes,"20,30"
10579,4,7,,,2024-10-09 09:20:03,Income,Cash,Computer Incomes,"10,52"
10580,4,11,,,2024-10-09 13:59:24,Income,Cash,Computer Incomes,"13,70"
10581,3,11,,,2024-10-09 22:02:05,Income,Cash,Computer Incomes,"9,54"
10582,4,10,,,2024-10-09 15:50:25,Income,Cash,Computer Incomes,"16,39"
10583,5,24,,,2024-10-09 20:56:02,Income,Cash,Playstation Incomes,"4,15"
10584,1,16,,,2024-10-09 17:18:27,Income,Cash,Computer Incomes,"14,43"
10585,5,12,,,2024-10-09 22:27:13,Income,Cash,Computer Incomes,"11,74"
10586,3,15,,,2024-10-09 21:48:35,Income,Cash,Computer Incomes,"13,94"
10587,3,12,,,2024-10-10 15:52:57,Income,Credit Card,Computer Incomes,"15,79"
10588,3,11,23.0,,2024-10-10 17:44:57,Income,Cash,Order Incomes,"11,08"
10589,4,23,,,2024-10-10 22:00:00,Income,Cash,Playstation Incomes,"19,66"
10590,5,5,,,2024-10-10 15:09:33,Income,Cash,Computer Incomes,"19,94"
10591,4,13,,,2024-10-10 14:50:10,Income,Cash,Computer Incomes,"9,42"
10592,3,14,41.0,,2024-10-10 12:25:55,Income,Cash,Order Incomes,"18,56"
10593,5,7,,,2024-10-10 14:51:16,Income,Cash,Computer Incomes,"3,88"
10594,3,10,39.0,,2024-10-10 17:28:23,Income,Cash,Order Incomes,"17,45"
10595,1,12,,,2024-10-10 19:54:52,Income,Cash,Computer Incomes,"10,80"
10596,2,5,36.0,,2024-10-10 09:47:53,Income,Cash,Order Incomes,"5,54"
10597,3,11,,,2024-10-10 11:32:54,Income,Credit Card,Computer Incomes,"22,43"
10598,4,12,,,2024-10-10 10:47:51,Income,Cash,Computer Incomes,"6,09"
10599,1,11,,,2024-10-10 14:27:53,Income,Cash,Computer Incomes,"24,64"
10600,2,15,27.0,,2024-10-10 21:08:23,Income,Cash,Order Incomes,"13,29"
10601,4,3,,58.0,2024-10-10 19:16:12,Income,Credit Card,Member Transactions,"23,53"
10602,2,10,,,2024-10-10 12:32:18,Income,Cash,Computer Incomes,"22,70"
10603,1,11,,,2024-10-10 18:41:03,Income,Cash,Computer Incomes,"22,70"
10604,4,5,,,2024-10-10 18:24:34,Income,Cash,Computer Incomes,"21,04"
10605,3,6,,,2024-10-10 19:45:39,Income,Credit Card,Computer Incomes,"17,44"
10606,4,11,,,2024-10-10 10:13:49,Income,Cash,Computer Incomes,"12,73"
10607,5,6,,,2024-10-11 13:17:43,Income,Cash,Computer Incomes,"17,95"
10608,2,11,,49.0,2024-10-11 20:24:46,Income,Cash,Member Transactions,"20,71"
10609,5,14,,,2024-10-11 15:37:23,Income,Cash,Computer Incomes,"17,67"
10610,1,3,35.0,,2024-10-11 23:18:04,Income,Cash,Order Incomes,"22,36"
10611,3,15,,,2024-10-11 12:01:49,Income,Credit Card,Computer Incomes,"26,78"
10612,4,2,7.0,,2024-10-11 11:26:37,Income,Cash,Order Incomes,"17,12"
10613,2,13,,,2024-10-11 09:05:59,Income,Cash,Computer Incomes,"10,49"
10614,5,24,,,2024-10-11 11:34:14,Income,Cash,Playstation Incomes,"7,73"
10615,2,11,,,2024-10-11 22:48:08,Income,Cash,Computer Incomes,"21,26"
10616,2,1,,,2024-10-11 18:05:28,Income,Credit Card,Computer Incomes,"7,18"
10617,2,8,,,2024-10-11 16:37:23,Income,Cash,Computer Incomes,"17,67"
10618,1,23,,,2024-10-11 14:46:19,Income,Cash,Playstation Incomes,"5,25"
10619,2,13,,,2024-10-11 09:17:26,Income,Cash,Computer Incomes,"7,18"
10620,3,7,,,2024-10-11 13:05:49,Income,Cash,Computer Incomes,"3,04"
10621,5,10,35.0,,2024-10-11 10:35:46,Income,Cash,Order Incomes,"23,47"
10622,3,24,,,2024-10-11 22:16:48,Income,Cash,Playstation Incomes,"24,84"
10623,1,5,26.0,,2024-10-11 18:00:08,Income,Cash,Order Incomes,"7,45"
10624,1,6,,,2024-10-11 09:37:25,Income,Cash,Computer Incomes,"4,96"
10625,2,2,,,2024-10-11 18:50:25,Income,Cash,Computer Incomes,"15,45"
10626,1,7,,,2024-10-11 15:54:22,Income,Cash,Computer Incomes,"24,28"
10627,4,4,,,2024-10-11 18:35:10,Income,Cash,Computer Incomes,"22,63"
10628,1,5,4.0,,2024-10-11 20:42:44,Income,Cash,Order Incomes,"4,96"
10629,3,13,,,2024-10-11 21:07:20,Income,Cash,Computer Incomes,"6,90"
10630,5,7,,51.0,2024-10-11 11:36:59,Income,Cash,Member Transactions,"26,22"
10631,4,16,,,2024-10-11 23:00:59,Income,Cash,Computer Incomes,"27,04"
10632,2,13,,,2024-10-11 14:25:39,Income,Cash,Computer Incomes,"18,21"
10633,3,23,,,2024-10-11 15:03:43,Income,Cash,Playstation Incomes,"27,60"
10634,2,6,,,2024-10-11 15:50:13,Income,Cash,Computer Incomes,"12,69"
10635,4,11,,,2024-10-11 12:06:31,Income,Credit Card,Computer Incomes,"13,80"
10636,2,24,,,2024-10-11 16:58:43,Income,Cash,Playstation Incomes,"11,31"
10637,3,23,,,2024-10-11 21:57:12,Income,Cash,Playstation Incomes,"17,94"
10638,2,13,7.0,,2024-10-11 19:36:53,Income,Cash,Order Incomes,"24,56"
10639,4,4,49.0,,2024-10-11 16:02:14,Income,Cash,Order Incomes,"9,10"
10640,4,5,,36.0,2024-10-11 23:53:56,Income,Cash,Member Transactions,"16,56"
10641,5,24,,,2024-10-11 21:35:21,Income,Cash,Playstation Incomes,"11,86"
10642,1,7,,,2024-10-11 16:20:15,Income,Cash,Computer Incomes,"19,59"
10643,5,9,,,2024-10-12 19:27:11,Income,Cash,Computer Incomes,"3,70"
10644,5,2,14.0,,2024-10-12 11:03:25,Income,Cash,Order Incomes,"22,42"
10645,5,11,,,2024-10-12 11:30:17,Income,Cash,Computer Incomes,"2,55"
10646,2,2,12.0,,2024-10-12 17:21:41,Income,Cash,Order Incomes,"21,50"
10647,2,23,,,2024-10-12 16:33:52,Income,Cash,Playstation Incomes,"16,64"
10648,4,2,,,2024-10-12 12:27:06,Income,Cash,Computer Incomes,"10,40"
10649,2,3,,,2024-10-12 11:55:08,Income,Cash,Computer Incomes,"5,55"
10650,2,3,,,2024-10-12 10:30:49,Income,Credit Card,Computer Incomes,"4,40"
10651,1,16,,,2024-10-12 11:56:27,Income,Cash,Computer Incomes,"7,63"
10652,2,1,,,2024-10-12 23:38:01,Income,Cash,Computer Incomes,"7,63"
10653,5,10,,13.0,2024-10-12 17:20:13,Income,Cash,Member Transactions,"20,34"
10654,1,7,22.0,,2024-10-12 22:06:17,Income,Credit Card,Order Incomes,"18,72"
10655,1,24,,,2024-10-12 20:43:13,Income,Cash,Playstation Incomes,"8,79"
10656,5,23,,,2024-10-12 15:58:16,Income,Cash,Playstation Incomes,"17,80"
10657,3,8,,,2024-10-12 13:03:12,Income,Cash,Computer Incomes,"21,73"
10658,3,14,,,2024-10-12 17:59:28,Income,Cash,Computer Incomes,"6,71"
10659,4,15,,58.0,2024-10-12 17:46:38,Income,Cash,Member Transactions,"14,10"
10660,4,5,,,2024-10-12 19:17:41,Income,Cash,Computer Incomes,"4,15"
10661,1,24,,,2024-10-12 17:03:00,Income,Cash,Playstation Incomes,"21,95"
10662,1,16,1.0,,2024-10-12 20:20:23,Income,Cash,Order Incomes,"12,47"
10663,5,1,28.0,,2024-10-12 20:59:53,Income,Cash,Order Incomes,"16,63"
10664,5,9,,,2024-10-12 22:51:47,Income,Credit Card,Computer Incomes,"9,93"
10665,2,4,,,2024-10-12 13:23:34,Income,Cash,Computer Incomes,"2,77"
10666,3,23,,,2024-10-12 13:03:55,Income,Cash,Playstation Incomes,"9,01"
10667,3,24,,,2024-10-12 22:24:18,Income,Credit Card,Playstation Incomes,"8,78"
10668,4,16,,,2024-10-12 17:37:32,Income,Cash,Computer Incomes,"12,24"
10669,5,12,,,2024-10-12 14:33:40,Income,Cash,Computer Incomes,"9,70"
10670,1,12,,,2024-10-12 22:31:21,Income,Cash,Computer Incomes,"14,09"
10671,2,9,31.0,,2024-10-12 22:15:31,Income,Cash,Order Incomes,"6,93"
10672,3,23,,,2024-10-12 21:21:54,Income,Cash,Playstation Incomes,"13,17"
10673,3,1,,,2024-10-13 10:20:38,Income,Cash,Computer Incomes,"5,95"
10674,5,2,,,2024-10-13 10:43:57,Income,Cash,Computer Incomes,"8,22"
10675,1,16,,46.0,2024-10-13 11:56:33,Income,Cash,Member Transactions,"13,31"
10676,4,16,,,2024-10-13 21:32:38,Income,Cash,Computer Incomes,"14,73"
10677,3,14,,,2024-10-13 16:59:19,Income,Credit Card,Computer Incomes,"25,77"
10678,1,2,,,2024-10-13 18:53:53,Income,Cash,Computer Incomes,"19,26"
10679,1,7,,,2024-10-13 23:50:19,Income,Cash,Computer Incomes,"24,92"
10680,1,2,,,2024-10-13 12:47:34,Income,Cash,Computer Incomes,"9,35"
10681,3,15,,2.0,2024-10-13 17:48:01,Income,Cash,Member Transactions,"27,18"
10682,4,10,,,2024-10-13 12:31:20,Income,Cash,Computer Incomes,"16,13"
10683,2,24,,,2024-10-13 17:09:40,Income,Credit Card,Playstation Incomes,"16,98"
10684,5,14,,,2024-10-13 13:50:35,Income,Cash,Computer Incomes,"23,49"
10685,5,9,18.0,,2024-10-13 16:28:59,Income,Cash,Order Incomes,"27,74"
10686,3,14,,,2024-10-13 21:49:31,Income,Cash,Computer Incomes,"22,08"
10687,5,10,,,2024-10-13 13:55:15,Income,Cash,Computer Incomes,"4,52"
10688,1,16,44.0,,2024-10-13 12:48:00,Income,Cash,Order Incomes,"13,87"
10689,5,11,,,2024-10-13 22:05:00,Income,Cash,Computer Incomes,"8,21"
10690,3,9,,2.0,2024-10-13 11:41:01,Income,Cash,Member Transactions,"22,93"
10691,3,23,,,2024-10-14 13:54:29,Income,Cash,Playstation Incomes,"4,89"
10692,2,5,,,2024-10-14 14:41:08,Income,Credit Card,Computer Incomes,"8,95"
10693,3,15,,,2024-10-14 09:36:49,Income,Cash,Computer Incomes,"11,23"
10694,1,24,,,2024-10-14 20:58:45,Income,Cash,Playstation Incomes,"8,95"
10695,5,2,22.0,,2024-10-14 13:00:33,Income,Cash,Order Incomes,"15,30"
10696,3,16,,,2024-10-14 12:55:39,Income,Cash,Computer Incomes,"7,33"
10697,4,14,,,2024-10-14 20:16:14,Income,Cash,Computer Incomes,"15,62"
10698,4,8,20.0,,2024-10-14 16:43:47,Income,Credit Card,Order Incomes,"14,97"
10699,3,23,,,2024-10-14 21:59:43,Income,Cash,Playstation Incomes,"7,98"
10700,1,14,33.0,,2024-10-14 20:14:20,Income,Cash,Order Incomes,"10,58"
10701,2,16,,,2024-10-14 21:06:16,Income,Cash,Computer Incomes,"7,33"
10702,2,8,,,2024-10-14 18:50:42,Income,Cash,Computer Incomes,"5,20"
10703,1,11,,,2024-10-14 15:36:22,Income,Cash,Computer Incomes,"6,67"
10704,1,16,26.0,,2024-10-14 19:28:39,Income,Credit Card,Order Incomes,"16,27"
10705,1,3,,,2024-10-14 11:48:08,Income,Credit Card,Computer Incomes,"3,57"
10706,4,24,,,2024-10-14 17:22:32,Income,Cash,Playstation Incomes,"7,64"
10707,2,3,,,2024-10-14 09:51:07,Income,Cash,Computer Incomes,"8,29"
10708,4,2,44.0,,2024-10-14 15:48:51,Income,Cash,Order Incomes,"2,60"
10709,4,12,,,2024-10-14 18:18:46,Income,Credit Card,Computer Incomes,"11,71"
10710,3,2,46.0,,2024-10-14 21:01:58,Income,Cash,Order Incomes,"3,25"
10711,5,10,,,2024-10-14 15:06:42,Income,Credit Card,Computer Incomes,"15,78"
10712,4,5,,40.0,2024-10-14 10:30:04,Income,Cash,Member Transactions,"1,95"
10713,5,13,,,2024-10-14 21:39:30,Income,Cash,Computer Incomes,"14,48"
10714,4,15,,,2024-10-14 21:36:53,Income,Cash,Computer Incomes,"9,92"
10715,5,2,27.0,,2024-10-15 10:03:48,Income,Cash,Order Incomes,"22,67"
10716,2,7,,49.0,2024-10-15 22:17:37,Income,Credit Card,Member Transactions,"27,04"
10717,5,4,,36.0,2024-10-15 22:05:02,Income,Cash,Member Transactions,"17,76"
10718,5,9,,,2024-10-15 21:13:10,Income,Cash,Computer Incomes,"14,75"
10719,2,23,,,2024-10-15 21:45:34,Income,Cash,Playstation Incomes,"11,20"
10720,1,12,48.0,,2024-10-15 17:40:25,Income,Cash,Order Incomes,"14,75"
10721,4,4,,,2024-10-15 19:04:50,Income,Cash,Computer Incomes,"22,40"
10722,4,24,,,2024-10-15 18:06:30,Income,Cash,Playstation Incomes,"25,41"
10723,5,2,,,2024-10-15 11:23:46,Income,Cash,Computer Incomes,"24,59"
10724,2,8,,,2024-10-15 21:11:48,Income,Cash,Computer Incomes,"10,38"
10725,5,23,,,2024-10-15 16:44:53,Income,Cash,Playstation Incomes,"3,56"
10726,3,2,,,2024-10-15 15:31:13,Income,Cash,Computer Incomes,"10,38"
10727,5,1,,,2024-10-15 09:50:13,Income,Cash,Computer Incomes,"6,28"
10728,5,1,,,2024-10-15 18:21:29,Income,Cash,Computer Incomes,"26,22"
10729,1,3,,,2024-10-15 22:46:28,Income,Cash,Computer Incomes,"22,94"
10730,1,16,,,2024-10-15 21:42:34,Income,Cash,Computer Incomes,"5,18"
10731,4,13,37.0,,2024-10-15 21:38:52,Income,Credit Card,Order Incomes,"16,11"
10732,5,10,18.0,,2024-10-15 12:55:43,Income,Cash,Order Incomes,"12,29"
10733,3,5,25.0,,2024-10-15 20:19:08,Income,Credit Card,Order Incomes,"21,57"
10734,4,2,28.0,,2024-10-15 09:26:24,Income,Cash,Order Incomes,"14,20"
10735,5,11,,15.0,2024-10-15 10:40:44,Income,Cash,Member Transactions,"19,11"
10736,5,5,,,2024-10-15 11:38:52,Income,Credit Card,Computer Incomes,"22,66"
10737,4,11,,,2024-10-16 10:37:19,Income,Cash,Computer Incomes,"4,06"
10738,3,16,,,2024-10-16 21:36:46,Income,Cash,Computer Incomes,"18,39"
10739,5,4,,,2024-10-16 11:50:30,Income,Cash,Computer Incomes,"15,89"
10740,5,14,,,2024-10-16 11:04:00,Income,Cash,Computer Incomes,"9,66"
10741,4,15,,,2024-10-16 21:07:22,Income,Credit Card,Computer Incomes,"9,04"
10742,3,1,,,2024-10-16 13:38:21,Income,Credit Card,Computer Incomes,"26,80"
10743,3,2,,,2024-10-16 21:29:59,Income,Cash,Computer Incomes,"28,04"
10744,3,1,,,2024-10-16 13:19:24,Income,Cash,Computer Incomes,"30,22"
10745,5,16,,14.0,2024-10-16 22:18:48,Income,Cash,Member Transactions,"16,82"
10746,5,16,,50.0,2024-10-16 10:07:40,Income,Cash,Member Transactions,"25,54"
10747,5,1,,,2024-10-16 10:17:47,Income,Cash,Computer Incomes,"14,01"
10748,3,1,23.0,,2024-10-16 10:15:38,Income,Cash,Order Incomes,"16,82"
10749,2,24,,,2024-10-16 10:28:40,Income,Cash,Playstation Incomes,"6,23"
10750,1,12,,,2024-10-16 18:41:16,Income,Cash,Computer Incomes,"24,92"
10751,1,11,,,2024-10-17 17:01:45,Income,Cash,Computer Incomes,"10,53"
10752,1,8,,,2024-10-17 14:37:49,Income,Cash,Computer Incomes,"10,25"
10753,1,10,,,2024-10-17 21:10:03,Income,Cash,Computer Incomes,"8,42"
10754,3,11,,,2024-10-17 23:01:26,Income,Cash,Computer Incomes,"1,55"
10755,5,10,9.0,,2024-10-17 15:47:25,Income,Credit Card,Order Incomes,"7,44"
10756,1,12,27.0,,2024-10-17 16:53:51,Income,Cash,Order Incomes,"11,23"
10757,1,7,,,2024-10-17 09:47:20,Income,Cash,Computer Incomes,"10,81"
10758,4,6,,,2024-10-17 22:54:04,Income,Cash,Computer Incomes,"8,98"
10759,3,4,,,2024-10-17 09:10:19,Income,Cash,Computer Incomes,"5,76"
10760,2,7,,55.0,2024-10-17 15:54:02,Income,Cash,Member Transactions,"5,34"
10761,3,23,,,2024-10-17 15:04:02,Income,Cash,Playstation Incomes,"2,94"
10762,2,24,,,2024-10-17 15:45:26,Income,Cash,Playstation Incomes,"12,20"
10763,2,14,43.0,,2024-10-17 12:55:28,Income,Cash,Order Incomes,"7,01"
10764,5,23,,,2024-10-17 20:38:53,Income,Cash,Playstation Incomes,"10,10"
10765,2,14,,,2024-10-17 09:46:20,Income,Cash,Computer Incomes,"5,05"
10766,5,6,,,2024-10-17 12:01:13,Income,Cash,Computer Incomes,"4,34"
10767,4,16,,,2024-10-17 16:10:09,Income,Cash,Computer Incomes,"10,38"
10768,3,5,,,2024-10-17 18:49:36,Income,Cash,Computer Incomes,"10,52"
10769,3,8,,,2024-10-17 11:32:00,Income,Credit Card,Computer Incomes,"3,92"
10770,2,7,,,2024-10-17 14:58:44,Income,Cash,Computer Incomes,"7,85"
10771,5,13,48.0,,2024-10-17 09:51:25,Income,Cash,Order Incomes,"9,11"
10772,4,14,,,2024-10-18 16:05:22,Income,Cash,Computer Incomes,"11,44"
10773,3,24,,,2024-10-18 20:51:06,Income,Cash,Playstation Incomes,"5,34"
10774,4,9,1.0,,2024-10-18 11:58:20,Income,Credit Card,Order Incomes,"6,48"
10775,1,13,,,2024-10-18 14:39:29,Income,Credit Card,Computer Incomes,"1,91"
10776,3,5,,,2024-10-18 18:07:57,Income,Cash,Computer Incomes,"13,92"
10777,5,23,,,2024-10-18 16:16:44,Income,Cash,Playstation Incomes,"5,72"
10778,4,2,,,2024-10-18 11:31:01,Income,Cash,Computer Incomes,"9,72"
10779,2,24,,,2024-10-18 23:03:54,Income,Cash,Playstation Incomes,"4,96"
10780,2,1,,,2024-10-18 16:00:51,Income,Cash,Computer Incomes,"11,44"
10781,5,3,,,2024-10-18 09:40:15,Income,Cash,Computer Incomes,"9,15"
10782,2,5,15.0,,2024-10-18 19:26:15,Income,Cash,Order Incomes,"4,77"
10783,1,23,,,2024-10-18 10:56:21,Income,Credit Card,Playstation Incomes,"16,58"
10784,2,24,,,2024-10-18 22:28:28,Income,Credit Card,Playstation Incomes,"16,77"
10785,2,4,,,2024-10-18 09:39:39,Income,Cash,Computer Incomes,"12,39"
10786,2,8,,,2024-10-18 22:34:49,Income,Credit Card,Computer Incomes,"17,54"
10787,4,16,32.0,,2024-10-18 17:29:14,Income,Cash,Order Incomes,"12,20"
10788,4,2,14.0,,2024-10-18 12:12:36,Income,Cash,Order Incomes,"4,58"
10789,2,12,,,2024-10-18 12:13:56,Income,Cash,Computer Incomes,"12,00"
10790,4,23,,,2024-10-18 11:55:11,Income,Cash,Playstation Incomes,"5,71"
10791,4,10,,,2024-10-18 09:21:13,Income,Cash,Computer Incomes,"5,52"
10792,5,24,,,2024-10-18 12:22:05,Income,Cash,Playstation Incomes,"16,38"
10793,2,10,,,2024-10-18 23:01:43,Income,Cash,Computer Incomes,"13,52"
10794,5,10,,,2024-10-18 10:08:17,Income,Credit Card,Computer Incomes,"5,52"
10795,1,5,,,2024-10-18 19:53:34,Income,Cash,Computer Incomes,"3,81"
10796,4,3,,,2024-10-18 10:43:48,Income,Cash,Computer Incomes,"10,29"
10797,5,23,,,2024-10-18 19:46:20,Income,Cash,Playstation Incomes,"10,29"
10798,4,1,,,2024-10-18 09:53:47,Income,Cash,Computer Incomes,"9,52"
10799,2,24,,,2024-10-18 10:23:54,Income,Cash,Playstation Incomes,"12,57"
10800,4,11,,,2024-10-18 21:01:30,Income,Cash,Computer Incomes,"10,67"
10801,2,23,,,2024-10-18 17:13:13,Income,Cash,Playstation Incomes,"18,86"
10802,4,16,6.0,,2024-10-18 13:50:32,Income,Cash,Order Incomes,"4,95"
10803,5,16,15.0,,2024-10-19 11:27:13,Income,Cash,Order Incomes,"5,58"
10804,4,4,,,2024-10-19 21:10:44,Income,Credit Card,Computer Incomes,"4,13"
10805,1,24,,,2024-10-19 16:03:33,Income,Credit Card,Playstation Incomes,"5,79"
10806,4,5,,,2024-10-19 23:45:26,Income,Cash,Computer Incomes,"18,17"
10807,3,23,,,2024-10-19 15:51:53,Income,Cash,Playstation Incomes,"7,85"
10808,1,6,,,2024-10-19 19:55:00,Income,Cash,Computer Incomes,"4,34"
10809,5,13,,,2024-10-19 19:11:18,Income,Cash,Computer Incomes,"4,96"
10810,3,11,13.0,,2024-10-19 21:46:08,Income,Cash,Order Incomes,"6,61"
10811,3,8,,,2024-10-19 21:27:54,Income,Credit Card,Computer Incomes,"13,42"
10812,2,5,,,2024-10-19 14:33:43,Income,Credit Card,Computer Incomes,"9,29"
10813,1,24,,,2024-10-19 23:38:08,Income,Cash,Playstation Incomes,"18,17"
10814,4,16,,,2024-10-19 23:14:36,Income,Cash,Computer Incomes,"17,14"
10815,2,14,,,2024-10-19 11:34:23,Income,Cash,Computer Incomes,"4,96"
10816,5,15,,,2024-10-19 22:35:01,Income,Cash,Computer Incomes,"14,87"
10817,3,23,,,2024-10-19 23:34:23,Income,Cash,Playstation Incomes,"2,48"
10818,3,15,,,2024-10-19 19:15:23,Income,Cash,Computer Incomes,"14,03"
10819,1,6,14.0,,2024-10-19 21:47:37,Income,Cash,Order Incomes,"7,84"
10820,4,24,,,2024-10-19 16:00:17,Income,Cash,Playstation Incomes,"10,32"
10821,3,23,,,2024-10-19 09:40:05,Income,Cash,Playstation Incomes,"4,33"
10822,1,2,,,2024-10-19 22:08:22,Income,Cash,Computer Incomes,"10,52"
10823,1,1,,,2024-10-19 23:26:43,Income,Cash,Computer Incomes,"4,54"
10824,5,14,,,2024-10-19 15:41:19,Income,Cash,Computer Incomes,"18,78"
10825,5,3,,,2024-10-19 09:45:50,Income,Cash,Computer Incomes,"18,78"
10826,2,14,19.0,,2024-10-19 15:23:50,Income,Cash,Order Incomes,"15,68"
10827,4,10,,,2024-10-19 15:26:43,Income,Cash,Computer Incomes,"16,51"
10828,3,24,,,2024-10-19 16:02:21,Income,Cash,Playstation Incomes,"18,16"
10829,1,3,,,2024-10-19 16:17:17,Income,Cash,Computer Incomes,"17,13"
10830,2,6,,,2024-10-19 16:17:00,Income,Cash,Computer Incomes,"12,79"
10831,3,23,,,2024-10-20 23:07:25,Income,Credit Card,Playstation Incomes,"11,56"
10832,1,7,48.0,,2024-10-20 20:46:32,Income,Cash,Order Incomes,"17,98"
10833,2,7,,,2024-10-20 23:25:09,Income,Cash,Computer Incomes,"10,28"
10834,5,5,,,2024-10-20 14:46:51,Income,Credit Card,Computer Incomes,"26,97"
10835,4,2,20.0,,2024-10-20 14:01:38,Income,Cash,Order Incomes,"4,71"
10836,1,1,,,2024-10-20 09:30:37,Income,Cash,Computer Incomes,"32,97"
10837,2,10,,,2024-10-20 10:14:14,Income,Cash,Computer Incomes,"37,25"
10838,2,2,,60.0,2024-10-20 10:31:39,Income,Cash,Member Transactions,"32,11"
10839,2,24,,,2024-10-20 22:31:44,Income,Cash,Playstation Incomes,"24,83"
10840,1,13,16.0,,2024-10-20 19:46:50,Income,Cash,Order Incomes,"17,55"
10841,2,12,,37.0,2024-10-20 20:10:57,Income,Cash,Member Transactions,"40,66"
10842,4,13,,,2024-10-20 21:47:27,Income,Cash,Computer Incomes,"34,24"
10843,4,8,,,2024-10-20 11:16:32,Income,Cash,Computer Incomes,"6,42"
10844,2,2,14.0,,2024-10-20 18:19:50,Income,Cash,Order Incomes,"18,40"
10845,4,16,,,2024-10-20 11:29:04,Income,Credit Card,Computer Incomes,"21,83"
10846,2,23,,,2024-10-20 16:54:07,Income,Cash,Playstation Incomes,"33,81"
10847,1,24,,,2024-10-20 15:46:39,Income,Cash,Playstation Incomes,"15,83"
10848,3,12,25.0,,2024-10-21 23:35:54,Income,Cash,Order Incomes,"2,49"
10849,1,16,,,2024-10-21 20:45:57,Income,Cash,Computer Incomes,"13,46"
10850,5,3,,,2024-10-21 23:09:15,Income,Cash,Computer Incomes,"17,60"
10851,5,2,,,2024-10-21 21:15:47,Income,Cash,Computer Incomes,"16,36"
10852,2,13,14.0,,2024-10-21 23:22:40,Income,Cash,Order Incomes,"3,11"
10853,1,12,40.0,,2024-10-21 16:15:18,Income,Cash,Order Incomes,"11,18"
10854,4,4,9.0,,2024-10-21 12:33:42,Income,Cash,Order Incomes,"19,46"
10855,5,2,,,2024-10-21 12:38:07,Income,Cash,Computer Incomes,"17,79"
10856,1,23,,,2024-10-21 16:22:35,Income,Cash,Playstation Incomes,"2,06"
10857,3,5,,,2024-10-21 18:38:32,Income,Credit Card,Computer Incomes,"3,72"
10858,5,1,,,2024-10-21 23:39:18,Income,Cash,Computer Incomes,"18,83"
10859,3,2,,,2024-10-21 19:32:35,Income,Cash,Computer Incomes,"3,93"
10860,3,5,,,2024-10-21 20:43:10,Income,Cash,Computer Incomes,"18,42"
10861,2,5,,,2024-10-21 14:07:42,Income,Cash,Computer Incomes,"16,76"
10862,1,24,,,2024-10-21 18:59:03,Income,Cash,Playstation Incomes,"10,55"
10863,5,23,,,2024-10-21 23:10:16,Income,Cash,Playstation Incomes,"18,83"
10864,1,24,,,2024-10-22 09:42:09,Income,Cash,Playstation Incomes,"32,05"
10865,3,12,,,2024-10-22 10:50:16,Income,Cash,Computer Incomes,"20,58"
10866,3,23,,,2024-10-22 20:58:55,Income,Cash,Playstation Incomes,"10,12"
10867,5,15,,,2024-10-22 21:30:25,Income,Cash,Computer Incomes,"10,46"
10868,5,10,,42.0,2024-10-22 21:09:23,Income,Cash,Member Transactions,"14,51"
10869,2,24,,,2024-10-22 15:06:17,Income,Credit Card,Playstation Incomes,"12,82"
10870,1,15,,,2024-10-22 14:24:30,Income,Cash,Computer Incomes,"16,20"
10871,5,14,,,2024-10-22 10:50:31,Income,Cash,Computer Incomes,"9,11"
10872,3,3,15.0,,2024-10-22 16:29:13,Income,Cash,Order Incomes,"27,33"
10873,2,14,,,2024-10-22 19:07:40,Income,Cash,Computer Incomes,"32,05"
10874,1,6,,28.0,2024-10-22 13:35:28,Income,Cash,Member Transactions,"12,81"
10875,1,10,20.0,,2024-10-22 11:40:57,Income,Cash,Order Incomes,"15,17"
10876,2,6,,,2024-10-22 11:31:16,Income,Cash,Computer Incomes,"19,56"
10877,1,4,,,2024-10-22 18:20:13,Income,Cash,Computer Incomes,"5,39"
10878,3,3,,,2024-10-22 15:24:14,Income,Cash,Computer Incomes,"9,78"
10879,2,11,46.0,,2024-10-22 14:14:28,Income,Cash,Order Incomes,"3,37"
10880,4,23,,,2024-10-22 13:57:37,Income,Cash,Playstation Incomes,"21,92"
10881,3,2,,,2024-10-23 10:03:06,Income,Credit Card,Computer Incomes,"30,12"
10882,3,9,,,2024-10-23 23:26:28,Income,Cash,Computer Incomes,"19,06"
10883,5,8,,,2024-10-23 12:01:36,Income,Cash,Computer Incomes,"30,74"
10884,1,11,35.0,,2024-10-23 13:54:16,Income,Cash,Order Incomes,"26,13"
10885,4,24,,,2024-10-23 20:29:49,Income,Cash,Playstation Incomes,"25,21"
10886,5,7,44.0,,2024-10-23 14:10:03,Income,Cash,Order Incomes,"24,59"
10887,5,16,7.0,,2024-10-23 17:03:12,Income,Cash,Order Incomes,"30,74"
10888,5,10,,10.0,2024-10-23 23:17:41,Income,Cash,Member Transactions,"19,98"
10889,4,13,8.0,,2024-10-23 10:42:48,Income,Cash,Order Incomes,"8,30"
10890,5,1,,,2024-10-23 19:05:51,Income,Cash,Computer Incomes,"17,83"
10891,5,3,,,2024-10-23 09:04:55,Income,Cash,Computer Incomes,"5,84"
10892,5,23,,,2024-10-23 22:01:05,Income,Cash,Playstation Incomes,"4,62"
10893,2,8,,,2024-10-23 20:46:13,Income,Cash,Computer Incomes,"8,60"
10894,4,24,,,2024-10-23 20:12:53,Income,Cash,Playstation Incomes,"4,30"
10895,1,11,,,2024-10-23 11:26:54,Income,Cash,Computer Incomes,"28,27"
10896,5,5,,50.0,2024-10-23 15:37:48,Income,Cash,Member Transactions,"29,50"
10897,2,11,19.0,,2024-10-23 19:30:12,Income,Cash,Order Incomes,"7,37"
10898,2,3,31.0,,2024-10-23 19:53:30,Income,Cash,Order Incomes,"18,74"
10899,1,15,,,2024-10-23 10:58:29,Income,Cash,Computer Incomes,"18,74"
10900,1,15,,,2024-10-23 12:24:42,Income,Cash,Computer Incomes,"14,13"
10901,5,16,,,2024-10-24 12:52:42,Income,Cash,Computer Incomes,"10,94"
10902,1,11,,,2024-10-24 19:35:23,Income,Cash,Computer Incomes,"4,34"
10903,3,23,,,2024-10-24 23:20:53,Income,Cash,Playstation Incomes,"8,30"
10904,1,14,,,2024-10-24 10:00:17,Income,Cash,Computer Incomes,"8,86"
10905,4,24,,,2024-10-24 12:51:20,Income,Cash,Playstation Incomes,"11,12"
10906,1,5,,22.0,2024-10-24 14:33:41,Income,Cash,Member Transactions,"18,66"
10907,1,23,,,2024-10-24 17:34:32,Income,Cash,Playstation Incomes,"1,89"
10908,5,4,,,2024-10-24 19:55:04,Income,Cash,Computer Incomes,"16,78"
10909,1,24,,,2024-10-24 14:11:48,Income,Cash,Playstation Incomes,"14,33"
10910,2,5,,,2024-10-24 16:13:07,Income,Credit Card,Computer Incomes,"3,59"
10911,1,10,,,2024-10-24 16:07:10,Income,Cash,Computer Incomes,"8,85"
10912,2,12,,,2024-10-24 09:07:04,Income,Cash,Computer Incomes,"2,26"
10913,2,1,,,2024-10-24 18:54:14,Income,Cash,Computer Incomes,"16,58"
10914,2,2,,27.0,2024-10-24 16:02:01,Income,Cash,Member Transactions,"14,70"
10915,2,16,,2.0,2024-10-24 22:18:00,Income,Cash,Member Transactions,"4,52"
10916,2,14,,,2024-10-24 22:35:58,Income,Cash,Computer Incomes,"6,78"
10917,3,8,,,2024-10-24 10:58:18,Income,Cash,Computer Incomes,"2,45"
10918,3,10,,37.0,2024-10-24 09:48:36,Income,Cash,Member Transactions,"13,94"
10919,1,6,,,2024-10-24 10:37:07,Income,Credit Card,Computer Incomes,"16,96"
10920,5,23,,,2024-10-24 21:11:18,Income,Credit Card,Playstation Incomes,"6,21"
10921,1,3,11.0,,2024-10-24 09:52:03,Income,Cash,Order Incomes,"11,30"
10922,5,24,,,2024-10-25 19:46:45,Income,Cash,Playstation Incomes,"5,06"
10923,3,10,,,2024-10-25 19:46:30,Income,Cash,Computer Incomes,"4,43"
10924,2,23,,,2024-10-25 15:02:59,Income,Cash,Playstation Incomes,"4,85"
10925,1,24,,,2024-10-25 17:07:14,Income,Cash,Playstation Incomes,"19,59"
10926,2,16,36.0,,2024-10-25 10:14:41,Income,Cash,Order Incomes,"14,96"
10927,1,3,,,2024-10-25 23:33:05,Income,Cash,Computer Incomes,"12,43"
10928,3,23,,,2024-10-25 20:10:54,Income,Credit Card,Playstation Incomes,"12,43"
10929,5,14,,,2024-10-25 23:33:13,Income,Credit Card,Computer Incomes,"14,75"
10930,2,24,,,2024-10-25 12:54:16,Income,Cash,Playstation Incomes,"18,54"
10931,2,12,,,2024-10-25 10:59:31,Income,Credit Card,Computer Incomes,"20,44"
10932,5,13,29.0,,2024-10-25 13:23:14,Income,Credit Card,Order Incomes,"3,59"
10933,2,23,,,2024-10-25 15:29:29,Income,Cash,Playstation Incomes,"21,07"
10934,1,11,,,2024-10-25 21:09:13,Income,Cash,Computer Incomes,"3,59"
10935,5,24,,,2024-10-25 10:32:21,Income,Cash,Playstation Incomes,"17,91"
10936,5,8,,9.0,2024-10-25 13:47:57,Income,Cash,Member Transactions,"9,90"
10937,1,8,17.0,,2024-10-25 23:46:42,Income,Cash,Order Incomes,"17,90"
10938,4,14,,,2024-10-25 21:50:21,Income,Cash,Computer Incomes,"18,11"
10939,5,6,,,2024-10-25 17:54:33,Income,Cash,Computer Incomes,"16,00"
10940,1,23,,,2024-10-25 10:53:56,Income,Credit Card,Playstation Incomes,"19,79"
10941,2,16,,,2024-10-25 20:12:16,Income,Credit Card,Computer Incomes,"2,52"
10942,4,6,,,2024-10-25 13:02:33,Income,Cash,Computer Incomes,"10,11"
10943,2,9,,,2024-10-25 22:33:45,Income,Cash,Computer Incomes,"12,63"
10944,4,24,,,2024-10-25 22:33:05,Income,Cash,Playstation Incomes,"4,63"
10945,3,2,27.0,,2024-10-25 12:23:21,Income,Credit Card,Order Incomes,"12,21"
10946,1,12,12.0,,2024-10-25 20:06:59,Income,Credit Card,Order Incomes,"10,74"
10947,2,6,11.0,,2024-10-25 10:51:20,Income,Cash,Order Incomes,"18,53"
10948,1,5,,63.0,2024-10-25 22:42:22,Income,Cash,Member Transactions,"10,53"
10949,2,13,,,2024-10-25 15:31:49,Income,Cash,Computer Incomes,"19,37"
10950,2,12,,,2024-10-25 09:41:28,Income,Cash,Computer Incomes,"14,11"
10951,5,23,,,2024-10-25 22:14:43,Income,Cash,Playstation Incomes,"13,90"
10952,1,13,,,2024-10-25 11:53:21,Income,Cash,Computer Incomes,"9,68"
10953,3,11,,20.0,2024-10-26 21:03:52,Income,Credit Card,Member Transactions,"5,81"
10954,2,12,,,2024-10-26 14:39:19,Income,Credit Card,Computer Incomes,"5,81"
10955,2,14,,,2024-10-26 13:07:28,Income,Cash,Computer Incomes,"27,77"
10956,1,5,,,2024-10-26 09:39:30,Income,Cash,Computer Incomes,"5,81"
10957,1,13,,,2024-10-26 11:06:22,Income,Cash,Computer Incomes,"6,64"
10958,3,24,,,2024-10-26 10:51:50,Income,Credit Card,Playstation Incomes,"9,54"
10959,2,15,,,2024-10-26 13:36:41,Income,Cash,Computer Incomes,"6,64"
10960,5,1,,,2024-10-26 09:29:14,Income,Cash,Computer Incomes,"22,80"
10961,4,11,,,2024-10-26 18:44:57,Income,Cash,Computer Incomes,"38,13"
10962,2,23,,,2024-10-26 11:25:38,Income,Cash,Playstation Incomes,"15,34"
10963,3,24,,,2024-10-26 19:48:56,Income,Cash,Playstation Incomes,"28,19"
10964,1,23,,,2024-10-26 21:38:41,Income,Cash,Playstation Incomes,"7,45"
10965,2,10,,,2024-10-26 17:35:51,Income,Cash,Computer Incomes,"22,79"
10966,4,24,,,2024-10-26 16:16:05,Income,Credit Card,Playstation Incomes,"9,94"
10967,1,13,,,2024-10-26 21:29:57,Income,Cash,Computer Incomes,"29,00"
10968,5,16,,,2024-10-26 10:50:40,Income,Cash,Computer Incomes,"33,15"
10969,4,23,,,2024-10-26 20:14:50,Income,Cash,Playstation Incomes,"10,36"
10970,5,12,,,2024-10-26 13:33:38,Income,Cash,Computer Incomes,"24,86"
10971,1,2,,,2024-10-26 22:20:04,Income,Cash,Computer Incomes,"40,61"
10972,1,14,,,2024-10-26 12:42:46,Income,Cash,Computer Incomes,"4,14"
10973,3,3,6.0,,2024-10-26 09:00:23,Income,Cash,Order Incomes,"21,96"
10974,5,9,,,2024-10-26 15:07:13,Income,Cash,Computer Incomes,"6,21"
10975,2,24,,,2024-10-26 20:37:17,Income,Cash,Playstation Incomes,"8,28"
10976,3,4,,,2024-10-26 20:59:24,Income,Cash,Computer Incomes,"4,55"
10977,5,14,,60.0,2024-10-26 20:38:10,Income,Cash,Member Transactions,"33,98"
10978,3,15,,,2024-10-26 11:40:01,Income,Cash,Computer Incomes,"31,91"
10979,3,3,,,2024-10-26 19:24:11,Income,Cash,Computer Incomes,"18,23"
10980,4,23,,,2024-10-26 10:14:10,Income,Cash,Playstation Incomes,"33,15"
10981,3,3,,,2024-10-27 10:22:44,Income,Cash,Computer Incomes,"12,36"
10982,1,24,,,2024-10-27 21:53:24,Income,Cash,Playstation Incomes,"5,71"
10983,5,23,,,2024-10-27 10:41:02,Income,Cash,Playstation Incomes,"9,03"
10984,1,24,,,2024-10-27 10:41:16,Income,Cash,Playstation Incomes,"8,72"
10985,3,10,13.0,,2024-10-27 22:23:42,Income,Cash,Order Incomes,"13,63"
10986,5,15,,,2024-10-27 20:42:32,Income,Cash,Computer Incomes,"4,28"
10987,3,23,,,2024-10-27 21:02:45,Income,Cash,Playstation Incomes,"6,97"
10988,4,4,,,2024-10-27 14:30:11,Income,Cash,Computer Incomes,"13,63"
10989,4,5,,,2024-10-27 20:40:56,Income,Cash,Computer Incomes,"8,71"
10990,5,24,,,2024-10-27 11:51:46,Income,Cash,Playstation Incomes,"11,40"
10991,5,23,,,2024-10-27 16:23:11,Income,Cash,Playstation Incomes,"3,16"
10992,1,9,,,2024-10-27 22:12:02,Income,Cash,Computer Incomes,"7,28"
10993,3,3,,,2024-10-27 17:47:43,Income,Credit Card,Computer Incomes,"7,92"
10994,3,3,21.0,,2024-10-27 16:41:04,Income,Cash,Order Incomes,"11,88"
10995,3,8,,18.0,2024-10-27 13:20:09,Income,Cash,Member Transactions,"10,93"
10996,4,15,,,2024-10-27 15:09:34,Income,Cash,Computer Incomes,"8,71"
10997,2,24,,,2024-10-27 19:42:46,Income,Cash,Playstation Incomes,"4,59"
10998,4,2,,,2024-10-27 15:48:06,Income,Cash,Computer Incomes,"6,49"
10999,5,11,,16.0,2024-10-27 18:07:45,Income,Cash,Member Transactions,"12,83"
11000,2,5,,,2024-10-28 12:15:18,Income,Cash,Computer Incomes,"21,83"
11001,1,9,,,2024-10-28 23:19:17,Income,Cash,Computer Incomes,"16,85"
11002,3,2,,,2024-10-28 09:16:04,Income,Cash,Computer Incomes,"17,32"
11003,3,7,,,2024-10-28 22:09:03,Income,Cash,Computer Incomes,"15,19"
11004,5,7,,,2024-10-28 13:34:46,Income,Cash,Computer Incomes,"5,46"
11005,5,16,,,2024-10-28 09:04:11,Income,Cash,Computer Incomes,"2,85"
11006,2,12,,,2024-10-28 14:19:10,Income,Cash,Computer Incomes,"22,30"
11007,4,5,,,2024-10-28 13:30:05,Income,Cash,Computer Incomes,"5,46"
11008,4,1,,,2024-10-28 21:09:35,Income,Cash,Computer Incomes,"2,85"
11009,5,11,24.0,,2024-10-28 10:54:43,Income,Cash,Order Incomes,"13,76"
11010,3,5,16.0,,2024-10-28 14:52:29,Income,Cash,Order Incomes,"2,60"
11011,5,23,,,2024-10-28 21:19:07,Income,Cash,Playstation Incomes,"20,40"
11012,1,16,,,2024-10-28 16:51:02,Income,Cash,Computer Incomes,"5,21"
11013,5,16,,,2024-10-28 21:23:23,Income,Cash,Computer Incomes,"11,62"
11014,3,24,,,2024-10-28 10:24:36,Income,Cash,Playstation Incomes,"21,11"
11015,2,14,,,2024-10-28 19:26:04,Income,Cash,Computer Incomes,"21,11"
11016,4,23,,,2024-10-28 15:49:07,Income,Cash,Playstation Incomes,"23,01"
11017,2,14,,,2024-10-28 21:52:50,Income,Cash,Computer Incomes,"22,77"
11018,1,6,,,2024-10-28 15:30:58,Income,Cash,Computer Incomes,"7,11"
11019,2,8,,,2024-10-29 09:49:35,Income,Cash,Computer Incomes,"10,40"
11020,4,1,,,2024-10-29 19:23:03,Income,Cash,Computer Incomes,"7,40"
11021,2,16,,,2024-10-29 19:31:19,Income,Cash,Computer Incomes,"9,52"
11022,5,12,,,2024-10-29 15:15:26,Income,Cash,Computer Incomes,"10,22"
11023,3,8,,,2024-10-29 12:41:27,Income,Cash,Computer Incomes,"15,86"
11024,4,1,,,2024-10-29 13:02:19,Income,Cash,Computer Incomes,"3,00"
11025,2,8,,,2024-10-29 12:17:16,Income,Cash,Computer Incomes,"13,21"
11026,1,9,,,2024-10-29 19:15:55,Income,Credit Card,Computer Incomes,"9,34"
11027,1,6,,,2024-10-29 14:32:38,Income,Cash,Computer Incomes,"11,81"
11028,3,24,,,2024-10-29 16:37:10,Income,Cash,Playstation Incomes,"12,15"
11029,3,16,3.0,,2024-10-29 23:33:21,Income,Cash,Order Incomes,"15,67"
11030,3,16,,,2024-10-29 23:16:32,Income,Cash,Computer Incomes,"2,46"
11031,1,23,,,2024-10-29 23:23:58,Income,Credit Card,Playstation Incomes,"13,03"
11032,1,14,,,2024-10-29 16:14:50,Income,Cash,Computer Incomes,"17,61"
11033,3,24,,,2024-10-29 23:48:54,Income,Credit Card,Playstation Incomes,"9,33"
11034,4,23,,,2024-10-29 09:14:29,Income,Cash,Playstation Incomes,"13,56"
11035,1,14,,,2024-10-29 19:47:29,Income,Cash,Computer Incomes,"14,09"
11036,4,13,,1.0,2024-10-29 12:07:34,Income,Credit Card,Member Transactions,"4,75"
11037,2,10,,,2024-10-29 14:38:13,Income,Cash,Computer Incomes,"8,45"
11038,3,24,,,2024-10-29 15:44:08,Income,Cash,Playstation Incomes,"6,34"
11039,5,16,,,2024-10-29 09:48:30,Income,Credit Card,Computer Incomes,"7,74"
11040,5,12,,,2024-10-29 20:25:39,Income,Credit Card,Computer Incomes,"13,91"
11041,2,12,,,2024-10-29 20:32:10,Income,Cash,Computer Incomes,"17,08"
11042,2,23,,,2024-10-29 16:11:21,Income,Cash,Playstation Incomes,"8,63"
11043,5,16,10.0,,2024-10-30 11:10:18,Income,Cash,Order Incomes,"2,59"
11044,5,6,,,2024-10-30 17:20:49,Income,Credit Card,Computer Incomes,"4,14"
11045,3,14,,,2024-10-30 22:50:50,Income,Credit Card,Computer Incomes,"17,83"
11046,3,24,,,2024-10-30 18:14:22,Income,Cash,Playstation Incomes,"23,00"
11047,1,16,37.0,,2024-10-30 20:15:20,Income,Cash,Order Incomes,"9,82"
11048,4,9,,,2024-10-30 15:29:56,Income,Cash,Computer Incomes,"3,11"
11049,1,3,,59.0,2024-10-30 19:58:24,Income,Cash,Member Transactions,"19,64"
11050,3,1,31.0,,2024-10-30 22:11:53,Income,Cash,Order Incomes,"18,85"
11051,3,15,,3.0,2024-10-30 21:38:00,Income,Cash,Member Transactions,"17,82"
11052,1,9,,,2024-10-30 10:48:02,Income,Cash,Computer Incomes,"25,31"
11053,4,12,5.0,,2024-10-30 11:29:36,Income,Cash,Order Incomes,"15,75"
11054,2,15,42.0,,2024-10-30 21:05:25,Income,Cash,Order Incomes,"19,63"
11055,4,6,,,2024-10-30 11:25:14,Income,Credit Card,Computer Incomes,"14,46"
11056,5,15,14.0,,2024-10-30 18:26:22,Income,Cash,Order Incomes,"22,47"
11057,4,5,,,2024-10-31 11:38:08,Income,Cash,Computer Incomes,"18,01"
11058,5,5,18.0,,2024-10-31 20:32:33,Income,Cash,Order Incomes,"9,57"
11059,3,23,,,2024-10-31 13:13:32,Income,Cash,Playstation Incomes,"24,76"
11060,5,13,,,2024-10-31 16:44:34,Income,Cash,Computer Incomes,"23,64"
11061,1,24,,,2024-10-31 15:23:23,Income,Credit Card,Playstation Incomes,"25,33"
11062,1,8,46.0,,2024-10-31 23:50:37,Income,Cash,Order Incomes,"28,14"
11063,1,23,,,2024-10-31 16:11:05,Income,Cash,Playstation Incomes,"20,54"
11064,2,13,,,2024-10-31 23:40:17,Income,Credit Card,Computer Incomes,"16,03"
11065,5,11,,,2024-10-31 16:45:30,Income,Cash,Computer Incomes,"18,84"
11066,1,24,,,2024-10-31 22:13:34,Income,Cash,Playstation Incomes,"19,41"
11067,3,7,,,2024-10-31 15:14:11,Income,Cash,Computer Incomes,"5,34"
11068,3,9,,,2024-10-31 15:20:52,Income,Cash,Computer Incomes,"9,28"
11069,5,9,,,2024-10-31 21:38:57,Income,Credit Card,Computer Incomes,"7,03"
11070,1,10,,,2024-10-31 14:23:20,Income,Cash,Computer Incomes,"16,31"
11071,1,13,,,2024-11-01 18:26:23,Income,Cash,Computer Incomes,"4,19"
11072,3,13,,,2024-11-01 21:55:03,Income,Credit Card,Computer Incomes,"4,77"
11073,3,23,,,2024-11-01 18:13:41,Income,Cash,Playstation Incomes,"8,53"
11074,1,5,,,2024-11-01 14:57:01,Income,Cash,Computer Incomes,"2,60"
11075,4,24,,,2024-11-01 11:43:43,Income,Credit Card,Playstation Incomes,"13,73"
11076,5,6,,,2024-11-01 17:40:55,Income,Cash,Computer Incomes,"8,24"
11077,5,10,,,2024-11-01 12:21:43,Income,Cash,Computer Incomes,"12,28"
11078,2,23,,,2024-11-01 17:47:04,Income,Cash,Playstation Incomes,"7,95"
11079,5,1,,,2024-11-01 18:35:15,Income,Cash,Computer Incomes,"7,66"
11080,4,16,,,2024-11-01 13:13:50,Income,Cash,Computer Incomes,"3,33"
11081,1,14,,33.0,2024-11-01 19:49:36,Income,Cash,Member Transactions,"8,53"
11082,3,12,,,2024-11-01 12:00:42,Income,Cash,Computer Incomes,"2,60"
11083,1,11,,62.0,2024-11-01 21:46:13,Income,Cash,Member Transactions,"9,39"
11084,5,4,22.0,,2024-11-01 14:56:12,Income,Cash,Order Incomes,"5,78"
11085,5,16,,,2024-11-01 19:17:26,Income,Cash,Computer Incomes,"13,44"
11086,5,15,,15.0,2024-11-01 20:38:34,Income,Cash,Member Transactions,"6,07"
11087,4,3,,,2024-11-01 23:22:49,Income,Cash,Computer Incomes,"10,12"
11088,1,24,,,2024-11-01 20:58:48,Income,Cash,Playstation Incomes,"7,52"
11089,1,23,,,2024-11-01 22:50:37,Income,Cash,Playstation Incomes,"6,07"
11090,5,2,,,2024-11-01 15:29:43,Income,Cash,Computer Incomes,"11,13"
11091,2,11,,,2024-11-01 12:45:23,Income,Cash,Computer Incomes,"13,72"
11092,5,2,,,2024-11-01 14:10:48,Income,Cash,Computer Incomes,"8,66"
11093,3,1,,,2024-11-01 16:06:52,Income,Cash,Computer Incomes,"3,61"
11094,1,8,,,2024-11-01 09:23:45,Income,Cash,Computer Incomes,"6,64"
11095,2,9,26.0,,2024-11-01 12:01:53,Income,Cash,Order Incomes,"8,37"
11096,2,24,,,2024-11-01 10:05:09,Income,Cash,Playstation Incomes,"4,76"
11097,5,1,,,2024-11-01 11:52:24,Income,Cash,Computer Incomes,"12,85"
11098,4,23,,,2024-11-01 21:23:53,Income,Cash,Playstation Incomes,"7,22"
11099,3,6,18.0,,2024-11-01 21:59:54,Income,Cash,Order Incomes,"10,83"
11100,4,9,21.0,,2024-11-01 13:08:11,Income,Cash,Order Incomes,"1,87"
11101,2,7,,,2024-11-01 09:22:33,Income,Cash,Computer Incomes,"2,59"
11102,3,16,,,2024-11-01 23:22:08,Income,Credit Card,Computer Incomes,"3,89"
11103,5,4,,,2024-11-01 16:41:39,Income,Cash,Computer Incomes,"10,68"
11104,3,7,,9.0,2024-11-01 11:17:36,Income,Credit Card,Member Transactions,"7,94"
11105,2,24,,,2024-11-01 20:00:24,Income,Cash,Playstation Incomes,"6,78"
11106,5,8,26.0,,2024-11-01 18:59:12,Income,Cash,Order Incomes,"10,39"
11107,2,23,,,2024-11-01 17:38:54,Income,Cash,Playstation Incomes,"9,53"
11108,5,9,,,2024-11-01 18:56:26,Income,Credit Card,Computer Incomes,"8,52"
11109,4,6,,,2024-11-01 10:23:08,Income,Cash,Computer Incomes,"9,38"
11110,5,1,,,2024-11-01 19:56:12,Income,Cash,Computer Incomes,"10,25"
11111,5,11,37.0,,2024-11-01 13:59:12,Income,Credit Card,Order Incomes,"10,11"
11112,5,16,26.0,,2024-11-01 21:14:23,Income,Cash,Order Incomes,"7,65"
11113,1,24,,,2024-11-02 16:52:57,Income,Cash,Playstation Incomes,"6,20"
11114,2,12,,,2024-11-02 21:46:01,Income,Cash,Computer Incomes,"25,03"
11115,3,1,,,2024-11-02 09:20:15,Income,Cash,Computer Incomes,"17,81"
11116,1,16,,62.0,2024-11-02 14:45:53,Income,Cash,Member Transactions,"12,90"
11117,2,3,,,2024-11-02 20:56:25,Income,Cash,Computer Incomes,"24,77"
11118,5,23,,,2024-11-02 15:25:55,Income,Cash,Playstation Incomes,"24,51"
11119,2,4,,,2024-11-02 18:20:33,Income,Cash,Computer Incomes,"19,10"
11120,2,24,,,2024-11-02 21:00:22,Income,Credit Card,Playstation Incomes,"6,20"
11121,5,12,,,2024-11-02 20:21:23,Income,Credit Card,Computer Incomes,"16,52"
11122,2,1,,,2024-11-02 15:03:02,Income,Cash,Computer Incomes,"22,19"
11123,5,16,38.0,,2024-11-02 15:53:23,Income,Cash,Order Incomes,"12,90"
11124,1,23,,,2024-11-02 14:00:05,Income,Cash,Playstation Incomes,"4,91"
11125,2,1,,,2024-11-02 22:32:19,Income,Credit Card,Computer Incomes,"15,48"
11126,1,4,,,2024-11-02 11:08:20,Income,Credit Card,Computer Incomes,"14,19"
11127,1,24,,,2024-11-02 14:41:23,Income,Cash,Playstation Incomes,"10,58"
11128,1,13,,,2024-11-02 23:26:21,Income,Cash,Computer Incomes,"10,32"
11129,4,1,,,2024-11-02 10:59:14,Income,Cash,Computer Incomes,"10,58"
11130,3,15,,,2024-11-02 14:30:25,Income,Cash,Computer Incomes,"8,52"
11131,4,13,,,2024-11-02 22:00:30,Income,Cash,Computer Incomes,"5,68"
11132,2,23,,,2024-11-02 10:15:53,Income,Cash,Playstation Incomes,"25,29"
11133,1,6,19.0,,2024-11-02 14:22:37,Income,Cash,Order Incomes,"7,23"
11134,4,16,,,2024-11-02 09:39:56,Income,Cash,Computer Incomes,"10,57"
11135,2,10,,,2024-11-02 21:17:54,Income,Cash,Computer Incomes,"3,86"
11136,2,14,,14.0,2024-11-02 22:23:15,Income,Cash,Member Transactions,"4,90"
11137,2,24,,,2024-11-02 16:08:45,Income,Cash,Playstation Incomes,"4,90"
11138,1,6,,,2024-11-02 14:04:57,Income,Cash,Computer Incomes,"25,53"
11139,5,9,,,2024-11-02 18:24:35,Income,Cash,Computer Incomes,"13,67"
11140,2,9,,,2024-11-02 21:00:18,Income,Cash,Computer Incomes,"5,41"
11141,2,7,,,2024-11-02 09:12:32,Income,Credit Card,Computer Incomes,"12,38"
11142,5,23,,,2024-11-02 23:25:47,Income,Credit Card,Playstation Incomes,"22,70"
11143,1,12,19.0,,2024-11-02 13:25:52,Income,Cash,Order Incomes,"25,79"
11144,4,1,,,2024-11-02 12:15:04,Income,Cash,Computer Incomes,"7,48"
11145,1,11,,17.0,2024-11-02 12:37:27,Income,Cash,Member Transactions,"17,28"
11146,1,8,,,2024-11-02 14:06:08,Income,Cash,Computer Incomes,"23,73"
11147,2,16,11.0,,2024-11-02 23:49:12,Income,Credit Card,Order Incomes,"5,41"
11148,3,3,,,2024-11-02 20:19:08,Income,Cash,Computer Incomes,"7,48"
11149,3,10,,,2024-11-02 12:09:33,Income,Cash,Computer Incomes,"6,96"
11150,2,15,,,2024-11-02 15:53:40,Income,Cash,Computer Incomes,"12,12"
11151,1,9,,,2024-11-02 14:00:04,Income,Cash,Computer Incomes,"22,18"
11152,5,7,18.0,,2024-11-02 11:36:08,Income,Cash,Order Incomes,"24,50"
11153,5,2,,,2024-11-02 16:08:20,Income,Cash,Computer Incomes,"21,92"
11154,5,12,,,2024-11-02 17:35:16,Income,Credit Card,Computer Incomes,"7,48"
11155,4,13,,,2024-11-03 16:34:45,Income,Cash,Computer Incomes,"5,95"
11156,2,15,,43.0,2024-11-03 09:40:51,Income,Cash,Member Transactions,"10,61"
11157,4,6,,,2024-11-03 12:11:10,Income,Cash,Computer Incomes,"12,16"
11158,4,3,,,2024-11-03 23:40:08,Income,Cash,Computer Incomes,"5,95"
11159,3,24,,,2024-11-03 22:14:13,Income,Cash,Playstation Incomes,"20,69"
11160,4,23,,,2024-11-03 23:08:27,Income,Cash,Playstation Incomes,"8,80"
11161,1,2,5.0,,2024-11-03 20:06:24,Income,Credit Card,Order Incomes,"23,79"
11162,1,11,,53.0,2024-11-03 10:23:55,Income,Cash,Member Transactions,"3,11"
11163,4,24,,,2024-11-03 09:48:14,Income,Cash,Playstation Incomes,"15,52"
11164,5,3,,,2024-11-03 15:51:27,Income,Cash,Computer Incomes,"6,99"
11165,5,1,,2.0,2024-11-03 23:17:55,Income,Cash,Member Transactions,"19,92"
11166,5,6,46.0,,2024-11-03 19:37:37,Income,Cash,Order Incomes,"25,60"
11167,1,3,,,2024-11-03 17:21:37,Income,Cash,Computer Incomes,"13,19"
11168,1,16,,,2024-11-03 22:48:02,Income,Cash,Computer Incomes,"4,65"
11169,5,11,,62.0,2024-11-03 20:10:37,Income,Cash,Member Transactions,"7,75"
11170,2,12,,25.0,2024-11-03 14:22:23,Income,Cash,Member Transactions,"23,78"
11171,4,6,,,2024-11-03 09:37:02,Income,Cash,Computer Incomes,"11,37"
11172,1,1,,,2024-11-03 20:44:52,Income,Credit Card,Computer Incomes,"7,75"
11173,3,23,,,2024-11-03 15:13:40,Income,Credit Card,Playstation Incomes,"13,96"
11174,4,3,,,2024-11-03 19:07:57,Income,Cash,Computer Incomes,"9,30"
11175,3,12,,,2024-11-03 22:13:15,Income,Cash,Computer Incomes,"25,59"
11176,4,10,,,2024-11-03 13:44:36,Income,Cash,Computer Incomes,"14,22"
11177,5,6,,,2024-11-03 15:15:00,Income,Cash,Computer Incomes,"22,23"
11178,1,4,,,2024-11-04 11:35:02,Income,Cash,Computer Incomes,"18,84"
11179,4,12,,,2024-11-04 14:33:59,Income,Cash,Computer Incomes,"25,64"
11180,1,9,,,2024-11-04 20:04:05,Income,Cash,Computer Incomes,"25,38"
11181,5,24,,,2024-11-04 13:16:39,Income,Cash,Playstation Incomes,"14,13"
11182,1,15,,,2024-11-04 09:34:22,Income,Cash,Computer Incomes,"15,18"
11183,2,23,,,2024-11-04 19:34:22,Income,Cash,Playstation Incomes,"8,90"
11184,3,8,,28.0,2024-11-04 23:13:02,Income,Cash,Member Transactions,"15,70"
11185,5,24,,,2024-11-04 09:07:08,Income,Cash,Playstation Incomes,"21,46"
11186,2,4,,,2024-11-04 20:13:31,Income,Cash,Computer Incomes,"18,84"
11187,5,6,,,2024-11-04 09:01:25,Income,Cash,Computer Incomes,"7,85"
11188,1,23,,,2024-11-04 18:19:51,Income,Credit Card,Playstation Incomes,"23,29"
11189,4,24,,,2024-11-04 20:33:50,Income,Cash,Playstation Incomes,"10,46"
11190,5,2,,,2024-11-04 23:07:25,Income,Credit Card,Computer Incomes,"13,86"
11191,2,23,,,2024-11-04 15:21:59,Income,Credit Card,Playstation Incomes,"17,78"
11192,2,10,,,2024-11-04 09:34:31,Income,Cash,Computer Incomes,"23,54"
11193,5,10,,,2024-11-04 22:06:55,Income,Cash,Computer Incomes,"7,32"
11194,4,24,,,2024-11-04 20:52:26,Income,Credit Card,Playstation Incomes,"17,00"
11195,3,23,,,2024-11-04 10:14:25,Income,Cash,Playstation Incomes,"21,71"
11196,2,24,,,2024-11-04 17:52:09,Income,Cash,Playstation Incomes,"3,92"
11197,4,10,,,2024-11-04 21:59:39,Income,Cash,Computer Incomes,"15,43"
11198,4,13,,,2024-11-05 20:45:28,Income,Cash,Computer Incomes,"10,40"
11199,2,23,,,2024-11-05 16:14:22,Income,Cash,Playstation Incomes,"11,80"
11200,4,2,43.0,,2024-11-05 20:03:09,Income,Cash,Order Incomes,"25,56"
11201,4,24,,,2024-11-05 17:32:33,Income,Credit Card,Playstation Incomes,"6,46"
11202,1,10,,,2024-11-05 20:00:26,Income,Cash,Computer Incomes,"23,03"
11203,2,23,,,2024-11-05 11:06:37,Income,Cash,Playstation Incomes,"16,01"
11204,1,24,,,2024-11-05 20:54:29,Income,Cash,Playstation Incomes,"19,94"
11205,1,16,,,2024-11-05 13:50:00,Income,Cash,Computer Incomes,"15,17"
11206,3,13,,,2024-11-05 10:36:52,Income,Credit Card,Computer Incomes,"8,43"
11207,5,23,,,2024-11-05 22:01:12,Income,Cash,Playstation Incomes,"11,79"
11208,1,6,,,2024-11-05 17:52:26,Income,Cash,Computer Incomes,"2,80"
11209,4,24,,,2024-11-05 21:41:38,Income,Cash,Playstation Incomes,"10,10"
11210,2,23,,,2024-11-05 09:16:04,Income,Cash,Playstation Incomes,"3,65"
11211,5,24,,,2024-11-05 10:23:30,Income,Cash,Playstation Incomes,"6,17"
11212,2,15,,,2024-11-05 14:34:27,Income,Cash,Computer Incomes,"24,99"
11213,2,1,,,2024-11-05 10:56:34,Income,Cash,Computer Incomes,"21,62"
11214,2,7,,57.0,2024-11-06 14:36:10,Income,Cash,Member Transactions,"3,38"
11215,2,23,,,2024-11-06 20:24:29,Income,Cash,Playstation Incomes,"24,16"
11216,1,16,,,2024-11-06 23:56:41,Income,Cash,Computer Incomes,"8,83"
11217,1,9,,,2024-11-06 13:11:42,Income,Cash,Computer Incomes,"7,02"
11218,2,24,,,2024-11-06 18:37:04,Income,Credit Card,Playstation Incomes,"25,71"
11219,5,3,,,2024-11-06 21:04:56,Income,Cash,Computer Incomes,"17,14"
11220,3,4,,,2024-11-06 18:31:07,Income,Cash,Computer Incomes,"24,94"
11221,5,2,,,2024-11-06 19:55:17,Income,Credit Card,Computer Incomes,"15,33"
11222,4,16,,,2024-11-06 12:48:32,Income,Cash,Computer Incomes,"22,85"
11223,3,23,,,2024-11-06 16:36:16,Income,Cash,Playstation Incomes,"20,51"
11224,4,2,19.0,,2024-11-06 23:49:38,Income,Cash,Order Incomes,"5,71"
11225,3,24,,,2024-11-06 15:00:29,Income,Cash,Playstation Incomes,"21,29"
11226,3,10,49.0,,2024-11-06 10:49:56,Income,Cash,Order Incomes,"24,41"
11227,5,23,,,2024-11-06 15:23:51,Income,Cash,Playstation Incomes,"10,64"
11228,3,15,15.0,,2024-11-06 09:10:59,Income,Credit Card,Order Incomes,"12,46"
11229,5,7,38.0,,2024-11-06 14:10:00,Income,Credit Card,Order Incomes,"25,96"
11230,4,3,,,2024-11-06 09:06:38,Income,Cash,Computer Incomes,"7,27"
11231,3,24,,,2024-11-07 21:20:42,Income,Cash,Playstation Incomes,"14,00"
11232,3,23,,,2024-11-07 12:25:00,Income,Cash,Playstation Incomes,"18,35"
11233,2,7,,,2024-11-07 16:25:33,Income,Cash,Computer Incomes,"23,32"
11234,1,9,,,2024-11-07 23:29:06,Income,Credit Card,Computer Incomes,"27,68"
11235,3,24,,,2024-11-07 12:10:12,Income,Cash,Playstation Incomes,"4,67"
11236,1,23,,,2024-11-07 10:41:03,Income,Credit Card,Playstation Incomes,"24,57"
11237,2,6,,,2024-11-07 10:06:12,Income,Credit Card,Computer Incomes,"27,37"
11238,2,16,6.0,,2024-11-07 09:18:44,Income,Cash,Order Incomes,"10,27"
11239,2,6,,,2024-11-07 14:29:37,Income,Cash,Computer Incomes,"12,44"
11240,5,1,,,2024-11-07 17:26:59,Income,Cash,Computer Incomes,"28,60"
11241,4,7,,37.0,2024-11-07 13:56:32,Income,Cash,Member Transactions,"27,67"
11242,1,10,,,2024-11-07 23:02:52,Income,Cash,Computer Incomes,"9,32"
11243,3,13,,,2024-11-07 17:17:29,Income,Cash,Computer Incomes,"30,78"
11244,2,4,,,2024-11-07 17:52:12,Income,Cash,Computer Incomes,"28,91"
11245,4,12,,,2024-11-07 18:10:19,Income,Credit Card,Computer Incomes,"13,36"
11246,2,24,,,2024-11-07 12:14:50,Income,Cash,Playstation Incomes,"10,57"
11247,2,12,,,2024-11-07 11:53:17,Income,Credit Card,Computer Incomes,"6,84"
11248,1,9,,,2024-11-07 14:49:01,Income,Cash,Computer Incomes,"15,54"
11249,2,23,,,2024-11-07 11:05:00,Income,Cash,Playstation Incomes,"10,26"
11250,1,11,31.0,,2024-11-07 22:39:27,Income,Credit Card,Order Incomes,"13,36"
11251,5,8,,,2024-11-07 17:31:43,Income,Cash,Computer Incomes,"18,96"
11252,4,9,48.0,,2024-11-07 22:31:54,Income,Cash,Order Incomes,"22,07"
11253,3,12,,,2024-11-08 22:50:15,Income,Cash,Computer Incomes,"12,79"
11254,4,3,23.0,,2024-11-08 22:20:09,Income,Cash,Order Incomes,"5,26"
11255,5,4,,,2024-11-08 18:56:55,Income,Credit Card,Computer Incomes,"10,37"
11256,1,5,10.0,,2024-11-08 09:57:28,Income,Cash,Order Incomes,"9,95"
11257,2,7,,,2024-11-08 12:58:00,Income,Cash,Computer Incomes,"9,09"
11258,4,5,43.0,,2024-11-08 15:20:27,Income,Cash,Order Incomes,"11,93"
11259,1,10,49.0,,2024-11-08 20:44:57,Income,Cash,Order Incomes,"10,23"
11260,1,13,,,2024-11-08 23:54:29,Income,Cash,Computer Incomes,"12,93"
11261,5,24,,,2024-11-08 12:45:01,Income,Cash,Playstation Incomes,"1,71"
11262,4,4,,55.0,2024-11-08 13:49:45,Income,Cash,Member Transactions,"8,81"
11263,1,23,,,2024-11-08 18:22:22,Income,Cash,Playstation Incomes,"3,98"
11264,4,13,30.0,,2024-11-08 18:51:10,Income,Cash,Order Incomes,"1,85"
11265,3,5,,,2024-11-08 18:20:06,Income,Cash,Computer Incomes,"1,43"
11266,1,4,,,2024-11-08 20:30:39,Income,Cash,Computer Incomes,"5,26"
11267,4,10,,,2024-11-08 22:03:46,Income,Credit Card,Computer Incomes,"5,40"
11268,1,4,,16.0,2024-11-08 11:12:59,Income,Cash,Member Transactions,"10,66"
11269,5,24,,,2024-11-08 23:35:47,Income,Cash,Playstation Incomes,"9,66"
11270,5,23,,,2024-11-08 11:45:43,Income,Cash,Playstation Incomes,"5,12"
11271,3,6,4.0,,2024-11-08 17:48:55,Income,Cash,Order Incomes,"8,67"
11272,1,1,,12.0,2024-11-08 16:02:09,Income,Cash,Member Transactions,"2,13"
11273,4,14,20.0,,2024-11-08 17:20:23,Income,Cash,Order Incomes,"2,84"
11274,2,24,,,2024-11-08 12:05:06,Income,Cash,Playstation Incomes,"6,53"
11275,3,13,,,2024-11-08 15:52:03,Income,Cash,Computer Incomes,"11,50"
11276,2,14,,,2024-11-08 16:38:29,Income,Credit Card,Computer Incomes,"8,23"
11277,4,5,,,2024-11-08 13:50:35,Income,Cash,Computer Incomes,"10,65"
11278,2,5,2.0,,2024-11-08 09:14:41,Income,Cash,Order Incomes,"12,21"
11279,4,23,,,2024-11-08 21:35:35,Income,Cash,Playstation Incomes,"1,42"
11280,5,7,,,2024-11-08 09:45:25,Income,Cash,Computer Incomes,"2,55"
11281,3,24,,,2024-11-08 20:54:11,Income,Cash,Playstation Incomes,"7,52"
11282,5,9,,,2024-11-08 15:11:29,Income,Credit Card,Computer Incomes,"4,11"
11283,2,8,,,2024-11-08 09:59:14,Income,Cash,Computer Incomes,"9,37"
11284,5,12,30.0,,2024-11-08 12:51:06,Income,Cash,Order Incomes,"9,37"
11285,5,4,,,2024-11-08 17:19:45,Income,Credit Card,Computer Incomes,"6,95"
11286,2,4,22.0,,2024-11-08 21:36:06,Income,Cash,Order Incomes,"10,36"
11287,2,7,,,2024-11-08 13:05:58,Income,Cash,Computer Incomes,"6,67"
11288,4,4,,,2024-11-08 10:20:24,Income,Cash,Computer Incomes,"9,51"
11289,4,1,,,2024-11-08 22:15:26,Income,Credit Card,Computer Incomes,"2,98"
11290,5,3,10.0,,2024-11-08 09:58:42,Income,Credit Card,Order Incomes,"7,66"
11291,1,6,,,2024-11-08 12:04:06,Income,Cash,Computer Incomes,"5,96"
11292,2,1,,,2024-11-08 09:36:49,Income,Cash,Computer Incomes,"3,12"
11293,5,16,,,2024-11-08 10:18:48,Income,Cash,Computer Incomes,"4,97"
11294,2,3,,,2024-11-08 21:48:38,Income,Cash,Computer Incomes,"10,36"
11295,3,16,12.0,,2024-11-09 11:35:37,Income,Cash,Order Incomes,"16,06"
11296,3,6,,,2024-11-09 13:12:29,Income,Cash,Computer Incomes,"5,78"
11297,4,2,,,2024-11-09 11:07:05,Income,Cash,Computer Incomes,"4,02"
11298,1,23,,,2024-11-09 18:10:37,Income,Cash,Playstation Incomes,"17,57"
11299,1,5,,,2024-11-09 10:37:02,Income,Cash,Computer Incomes,"8,79"
11300,4,7,,,2024-11-09 13:16:13,Income,Cash,Computer Incomes,"3,77"
11301,2,1,,,2024-11-09 15:22:21,Income,Cash,Computer Incomes,"7,03"
11302,5,5,,,2024-11-09 12:17:34,Income,Cash,Computer Incomes,"10,54"
11303,2,1,25.0,,2024-11-09 09:37:13,Income,Cash,Order Incomes,"8,03"
11304,4,24,,,2024-11-09 18:51:42,Income,Cash,Playstation Incomes,"20,08"
11305,2,23,,,2024-11-09 23:27:25,Income,Cash,Playstation Incomes,"4,27"
11306,1,11,,,2024-11-09 12:48:23,Income,Credit Card,Computer Incomes,"18,82"
11307,1,16,36.0,,2024-11-09 16:32:34,Income,Credit Card,Order Incomes,"7,28"
11308,3,5,,,2024-11-09 13:13:07,Income,Cash,Computer Incomes,"12,05"
11309,3,16,,,2024-11-09 09:37:16,Income,Cash,Computer Incomes,"21,58"
11310,1,10,,,2024-11-09 22:07:44,Income,Cash,Computer Incomes,"7,78"
11311,4,9,,,2024-11-09 12:20:48,Income,Cash,Computer Incomes,"18,07"
11312,4,24,,,2024-11-09 09:16:17,Income,Credit Card,Playstation Incomes,"11,30"
11313,2,23,,,2024-11-09 13:30:27,Income,Cash,Playstation Incomes,"7,03"
11314,5,7,15.0,,2024-11-09 22:02:59,Income,Cash,Order Incomes,"16,56"
11315,3,1,,,2024-11-09 13:03:07,Income,Credit Card,Computer Incomes,"22,59"
11316,3,13,15.0,,2024-11-09 22:59:11,Income,Cash,Order Incomes,"14,56"
11317,1,1,,,2024-11-09 14:25:33,Income,Credit Card,Computer Incomes,"7,03"
11318,1,10,,,2024-11-09 19:04:28,Income,Cash,Computer Incomes,"7,52"
11319,1,11,,,2024-11-09 09:30:07,Income,Cash,Computer Incomes,"5,01"
11320,4,8,,,2024-11-09 11:25:09,Income,Credit Card,Computer Incomes,"19,06"
11321,1,10,,,2024-11-09 10:07:58,Income,Cash,Computer Incomes,"17,06"
11322,3,14,,,2024-11-09 17:12:25,Income,Cash,Computer Incomes,"10,78"
11323,2,24,,,2024-11-09 17:29:36,Income,Cash,Playstation Incomes,"15,30"
11324,5,23,,,2024-11-09 14:15:00,Income,Credit Card,Playstation Incomes,"14,30"
11325,1,14,,,2024-11-09 17:01:45,Income,Credit Card,Computer Incomes,"8,02"
11326,4,6,,,2024-11-09 22:17:44,Income,Cash,Computer Incomes,"22,58"
11327,4,24,,,2024-11-09 20:56:28,Income,Cash,Playstation Incomes,"24,58"
11328,5,3,3.0,,2024-11-09 21:58:39,Income,Credit Card,Order Incomes,"15,80"
11329,4,3,,,2024-11-09 15:45:05,Income,Cash,Computer Incomes,"18,31"
11330,3,13,,,2024-11-09 23:18:34,Income,Cash,Computer Incomes,"5,51"
11331,2,3,,,2024-11-09 23:55:05,Income,Cash,Computer Incomes,"16,81"
11332,3,5,,,2024-11-09 09:23:22,Income,Cash,Computer Incomes,"5,51"
11333,4,8,48.0,,2024-11-09 10:52:55,Income,Cash,Order Incomes,"15,80"
11334,5,9,,,2024-11-09 23:47:33,Income,Cash,Computer Incomes,"7,02"
11335,2,23,,,2024-11-09 13:09:04,Income,Cash,Playstation Incomes,"12,54"
11336,2,8,,,2024-11-10 13:42:18,Income,Cash,Computer Incomes,"15,09"
11337,2,24,,,2024-11-10 19:58:21,Income,Cash,Playstation Incomes,"36,04"
11338,5,16,,,2024-11-10 16:20:22,Income,Cash,Computer Incomes,"15,51"
11339,2,23,,,2024-11-10 20:28:32,Income,Cash,Playstation Incomes,"10,48"
11340,4,8,,9.0,2024-11-10 19:45:27,Income,Cash,Member Transactions,"20,12"
11341,2,15,,,2024-11-10 21:07:24,Income,Cash,Computer Incomes,"7,97"
11342,5,14,,,2024-11-10 16:57:04,Income,Cash,Computer Incomes,"11,32"
11343,3,16,,,2024-11-10 16:16:55,Income,Credit Card,Computer Incomes,"14,67"
11344,5,6,,,2024-11-10 14:01:21,Income,Cash,Computer Incomes,"19,70"
11345,5,7,26.0,,2024-11-10 15:40:55,Income,Cash,Order Incomes,"36,46"
11346,1,24,,,2024-11-10 21:33:22,Income,Cash,Playstation Incomes,"5,44"
11347,4,11,28.0,,2024-11-10 17:10:50,Income,Cash,Order Incomes,"7,12"
11348,5,2,,,2024-11-10 20:53:34,Income,Cash,Computer Incomes,"8,80"
11349,4,23,,,2024-11-10 18:00:32,Income,Cash,Playstation Incomes,"27,65"
11350,4,8,,,2024-11-10 16:54:59,Income,Cash,Computer Incomes,"34,78"
11351,1,7,,,2024-11-10 18:23:35,Income,Cash,Computer Incomes,"6,28"
11352,1,15,,,2024-11-10 22:09:43,Income,Cash,Computer Incomes,"25,98"
11353,3,13,34.0,,2024-11-10 15:30:06,Income,Cash,Order Incomes,"17,60"
11354,2,6,,56.0,2024-11-10 11:43:25,Income,Cash,Member Transactions,"23,88"
11355,5,24,,,2024-11-10 20:22:31,Income,Credit Card,Playstation Incomes,"16,34"
11356,1,1,,,2024-11-10 19:46:16,Income,Cash,Computer Incomes,"24,30"
11357,4,23,,,2024-11-11 15:13:31,Income,Cash,Playstation Incomes,"32,96"
11358,5,24,,,2024-11-11 14:39:51,Income,Cash,Playstation Incomes,"16,29"
11359,4,23,,,2024-11-11 22:18:50,Income,Credit Card,Playstation Incomes,"17,87"
11360,5,1,,,2024-11-11 20:28:34,Income,Cash,Computer Incomes,"34,55"
11361,5,14,,,2024-11-11 16:53:30,Income,Cash,Computer Incomes,"20,65"
11362,3,4,,,2024-11-11 22:52:08,Income,Cash,Computer Incomes,"21,05"
11363,3,2,,,2024-11-11 17:24:13,Income,Cash,Computer Incomes,"25,42"
11364,3,9,,,2024-11-11 18:22:12,Income,Cash,Computer Incomes,"21,45"
11365,4,10,32.0,,2024-11-11 19:30:19,Income,Cash,Order Incomes,"30,58"
11366,5,11,,,2024-11-11 17:14:52,Income,Cash,Computer Incomes,"33,35"
11367,1,7,,,2024-11-11 09:21:23,Income,Credit Card,Computer Incomes,"20,64"
11368,5,10,,,2024-11-11 16:03:36,Income,Cash,Computer Incomes,"23,03"
11369,1,10,28.0,,2024-11-11 20:59:26,Income,Cash,Order Incomes,"3,97"
11370,4,14,39.0,,2024-11-11 23:20:29,Income,Cash,Order Incomes,"21,84"
11371,2,12,,,2024-11-11 13:01:17,Income,Cash,Computer Incomes,"11,11"
11372,3,3,,,2024-11-11 16:24:28,Income,Cash,Computer Incomes,"6,75"
11373,2,8,4.0,,2024-11-12 12:51:03,Income,Cash,Order Incomes,"21,01"
11374,3,10,,,2024-11-12 19:59:00,Income,Cash,Computer Incomes,"23,48"
11375,4,7,2.0,,2024-11-12 14:17:22,Income,Cash,Order Incomes,"21,25"
11376,2,24,,,2024-11-12 12:38:01,Income,Cash,Playstation Incomes,"4,45"
11377,4,10,,,2024-11-12 09:29:00,Income,Cash,Computer Incomes,"2,48"
11378,4,4,,,2024-11-12 14:07:01,Income,Cash,Computer Incomes,"16,81"
11379,5,1,,,2024-11-12 17:49:09,Income,Cash,Computer Incomes,"2,97"
11380,2,5,,,2024-11-12 20:55:29,Income,Cash,Computer Incomes,"17,55"
11381,1,12,,,2024-11-12 13:52:48,Income,Cash,Computer Incomes,"8,16"
11382,2,8,,,2024-11-12 13:00:01,Income,Cash,Computer Incomes,"16,06"
11383,3,7,,,2024-11-12 12:35:26,Income,Cash,Computer Incomes,"3,95"
11384,1,23,,,2024-11-12 18:52:00,Income,Cash,Playstation Incomes,"13,34"
11385,2,8,,,2024-11-12 22:18:49,Income,Cash,Computer Incomes,"11,11"
11386,1,5,,,2024-11-12 23:26:58,Income,Cash,Computer Incomes,"23,96"
11387,5,9,,,2024-11-12 10:24:01,Income,Cash,Computer Incomes,"4,44"
11388,3,24,,,2024-11-12 10:32:20,Income,Cash,Playstation Incomes,"23,22"
11389,3,9,,,2024-11-12 16:06:14,Income,Cash,Computer Incomes,"4,69"
11390,4,12,,7.0,2024-11-12 23:22:52,Income,Cash,Member Transactions,"4,20"
11391,1,10,,,2024-11-12 13:35:43,Income,Cash,Computer Incomes,"10,37"
11392,2,2,,,2024-11-12 17:09:37,Income,Cash,Computer Incomes,"12,10"
11393,1,3,,,2024-11-12 15:21:37,Income,Cash,Computer Incomes,"16,80"
11394,2,16,,,2024-11-12 11:06:23,Income,Cash,Computer Incomes,"21,49"
11395,5,23,,,2024-11-12 15:08:17,Income,Credit Card,Playstation Incomes,"5,18"
11396,3,4,,,2024-11-13 17:50:58,Income,Cash,Computer Incomes,"7,38"
11397,2,12,,,2024-11-13 13:04:37,Income,Cash,Computer Incomes,"35,58"
11398,4,24,,,2024-11-13 21:00:58,Income,Cash,Playstation Incomes,"5,64"
11399,1,7,,,2024-11-13 13:56:52,Income,Cash,Computer Incomes,"14,75"
11400,5,8,39.0,,2024-11-13 12:21:20,Income,Cash,Order Incomes,"39,48"
11401,4,6,,,2024-11-13 14:58:00,Income,Cash,Computer Incomes,"10,85"
11402,1,9,,,2024-11-13 20:01:00,Income,Cash,Computer Incomes,"21,69"
11403,2,7,,,2024-11-13 10:03:48,Income,Cash,Computer Incomes,"28,20"
11404,2,23,,,2024-11-13 13:56:16,Income,Cash,Playstation Incomes,"19,09"
11405,2,3,,,2024-11-13 20:24:35,Income,Cash,Computer Incomes,"34,27"
11406,2,24,,,2024-11-13 21:29:31,Income,Cash,Playstation Incomes,"41,20"
11407,1,15,38.0,,2024-11-13 12:36:28,Income,Cash,Order Incomes,"5,63"
11408,5,16,,,2024-11-13 09:12:13,Income,Cash,Computer Incomes,"14,31"
11409,3,16,,,2024-11-13 18:30:20,Income,Cash,Computer Incomes,"24,72"
11410,3,9,48.0,,2024-11-13 17:38:49,Income,Cash,Order Incomes,"11,71"
11411,5,2,,34.0,2024-11-13 09:23:26,Income,Cash,Member Transactions,"6,50"
11412,2,7,,,2024-11-13 15:21:36,Income,Cash,Computer Incomes,"29,93"
11413,2,23,,,2024-11-13 20:01:42,Income,Cash,Playstation Incomes,"6,94"
11414,4,7,4.0,,2024-11-14 16:15:29,Income,Cash,Order Incomes,"14,87"
11415,3,5,,,2024-11-14 23:32:31,Income,Cash,Computer Incomes,"10,36"
11416,2,9,,,2024-11-14 11:42:44,Income,Cash,Computer Incomes,"31,98"
11417,2,13,,,2024-11-14 12:06:39,Income,Cash,Computer Incomes,"12,62"
11418,1,3,15.0,,2024-11-14 17:40:10,Income,Credit Card,Order Incomes,"13,07"
11419,1,5,,,2024-11-14 12:42:18,Income,Cash,Computer Incomes,"33,79"
11420,3,1,,,2024-11-14 11:10:06,Income,Cash,Computer Incomes,"30,63"
11421,3,12,,,2024-11-14 13:05:58,Income,Cash,Computer Incomes,"34,23"
11422,1,15,,,2024-11-14 10:23:52,Income,Credit Card,Computer Incomes,"23,42"
11423,2,12,,,2024-11-14 20:50:32,Income,Cash,Computer Incomes,"36,03"
11424,3,15,,,2024-11-14 17:09:51,Income,Cash,Computer Incomes,"15,76"
11425,5,3,,,2024-11-14 21:41:19,Income,Cash,Computer Incomes,"19,36"
11426,4,24,,,2024-11-14 20:51:25,Income,Cash,Playstation Incomes,"43,23"
11427,4,9,,,2024-11-14 17:31:26,Income,Cash,Computer Incomes,"4,50"
11428,2,16,,,2024-11-14 13:53:36,Income,Cash,Computer Incomes,"37,38"
11429,5,9,,60.0,2024-11-14 16:59:45,Income,Cash,Member Transactions,"24,32"
11430,2,23,,,2024-11-15 12:48:14,Income,Credit Card,Playstation Incomes,"14,69"
11431,4,9,,20.0,2024-11-15 16:13:23,Income,Cash,Member Transactions,"6,05"
11432,5,16,9.0,,2024-11-15 13:14:59,Income,Credit Card,Order Incomes,"15,12"
11433,4,11,,,2024-11-15 23:18:36,Income,Cash,Computer Incomes,"16,85"
11434,4,15,,,2024-11-15 16:02:16,Income,Cash,Computer Incomes,"10,15"
11435,3,13,,,2024-11-15 16:20:23,Income,Cash,Computer Incomes,"11,23"
11436,3,14,,,2024-11-15 10:29:05,Income,Cash,Computer Incomes,"5,40"
11437,2,16,,,2024-11-15 15:16:52,Income,Cash,Computer Incomes,"11,23"
11438,3,9,,,2024-11-15 20:33:06,Income,Cash,Computer Incomes,"10,80"
11439,1,24,,,2024-11-15 16:13:18,Income,Cash,Playstation Incomes,"14,90"
11440,2,8,,,2024-11-15 17:15:58,Income,Credit Card,Computer Incomes,"3,68"
11441,2,23,,,2024-11-15 21:58:58,Income,Cash,Playstation Incomes,"18,36"
11442,1,5,,,2024-11-15 21:08:55,Income,Cash,Computer Incomes,"3,24"
11443,5,4,,,2024-11-15 17:50:27,Income,Cash,Computer Incomes,"16,63"
11444,5,9,40.0,,2024-11-15 09:34:54,Income,Cash,Order Incomes,"3,89"
11445,3,24,,,2024-11-15 22:45:42,Income,Cash,Playstation Incomes,"13,18"
11446,1,13,,,2024-11-15 14:08:42,Income,Cash,Computer Incomes,"21,17"
11447,3,14,41.0,,2024-11-15 18:41:10,Income,Cash,Order Incomes,"4,54"
11448,2,4,,,2024-11-15 16:18:15,Income,Cash,Computer Incomes,"12,31"
11449,1,16,,,2024-11-15 23:07:28,Income,Credit Card,Computer Incomes,"4,11"
11450,2,23,,,2024-11-15 13:42:48,Income,Cash,Playstation Incomes,"16,84"
11451,3,3,1.0,,2024-11-15 12:16:39,Income,Credit Card,Order Incomes,"10,14"
11452,1,24,,,2024-11-15 09:36:59,Income,Credit Card,Playstation Incomes,"10,14"
11453,1,16,,,2024-11-15 22:25:58,Income,Cash,Computer Incomes,"9,71"
11454,2,23,,,2024-11-15 13:13:24,Income,Cash,Playstation Incomes,"20,08"
11455,4,5,,,2024-11-15 17:42:29,Income,Credit Card,Computer Incomes,"10,36"
11456,1,24,,,2024-11-15 18:50:45,Income,Credit Card,Playstation Incomes,"11,87"
11457,3,23,,,2024-11-15 13:00:35,Income,Cash,Playstation Incomes,"18,35"
11458,4,7,,,2024-11-15 09:27:49,Income,Cash,Computer Incomes,"10,36"
11459,4,11,,,2024-11-15 11:35:58,Income,Cash,Computer Incomes,"14,03"
11460,3,16,,50.0,2024-11-15 21:22:22,Income,Cash,Member Transactions,"4,31"
11461,3,8,,,2024-11-15 16:34:01,Income,Cash,Computer Incomes,"17,48"
11462,5,16,,,2024-11-15 23:27:52,Income,Cash,Computer Incomes,"7,12"
11463,1,3,,,2024-11-15 10:52:12,Income,Credit Card,Computer Incomes,"14,68"
11464,3,1,,,2024-11-15 12:42:45,Income,Cash,Computer Incomes,"21,16"
11465,2,11,,14.0,2024-11-15 15:34:38,Income,Cash,Member Transactions,"18,35"
11466,5,2,40.0,,2024-11-15 14:43:05,Income,Cash,Order Incomes,"20,72"
11467,1,8,,8.0,2024-11-15 19:10:50,Income,Cash,Member Transactions,"7,98"
11468,1,2,48.0,,2024-11-16 12:04:51,Income,Cash,Order Incomes,"8,31"
11469,4,15,,,2024-11-16 11:21:24,Income,Cash,Computer Incomes,"12,29"
11470,2,2,,,2024-11-16 09:39:25,Income,Cash,Computer Incomes,"14,78"
11471,1,15,,,2024-11-16 22:13:39,Income,Cash,Computer Incomes,"16,44"
11472,2,5,,,2024-11-16 22:38:01,Income,Cash,Computer Incomes,"3,66"
11473,1,24,,,2024-11-16 16:45:35,Income,Cash,Playstation Incomes,"3,16"
11474,2,11,,,2024-11-16 11:15:22,Income,Cash,Computer Incomes,"2,66"
11475,2,2,,,2024-11-16 23:59:04,Income,Cash,Computer Incomes,"5,82"
11476,4,5,,,2024-11-16 14:13:41,Income,Cash,Computer Incomes,"5,98"
11477,2,1,,,2024-11-16 09:51:15,Income,Cash,Computer Incomes,"5,65"
11478,3,23,,,2024-11-16 22:30:46,Income,Cash,Playstation Incomes,"2,50"
11479,4,24,,,2024-11-16 15:02:20,Income,Cash,Playstation Incomes,"3,66"
11480,1,12,,,2024-11-16 19:14:27,Income,Cash,Computer Incomes,"14,28"
11481,4,5,,,2024-11-16 22:03:01,Income,Cash,Computer Incomes,"12,62"
11482,1,4,,,2024-11-16 14:05:26,Income,Cash,Computer Incomes,"6,48"
11483,1,6,,,2024-11-16 16:13:49,Income,Cash,Computer Incomes,"7,81"
11484,5,23,,,2024-11-16 23:20:28,Income,Cash,Playstation Incomes,"6,31"
11485,1,2,,1.0,2024-11-16 14:19:15,Income,Credit Card,Member Transactions,"7,31"
11486,1,24,,,2024-11-16 23:03:42,Income,Cash,Playstation Incomes,"11,29"
11487,3,1,,,2024-11-16 16:04:59,Income,Cash,Computer Incomes,"16,27"
11488,2,23,,,2024-11-16 15:01:39,Income,Cash,Playstation Incomes,"1,82"
11489,3,24,,,2024-11-16 10:22:08,Income,Cash,Playstation Incomes,"3,98"
11490,2,23,,,2024-11-16 18:41:57,Income,Cash,Playstation Incomes,"4,64"
11491,2,15,49.0,,2024-11-16 14:37:40,Income,Cash,Order Incomes,"13,61"
11492,2,6,,,2024-11-16 18:06:16,Income,Credit Card,Computer Incomes,"10,95"
11493,3,4,,28.0,2024-11-16 09:35:54,Income,Cash,Member Transactions,"14,77"
11494,2,7,,,2024-11-16 17:02:39,Income,Cash,Computer Incomes,"12,45"
11495,2,2,9.0,,2024-11-16 09:29:36,Income,Credit Card,Order Incomes,"12,78"
11496,2,13,,,2024-11-16 19:00:39,Income,Credit Card,Computer Incomes,"4,64"
11497,4,10,,,2024-11-16 12:26:07,Income,Cash,Computer Incomes,"1,66"
11498,1,24,,,2024-11-16 12:56:28,Income,Cash,Playstation Incomes,"8,46"
11499,3,5,27.0,,2024-11-16 12:13:50,Income,Cash,Order Incomes,"3,48"
11500,2,12,,,2024-11-16 17:35:52,Income,Credit Card,Computer Incomes,"14,11"
11501,1,5,,,2024-11-16 23:36:57,Income,Cash,Computer Incomes,"8,46"
11502,2,9,,,2024-11-16 10:22:30,Income,Credit Card,Computer Incomes,"8,63"
11503,5,14,28.0,,2024-11-16 18:32:56,Income,Cash,Order Incomes,"8,46"
11504,3,23,,,2024-11-16 15:23:31,Income,Cash,Playstation Incomes,"2,65"
11505,1,5,,,2024-11-16 17:54:39,Income,Cash,Computer Incomes,"7,96"
11506,3,8,,,2024-11-16 17:46:27,Income,Cash,Computer Incomes,"6,97"
11507,5,4,,,2024-11-16 22:03:46,Income,Cash,Computer Incomes,"12,11"
11508,4,24,,,2024-11-16 18:55:30,Income,Credit Card,Playstation Incomes,"12,78"
11509,2,12,,58.0,2024-11-16 20:55:39,Income,Cash,Member Transactions,"12,78"
11510,4,12,,,2024-11-16 23:57:40,Income,Cash,Computer Incomes,"2,15"
11511,2,23,,,2024-11-17 19:59:11,Income,Credit Card,Playstation Incomes,"15,28"
11512,4,13,,,2024-11-17 15:56:21,Income,Cash,Computer Incomes,"18,37"
11513,4,7,,44.0,2024-11-17 11:06:55,Income,Cash,Member Transactions,"2,71"
11514,4,11,,,2024-11-17 13:24:17,Income,Cash,Computer Incomes,"2,71"
11515,1,5,13.0,,2024-11-17 23:21:03,Income,Cash,Order Incomes,"15,08"
11516,1,2,,8.0,2024-11-17 15:11:30,Income,Cash,Member Transactions,"19,14"
11517,3,24,,,2024-11-17 09:56:21,Income,Cash,Playstation Incomes,"6,77"
11518,4,14,,,2024-11-17 10:36:29,Income,Cash,Computer Incomes,"11,40"
11519,5,13,,,2024-11-17 22:23:30,Income,Cash,Computer Incomes,"15,85"
11520,4,7,,46.0,2024-11-17 23:58:10,Income,Cash,Member Transactions,"15,85"
11521,1,5,,,2024-11-17 10:48:54,Income,Cash,Computer Incomes,"17,01"
11522,4,3,21.0,,2024-11-17 18:03:13,Income,Cash,Order Incomes,"7,15"
11523,1,23,,,2024-11-17 20:14:39,Income,Credit Card,Playstation Incomes,"7,15"
11524,3,16,,25.0,2024-11-17 16:25:21,Income,Credit Card,Member Transactions,"12,56"
11525,2,15,,,2024-11-17 21:07:47,Income,Cash,Computer Incomes,"2,12"
11526,4,14,14.0,,2024-11-17 10:29:15,Income,Cash,Order Incomes,"5,99"
11527,4,24,,,2024-11-17 12:29:07,Income,Cash,Playstation Incomes,"18,55"
11528,3,10,26.0,,2024-11-18 14:29:04,Income,Cash,Order Incomes,"10,34"
11529,1,9,,,2024-11-18 17:28:35,Income,Cash,Computer Incomes,"15,68"
11530,4,23,,,2024-11-18 23:04:03,Income,Cash,Playstation Incomes,"6,77"
11531,3,13,,,2024-11-18 17:47:15,Income,Cash,Computer Incomes,"7,84"
11532,2,11,,,2024-11-18 14:58:48,Income,Cash,Computer Incomes,"15,33"
11533,3,14,,,2024-11-18 23:25:06,Income,Cash,Computer Incomes,"9,98"
11534,5,3,,,2024-11-18 12:31:38,Income,Cash,Computer Incomes,"9,27"
11535,1,14,,,2024-11-18 16:35:29,Income,Credit Card,Computer Incomes,"13,90"
11536,3,11,,,2024-11-18 21:22:31,Income,Credit Card,Computer Incomes,"18,18"
11537,2,7,,,2024-11-18 12:43:04,Income,Cash,Computer Incomes,"31,36"
11538,3,2,38.0,,2024-11-18 13:37:03,Income,Cash,Order Incomes,"11,41"
11539,5,15,37.0,,2024-11-18 12:44:45,Income,Cash,Order Incomes,"11,04"
11540,1,1,,,2024-11-18 22:00:03,Income,Cash,Computer Incomes,"3,91"
11541,5,13,,,2024-11-18 14:29:57,Income,Cash,Computer Incomes,"10,68"
11542,2,8,,,2024-11-18 23:06:54,Income,Cash,Computer Incomes,"21,73"
11543,1,15,,,2024-11-18 18:45:26,Income,Cash,Computer Incomes,"34,20"
11544,5,1,,,2024-11-18 11:30:44,Income,Cash,Computer Incomes,"34,56"
11545,3,10,,,2024-11-18 18:21:39,Income,Cash,Computer Incomes,"12,47"
11546,3,9,,,2024-11-18 17:57:46,Income,Cash,Computer Incomes,"14,60"
11547,4,24,,,2024-11-18 14:22:21,Income,Cash,Playstation Incomes,"31,35"
11548,4,1,,,2024-11-18 10:06:58,Income,Cash,Computer Incomes,"29,57"
11549,3,6,,,2024-11-19 12:41:39,Income,Cash,Computer Incomes,"17,43"
11550,5,8,,,2024-11-19 11:10:25,Income,Cash,Computer Incomes,"12,55"
11551,3,11,28.0,,2024-11-19 16:14:18,Income,Cash,Order Incomes,"20,68"
11552,1,3,,,2024-11-19 15:57:31,Income,Cash,Computer Incomes,"23,00"
11553,5,1,,,2024-11-19 19:55:07,Income,Cash,Computer Incomes,"7,67"
11554,1,23,,,2024-11-19 23:23:21,Income,Credit Card,Playstation Incomes,"19,98"
11555,1,24,,,2024-11-19 15:14:35,Income,Cash,Playstation Incomes,"14,41"
11556,3,23,,,2024-11-19 20:10:50,Income,Credit Card,Playstation Incomes,"21,38"
11557,3,24,,,2024-11-19 18:24:02,Income,Cash,Playstation Incomes,"11,62"
11558,3,2,,,2024-11-19 10:08:56,Income,Cash,Computer Incomes,"3,48"
11559,4,5,,,2024-11-19 09:38:05,Income,Cash,Computer Incomes,"21,14"
11560,4,10,48.0,,2024-11-19 14:15:30,Income,Cash,Order Incomes,"15,33"
11561,1,12,,,2024-11-19 20:36:26,Income,Cash,Computer Incomes,"16,26"
11562,4,23,,,2024-11-19 23:10:24,Income,Cash,Playstation Incomes,"7,20"
11563,3,10,22.0,,2024-11-19 13:40:54,Income,Cash,Order Incomes,"4,87"
11564,4,3,,,2024-11-19 15:52:49,Income,Cash,Computer Incomes,"22,76"
11565,3,5,6.0,,2024-11-19 20:37:35,Income,Cash,Order Incomes,"6,04"
11566,2,4,,,2024-11-19 15:19:50,Income,Cash,Computer Incomes,"19,28"
11567,5,24,,,2024-11-19 16:47:33,Income,Cash,Playstation Incomes,"13,00"
11568,5,11,,15.0,2024-11-20 13:38:59,Income,Cash,Member Transactions,"21,44"
11569,2,12,21.0,,2024-11-20 15:11:13,Income,Cash,Order Incomes,"12,68"
11570,3,2,,,2024-11-20 10:16:05,Income,Credit Card,Computer Incomes,"22,59"
11571,3,8,,,2024-11-20 22:14:11,Income,Credit Card,Computer Incomes,"17,29"
11572,3,10,,,2024-11-20 09:48:58,Income,Cash,Computer Incomes,"9,68"
11573,3,12,,,2024-11-20 18:50:34,Income,Cash,Computer Incomes,"7,61"
11574,4,8,,,2024-11-20 23:40:52,Income,Cash,Computer Incomes,"13,83"
11575,1,9,,14.0,2024-11-20 13:06:25,Income,Cash,Member Transactions,"21,67"
11576,2,10,,,2024-11-20 21:50:40,Income,Cash,Computer Incomes,"4,15"
11577,3,3,,,2024-11-20 14:55:57,Income,Cash,Computer Incomes,"9,45"
11578,3,6,1.0,,2024-11-20 12:50:03,Income,Cash,Order Incomes,"12,22"
11579,1,11,,,2024-11-20 17:47:59,Income,Cash,Computer Incomes,"21,20"
11580,5,14,,,2024-11-20 22:00:45,Income,Cash,Computer Incomes,"10,36"
11581,1,12,4.0,,2024-11-20 15:58:00,Income,Cash,Order Incomes,"11,29"
11582,4,4,,,2024-11-20 23:08:05,Income,Cash,Computer Incomes,"9,21"
11583,5,1,,,2024-11-20 19:00:05,Income,Credit Card,Computer Incomes,"9,21"
11584,2,2,40.0,,2024-11-20 09:21:14,Income,Cash,Order Incomes,"15,20"
11585,3,8,,1.0,2024-11-20 09:36:04,Income,Cash,Member Transactions,"22,35"
11586,5,15,,,2024-11-20 22:48:20,Income,Cash,Computer Incomes,"16,36"
11587,2,7,40.0,,2024-11-20 23:05:47,Income,Credit Card,Order Incomes,"22,35"
11588,5,16,,15.0,2024-11-20 18:35:00,Income,Cash,Member Transactions,"22,81"
11589,4,11,,19.0,2024-11-20 20:16:35,Income,Credit Card,Member Transactions,"8,98"
11590,5,5,49.0,,2024-11-21 17:11:14,Income,Cash,Order Incomes,"14,48"
11591,2,13,,,2024-11-21 13:58:29,Income,Cash,Computer Incomes,"5,11"
11592,1,8,,,2024-11-21 16:02:15,Income,Cash,Computer Incomes,"14,77"
11593,1,23,,,2024-11-21 13:27:30,Income,Cash,Playstation Incomes,"22,15"
11594,1,16,,,2024-11-21 21:01:48,Income,Cash,Computer Incomes,"14,20"
11595,2,11,,,2024-11-21 16:34:51,Income,Cash,Computer Incomes,"13,91"
11596,1,12,3.0,,2024-11-21 11:59:56,Income,Credit Card,Order Incomes,"25,27"
11597,2,11,,,2024-11-21 12:42:27,Income,Credit Card,Computer Incomes,"21,86"
11598,2,15,,,2024-11-21 23:35:48,Income,Cash,Computer Incomes,"18,17"
11599,2,2,18.0,,2024-11-21 23:29:09,Income,Credit Card,Order Incomes,"22,70"
11600,1,6,,,2024-11-21 10:06:30,Income,Cash,Computer Incomes,"13,90"
11601,4,24,,,2024-11-21 23:11:36,Income,Cash,Playstation Incomes,"3,97"
11602,1,7,,,2024-11-21 14:40:59,Income,Cash,Computer Incomes,"13,62"
11603,1,10,,,2024-11-21 17:16:03,Income,Cash,Computer Incomes,"20,43"
11604,3,10,,,2024-11-21 10:02:01,Income,Cash,Computer Incomes,"11,92"
11605,5,13,,,2024-11-21 23:47:23,Income,Credit Card,Computer Incomes,"22,99"
11606,4,14,,,2024-11-22 12:22:18,Income,Cash,Computer Incomes,"15,47"
11607,5,5,,48.0,2024-11-22 20:48:45,Income,Cash,Member Transactions,"11,37"
11608,1,2,,,2024-11-22 22:20:28,Income,Cash,Computer Incomes,"15,65"
11609,5,3,,,2024-11-22 22:41:06,Income,Credit Card,Computer Incomes,"8,57"
11610,2,23,,,2024-11-22 21:10:47,Income,Cash,Playstation Incomes,"8,95"
11611,3,10,17.0,,2024-11-22 15:44:04,Income,Credit Card,Order Incomes,"9,69"
11612,1,9,,,2024-11-22 23:12:26,Income,Cash,Computer Incomes,"17,52"
11613,5,10,,,2024-11-22 14:55:54,Income,Cash,Computer Incomes,"3,73"
11614,1,24,,,2024-11-22 12:57:51,Income,Cash,Playstation Incomes,"5,78"
11615,5,9,16.0,,2024-11-22 09:17:10,Income,Credit Card,Order Incomes,"4,48"
11616,3,8,,,2024-11-22 11:01:51,Income,Cash,Computer Incomes,"2,99"
11617,1,4,,,2024-11-22 22:54:25,Income,Cash,Computer Incomes,"9,32"
11618,4,23,,,2024-11-22 23:21:27,Income,Cash,Playstation Incomes,"11,93"
11619,1,9,,,2024-11-22 10:55:34,Income,Cash,Computer Incomes,"10,81"
11620,2,24,,,2024-11-22 17:29:26,Income,Cash,Playstation Incomes,"15,28"
11621,4,23,,,2024-11-22 09:24:42,Income,Cash,Playstation Incomes,"13,05"
11622,4,13,,,2024-11-22 17:48:47,Income,Cash,Computer Incomes,"8,02"
11623,3,12,,,2024-11-22 11:05:26,Income,Cash,Computer Incomes,"10,80"
11624,2,14,,,2024-11-22 13:11:01,Income,Credit Card,Computer Incomes,"10,99"
11625,4,15,,,2024-11-22 13:31:23,Income,Credit Card,Computer Incomes,"2,23"
11626,4,5,,,2024-11-22 10:15:52,Income,Cash,Computer Incomes,"16,95"
11627,1,2,,,2024-11-22 17:15:45,Income,Cash,Computer Incomes,"6,89"
11628,5,9,,,2024-11-22 22:24:48,Income,Cash,Computer Incomes,"4,47"
11629,4,4,,,2024-11-22 09:15:49,Income,Cash,Computer Incomes,"8,75"
11630,3,11,,,2024-11-22 09:05:40,Income,Cash,Computer Incomes,"8,75"
11631,1,4,,,2024-11-22 15:04:41,Income,Cash,Computer Incomes,"12,85"
11632,5,15,,,2024-11-22 10:11:39,Income,Cash,Computer Incomes,"9,68"
11633,1,12,,,2024-11-22 10:13:50,Income,Cash,Computer Incomes,"3,91"
11634,3,3,,,2024-11-22 21:39:56,Income,Credit Card,Computer Incomes,"11,92"
11635,1,2,,,2024-11-22 14:54:07,Income,Credit Card,Computer Incomes,"16,39"
11636,2,11,,,2024-11-22 09:45:37,Income,Cash,Computer Incomes,"9,50"
11637,3,9,,57.0,2024-11-22 12:04:03,Income,Cash,Member Transactions,"16,76"
11638,2,24,,,2024-11-22 16:19:46,Income,Cash,Playstation Incomes,"13,04"
11639,5,8,,13.0,2024-11-22 23:45:27,Income,Credit Card,Member Transactions,"7,82"
11640,1,1,,,2024-11-22 09:46:12,Income,Cash,Computer Incomes,"12,66"
11641,1,5,43.0,,2024-11-22 09:18:40,Income,Cash,Order Incomes,"12,48"
11642,4,7,,,2024-11-22 15:18:51,Income,Cash,Computer Incomes,"8,94"
11643,2,4,,,2024-11-22 14:54:13,Income,Cash,Computer Incomes,"10,99"
11644,4,23,,,2024-11-22 20:07:19,Income,Cash,Playstation Incomes,"14,15"
11645,5,12,,,2024-11-22 16:59:06,Income,Cash,Computer Incomes,"4,65"
11646,1,3,,,2024-11-22 19:58:10,Income,Cash,Computer Incomes,"4,09"
11647,1,12,,,2024-11-23 09:48:48,Income,Cash,Computer Incomes,"25,24"
11648,5,9,,,2024-11-23 14:40:41,Income,Credit Card,Computer Incomes,"23,94"
11649,4,8,,,2024-11-23 10:00:28,Income,Cash,Computer Incomes,"15,87"
11650,3,4,,,2024-11-23 18:32:10,Income,Cash,Computer Incomes,"26,02"
11651,1,1,14.0,,2024-11-23 22:06:56,Income,Credit Card,Order Incomes,"7,81"
11652,3,24,,,2024-11-23 11:34:46,Income,Cash,Playstation Incomes,"13,53"
11653,1,9,,,2024-11-23 10:02:09,Income,Cash,Computer Incomes,"15,87"
11654,1,8,,,2024-11-23 22:01:45,Income,Cash,Computer Incomes,"20,03"
11655,3,12,,,2024-11-23 22:44:42,Income,Cash,Computer Incomes,"18,73"
11656,4,2,,,2024-11-23 13:43:54,Income,Cash,Computer Incomes,"2,61"
11657,2,6,,,2024-11-23 14:54:06,Income,Credit Card,Computer Incomes,"25,76"
11658,2,23,,,2024-11-23 13:34:46,Income,Cash,Playstation Incomes,"10,15"
11659,2,1,,,2024-11-23 16:15:03,Income,Cash,Computer Incomes,"11,19"
11660,1,6,,,2024-11-23 22:28:18,Income,Cash,Computer Incomes,"16,13"
11661,3,24,,,2024-11-23 19:49:08,Income,Credit Card,Playstation Incomes,"17,95"
11662,4,9,,,2024-11-23 11:30:11,Income,Cash,Computer Incomes,"7,29"
11663,2,6,35.0,,2024-11-23 22:12:52,Income,Cash,Order Incomes,"23,68"
11664,3,3,,,2024-11-23 19:24:23,Income,Cash,Computer Incomes,"13,79"
11665,1,9,,,2024-11-23 09:59:14,Income,Cash,Computer Incomes,"6,50"
11666,2,4,24.0,,2024-11-23 11:19:14,Income,Cash,Order Incomes,"13,78"
11667,4,3,,,2024-11-23 11:46:55,Income,Cash,Computer Incomes,"13,00"
11668,3,23,,,2024-11-23 13:52:09,Income,Cash,Playstation Incomes,"17,94"
11669,5,14,20.0,,2024-11-23 16:24:03,Income,Cash,Order Incomes,"11,70"
11670,3,24,,,2024-11-23 21:20:16,Income,Cash,Playstation Incomes,"11,96"
11671,3,10,,,2024-11-23 13:54:02,Income,Cash,Computer Incomes,"6,76"
11672,2,23,,,2024-11-23 19:02:08,Income,Cash,Playstation Incomes,"4,42"
11673,4,4,,,2024-11-23 21:00:44,Income,Cash,Computer Incomes,"12,22"
11674,3,11,,,2024-11-23 09:56:14,Income,Cash,Computer Incomes,"9,88"
11675,2,4,,,2024-11-23 23:45:08,Income,Cash,Computer Incomes,"20,02"
11676,2,4,,,2024-11-23 19:15:15,Income,Cash,Computer Incomes,"15,86"
11677,1,24,,,2024-11-23 16:11:34,Income,Cash,Playstation Incomes,"15,34"
11678,1,5,,,2024-11-23 17:27:19,Income,Cash,Computer Incomes,"22,89"
11679,4,23,,,2024-11-23 15:04:14,Income,Cash,Playstation Incomes,"15,60"
11680,4,10,,,2024-11-24 14:40:53,Income,Credit Card,Computer Incomes,"27,24"
11681,5,1,,,2024-11-24 18:51:41,Income,Cash,Computer Incomes,"10,57"
11682,2,24,,,2024-11-24 12:57:26,Income,Cash,Playstation Incomes,"16,68"
11683,1,10,,,2024-11-24 20:54:09,Income,Cash,Computer Incomes,"9,18"
11684,3,23,,,2024-11-24 11:25:21,Income,Cash,Playstation Incomes,"7,79"
11685,2,24,,,2024-11-24 22:01:03,Income,Credit Card,Playstation Incomes,"3,90"
11686,5,7,,,2024-11-24 16:20:21,Income,Cash,Computer Incomes,"3,90"
11687,3,23,,,2024-11-24 11:20:29,Income,Cash,Playstation Incomes,"6,12"
11688,3,24,,,2024-11-24 17:36:35,Income,Cash,Playstation Incomes,"10,29"
11689,5,1,,,2024-11-24 11:14:43,Income,Cash,Computer Incomes,"10,01"
11690,5,8,,,2024-11-24 15:31:44,Income,Cash,Computer Incomes,"16,96"
11691,1,3,,,2024-11-24 18:11:56,Income,Cash,Computer Incomes,"15,85"
11692,1,5,,,2024-11-24 10:56:41,Income,Cash,Computer Incomes,"17,79"
11693,2,11,,,2024-11-24 13:13:10,Income,Cash,Computer Incomes,"25,84"
11694,3,23,,,2024-11-24 12:17:01,Income,Cash,Playstation Incomes,"13,89"
11695,2,14,29.0,,2024-11-24 14:56:11,Income,Credit Card,Order Incomes,"3,61"
11696,4,7,48.0,,2024-11-24 09:44:09,Income,Cash,Order Incomes,"4,16"
11697,4,24,,,2024-11-24 21:49:03,Income,Cash,Playstation Incomes,"9,17"
11698,2,23,,,2024-11-24 14:13:10,Income,Cash,Playstation Incomes,"13,61"
11699,3,6,40.0,,2024-11-24 09:51:52,Income,Cash,Order Incomes,"12,78"
11700,2,9,,,2024-11-24 09:52:56,Income,Cash,Computer Incomes,"23,62"
11701,5,4,,,2024-11-24 11:02:11,Income,Cash,Computer Incomes,"5,00"
11702,5,24,,,2024-11-24 14:02:47,Income,Cash,Playstation Incomes,"7,78"
11703,3,15,,63.0,2024-11-24 15:15:24,Income,Cash,Member Transactions,"12,22"
11704,4,16,,,2024-11-25 14:13:00,Income,Cash,Computer Incomes,"36,56"
11705,1,12,,,2024-11-25 16:39:48,Income,Cash,Computer Incomes,"12,33"
11706,1,23,,,2024-11-25 22:50:38,Income,Cash,Playstation Incomes,"13,18"
11707,2,16,,,2024-11-25 21:24:49,Income,Cash,Computer Incomes,"11,91"
11708,1,1,,,2024-11-25 16:41:57,Income,Cash,Computer Incomes,"19,14"
11709,3,4,17.0,,2024-11-25 12:11:38,Income,Cash,Order Incomes,"31,89"
11710,1,24,,,2024-11-25 19:14:13,Income,Cash,Playstation Incomes,"20,84"
11711,1,2,,48.0,2024-11-25 13:36:29,Income,Credit Card,Member Transactions,"12,75"
11712,3,23,,,2024-11-25 22:14:16,Income,Cash,Playstation Incomes,"16,57"
11713,1,10,44.0,,2024-11-25 10:54:30,Income,Cash,Order Incomes,"41,66"
11714,1,13,,,2024-11-25 10:12:09,Income,Cash,Computer Incomes,"11,05"
11715,5,4,,,2024-11-25 21:44:23,Income,Cash,Computer Incomes,"30,18"
11716,1,12,,,2024-11-25 09:15:08,Income,Cash,Computer Incomes,"32,30"
11717,5,3,14.0,,2024-11-25 12:44:18,Income,Cash,Order Incomes,"6,37"
11718,2,11,27.0,,2024-11-25 21:59:17,Income,Cash,Order Incomes,"8,50"
11719,3,24,,,2024-11-26 17:59:07,Income,Cash,Playstation Incomes,"23,30"
11720,1,6,,,2024-11-26 20:17:45,Income,Credit Card,Computer Incomes,"23,57"
11721,5,13,,,2024-11-26 15:25:31,Income,Cash,Computer Incomes,"15,54"
11722,4,23,,,2024-11-26 18:34:14,Income,Cash,Playstation Incomes,"19,29"
11723,3,13,,,2024-11-26 14:54:49,Income,Cash,Computer Incomes,"23,57"
11724,1,24,,,2024-11-26 22:17:19,Income,Cash,Playstation Incomes,"23,57"
11725,5,23,,,2024-11-26 21:47:41,Income,Cash,Playstation Incomes,"20,63"
11726,1,10,,,2024-11-26 23:10:49,Income,Credit Card,Computer Incomes,"15,54"
11727,1,5,37.0,,2024-11-26 23:38:18,Income,Cash,Order Incomes,"8,57"
11728,4,13,,,2024-11-26 21:01:29,Income,Cash,Computer Incomes,"6,70"
11729,3,5,,,2024-11-26 14:00:18,Income,Credit Card,Computer Incomes,"10,98"
11730,3,24,,,2024-11-26 11:41:22,Income,Cash,Playstation Incomes,"8,04"
11731,3,16,,,2024-11-26 11:48:55,Income,Cash,Computer Incomes,"21,70"
11732,3,8,,,2024-11-26 12:20:08,Income,Cash,Computer Incomes,"22,49"
11733,2,7,,,2024-11-26 12:52:50,Income,Cash,Computer Incomes,"19,54"
11734,4,12,,,2024-11-26 12:16:13,Income,Cash,Computer Incomes,"8,56"
11735,1,12,,,2024-11-26 10:19:49,Income,Credit Card,Computer Incomes,"18,74"
11736,4,23,,,2024-11-26 19:22:12,Income,Cash,Playstation Incomes,"5,89"
11737,3,24,,,2024-11-26 19:39:08,Income,Cash,Playstation Incomes,"11,78"
11738,2,8,,,2024-11-26 23:27:11,Income,Cash,Computer Incomes,"21,69"
11739,5,4,,,2024-11-26 11:01:42,Income,Cash,Computer Incomes,"18,47"
11740,2,23,,,2024-11-26 20:12:05,Income,Cash,Playstation Incomes,"5,62"
11741,3,14,,,2024-11-26 10:29:26,Income,Cash,Computer Incomes,"10,97"
11742,5,13,,,2024-11-26 12:04:03,Income,Cash,Computer Incomes,"2,67"
11743,4,3,13.0,,2024-11-27 18:35:10,Income,Cash,Order Incomes,"13,23"
11744,1,24,,,2024-11-27 12:22:17,Income,Credit Card,Playstation Incomes,"27,96"
11745,3,23,,,2024-11-27 12:50:19,Income,Cash,Playstation Incomes,"23,05"
11746,1,3,,,2024-11-27 23:58:45,Income,Cash,Computer Incomes,"20,40"
11747,4,13,34.0,,2024-11-27 15:21:11,Income,Cash,Order Incomes,"7,18"
11748,2,9,,31.0,2024-11-27 21:56:22,Income,Cash,Member Transactions,"14,36"
11749,4,24,,,2024-11-27 14:55:33,Income,Cash,Playstation Incomes,"15,49"
11750,3,6,,,2024-11-27 16:33:14,Income,Cash,Computer Incomes,"6,43"
11751,2,5,,15.0,2024-11-27 20:19:38,Income,Cash,Member Transactions,"29,46"
11752,4,16,,,2024-11-27 19:29:02,Income,Cash,Computer Incomes,"14,73"
11753,1,23,,,2024-11-27 18:57:33,Income,Cash,Playstation Incomes,"33,24"
11754,3,7,,,2024-11-27 20:17:17,Income,Cash,Computer Incomes,"4,91"
11755,3,24,,,2024-11-27 15:19:54,Income,Cash,Playstation Incomes,"19,64"
11756,3,4,,,2024-11-27 23:55:25,Income,Cash,Computer Incomes,"31,35"
11757,1,13,,,2024-11-27 17:46:33,Income,Cash,Computer Incomes,"5,28"
11758,2,11,,,2024-11-27 23:27:42,Income,Cash,Computer Incomes,"15,48"
11759,3,11,,,2024-11-27 14:23:23,Income,Cash,Computer Incomes,"20,77"
11760,5,4,,,2024-11-27 10:18:39,Income,Cash,Computer Incomes,"21,90"
11761,1,11,,,2024-11-27 23:05:15,Income,Cash,Computer Incomes,"5,28"
11762,4,3,,13.0,2024-11-28 11:56:38,Income,Cash,Member Transactions,"17,36"
11763,5,2,,,2024-11-28 09:48:38,Income,Cash,Computer Incomes,"7,91"
11764,5,15,,,2024-11-28 21:38:01,Income,Cash,Computer Incomes,"1,93"
11765,4,13,,,2024-11-28 13:17:59,Income,Cash,Computer Incomes,"7,33"
11766,5,16,19.0,,2024-11-28 15:26:08,Income,Cash,Order Incomes,"9,45"
11767,2,6,,,2024-11-28 17:54:31,Income,Cash,Computer Incomes,"4,25"
11768,1,2,,,2024-11-28 09:01:16,Income,Cash,Computer Incomes,"5,21"
11769,5,16,,,2024-11-28 13:58:18,Income,Cash,Computer Incomes,"3,09"
11770,5,6,45.0,,2024-11-28 19:24:00,Income,Cash,Order Incomes,"3,48"
11771,2,6,,,2024-11-28 21:19:02,Income,Credit Card,Computer Incomes,"4,63"
11772,5,6,20.0,,2024-11-28 17:49:58,Income,Cash,Order Incomes,"15,63"
11773,2,6,,,2024-11-28 16:37:07,Income,Credit Card,Computer Incomes,"2,89"
11774,5,4,31.0,,2024-11-28 18:43:36,Income,Cash,Order Incomes,"15,81"
11775,2,8,,,2024-11-28 12:32:12,Income,Cash,Computer Incomes,"5,39"
11776,3,23,,,2024-11-28 15:43:03,Income,Credit Card,Playstation Incomes,"14,27"
11777,3,9,48.0,,2024-11-28 19:40:48,Income,Cash,Order Incomes,"13,69"
11778,1,13,,23.0,2024-11-28 17:50:57,Income,Cash,Member Transactions,"18,51"
11779,4,10,,,2024-11-28 09:37:06,Income,Cash,Computer Incomes,"11,95"
11780,5,13,,,2024-11-28 20:37:31,Income,Cash,Computer Incomes,"17,74"
11781,3,11,,,2024-11-28 20:20:52,Income,Cash,Computer Incomes,"3,27"
11782,4,24,,,2024-11-28 19:24:47,Income,Cash,Playstation Incomes,"8,09"
11783,4,10,32.0,,2024-11-29 13:22:31,Income,Cash,Order Incomes,"7,20"
11784,3,13,,51.0,2024-11-29 21:41:58,Income,Cash,Member Transactions,"22,13"
11785,1,5,8.0,,2024-11-29 21:01:49,Income,Cash,Order Incomes,"12,00"
11786,2,23,,,2024-11-29 14:16:01,Income,Cash,Playstation Incomes,"6,94"
11787,2,6,48.0,,2024-11-29 10:09:04,Income,Cash,Order Incomes,"14,94"
11788,2,15,,,2024-11-29 10:53:33,Income,Cash,Computer Incomes,"16,27"
11789,2,24,,,2024-11-29 11:32:20,Income,Cash,Playstation Incomes,"8,54"
11790,4,10,,,2024-11-29 11:14:29,Income,Cash,Computer Incomes,"20,80"
11791,2,12,,51.0,2024-11-29 17:38:29,Income,Cash,Member Transactions,"14,94"
11792,3,23,,,2024-11-29 21:02:08,Income,Cash,Playstation Incomes,"3,20"
11793,1,5,,46.0,2024-11-29 23:23:09,Income,Cash,Member Transactions,"16,27"
11794,2,24,,,2024-11-29 13:14:54,Income,Cash,Playstation Incomes,"10,67"
11795,1,7,,,2024-11-29 14:07:53,Income,Credit Card,Computer Incomes,"21,60"
11796,3,8,,24.0,2024-11-29 11:35:30,Income,Cash,Member Transactions,"25,33"
11797,5,13,,,2024-11-29 18:26:29,Income,Credit Card,Computer Incomes,"9,60"
11798,4,23,,,2024-11-29 18:25:14,Income,Cash,Playstation Incomes,"9,87"
11799,4,24,,,2024-11-29 23:33:54,Income,Cash,Playstation Incomes,"16,27"
11800,4,8,,,2024-11-29 15:21:48,Income,Cash,Computer Incomes,"13,60"
11801,3,1,,,2024-11-29 15:08:02,Income,Cash,Computer Incomes,"8,80"
11802,5,16,28.0,,2024-11-29 09:13:54,Income,Cash,Order Incomes,"8,00"
11803,1,13,,,2024-11-29 12:46:55,Income,Cash,Computer Incomes,"10,94"
11804,1,8,,30.0,2024-11-29 09:08:34,Income,Cash,Member Transactions,"21,07"
11805,1,16,5.0,,2024-11-29 14:35:58,Income,Credit Card,Order Incomes,"11,47"
11806,5,3,,,2024-11-29 13:38:15,Income,Credit Card,Computer Incomes,"3,20"
11807,1,10,26.0,,2024-11-29 13:03:30,Income,Cash,Order Incomes,"6,67"
11808,4,23,,,2024-11-29 21:28:26,Income,Credit Card,Playstation Incomes,"2,66"
11809,4,14,,,2024-11-29 23:30:14,Income,Cash,Computer Incomes,"3,46"
11810,1,5,,,2024-11-29 21:05:57,Income,Cash,Computer Incomes,"3,19"
11811,3,8,,,2024-11-29 22:17:29,Income,Credit Card,Computer Incomes,"18,66"
11812,5,2,,,2024-11-29 17:33:18,Income,Cash,Computer Incomes,"9,86"
11813,5,15,,,2024-11-29 09:15:45,Income,Cash,Computer Incomes,"25,59"
11814,2,14,,,2024-11-29 09:35:31,Income,Cash,Computer Incomes,"20,26"
11815,3,24,,,2024-11-29 20:02:54,Income,Cash,Playstation Incomes,"26,39"
11816,4,23,,,2024-11-29 20:01:13,Income,Cash,Playstation Incomes,"12,79"
11817,2,14,,,2024-11-29 22:24:57,Income,Cash,Computer Incomes,"11,46"
11818,3,9,,24.0,2024-11-29 14:54:05,Income,Cash,Member Transactions,"3,46"
11819,5,9,,,2024-11-29 17:33:17,Income,Cash,Computer Incomes,"2,66"
11820,3,16,,46.0,2024-11-29 18:31:06,Income,Cash,Member Transactions,"3,99"
11821,2,7,,,2024-11-29 10:31:35,Income,Cash,Computer Incomes,"22,66"
11822,5,12,34.0,,2024-11-29 17:55:05,Income,Cash,Order Incomes,"7,99"
11823,3,2,19.0,,2024-11-29 09:16:31,Income,Cash,Order Incomes,"5,59"
11824,2,8,,,2024-11-29 23:46:06,Income,Cash,Computer Incomes,"11,19"
11825,5,5,,,2024-11-30 17:41:00,Income,Cash,Computer Incomes,"8,47"
11826,1,24,,,2024-11-30 12:08:38,Income,Cash,Playstation Incomes,"13,64"
11827,1,15,8.0,,2024-11-30 12:43:06,Income,Cash,Order Incomes,"5,41"
11828,4,9,,,2024-11-30 22:16:42,Income,Cash,Computer Incomes,"12,46"
11829,3,5,,,2024-11-30 18:22:40,Income,Cash,Computer Incomes,"20,69"
11830,4,16,,,2024-11-30 17:16:05,Income,Cash,Computer Incomes,"12,70"
11831,2,16,,,2024-11-30 15:38:12,Income,Credit Card,Computer Incomes,"10,11"
11832,1,23,,,2024-11-30 09:21:08,Income,Cash,Playstation Incomes,"2,83"
11833,4,10,16.0,,2024-11-30 10:24:22,Income,Cash,Order Incomes,"23,28"
11834,1,10,26.0,,2024-11-30 17:34:58,Income,Cash,Order Incomes,"18,57"
11835,3,13,,,2024-11-30 20:15:34,Income,Cash,Computer Incomes,"21,39"
11836,2,11,13.0,,2024-11-30 17:11:59,Income,Cash,Order Incomes,"21,39"
11837,5,3,23.0,,2024-11-30 17:29:47,Income,Cash,Order Incomes,"12,93"
11838,5,14,,7.0,2024-11-30 17:47:50,Income,Cash,Member Transactions,"7,76"
11839,2,6,,,2024-11-30 12:55:03,Income,Cash,Computer Incomes,"23,04"
11840,3,16,,,2024-11-30 17:28:08,Income,Cash,Computer Incomes,"7,29"
11841,3,9,,,2024-11-30 09:40:54,Income,Cash,Computer Incomes,"12,93"
11842,5,6,24.0,,2024-11-30 14:04:21,Income,Credit Card,Order Incomes,"19,04"
11843,5,24,,,2024-11-30 16:28:25,Income,Cash,Playstation Incomes,"14,10"
11844,1,23,,,2024-11-30 23:21:36,Income,Cash,Playstation Incomes,"4,46"
11845,3,24,,,2024-11-30 20:14:10,Income,Cash,Playstation Incomes,"23,50"
11846,2,23,,,2024-11-30 21:33:45,Income,Cash,Playstation Incomes,"6,11"
11847,5,1,,,2024-11-30 18:06:12,Income,Cash,Computer Incomes,"9,40"
11848,4,8,,,2024-11-30 10:17:35,Income,Cash,Computer Incomes,"22,80"
11849,3,14,,,2024-11-30 19:28:51,Income,Cash,Computer Incomes,"19,50"
11850,4,13,,,2024-11-30 09:29:39,Income,Cash,Computer Incomes,"11,04"
11851,5,5,,,2024-11-30 21:19:59,Income,Cash,Computer Incomes,"12,92"
11852,5,24,,,2024-11-30 12:14:27,Income,Cash,Playstation Incomes,"21,15"
11853,3,23,,,2024-11-30 21:12:15,Income,Cash,Playstation Incomes,"23,27"
11854,4,24,,,2024-11-30 21:07:50,Income,Cash,Playstation Incomes,"2,82"
11855,1,5,18.0,,2024-11-30 09:17:06,Income,Cash,Order Incomes,"23,50"
11856,4,10,,,2024-11-30 19:35:33,Income,Cash,Computer Incomes,"7,28"
11857,5,12,,,2024-11-30 19:11:12,Income,Cash,Computer Incomes,"7,99"
11858,4,10,,,2024-11-30 17:45:02,Income,Cash,Computer Incomes,"10,10"
11859,3,1,,,2024-12-01 16:43:50,Income,Cash,Computer Incomes,"10,96"
11860,5,23,,,2024-12-01 13:06:59,Income,Cash,Playstation Incomes,"12,82"
11861,2,5,,,2024-12-01 15:00:37,Income,Cash,Computer Incomes,"11,38"
11862,1,24,,,2024-12-01 11:55:53,Income,Cash,Playstation Incomes,"7,24"
11863,4,4,,,2024-12-01 14:53:50,Income,Cash,Computer Incomes,"6,00"
11864,4,2,,,2024-12-01 13:41:16,Income,Cash,Computer Incomes,"15,31"
11865,1,23,,,2024-12-01 21:25:06,Income,Cash,Playstation Incomes,"7,44"
11866,2,1,,,2024-12-01 11:07:34,Income,Cash,Computer Incomes,"2,48"
11867,3,24,,,2024-12-01 17:05:19,Income,Cash,Playstation Incomes,"19,64"
11868,1,8,,,2024-12-01 23:09:33,Income,Cash,Computer Incomes,"20,67"
11869,3,11,32.0,,2024-12-01 11:10:07,Income,Cash,Order Incomes,"7,23"
11870,1,6,,,2024-12-01 09:11:07,Income,Cash,Computer Incomes,"19,64"
11871,2,8,,,2024-12-01 22:15:26,Income,Cash,Computer Incomes,"11,37"
11872,3,4,,,2024-12-01 13:40:35,Income,Credit Card,Computer Incomes,"6,82"
11873,2,7,,,2024-12-02 19:41:37,Income,Cash,Computer Incomes,"42,06"
11874,3,5,,,2024-12-02 16:06:09,Income,Cash,Computer Incomes,"12,75"
11875,1,6,36.0,,2024-12-02 17:05:43,Income,Cash,Order Incomes,"26,34"
11876,1,14,,,2024-12-02 12:47:37,Income,Cash,Computer Incomes,"17,00"
11877,2,16,,,2024-12-02 09:36:58,Income,Cash,Computer Incomes,"17,85"
11878,4,23,,,2024-12-02 18:24:25,Income,Cash,Playstation Incomes,"12,75"
11879,1,3,,,2024-12-02 13:51:50,Income,Cash,Computer Incomes,"6,80"
11880,3,3,48.0,,2024-12-02 21:25:45,Income,Cash,Order Incomes,"24,22"
11881,4,11,,,2024-12-02 18:37:17,Income,Cash,Computer Incomes,"8,93"
11882,1,3,18.0,,2024-12-02 15:13:55,Income,Cash,Order Incomes,"4,25"
11883,4,2,41.0,,2024-12-02 11:55:20,Income,Cash,Order Incomes,"23,36"
11884,5,24,,,2024-12-02 15:23:14,Income,Credit Card,Playstation Incomes,"19,96"
11885,5,5,,,2024-12-02 22:48:25,Income,Credit Card,Computer Incomes,"21,24"
11886,3,23,,,2024-12-02 23:14:15,Income,Cash,Playstation Incomes,"25,91"
11887,2,1,,,2024-12-02 16:50:11,Income,Cash,Computer Incomes,"34,83"
11888,3,16,,,2024-12-02 12:47:02,Income,Cash,Computer Incomes,"14,01"
11889,5,6,,,2024-12-02 12:17:53,Income,Cash,Computer Incomes,"4,67"
11890,1,9,,,2024-12-02 12:01:19,Income,Cash,Computer Incomes,"28,88"
11891,2,24,,,2024-12-02 13:20:19,Income,Cash,Playstation Incomes,"32,28"
11892,1,16,38.0,,2024-12-03 10:21:49,Income,Cash,Order Incomes,"19,39"
11893,2,14,41.0,,2024-12-03 19:16:24,Income,Cash,Order Incomes,"19,39"
11894,1,4,,,2024-12-03 11:38:19,Income,Cash,Computer Incomes,"4,34"
11895,2,5,,40.0,2024-12-03 17:13:07,Income,Cash,Member Transactions,"7,24"
11896,2,1,,,2024-12-03 18:16:50,Income,Cash,Computer Incomes,"6,95"
11897,1,6,,,2024-12-03 19:10:20,Income,Cash,Computer Incomes,"21,12"
11898,3,16,,9.0,2024-12-03 14:38:21,Income,Cash,Member Transactions,"26,62"
11899,1,23,,,2024-12-03 18:24:57,Income,Cash,Playstation Incomes,"27,78"
11900,3,5,,,2024-12-03 16:07:38,Income,Cash,Computer Incomes,"19,68"
11901,3,24,,,2024-12-03 12:49:01,Income,Cash,Playstation Incomes,"6,94"
11902,1,23,,,2024-12-03 21:58:24,Income,Cash,Playstation Incomes,"13,01"
11903,4,10,,,2024-12-03 22:36:50,Income,Cash,Computer Incomes,"22,27"
11904,2,24,,,2024-12-03 09:33:17,Income,Cash,Playstation Incomes,"15,33"
11905,3,6,7.0,,2024-12-03 14:33:20,Income,Credit Card,Order Incomes,"11,86"
11906,1,13,,,2024-12-03 09:14:17,Income,Cash,Computer Incomes,"16,20"
11907,5,14,,,2024-12-03 12:24:29,Income,Cash,Computer Incomes,"27,48"
11908,4,2,,,2024-12-03 15:20:24,Income,Cash,Computer Incomes,"28,06"
11909,1,8,23.0,,2024-12-03 23:13:14,Income,Cash,Order Incomes,"23,14"
11910,5,1,,,2024-12-03 18:58:09,Income,Cash,Computer Incomes,"3,76"
11911,5,13,,,2024-12-03 13:33:43,Income,Cash,Computer Incomes,"11,28"
11912,3,6,,,2024-12-03 19:21:56,Income,Credit Card,Computer Incomes,"16,20"
11913,5,23,,,2024-12-03 12:56:51,Income,Cash,Playstation Incomes,"26,03"
11914,1,6,,,2024-12-03 12:08:31,Income,Cash,Computer Incomes,"4,05"
11915,3,8,47.0,,2024-12-03 12:05:06,Income,Credit Card,Order Incomes,"5,78"
11916,1,4,,,2024-12-04 11:36:06,Income,Cash,Computer Incomes,"29,67"
11917,3,13,,,2024-12-04 09:04:50,Income,Cash,Computer Incomes,"18,15"
11918,5,4,,,2024-12-04 21:12:37,Income,Credit Card,Computer Incomes,"18,85"
11919,2,3,,,2024-12-04 21:52:35,Income,Cash,Computer Incomes,"26,18"
11920,1,14,,,2024-12-04 20:00:27,Income,Cash,Computer Incomes,"11,87"
11921,3,1,48.0,,2024-12-04 21:49:16,Income,Cash,Order Incomes,"4,89"
11922,2,2,,15.0,2024-12-04 23:27:43,Income,Cash,Member Transactions,"17,79"
11923,2,9,,,2024-12-04 21:13:35,Income,Cash,Computer Incomes,"18,49"
11924,4,24,,,2024-12-04 12:22:45,Income,Cash,Playstation Incomes,"17,44"
11925,5,23,,,2024-12-04 16:07:37,Income,Cash,Playstation Incomes,"18,14"
11926,3,16,,42.0,2024-12-04 22:27:30,Income,Cash,Member Transactions,"27,56"
11927,4,4,,,2024-12-04 21:28:24,Income,Cash,Computer Incomes,"18,49"
11928,4,4,,,2024-12-04 13:32:15,Income,Cash,Computer Incomes,"4,53"
11929,1,24,,,2024-12-04 21:59:20,Income,Cash,Playstation Incomes,"22,68"
11930,2,5,31.0,,2024-12-05 14:00:12,Income,Cash,Order Incomes,"13,55"
11931,5,7,,,2024-12-05 21:03:02,Income,Cash,Computer Incomes,"12,83"
11932,1,8,,,2024-12-05 13:40:44,Income,Cash,Computer Incomes,"4,47"
11933,5,23,,,2024-12-05 16:16:17,Income,Cash,Playstation Incomes,"8,08"
11934,5,8,,,2024-12-05 15:27:43,Income,Cash,Computer Incomes,"11,68"
11935,5,10,,,2024-12-05 23:18:32,Income,Cash,Computer Incomes,"7,79"
11936,2,24,,,2024-12-05 21:10:55,Income,Cash,Playstation Incomes,"13,12"
11937,4,11,3.0,,2024-12-05 14:02:45,Income,Cash,Order Incomes,"8,37"
11938,3,23,,,2024-12-05 10:31:28,Income,Cash,Playstation Incomes,"5,48"
11939,5,12,,8.0,2024-12-05 11:18:35,Income,Cash,Member Transactions,"1,88"
11940,5,10,,,2024-12-05 20:20:14,Income,Credit Card,Computer Incomes,"5,90"
11941,2,5,,62.0,2024-12-05 13:50:49,Income,Credit Card,Member Transactions,"4,90"
11942,5,15,,,2024-12-05 12:14:29,Income,Cash,Computer Incomes,"12,68"
11943,4,24,,,2024-12-05 12:57:46,Income,Cash,Playstation Incomes,"12,68"
11944,4,15,23.0,,2024-12-05 12:19:08,Income,Credit Card,Order Incomes,"13,54"
11945,3,12,29.0,,2024-12-05 11:00:40,Income,Credit Card,Order Incomes,"2,01"
11946,3,7,,,2024-12-05 22:38:45,Income,Credit Card,Computer Incomes,"12,97"
11947,5,5,,,2024-12-05 11:13:11,Income,Cash,Computer Incomes,"10,81"
11948,5,23,,,2024-12-06 15:48:32,Income,Credit Card,Playstation Incomes,"12,49"
11949,4,3,,,2024-12-06 20:13:17,Income,Cash,Computer Incomes,"19,21"
11950,3,24,,,2024-12-06 11:20:09,Income,Cash,Playstation Incomes,"1,93"
11951,4,3,35.0,,2024-12-06 14:11:27,Income,Cash,Order Incomes,"13,06"
11952,1,10,,,2024-12-06 15:13:06,Income,Cash,Computer Incomes,"10,95"
11953,4,23,,,2024-12-06 16:13:09,Income,Cash,Playstation Incomes,"12,10"
11954,3,24,,,2024-12-06 18:01:28,Income,Cash,Playstation Incomes,"13,83"
11955,1,14,,,2024-12-06 20:14:19,Income,Cash,Computer Incomes,"15,94"
11956,4,11,,,2024-12-06 23:03:07,Income,Cash,Computer Incomes,"10,57"
11957,3,4,,,2024-12-06 20:22:23,Income,Cash,Computer Incomes,"12,10"
11958,2,4,,,2024-12-06 16:24:16,Income,Cash,Computer Incomes,"17,86"
11959,5,23,,,2024-12-06 10:43:49,Income,Cash,Playstation Incomes,"11,33"
11960,3,11,,,2024-12-06 11:56:16,Income,Cash,Computer Incomes,"17,09"
11961,2,3,,,2024-12-06 12:46:55,Income,Cash,Computer Incomes,"13,83"
11962,2,15,,,2024-12-06 09:52:06,Income,Cash,Computer Incomes,"10,95"
11963,1,6,,,2024-12-06 13:36:51,Income,Cash,Computer Incomes,"6,53"
11964,1,15,4.0,,2024-12-06 17:35:31,Income,Cash,Order Incomes,"10,18"
11965,1,24,,,2024-12-06 12:24:39,Income,Cash,Playstation Incomes,"12,48"
11966,2,6,,,2024-12-06 15:46:33,Income,Cash,Computer Incomes,"8,83"
11967,1,12,28.0,,2024-12-06 15:56:20,Income,Cash,Order Incomes,"10,17"
11968,1,16,,,2024-12-06 22:34:50,Income,Cash,Computer Incomes,"4,60"
11969,1,8,6.0,,2024-12-06 18:20:45,Income,Cash,Order Incomes,"5,18"
11970,3,14,,,2024-12-06 15:56:53,Income,Cash,Computer Incomes,"3,64"
11971,5,1,,48.0,2024-12-06 23:59:25,Income,Cash,Member Transactions,"4,03"
11972,3,1,,,2024-12-06 22:07:42,Income,Cash,Computer Incomes,"1,92"
11973,5,14,,,2024-12-06 11:52:13,Income,Credit Card,Computer Incomes,"4,80"
11974,1,23,,,2024-12-06 09:00:47,Income,Cash,Playstation Incomes,"14,78"
11975,4,24,,,2024-12-06 18:20:00,Income,Cash,Playstation Incomes,"15,16"
11976,2,14,,,2024-12-06 15:04:23,Income,Cash,Computer Incomes,"11,52"
11977,2,23,,,2024-12-06 11:19:25,Income,Cash,Playstation Incomes,"16,70"
11978,4,24,,,2024-12-06 19:58:53,Income,Cash,Playstation Incomes,"11,32"
11979,2,9,,,2024-12-06 12:42:13,Income,Cash,Computer Incomes,"17,85"
11980,1,2,,,2024-12-06 21:48:33,Income,Cash,Computer Incomes,"9,98"
11981,5,9,30.0,,2024-12-06 10:46:08,Income,Cash,Order Incomes,"12,86"
11982,5,16,,,2024-12-06 20:25:13,Income,Cash,Computer Incomes,"18,62"
11983,3,8,,,2024-12-06 12:02:12,Income,Credit Card,Computer Incomes,"11,52"
11984,5,23,,,2024-12-06 15:28:01,Income,Cash,Playstation Incomes,"3,45"
11985,2,6,,,2024-12-06 10:03:32,Income,Cash,Computer Incomes,"5,18"
11986,5,15,,,2024-12-07 18:22:16,Income,Cash,Computer Incomes,"7,47"
11987,5,15,1.0,,2024-12-07 19:41:21,Income,Cash,Order Incomes,"6,70"
11988,5,4,,,2024-12-07 19:23:40,Income,Cash,Computer Incomes,"15,97"
11989,2,24,,,2024-12-07 22:27:44,Income,Cash,Playstation Incomes,"18,03"
11990,1,23,,,2024-12-07 16:09:40,Income,Cash,Playstation Incomes,"14,43"
11991,2,2,,,2024-12-07 17:56:10,Income,Cash,Computer Incomes,"25,76"
11992,5,15,,,2024-12-07 13:58:20,Income,Credit Card,Computer Incomes,"21,38"
11993,1,12,,,2024-12-07 09:04:39,Income,Cash,Computer Incomes,"9,53"
11994,2,6,,,2024-12-07 17:57:51,Income,Cash,Computer Incomes,"12,11"
11995,4,9,29.0,,2024-12-07 20:15:50,Income,Cash,Order Incomes,"24,47"
11996,2,2,,,2024-12-07 19:44:33,Income,Cash,Computer Incomes,"25,25"
11997,2,11,30.0,,2024-12-07 22:52:10,Income,Cash,Order Incomes,"16,23"
11998,3,15,43.0,,2024-12-07 15:00:49,Income,Cash,Order Incomes,"19,84"
11999,2,5,46.0,,2024-12-07 14:55:29,Income,Cash,Order Incomes,"12,37"
12000,2,5,,,2024-12-07 11:57:15,Income,Cash,Computer Incomes,"3,35"
12001,1,2,,,2024-12-07 11:08:33,Income,Cash,Computer Incomes,"21,38"
12002,2,16,,52.0,2024-12-07 23:07:37,Income,Cash,Member Transactions,"7,47"
12003,3,24,,,2024-12-07 15:22:19,Income,Cash,Playstation Incomes,"17,78"
12004,1,1,,,2024-12-07 22:15:08,Income,Cash,Computer Incomes,"17,78"
12005,3,23,,,2024-12-07 12:57:59,Income,Cash,Playstation Incomes,"3,86"
12006,2,4,15.0,,2024-12-07 12:03:49,Income,Cash,Order Incomes,"21,37"
12007,4,24,,,2024-12-07 09:11:29,Income,Cash,Playstation Incomes,"15,45"
12008,4,2,,,2024-12-07 18:22:57,Income,Cash,Computer Incomes,"5,66"
12009,4,9,,,2024-12-07 11:41:44,Income,Cash,Computer Incomes,"18,28"
12010,3,4,,,2024-12-07 10:37:14,Income,Credit Card,Computer Incomes,"8,24"
12011,1,1,,,2024-12-07 12:00:51,Income,Cash,Computer Incomes,"2,57"
12012,4,23,,,2024-12-07 11:04:36,Income,Cash,Playstation Incomes,"9,52"
12013,1,4,,5.0,2024-12-07 17:10:33,Income,Cash,Member Transactions,"4,63"
12014,4,16,,,2024-12-07 15:07:28,Income,Cash,Computer Incomes,"2,57"
12015,2,8,,,2024-12-07 21:42:14,Income,Cash,Computer Incomes,"8,24"
12016,2,7,,,2024-12-07 12:43:54,Income,Cash,Computer Incomes,"5,92"
12017,1,7,1.0,,2024-12-07 19:02:28,Income,Cash,Order Incomes,"2,57"
12018,1,10,,63.0,2024-12-07 14:08:21,Income,Cash,Member Transactions,"6,18"
12019,5,16,,,2024-12-07 15:51:28,Income,Cash,Computer Incomes,"9,52"
12020,5,24,,,2024-12-08 19:47:01,Income,Cash,Playstation Incomes,"7,64"
12021,3,3,,49.0,2024-12-08 23:43:04,Income,Cash,Member Transactions,"29,09"
12022,1,6,,,2024-12-08 10:37:00,Income,Cash,Computer Incomes,"10,91"
12023,3,23,,,2024-12-08 09:32:39,Income,Cash,Playstation Incomes,"21,82"
12024,3,24,,,2024-12-08 21:30:04,Income,Credit Card,Playstation Incomes,"10,91"
12025,1,11,,,2024-12-08 12:32:53,Income,Cash,Computer Incomes,"12,37"
12026,1,14,,51.0,2024-12-08 17:30:29,Income,Cash,Member Transactions,"35,64"
12027,2,2,,,2024-12-08 09:28:01,Income,Credit Card,Computer Incomes,"8,00"
12028,5,6,,,2024-12-08 23:39:23,Income,Cash,Computer Incomes,"14,90"
12029,4,7,,,2024-12-08 21:30:06,Income,Credit Card,Computer Incomes,"13,08"
12030,1,16,45.0,,2024-12-08 16:49:41,Income,Cash,Order Incomes,"5,81"
12031,1,23,,,2024-12-08 16:01:53,Income,Cash,Playstation Incomes,"13,45"
12032,3,1,,,2024-12-08 19:28:04,Income,Cash,Computer Incomes,"34,53"
12033,5,4,9.0,,2024-12-08 16:20:44,Income,Cash,Order Incomes,"4,36"
12034,5,15,,,2024-12-09 22:51:35,Income,Cash,Computer Incomes,"3,27"
12035,2,7,,,2024-12-09 10:08:37,Income,Credit Card,Computer Incomes,"10,45"
12036,1,24,,,2024-12-09 15:42:04,Income,Cash,Playstation Incomes,"2,40"
12037,5,5,42.0,,2024-12-09 14:39:58,Income,Cash,Order Incomes,"7,84"
12038,5,1,,,2024-12-09 16:27:09,Income,Cash,Computer Incomes,"21,56"
12039,1,23,,,2024-12-09 16:25:18,Income,Cash,Playstation Incomes,"15,24"
12040,5,24,,,2024-12-09 09:00:26,Income,Cash,Playstation Incomes,"11,32"
12041,4,23,,,2024-12-09 17:13:36,Income,Credit Card,Playstation Incomes,"16,33"
12042,5,24,,,2024-12-09 10:37:30,Income,Cash,Playstation Incomes,"4,14"
12043,4,1,,,2024-12-09 09:21:52,Income,Credit Card,Computer Incomes,"3,05"
12044,4,5,,,2024-12-09 09:48:29,Income,Cash,Computer Incomes,"18,73"
12045,1,9,,,2024-12-09 11:10:25,Income,Cash,Computer Incomes,"8,71"
12046,4,23,,,2024-12-09 09:36:01,Income,Cash,Playstation Incomes,"10,44"
12047,1,12,,42.0,2024-12-09 09:09:22,Income,Cash,Member Transactions,"19,59"
12048,5,5,,,2024-12-09 22:08:08,Income,Cash,Computer Incomes,"5,87"
12049,4,6,,,2024-12-09 12:49:05,Income,Cash,Computer Incomes,"3,48"
12050,3,8,,,2024-12-09 21:34:27,Income,Cash,Computer Incomes,"11,53"
12051,4,5,,,2024-12-09 23:37:06,Income,Cash,Computer Incomes,"20,46"
12052,5,6,,,2024-12-09 15:13:53,Income,Cash,Computer Incomes,"18,72"
12053,4,24,,,2024-12-09 12:27:55,Income,Credit Card,Playstation Incomes,"17,19"
12054,5,12,,,2024-12-09 17:28:18,Income,Cash,Computer Incomes,"8,70"
12055,2,10,,,2024-12-10 16:18:42,Income,Credit Card,Computer Incomes,"23,14"
12056,3,23,,,2024-12-10 09:35:17,Income,Cash,Playstation Incomes,"10,72"
12057,2,11,,,2024-12-10 17:24:13,Income,Cash,Computer Incomes,"6,58"
12058,4,6,26.0,,2024-12-10 23:40:23,Income,Cash,Order Incomes,"10,96"
12059,1,24,,,2024-12-10 09:09:43,Income,Cash,Playstation Incomes,"16,56"
12060,4,23,,,2024-12-10 23:37:36,Income,Cash,Playstation Incomes,"22,41"
12061,3,24,,,2024-12-10 18:19:51,Income,Cash,Playstation Incomes,"2,93"
12062,3,3,,,2024-12-10 19:48:29,Income,Cash,Computer Incomes,"21,92"
12063,5,10,,51.0,2024-12-10 22:16:32,Income,Credit Card,Member Transactions,"19,24"
12064,1,16,,,2024-12-10 18:13:38,Income,Cash,Computer Incomes,"10,71"
12065,3,11,,,2024-12-10 19:03:41,Income,Cash,Computer Incomes,"9,49"
12066,4,4,,,2024-12-10 12:59:23,Income,Credit Card,Computer Incomes,"13,14"
12067,3,8,,,2024-12-10 11:17:58,Income,Cash,Computer Incomes,"10,95"
12068,1,5,,,2024-12-10 15:06:14,Income,Cash,Computer Incomes,"24,34"
12069,2,2,,,2024-12-10 12:29:13,Income,Cash,Computer Incomes,"10,95"
12070,4,16,,,2024-12-10 19:07:00,Income,Cash,Computer Incomes,"5,11"
12071,2,6,29.0,,2024-12-10 18:00:14,Income,Cash,Order Incomes,"15,58"
12072,2,23,,,2024-12-10 17:54:19,Income,Cash,Playstation Incomes,"19,23"
12073,1,7,26.0,,2024-12-10 21:55:54,Income,Cash,Order Incomes,"14,85"
12074,4,24,,,2024-12-10 17:44:08,Income,Cash,Playstation Incomes,"4,62"
12075,4,11,39.0,,2024-12-10 23:15:55,Income,Cash,Order Incomes,"18,99"
12076,4,23,,,2024-12-11 15:04:40,Income,Cash,Playstation Incomes,"16,85"
12077,4,13,,,2024-12-11 17:20:38,Income,Credit Card,Computer Incomes,"31,74"
12078,5,24,,,2024-12-11 17:51:10,Income,Cash,Playstation Incomes,"32,07"
12079,2,12,,43.0,2024-12-11 20:36:36,Income,Cash,Member Transactions,"12,31"
12080,5,14,,,2024-12-11 23:17:11,Income,Cash,Computer Incomes,"17,82"
12081,2,16,,,2024-12-11 19:02:34,Income,Cash,Computer Incomes,"8,43"
12082,5,10,,,2024-12-11 19:10:58,Income,Cash,Computer Incomes,"11,99"
12083,1,23,,,2024-12-11 22:15:14,Income,Cash,Playstation Incomes,"31,42"
12084,4,3,,,2024-12-11 14:25:26,Income,Cash,Computer Incomes,"6,81"
12085,3,14,,,2024-12-11 19:10:46,Income,Cash,Computer Incomes,"7,13"
12086,4,11,,,2024-12-11 21:59:29,Income,Cash,Computer Incomes,"8,42"
12087,1,15,,,2024-12-11 17:20:57,Income,Cash,Computer Incomes,"23,31"
12088,1,11,21.0,,2024-12-11 20:06:28,Income,Cash,Order Incomes,"9,71"
12089,3,3,,48.0,2024-12-11 19:15:33,Income,Cash,Member Transactions,"25,91"
12090,1,6,,,2024-12-11 18:45:07,Income,Cash,Computer Incomes,"28,17"
12091,1,11,13.0,,2024-12-11 15:23:43,Income,Cash,Order Incomes,"19,10"
12092,2,8,29.0,,2024-12-11 22:49:41,Income,Credit Card,Order Incomes,"19,43"
12093,5,9,,28.0,2024-12-11 17:47:49,Income,Credit Card,Member Transactions,"18,78"
12094,2,8,,54.0,2024-12-11 17:42:54,Income,Cash,Member Transactions,"9,39"
12095,4,14,,,2024-12-11 14:47:46,Income,Cash,Computer Incomes,"32,38"
12096,4,6,,,2024-12-11 12:29:55,Income,Credit Card,Computer Incomes,"4,85"
12097,4,8,46.0,,2024-12-12 09:46:16,Income,Credit Card,Order Incomes,"12,31"
12098,4,16,7.0,,2024-12-12 10:09:39,Income,Cash,Order Incomes,"8,34"
12099,1,5,35.0,,2024-12-12 22:39:46,Income,Cash,Order Incomes,"20,44"
12100,3,14,,,2024-12-12 10:19:21,Income,Cash,Computer Incomes,"5,63"
12101,3,4,,,2024-12-12 23:31:03,Income,Cash,Computer Incomes,"2,92"
12102,2,2,,,2024-12-12 20:35:00,Income,Cash,Computer Incomes,"4,17"
12103,3,7,,,2024-12-12 16:57:17,Income,Cash,Computer Incomes,"20,02"
12104,5,24,,,2024-12-12 21:20:28,Income,Cash,Playstation Incomes,"14,59"
12105,2,23,,,2024-12-12 09:24:07,Income,Cash,Playstation Incomes,"15,01"
12106,1,11,7.0,,2024-12-12 23:05:22,Income,Cash,Order Incomes,"3,75"
12107,1,12,,,2024-12-12 16:43:35,Income,Cash,Computer Incomes,"9,59"
12108,5,24,,,2024-12-12 15:59:31,Income,Cash,Playstation Incomes,"20,01"
12109,4,3,,,2024-12-12 09:35:54,Income,Cash,Computer Incomes,"2,71"
12110,1,23,,,2024-12-12 11:41:34,Income,Cash,Playstation Incomes,"13,76"
12111,1,8,,11.0,2024-12-12 11:05:08,Income,Cash,Member Transactions,"10,84"
12112,3,9,,,2024-12-12 22:47:31,Income,Cash,Computer Incomes,"14,17"
12113,1,24,,,2024-12-13 13:21:31,Income,Credit Card,Playstation Incomes,"6,97"
12114,5,11,,,2024-12-13 22:13:35,Income,Cash,Computer Incomes,"16,62"
12115,5,4,,46.0,2024-12-13 13:23:30,Income,Cash,Member Transactions,"12,80"
12116,2,23,,,2024-12-13 12:42:24,Income,Credit Card,Playstation Incomes,"9,44"
12117,3,24,,,2024-12-13 20:27:19,Income,Cash,Playstation Incomes,"15,27"
12118,4,8,,47.0,2024-12-13 11:44:57,Income,Cash,Member Transactions,"19,31"
12119,4,6,46.0,,2024-12-13 22:37:25,Income,Credit Card,Order Incomes,"4,94"
12120,2,23,,,2024-12-13 15:51:54,Income,Cash,Playstation Incomes,"2,25"
12121,2,10,,,2024-12-13 11:11:38,Income,Cash,Computer Incomes,"19,76"
12122,2,11,7.0,,2024-12-13 13:11:09,Income,Cash,Order Incomes,"8,76"
12123,4,8,,,2024-12-13 17:45:32,Income,Cash,Computer Incomes,"18,87"
12124,3,5,,,2024-12-13 22:19:28,Income,Cash,Computer Incomes,"7,64"
12125,5,3,,,2024-12-13 19:40:59,Income,Cash,Computer Incomes,"4,94"
12126,2,8,,,2024-12-13 23:29:07,Income,Credit Card,Computer Incomes,"12,58"
12127,4,24,,,2024-12-13 21:21:59,Income,Cash,Playstation Incomes,"11,01"
12128,3,9,,,2024-12-13 19:09:45,Income,Cash,Computer Incomes,"16,17"
12129,1,4,,,2024-12-13 10:02:24,Income,Cash,Computer Incomes,"5,61"
12130,5,2,,,2024-12-13 20:52:36,Income,Cash,Computer Incomes,"16,84"
12131,3,13,,,2024-12-13 11:25:30,Income,Cash,Computer Incomes,"8,30"
12132,1,15,,,2024-12-13 22:53:37,Income,Cash,Computer Incomes,"7,85"
12133,4,7,,,2024-12-13 17:18:11,Income,Cash,Computer Incomes,"21,10"
12134,1,10,,,2024-12-13 15:22:45,Income,Cash,Computer Incomes,"15,04"
12135,4,23,,,2024-12-13 16:07:48,Income,Cash,Playstation Incomes,"13,02"
12136,5,16,,,2024-12-13 22:08:53,Income,Cash,Computer Incomes,"15,49"
12137,5,5,,51.0,2024-12-13 22:53:37,Income,Cash,Member Transactions,"17,51"
12138,1,5,,,2024-12-13 16:07:09,Income,Credit Card,Computer Incomes,"8,30"
12139,3,2,,,2024-12-13 15:27:40,Income,Cash,Computer Incomes,"16,84"
12140,1,24,,,2024-12-13 19:01:47,Income,Cash,Playstation Incomes,"6,51"
12141,5,13,,,2024-12-13 21:37:27,Income,Credit Card,Computer Incomes,"21,33"
12142,5,15,,,2024-12-13 22:27:47,Income,Cash,Computer Incomes,"4,26"
12143,3,6,17.0,,2024-12-13 19:12:32,Income,Cash,Order Incomes,"10,10"
12144,4,2,,,2024-12-13 13:24:39,Income,Cash,Computer Incomes,"2,91"
12145,3,23,,,2024-12-14 21:31:07,Income,Cash,Playstation Incomes,"18,02"
12146,1,12,,,2024-12-14 14:43:07,Income,Cash,Computer Incomes,"24,99"
12147,2,10,,,2024-12-14 12:42:08,Income,Cash,Computer Incomes,"4,65"
12148,4,5,24.0,,2024-12-14 11:17:12,Income,Cash,Order Incomes,"3,20"
12149,5,24,,,2024-12-14 16:31:53,Income,Cash,Playstation Incomes,"3,78"
12150,2,23,,,2024-12-14 16:26:54,Income,Cash,Playstation Incomes,"24,99"
12151,2,6,,,2024-12-14 11:40:31,Income,Cash,Computer Incomes,"28,76"
12152,5,5,,58.0,2024-12-14 10:04:36,Income,Cash,Member Transactions,"14,24"
12153,3,16,,,2024-12-14 16:32:01,Income,Cash,Computer Incomes,"28,18"
12154,1,16,,24.0,2024-12-14 23:59:59,Income,Cash,Member Transactions,"22,37"
12155,2,14,,,2024-12-14 09:20:22,Income,Cash,Computer Incomes,"25,57"
12156,3,6,,18.0,2024-12-14 14:35:22,Income,Credit Card,Member Transactions,"23,53"
12157,2,10,,,2024-12-14 17:12:30,Income,Cash,Computer Incomes,"28,18"
12158,2,24,,,2024-12-14 22:46:46,Income,Cash,Playstation Incomes,"7,56"
12159,1,15,,,2024-12-14 18:36:18,Income,Cash,Computer Incomes,"10,17"
12160,1,23,,,2024-12-14 14:17:37,Income,Credit Card,Playstation Incomes,"13,95"
12161,1,15,,,2024-12-14 15:00:41,Income,Cash,Computer Incomes,"13,36"
12162,3,14,,,2024-12-14 23:39:56,Income,Cash,Computer Incomes,"17,42"
12163,5,14,,,2024-12-14 16:29:39,Income,Cash,Computer Incomes,"3,48"
12164,5,16,,,2024-12-14 18:56:47,Income,Cash,Computer Incomes,"10,45"
12165,2,16,5.0,,2024-12-14 21:38:26,Income,Cash,Order Incomes,"26,14"
12166,3,8,,,2024-12-14 09:26:16,Income,Cash,Computer Incomes,"28,75"
12167,5,24,,,2024-12-14 23:07:09,Income,Cash,Playstation Incomes,"6,39"
12168,3,3,,,2024-12-14 23:56:38,Income,Cash,Computer Incomes,"12,20"
12169,5,10,,,2024-12-14 19:51:20,Income,Cash,Computer Incomes,"12,20"
12170,2,2,,,2024-12-14 15:36:22,Income,Cash,Computer Incomes,"19,46"
12171,5,2,,,2024-12-14 11:33:34,Income,Cash,Computer Incomes,"23,52"
12172,1,23,,,2024-12-14 11:47:01,Income,Cash,Playstation Incomes,"4,06"
12173,5,24,,,2024-12-14 23:58:17,Income,Cash,Playstation Incomes,"6,68"
12174,4,14,,61.0,2024-12-14 09:54:08,Income,Cash,Member Transactions,"5,22"
12175,1,1,,37.0,2024-12-14 21:39:16,Income,Cash,Member Transactions,"8,42"
12176,2,5,,,2024-12-14 22:14:46,Income,Credit Card,Computer Incomes,"20,62"
12177,4,13,,,2024-12-14 13:22:27,Income,Cash,Computer Incomes,"9,29"
12178,3,23,,,2024-12-15 20:21:04,Income,Cash,Playstation Incomes,"9,94"
12179,2,24,,,2024-12-15 21:43:03,Income,Cash,Playstation Incomes,"10,63"
12180,1,1,,,2024-12-15 10:33:45,Income,Cash,Computer Incomes,"7,54"
12181,5,23,,,2024-12-15 19:46:06,Income,Cash,Playstation Incomes,"22,62"
12182,3,12,46.0,,2024-12-15 17:44:27,Income,Credit Card,Order Incomes,"14,06"
12183,3,6,,,2024-12-15 15:12:00,Income,Cash,Computer Incomes,"23,31"
12184,3,7,,,2024-12-15 12:32:09,Income,Cash,Computer Incomes,"6,17"
12185,5,16,47.0,,2024-12-15 15:04:00,Income,Cash,Order Incomes,"32,22"
12186,1,24,,,2024-12-15 12:24:28,Income,Cash,Playstation Incomes,"26,38"
12187,3,4,,,2024-12-15 10:07:41,Income,Cash,Computer Incomes,"15,07"
12188,2,3,,,2024-12-15 10:24:02,Income,Cash,Computer Incomes,"30,50"
12189,5,2,,,2024-12-15 15:52:04,Income,Cash,Computer Incomes,"14,39"
12190,1,3,,,2024-12-15 23:09:01,Income,Cash,Computer Incomes,"10,62"
12191,5,4,27.0,,2024-12-15 22:39:43,Income,Cash,Order Incomes,"18,16"
12192,5,23,,,2024-12-15 22:14:11,Income,Cash,Playstation Incomes,"26,73"
12193,5,24,,,2024-12-16 14:14:20,Income,Cash,Playstation Incomes,"10,45"
12194,3,23,,,2024-12-16 14:49:43,Income,Cash,Playstation Incomes,"8,51"
12195,2,3,,,2024-12-16 13:48:47,Income,Credit Card,Computer Incomes,"9,29"
12196,3,15,,,2024-12-16 20:22:26,Income,Cash,Computer Incomes,"37,91"
12197,1,11,46.0,,2024-12-16 17:49:30,Income,Cash,Order Incomes,"12,00"
12198,1,2,,23.0,2024-12-16 18:14:50,Income,Cash,Member Transactions,"11,22"
12199,2,8,,,2024-12-16 12:51:55,Income,Cash,Computer Incomes,"37,91"
12200,5,10,,,2024-12-16 12:58:15,Income,Cash,Computer Incomes,"11,61"
12201,5,15,,,2024-12-16 23:21:30,Income,Cash,Computer Incomes,"11,60"
12202,1,14,9.0,,2024-12-16 17:54:20,Income,Cash,Order Incomes,"31,71"
12203,4,24,,,2024-12-16 14:41:33,Income,Cash,Playstation Incomes,"37,51"
12204,3,3,,,2024-12-16 21:38:13,Income,Cash,Computer Incomes,"34,42"
12205,3,13,49.0,,2024-12-16 14:11:07,Income,Credit Card,Order Incomes,"16,24"
12206,3,13,,13.0,2024-12-16 14:18:01,Income,Credit Card,Member Transactions,"37,13"
12207,2,1,,,2024-12-16 14:55:17,Income,Cash,Computer Incomes,"19,33"
12208,1,15,,,2024-12-17 12:31:28,Income,Cash,Computer Incomes,"28,78"
12209,1,16,,62.0,2024-12-17 09:50:03,Income,Cash,Member Transactions,"16,19"
12210,1,23,,,2024-12-17 18:59:48,Income,Cash,Playstation Incomes,"4,80"
12211,5,24,,,2024-12-17 18:29:56,Income,Cash,Playstation Incomes,"20,68"
12212,4,13,,,2024-12-17 20:15:24,Income,Credit Card,Computer Incomes,"16,19"
12213,5,10,10.0,,2024-12-17 22:16:58,Income,Cash,Order Incomes,"20,38"
12214,2,23,,,2024-12-17 20:32:39,Income,Cash,Playstation Incomes,"22,18"
12215,5,5,,,2024-12-17 09:33:48,Income,Cash,Computer Incomes,"5,40"
12216,3,13,,,2024-12-17 11:08:06,Income,Cash,Computer Incomes,"10,49"
12217,4,14,,,2024-12-17 11:39:02,Income,Cash,Computer Incomes,"3,89"
12218,4,24,,,2024-12-17 09:17:48,Income,Cash,Playstation Incomes,"22,17"
12219,3,1,,,2024-12-17 16:09:22,Income,Cash,Computer Incomes,"20,07"
12220,1,23,,,2024-12-17 12:35:26,Income,Credit Card,Playstation Incomes,"13,48"
12221,5,24,,,2024-12-17 23:48:53,Income,Credit Card,Playstation Incomes,"3,59"
12222,3,8,,,2024-12-18 15:53:06,Income,Cash,Computer Incomes,"9,72"
12223,1,13,,49.0,2024-12-18 12:07:17,Income,Cash,Member Transactions,"15,98"
12224,4,10,,,2024-12-18 17:28:57,Income,Credit Card,Computer Incomes,"8,21"
12225,3,9,6.0,,2024-12-18 14:42:00,Income,Cash,Order Incomes,"18,57"
12226,3,12,,,2024-12-18 21:15:40,Income,Cash,Computer Incomes,"12,96"
12227,1,23,,,2024-12-18 17:29:33,Income,Cash,Playstation Incomes,"17,49"
12228,4,3,,,2024-12-18 20:05:16,Income,Credit Card,Computer Incomes,"21,16"
12229,5,1,32.0,,2024-12-18 20:53:20,Income,Credit Card,Order Incomes,"6,70"
12230,3,16,32.0,,2024-12-18 11:35:47,Income,Cash,Order Incomes,"19,86"
12231,4,13,,,2024-12-18 20:22:54,Income,Cash,Computer Incomes,"20,94"
12232,2,15,,,2024-12-18 16:42:24,Income,Cash,Computer Incomes,"4,96"
12233,4,24,,,2024-12-18 16:52:46,Income,Cash,Playstation Incomes,"19,64"
12234,2,10,,,2024-12-18 11:17:26,Income,Credit Card,Computer Incomes,"9,06"
12235,3,4,,,2024-12-18 13:53:30,Income,Cash,Computer Incomes,"21,15"
12236,3,5,,,2024-12-18 22:24:47,Income,Credit Card,Computer Incomes,"16,19"
12237,3,3,,,2024-12-18 23:20:42,Income,Credit Card,Computer Incomes,"5,18"
12238,2,8,41.0,,2024-12-18 18:50:48,Income,Credit Card,Order Incomes,"15,76"
12239,5,11,,,2024-12-18 12:22:56,Income,Cash,Computer Incomes,"9,93"
12240,5,12,,,2024-12-19 16:23:34,Income,Credit Card,Computer Incomes,"20,36"
12241,4,7,19.0,,2024-12-19 17:13:53,Income,Cash,Order Incomes,"11,13"
12242,3,13,,,2024-12-19 23:37:05,Income,Cash,Computer Incomes,"22,58"
12243,2,13,,,2024-12-19 17:52:23,Income,Cash,Computer Incomes,"14,63"
12244,2,11,,,2024-12-19 20:40:52,Income,Cash,Computer Incomes,"23,54"
12245,1,16,,,2024-12-19 20:40:25,Income,Cash,Computer Incomes,"14,31"
12246,1,15,,,2024-12-19 15:49:48,Income,Cash,Computer Incomes,"31,80"
12247,2,3,,,2024-12-19 16:07:56,Income,Credit Card,Computer Incomes,"21,62"
12248,5,12,,,2024-12-19 14:49:52,Income,Cash,Computer Incomes,"31,16"
12249,3,5,,,2024-12-19 17:03:51,Income,Credit Card,Computer Incomes,"27,34"
12250,5,13,48.0,,2024-12-19 17:14:27,Income,Cash,Order Incomes,"8,58"
12251,1,2,,,2024-12-19 18:57:38,Income,Cash,Computer Incomes,"30,20"
12252,1,13,,,2024-12-19 20:52:05,Income,Credit Card,Computer Incomes,"9,22"
12253,4,12,23.0,,2024-12-19 22:07:23,Income,Cash,Order Incomes,"10,81"
12254,2,14,,17.0,2024-12-20 15:53:25,Income,Cash,Member Transactions,"16,51"
12255,5,12,,,2024-12-20 14:13:12,Income,Cash,Computer Incomes,"4,48"
12256,2,10,,,2024-12-20 14:26:47,Income,Cash,Computer Incomes,"3,78"
12257,2,13,,,2024-12-20 21:08:59,Income,Cash,Computer Incomes,"16,98"
12258,5,8,9.0,,2024-12-20 11:46:20,Income,Cash,Order Incomes,"19,81"
12259,1,23,,,2024-12-20 17:49:53,Income,Cash,Playstation Incomes,"7,31"
12260,3,4,,,2024-12-20 19:05:55,Income,Cash,Computer Incomes,"4,48"
12261,3,24,,,2024-12-20 09:42:34,Income,Cash,Playstation Incomes,"22,40"
12262,3,12,,,2024-12-20 12:20:42,Income,Cash,Computer Incomes,"4,01"
12263,3,7,,,2024-12-20 10:53:20,Income,Cash,Computer Incomes,"22,88"
12264,3,15,,,2024-12-20 10:44:23,Income,Cash,Computer Incomes,"23,11"
12265,3,14,,61.0,2024-12-20 22:02:31,Income,Cash,Member Transactions,"13,92"
12266,4,23,,,2024-12-20 10:44:30,Income,Cash,Playstation Incomes,"7,31"
12267,2,8,,,2024-12-20 23:23:25,Income,Cash,Computer Incomes,"14,62"
12268,2,1,26.0,,2024-12-20 23:25:35,Income,Credit Card,Order Incomes,"16,98"
12269,2,10,,,2024-12-20 16:32:46,Income,Cash,Computer Incomes,"17,22"
12270,5,24,,,2024-12-20 14:56:11,Income,Cash,Playstation Incomes,"10,14"
12271,4,11,,63.0,2024-12-20 12:25:59,Income,Credit Card,Member Transactions,"21,46"
12272,4,7,,,2024-12-20 10:02:52,Income,Cash,Computer Incomes,"8,02"
12273,5,8,,,2024-12-20 16:28:30,Income,Cash,Computer Incomes,"15,10"
12274,4,5,17.0,,2024-12-20 12:54:05,Income,Cash,Order Incomes,"3,54"
12275,1,11,,,2024-12-20 20:59:11,Income,Cash,Computer Incomes,"2,83"
12276,5,13,,,2024-12-20 10:06:13,Income,Cash,Computer Incomes,"20,52"
12277,1,4,,,2024-12-20 09:36:21,Income,Cash,Computer Incomes,"4,71"
12278,3,23,,,2024-12-20 17:10:10,Income,Cash,Playstation Incomes,"22,87"
12279,5,14,,,2024-12-20 16:01:53,Income,Cash,Computer Incomes,"13,20"
12280,4,3,,,2024-12-20 14:26:41,Income,Cash,Computer Incomes,"4,71"
12281,2,12,,,2024-12-20 20:21:40,Income,Credit Card,Computer Incomes,"2,35"
12282,1,4,,,2024-12-20 22:40:30,Income,Cash,Computer Incomes,"5,18"
12283,5,24,,,2024-12-20 12:41:54,Income,Cash,Playstation Incomes,"7,78"
12284,1,23,,,2024-12-20 17:17:56,Income,Credit Card,Playstation Incomes,"15,32"
12285,5,24,,,2024-12-20 21:09:08,Income,Cash,Playstation Incomes,"14,61"
12286,4,23,,,2024-12-20 16:33:22,Income,Cash,Playstation Incomes,"10,13"
12287,5,2,,24.0,2024-12-20 19:25:07,Income,Cash,Member Transactions,"22,87"
12288,4,24,,,2024-12-20 19:21:46,Income,Credit Card,Playstation Incomes,"12,49"
12289,3,2,,,2024-12-20 14:00:11,Income,Credit Card,Computer Incomes,"13,91"
12290,5,8,,,2024-12-20 13:21:37,Income,Cash,Computer Incomes,"15,32"
12291,1,2,,56.0,2024-12-20 20:40:25,Income,Cash,Member Transactions,"5,65"
12292,5,2,,,2024-12-20 14:23:43,Income,Cash,Computer Incomes,"10,13"
12293,2,12,,,2024-12-20 22:36:01,Income,Cash,Computer Incomes,"11,55"
12294,5,23,,,2024-12-21 23:25:05,Income,Cash,Playstation Incomes,"14,13"
12295,2,16,,,2024-12-21 20:23:27,Income,Cash,Computer Incomes,"13,53"
12296,1,3,,16.0,2024-12-21 20:09:03,Income,Cash,Member Transactions,"3,03"
12297,1,2,,,2024-12-21 12:55:03,Income,Cash,Computer Incomes,"7,07"
12298,4,2,,,2024-12-21 14:28:41,Income,Credit Card,Computer Incomes,"7,27"
12299,5,15,,,2024-12-21 17:12:06,Income,Cash,Computer Incomes,"7,07"
12300,5,24,,,2024-12-21 21:37:47,Income,Cash,Playstation Incomes,"7,07"
12301,2,9,,,2024-12-21 11:19:23,Income,Cash,Computer Incomes,"4,85"
12302,5,11,,,2024-12-21 21:19:32,Income,Cash,Computer Incomes,"17,97"
12303,1,10,,,2024-12-21 15:28:44,Income,Credit Card,Computer Incomes,"2,63"
12304,2,4,,,2024-12-21 19:24:57,Income,Cash,Computer Incomes,"2,02"
12305,1,23,,,2024-12-21 15:45:43,Income,Cash,Playstation Incomes,"7,88"
12306,2,12,,,2024-12-21 17:48:54,Income,Cash,Computer Incomes,"16,56"
12307,3,13,,19.0,2024-12-21 23:06:07,Income,Cash,Member Transactions,"3,03"
12308,2,11,,,2024-12-21 10:20:43,Income,Cash,Computer Incomes,"5,45"
12309,5,2,,,2024-12-21 22:39:52,Income,Cash,Computer Incomes,"3,03"
12310,1,2,9.0,,2024-12-21 22:36:39,Income,Cash,Order Incomes,"19,99"
12311,4,5,20.0,,2024-12-21 11:28:52,Income,Cash,Order Incomes,"10,50"
12312,1,4,,,2024-12-21 20:25:31,Income,Cash,Computer Incomes,"13,73"
12313,4,8,,22.0,2024-12-21 12:03:58,Income,Cash,Member Transactions,"18,97"
12314,5,6,,,2024-12-21 18:44:55,Income,Cash,Computer Incomes,"6,25"
12315,2,8,,,2024-12-21 09:02:46,Income,Cash,Computer Incomes,"12,71"
12316,4,1,,,2024-12-21 13:17:40,Income,Cash,Computer Incomes,"17,15"
12317,2,3,,,2024-12-21 13:09:58,Income,Cash,Computer Incomes,"12,31"
12318,1,24,,,2024-12-21 22:06:21,Income,Cash,Playstation Incomes,"5,85"
12319,1,23,,,2024-12-21 11:57:49,Income,Cash,Playstation Incomes,"9,68"
12320,5,24,,,2024-12-21 17:38:30,Income,Cash,Playstation Incomes,"6,25"
12321,3,23,,,2024-12-21 14:01:51,Income,Cash,Playstation Incomes,"8,67"
12322,5,6,,41.0,2024-12-21 11:26:50,Income,Cash,Member Transactions,"5,44"
12323,4,24,,,2024-12-21 22:12:27,Income,Cash,Playstation Incomes,"11,30"
12324,2,2,,,2024-12-21 12:22:33,Income,Cash,Computer Incomes,"8,07"
12325,1,7,,,2024-12-21 18:10:40,Income,Cash,Computer Incomes,"11,90"
12326,5,14,,,2024-12-21 20:13:51,Income,Cash,Computer Incomes,"6,66"
12327,2,14,,,2024-12-21 21:23:21,Income,Cash,Computer Incomes,"7,06"
12328,1,5,,,2024-12-21 14:08:26,Income,Cash,Computer Incomes,"11,30"
12329,1,23,,,2024-12-21 21:59:56,Income,Cash,Playstation Incomes,"4,84"
12330,1,8,,,2024-12-21 13:46:44,Income,Cash,Computer Incomes,"14,53"
12331,4,4,,,2024-12-21 23:11:36,Income,Cash,Computer Incomes,"18,56"
12332,2,24,,,2024-12-21 09:40:55,Income,Cash,Playstation Incomes,"16,95"
12333,5,11,,5.0,2024-12-22 23:39:58,Income,Cash,Member Transactions,"23,00"
12334,1,5,,,2024-12-22 14:51:56,Income,Cash,Computer Incomes,"28,49"
12335,2,8,,,2024-12-22 23:43:49,Income,Cash,Computer Incomes,"11,67"
12336,3,23,,,2024-12-22 17:44:36,Income,Cash,Playstation Incomes,"7,55"
12337,1,10,,,2024-12-22 12:19:08,Income,Cash,Computer Incomes,"28,14"
12338,1,15,33.0,,2024-12-22 18:17:04,Income,Cash,Order Incomes,"25,06"
12339,1,3,,,2024-12-22 12:51:41,Income,Credit Card,Computer Incomes,"18,19"
12340,3,24,,,2024-12-22 17:30:21,Income,Cash,Playstation Incomes,"16,13"
12341,1,9,,,2024-12-22 21:04:47,Income,Credit Card,Computer Incomes,"7,90"
12342,2,7,46.0,,2024-12-22 22:36:37,Income,Cash,Order Incomes,"20,94"
12343,1,2,,,2024-12-22 14:54:52,Income,Cash,Computer Incomes,"12,36"
12344,1,16,,,2024-12-22 15:16:30,Income,Cash,Computer Incomes,"8,92"
12345,3,7,,,2024-12-22 11:48:27,Income,Cash,Computer Incomes,"9,95"
12346,1,23,,,2024-12-22 09:21:51,Income,Cash,Playstation Incomes,"6,52"
12347,3,24,,,2024-12-22 22:55:59,Income,Cash,Playstation Incomes,"11,32"
12348,3,1,,,2024-12-22 21:04:01,Income,Cash,Computer Incomes,"8,57"
12349,3,8,,,2024-12-22 17:18:40,Income,Cash,Computer Incomes,"31,22"
12350,5,2,,8.0,2024-12-22 22:40:50,Income,Cash,Member Transactions,"24,02"
12351,5,4,,,2024-12-22 10:28:18,Income,Cash,Computer Incomes,"31,22"
12352,4,23,,,2024-12-22 14:23:47,Income,Credit Card,Playstation Incomes,"16,12"
12353,4,10,,,2024-12-22 13:16:32,Income,Cash,Computer Incomes,"8,57"
12354,3,1,,,2024-12-22 12:32:29,Income,Cash,Computer Incomes,"18,87"
12355,5,16,,,2024-12-23 23:09:29,Income,Cash,Computer Incomes,"18,58"
12356,3,7,,,2024-12-23 21:41:33,Income,Cash,Computer Incomes,"16,49"
12357,2,24,,,2024-12-23 09:51:52,Income,Cash,Playstation Incomes,"3,97"
12358,4,23,,,2024-12-23 14:48:30,Income,Cash,Playstation Incomes,"16,91"
12359,4,6,,,2024-12-23 12:46:21,Income,Cash,Computer Incomes,"6,89"
12360,1,15,30.0,,2024-12-23 13:39:29,Income,Cash,Order Incomes,"4,39"
12361,2,9,3.0,,2024-12-23 23:33:40,Income,Credit Card,Order Incomes,"13,15"
12362,1,10,,34.0,2024-12-23 19:55:27,Income,Cash,Member Transactions,"11,90"
12363,5,2,29.0,,2024-12-23 19:54:57,Income,Cash,Order Incomes,"13,15"
12364,2,12,,,2024-12-23 13:04:22,Income,Cash,Computer Incomes,"16,29"
12365,1,12,,44.0,2024-12-23 18:05:16,Income,Cash,Member Transactions,"15,24"
12366,1,13,,,2024-12-23 22:17:03,Income,Cash,Computer Incomes,"2,50"
12367,1,15,,,2024-12-23 22:21:36,Income,Cash,Computer Incomes,"6,67"
12368,1,4,,66.0,2024-12-23 18:29:53,Income,Cash,Member Transactions,"13,35"
12369,4,15,,,2024-12-23 18:12:50,Income,Credit Card,Computer Incomes,"15,44"
12370,5,14,,36.0,2024-12-23 22:34:24,Income,Cash,Member Transactions,"7,51"
12371,2,9,,,2024-12-24 16:57:14,Income,Credit Card,Computer Incomes,"2,95"
12372,3,1,,,2024-12-24 15:43:36,Income,Cash,Computer Incomes,"6,23"
12373,2,11,,,2024-12-24 09:03:26,Income,Cash,Computer Incomes,"10,33"
12374,1,12,,,2024-12-24 16:44:50,Income,Credit Card,Computer Incomes,"10,00"
12375,3,5,,,2024-12-24 23:30:31,Income,Cash,Computer Incomes,"10,16"
12376,1,1,,,2024-12-24 10:35:32,Income,Cash,Computer Incomes,"2,13"
12377,3,8,,,2024-12-24 21:06:27,Income,Cash,Computer Incomes,"15,73"
12378,1,24,,,2024-12-24 13:44:15,Income,Cash,Playstation Incomes,"7,54"
12379,1,15,,,2024-12-24 17:00:45,Income,Credit Card,Computer Incomes,"12,78"
12380,1,1,,,2024-12-24 12:07:57,Income,Cash,Computer Incomes,"14,26"
12381,5,14,,,2024-12-24 20:58:40,Income,Cash,Computer Incomes,"9,67"
12382,1,14,,,2024-12-24 13:42:53,Income,Cash,Computer Incomes,"11,31"
12383,4,23,,,2024-12-24 23:29:57,Income,Cash,Playstation Incomes,"15,07"
12384,4,24,,,2024-12-24 16:03:35,Income,Cash,Playstation Incomes,"5,07"
12385,2,23,,,2024-12-24 13:31:43,Income,Cash,Playstation Incomes,"13,92"
12386,5,8,,,2024-12-24 09:06:34,Income,Cash,Computer Incomes,"12,12"
12387,3,8,,,2024-12-24 09:23:03,Income,Cash,Computer Incomes,"7,53"
12388,4,14,,,2024-12-24 22:03:56,Income,Cash,Computer Incomes,"15,56"
12389,3,3,48.0,,2024-12-24 21:02:14,Income,Cash,Order Incomes,"13,10"
12390,2,10,,,2024-12-24 20:32:48,Income,Cash,Computer Incomes,"9,50"
12391,4,8,,,2024-12-24 15:10:32,Income,Cash,Computer Incomes,"14,58"
12392,4,24,,,2024-12-24 17:46:56,Income,Cash,Playstation Incomes,"3,93"
12393,5,12,,,2024-12-25 09:57:39,Income,Cash,Computer Incomes,"19,97"
12394,3,12,22.0,,2024-12-25 20:16:52,Income,Cash,Order Incomes,"37,97"
12395,2,12,,,2024-12-25 09:21:12,Income,Cash,Computer Incomes,"15,27"
12396,1,23,,,2024-12-25 23:15:26,Income,Cash,Playstation Incomes,"28,18"
12397,4,12,3.0,,2024-12-25 19:12:20,Income,Cash,Order Incomes,"17,23"
12398,1,9,,,2024-12-25 17:55:01,Income,Cash,Computer Incomes,"22,71"
12399,5,7,,,2024-12-25 22:23:17,Income,Cash,Computer Incomes,"16,05"
12400,1,15,,,2024-12-25 16:41:27,Income,Cash,Computer Incomes,"33,65"
12401,4,12,8.0,,2024-12-25 22:31:02,Income,Credit Card,Order Incomes,"19,17"
12402,2,7,,,2024-12-25 09:33:55,Income,Cash,Computer Incomes,"38,35"
12403,3,3,,,2024-12-25 14:49:48,Income,Cash,Computer Incomes,"38,35"
12404,4,24,,,2024-12-25 11:40:06,Income,Cash,Playstation Incomes,"7,04"
12405,3,1,39.0,,2024-12-25 10:59:07,Income,Credit Card,Order Incomes,"27,00"
12406,2,23,,,2024-12-25 14:21:54,Income,Cash,Playstation Incomes,"10,17"
12407,2,1,,,2024-12-26 18:17:00,Income,Cash,Computer Incomes,"8,21"
12408,3,15,,,2024-12-26 15:54:02,Income,Cash,Computer Incomes,"11,88"
12409,4,24,,,2024-12-26 09:17:59,Income,Credit Card,Playstation Incomes,"2,33"
12410,2,12,,,2024-12-26 09:37:10,Income,Cash,Computer Incomes,"3,31"
12411,1,23,,,2024-12-26 16:59:18,Income,Cash,Playstation Incomes,"7,23"
12412,1,12,,54.0,2024-12-26 22:46:40,Income,Cash,Member Transactions,"10,29"
12413,2,6,,,2024-12-26 12:32:58,Income,Cash,Computer Incomes,"10,05"
12414,3,6,,50.0,2024-12-26 23:01:21,Income,Cash,Member Transactions,"11,64"
12415,5,5,,,2024-12-26 23:59:16,Income,Cash,Computer Incomes,"8,82"
12416,4,8,,,2024-12-26 21:55:08,Income,Credit Card,Computer Incomes,"11,15"
12417,2,8,,,2024-12-26 14:35:13,Income,Cash,Computer Incomes,"3,06"
12418,4,24,,,2024-12-26 15:07:00,Income,Cash,Playstation Incomes,"6,48"
12419,5,23,,,2024-12-26 10:07:55,Income,Cash,Playstation Incomes,"11,26"
12420,2,13,,,2024-12-26 14:18:47,Income,Cash,Computer Incomes,"2,57"
12421,4,10,,,2024-12-26 16:03:33,Income,Cash,Computer Incomes,"11,26"
12422,5,8,,,2024-12-26 20:15:10,Income,Cash,Computer Incomes,"7,95"
12423,4,7,,,2024-12-26 20:58:04,Income,Credit Card,Computer Incomes,"11,87"
12424,2,24,,,2024-12-26 14:28:42,Income,Cash,Playstation Incomes,"6,36"
12425,1,23,,,2024-12-26 21:28:23,Income,Cash,Playstation Incomes,"11,63"
12426,2,14,,,2024-12-26 21:06:24,Income,Cash,Computer Incomes,"7,46"
12427,5,24,,,2024-12-26 10:26:29,Income,Credit Card,Playstation Incomes,"1,22"
12428,3,23,,,2024-12-27 15:52:09,Income,Cash,Playstation Incomes,"10,70"
12429,3,4,,21.0,2024-12-27 17:36:33,Income,Credit Card,Member Transactions,"9,34"
12430,2,15,,,2024-12-27 19:48:53,Income,Cash,Computer Incomes,"7,40"
12431,2,24,,,2024-12-27 19:11:07,Income,Cash,Playstation Incomes,"13,43"
12432,1,12,,,2024-12-27 13:12:39,Income,Cash,Computer Incomes,"16,93"
12433,3,23,,,2024-12-27 11:31:39,Income,Credit Card,Playstation Incomes,"16,15"
12434,4,4,,,2024-12-27 11:29:09,Income,Cash,Computer Incomes,"15,57"
12435,3,15,,,2024-12-27 15:36:59,Income,Cash,Computer Incomes,"11,48"
12436,2,10,46.0,,2024-12-27 16:02:58,Income,Cash,Order Incomes,"17,32"
12437,5,15,34.0,,2024-12-27 20:39:33,Income,Cash,Order Incomes,"19,26"
12438,4,15,,,2024-12-27 19:42:34,Income,Cash,Computer Incomes,"19,26"
12439,4,10,,,2024-12-27 16:12:44,Income,Cash,Computer Incomes,"7,20"
12440,4,8,,,2024-12-27 12:49:35,Income,Cash,Computer Incomes,"14,40"
12441,3,3,,,2024-12-27 20:17:21,Income,Cash,Computer Incomes,"10,12"
12442,2,8,,,2024-12-27 20:22:22,Income,Cash,Computer Incomes,"17,32"
12443,3,1,,,2024-12-27 09:18:52,Income,Cash,Computer Incomes,"14,98"
12444,4,16,,,2024-12-27 14:50:51,Income,Cash,Computer Incomes,"3,90"
12445,2,4,,,2024-12-27 23:41:36,Income,Cash,Computer Incomes,"19,06"
12446,1,5,10.0,,2024-12-27 21:51:07,Income,Cash,Order Incomes,"5,25"
12447,2,12,,,2024-12-27 18:07:14,Income,Cash,Computer Incomes,"5,05"
12448,4,24,,,2024-12-27 19:43:57,Income,Cash,Playstation Incomes,"11,08"
12449,3,4,,,2024-12-27 13:03:06,Income,Cash,Computer Incomes,"13,22"
12450,3,10,,,2024-12-27 14:35:08,Income,Cash,Computer Incomes,"10,89"
12451,5,23,,,2024-12-27 20:26:03,Income,Cash,Playstation Incomes,"12,83"
12452,4,24,,,2024-12-27 12:34:48,Income,Cash,Playstation Incomes,"3,89"
12453,3,1,,,2024-12-27 20:49:29,Income,Cash,Computer Incomes,"10,89"
12454,1,11,,,2024-12-27 12:21:14,Income,Cash,Computer Incomes,"7,19"
12455,3,23,,,2024-12-27 16:05:00,Income,Cash,Playstation Incomes,"11,47"
12456,3,10,,,2024-12-27 22:52:06,Income,Cash,Computer Incomes,"5,83"
12457,5,6,,,2024-12-27 17:38:02,Income,Cash,Computer Incomes,"12,25"
12458,4,6,,,2024-12-27 23:22:48,Income,Cash,Computer Incomes,"7,58"
12459,4,11,,,2024-12-27 17:55:50,Income,Cash,Computer Incomes,"19,06"
12460,5,2,19.0,,2024-12-28 12:12:07,Income,Cash,Order Incomes,"20,47"
12461,2,1,,,2024-12-28 09:08:06,Income,Cash,Computer Incomes,"12,95"
12462,4,14,35.0,,2024-12-28 10:02:35,Income,Cash,Order Incomes,"2,59"
12463,2,5,,,2024-12-28 11:22:00,Income,Cash,Computer Incomes,"23,30"
12464,5,8,,,2024-12-28 14:32:21,Income,Credit Card,Computer Incomes,"16,47"
12465,4,2,,,2024-12-28 19:11:39,Income,Cash,Computer Incomes,"10,12"
12466,3,15,,,2024-12-28 23:55:36,Income,Cash,Computer Incomes,"10,36"
12467,2,10,,,2024-12-28 22:23:32,Income,Cash,Computer Incomes,"7,77"
12468,5,24,,,2024-12-28 18:50:56,Income,Cash,Playstation Incomes,"13,89"
12469,5,7,16.0,,2024-12-28 11:06:17,Income,Cash,Order Incomes,"14,59"
12470,5,23,,,2024-12-28 10:31:27,Income,Credit Card,Playstation Incomes,"22,12"
12471,5,6,,,2024-12-28 23:30:57,Income,Credit Card,Computer Incomes,"12,24"
12472,1,24,,,2024-12-28 16:43:12,Income,Cash,Playstation Incomes,"7,53"
12473,3,1,,,2024-12-28 20:31:18,Income,Cash,Computer Incomes,"14,83"
12474,3,1,33.0,,2024-12-28 21:13:12,Income,Credit Card,Order Incomes,"21,65"
12475,4,1,,,2024-12-28 10:14:51,Income,Cash,Computer Incomes,"4,71"
12476,2,23,,,2024-12-28 11:10:25,Income,Cash,Playstation Incomes,"13,41"
12477,3,10,,,2024-12-28 21:30:25,Income,Cash,Computer Incomes,"19,05"
12478,1,24,,,2024-12-28 18:04:07,Income,Cash,Playstation Incomes,"6,82"
12479,5,12,,,2024-12-28 09:14:53,Income,Credit Card,Computer Incomes,"10,82"
12480,5,11,42.0,,2024-12-28 13:50:36,Income,Credit Card,Order Incomes,"23,52"
12481,3,11,29.0,,2024-12-28 11:53:26,Income,Cash,Order Incomes,"13,88"
12482,2,4,,,2024-12-28 09:40:30,Income,Cash,Computer Incomes,"19,99"
12483,1,2,29.0,,2024-12-28 19:09:52,Income,Cash,Order Incomes,"13,17"
12484,3,23,,,2024-12-28 11:47:25,Income,Cash,Playstation Incomes,"11,05"
12485,4,1,,,2024-12-28 17:29:55,Income,Credit Card,Computer Incomes,"12,23"
12486,2,9,8.0,,2024-12-28 21:58:25,Income,Cash,Order Incomes,"21,41"
12487,3,11,,,2024-12-28 22:15:04,Income,Cash,Computer Incomes,"7,76"
12488,3,3,,,2024-12-28 12:48:34,Income,Cash,Computer Incomes,"23,29"
12489,4,9,,,2024-12-28 13:15:08,Income,Cash,Computer Incomes,"15,05"
12490,4,13,,,2024-12-28 14:13:12,Income,Cash,Computer Incomes,"7,29"
12491,4,8,,,2024-12-29 12:20:02,Income,Cash,Computer Incomes,"13,69"
12492,2,5,23.0,,2024-12-29 17:38:55,Income,Cash,Order Incomes,"6,14"
12493,2,8,29.0,,2024-12-29 16:17:26,Income,Cash,Order Incomes,"11,76"
12494,4,24,,,2024-12-29 14:41:01,Income,Credit Card,Playstation Incomes,"4,22"
12495,3,1,,,2024-12-29 11:23:13,Income,Cash,Computer Incomes,"6,67"
12496,2,14,,,2024-12-29 17:42:44,Income,Cash,Computer Incomes,"15,44"
12497,4,6,,,2024-12-29 15:13:09,Income,Credit Card,Computer Incomes,"12,99"
12498,1,2,,,2024-12-29 13:52:34,Income,Cash,Computer Incomes,"8,24"
12499,5,2,,,2024-12-29 13:47:22,Income,Cash,Computer Incomes,"4,73"
12500,5,13,48.0,,2024-12-29 21:03:35,Income,Cash,Order Incomes,"15,61"
12501,1,16,,4.0,2024-12-29 19:30:19,Income,Cash,Member Transactions,"3,50"
12502,2,12,,,2024-12-29 21:34:34,Income,Cash,Computer Incomes,"8,94"
12503,4,10,43.0,,2024-12-29 10:36:02,Income,Cash,Order Incomes,"11,57"
12504,4,13,,,2024-12-29 10:42:41,Income,Cash,Computer Incomes,"13,33"
12505,3,2,,,2024-12-29 15:13:09,Income,Cash,Computer Incomes,"17,19"
12506,4,23,,,2024-12-30 10:54:08,Income,Cash,Playstation Incomes,"7,16"
12507,2,4,,,2024-12-30 09:04:43,Income,Cash,Computer Incomes,"8,36"
12508,3,1,,,2024-12-30 14:10:48,Income,Cash,Computer Incomes,"11,93"
12509,5,16,,,2024-12-30 17:42:06,Income,Cash,Computer Incomes,"20,58"
12510,3,1,,25.0,2024-12-30 17:06:34,Income,Cash,Member Transactions,"17,60"
12511,5,9,,,2024-12-30 16:26:17,Income,Cash,Computer Incomes,"7,76"
12512,2,8,,,2024-12-30 10:06:01,Income,Cash,Computer Incomes,"7,15"
12513,2,13,43.0,,2024-12-30 12:50:42,Income,Cash,Order Incomes,"28,63"
12514,2,14,,,2024-12-30 22:49:44,Income,Cash,Computer Incomes,"13,42"
12515,1,2,,,2024-12-30 17:11:44,Income,Cash,Computer Incomes,"8,05"
12516,3,5,,12.0,2024-12-30 23:58:27,Income,Cash,Member Transactions,"25,35"
12517,1,24,,,2024-12-30 12:08:16,Income,Cash,Playstation Incomes,"4,77"
12518,4,14,,,2024-12-30 18:21:15,Income,Credit Card,Computer Incomes,"25,64"
12519,5,4,,,2024-12-30 16:34:20,Income,Cash,Computer Incomes,"10,14"
12520,1,8,,,2024-12-30 18:07:06,Income,Cash,Computer Incomes,"4,77"
12521,3,15,,,2024-12-31 14:22:52,Income,Cash,Computer Incomes,"6,45"
12522,3,8,,,2024-12-31 11:33:10,Income,Cash,Computer Incomes,"4,84"
12523,4,14,,,2024-12-31 20:01:43,Income,Cash,Computer Incomes,"2,36"
12524,5,1,,,2024-12-31 17:52:46,Income,Cash,Computer Incomes,"8,92"
12525,4,14,,,2024-12-31 15:53:44,Income,Cash,Computer Incomes,"9,05"
12526,1,23,,,2024-12-31 09:05:06,Income,Cash,Playstation Incomes,"9,05"
12527,3,8,,,2024-12-31 09:00:18,Income,Cash,Computer Incomes,"10,66"
12528,5,16,2.0,,2024-12-31 19:48:51,Income,Cash,Order Incomes,"10,04"
12529,2,2,,,2024-12-31 17:51:25,Income,Cash,Computer Incomes,"4,46"
12530,3,13,39.0,,2024-12-31 10:25:22,Income,Cash,Order Incomes,"6,06"
12531,3,24,,,2024-12-31 20:46:02,Income,Cash,Playstation Incomes,"7,06"
12532,2,16,,,2024-12-31 11:38:28,Income,Credit Card,Computer Incomes,"7,30"
12533,5,5,,,2024-12-31 11:44:35,Income,Cash,Computer Incomes,"7,06"
12534,4,16,,,2024-12-31 23:44:28,Income,Credit Card,Computer Incomes,"11,27"
12535,2,3,,8.0,2024-12-31 19:46:18,Income,Cash,Member Transactions,"11,89"
12536,3,7,,,2024-12-31 20:42:34,Income,Cash,Computer Incomes,"7,18"
12537,3,23,,,2024-12-31 09:22:07,Income,Cash,Playstation Incomes,"6,81"
12538,2,24,,,2024-12-31 12:46:45,Income,Credit Card,Playstation Incomes,"7,67"
12539,2,4,,,2024-12-31 19:12:00,Income,Cash,Computer Incomes,"11,02"
12540,1,12,,,2024-12-31 11:02:42,Income,Cash,Computer Incomes,"9,78"
12541,5,23,,,2024-12-31 09:00:10,Income,Cash,Playstation Incomes,"3,96"
12542,1,14,,15.0,2025-01-01 14:13:24,Income,Cash,Member Transactions,"12,92"
12543,3,12,,,2025-01-01 13:16:32,Income,Cash,Computer Incomes,"6,05"
12544,4,13,,,2025-01-01 13:20:18,Income,Cash,Computer Incomes,"20,01"
12545,4,8,,,2025-01-01 15:15:30,Income,Cash,Computer Incomes,"19,80"
12546,5,11,,,2025-01-01 14:04:38,Income,Credit Card,Computer Incomes,"19,80"
12547,4,24,,,2025-01-01 18:09:32,Income,Cash,Playstation Incomes,"8,55"
12548,4,6,11.0,,2025-01-01 12:58:09,Income,Cash,Order Incomes,"10,84"
12549,5,5,,,2025-01-01 09:06:03,Income,Cash,Computer Incomes,"2,71"
12550,5,23,,,2025-01-01 14:16:39,Income,Cash,Playstation Incomes,"20,00"
12551,2,5,,,2025-01-01 21:17:24,Income,Cash,Computer Incomes,"12,50"
12552,2,1,,,2025-01-01 13:26:43,Income,Cash,Computer Incomes,"16,87"
12553,5,24,,,2025-01-01 21:31:31,Income,Cash,Playstation Incomes,"15,83"
12554,1,6,,,2025-01-01 18:46:57,Income,Cash,Computer Incomes,"3,12"
12555,1,3,37.0,,2025-01-01 23:01:37,Income,Cash,Order Incomes,"16,25"
12556,2,5,,,2025-01-01 23:20:57,Income,Cash,Computer Incomes,"7,29"
12557,3,8,,,2025-01-01 20:35:58,Income,Credit Card,Computer Incomes,"3,95"
12558,1,11,26.0,,2025-01-01 13:14:21,Income,Cash,Order Incomes,"8,33"
12559,5,9,,,2025-01-01 10:46:38,Income,Cash,Computer Incomes,"2,70"
12560,5,12,,,2025-01-01 12:15:20,Income,Cash,Computer Incomes,"12,08"
12561,2,23,,,2025-01-01 19:50:13,Income,Cash,Playstation Incomes,"2,50"
12562,5,12,,,2025-01-02 15:29:15,Income,Cash,Computer Incomes,"11,42"
12563,2,14,,,2025-01-02 13:50:09,Income,Credit Card,Computer Incomes,"11,74"
12564,1,2,,,2025-01-02 13:29:42,Income,Cash,Computer Incomes,"11,10"
12565,3,24,,,2025-01-02 15:07:02,Income,Cash,Playstation Incomes,"24,73"
12566,2,4,,,2025-01-02 12:23:40,Income,Cash,Computer Incomes,"9,83"
12567,4,12,,,2025-01-02 19:51:45,Income,Cash,Computer Incomes,"23,78"
12568,5,1,,,2025-01-02 19:23:18,Income,Cash,Computer Incomes,"12,69"
12569,5,23,,,2025-01-02 16:33:16,Income,Cash,Playstation Incomes,"19,34"
12570,4,15,,,2025-01-02 23:12:38,Income,Cash,Computer Incomes,"29,17"
12571,4,7,,,2025-01-02 22:11:35,Income,Cash,Computer Incomes,"28,86"
12572,1,6,,,2025-01-02 13:30:30,Income,Credit Card,Computer Incomes,"6,66"
12573,2,8,,,2025-01-02 15:52:00,Income,Credit Card,Computer Incomes,"7,30"
12574,5,4,,25.0,2025-01-02 09:24:11,Income,Cash,Member Transactions,"25,36"
12575,1,11,,,2025-01-02 14:44:52,Income,Credit Card,Computer Incomes,"10,14"
12576,4,3,,,2025-01-02 12:31:12,Income,Cash,Computer Incomes,"21,55"
12577,4,14,,,2025-01-02 20:46:36,Income,Cash,Computer Incomes,"15,53"
12578,5,13,,,2025-01-02 19:23:17,Income,Credit Card,Computer Incomes,"29,16"
12579,4,9,,,2025-01-02 11:59:44,Income,Cash,Computer Incomes,"5,38"
12580,1,4,46.0,,2025-01-02 20:41:53,Income,Credit Card,Order Incomes,"20,92"
12581,2,2,,23.0,2025-01-02 23:34:31,Income,Cash,Member Transactions,"6,97"
12582,4,5,,31.0,2025-01-03 12:57:54,Income,Cash,Member Transactions,"2,57"
12583,3,3,,,2025-01-03 20:38:02,Income,Cash,Computer Incomes,"10,71"
12584,4,24,,,2025-01-03 23:38:28,Income,Credit Card,Playstation Incomes,"4,93"
12585,2,14,,24.0,2025-01-03 19:40:31,Income,Cash,Member Transactions,"12,64"
12586,3,14,,50.0,2025-01-03 22:07:19,Income,Cash,Member Transactions,"9,85"
12587,1,23,,,2025-01-03 09:52:20,Income,Cash,Playstation Incomes,"2,15"
12588,3,24,,,2025-01-03 12:58:16,Income,Cash,Playstation Incomes,"18,63"
12589,3,1,,,2025-01-03 12:26:21,Income,Cash,Computer Incomes,"9,43"
12590,1,6,,,2025-01-03 18:46:35,Income,Cash,Computer Incomes,"14,35"
12591,3,1,22.0,,2025-01-03 10:37:56,Income,Cash,Order Incomes,"10,07"
12592,3,23,,,2025-01-03 09:04:02,Income,Cash,Playstation Incomes,"18,63"
12593,5,24,,,2025-01-03 16:02:57,Income,Cash,Playstation Incomes,"13,28"
12594,4,13,,,2025-01-03 17:18:10,Income,Cash,Computer Incomes,"19,70"
12595,5,3,,,2025-01-03 16:34:02,Income,Cash,Computer Incomes,"4,07"
12596,4,3,22.0,,2025-01-03 18:34:40,Income,Credit Card,Order Incomes,"11,35"
12597,3,23,,,2025-01-03 12:05:20,Income,Cash,Playstation Incomes,"19,49"
12598,1,7,,,2025-01-03 16:31:39,Income,Cash,Computer Incomes,"9,00"
12599,2,24,,,2025-01-03 17:31:21,Income,Cash,Playstation Incomes,"19,70"
12600,3,9,,,2025-01-03 09:37:23,Income,Cash,Computer Incomes,"12,42"
12601,2,10,,,2025-01-03 22:53:26,Income,Cash,Computer Incomes,"5,57"
12602,2,9,,,2025-01-03 16:51:26,Income,Cash,Computer Incomes,"10,91"
12603,5,15,,,2025-01-03 17:47:46,Income,Cash,Computer Incomes,"11,13"
12604,5,4,,,2025-01-03 23:43:55,Income,Cash,Computer Incomes,"10,70"
12605,3,16,,,2025-01-03 15:06:37,Income,Cash,Computer Incomes,"13,48"
12606,3,11,,,2025-01-03 23:57:09,Income,Cash,Computer Incomes,"9,42"
12607,4,14,,,2025-01-03 10:41:06,Income,Cash,Computer Incomes,"6,63"
12608,5,23,,,2025-01-03 14:56:04,Income,Cash,Playstation Incomes,"8,77"
12609,4,7,,,2025-01-03 23:02:12,Income,Cash,Computer Incomes,"17,55"
12610,4,1,4.0,,2025-01-03 21:05:46,Income,Cash,Order Incomes,"4,28"
12611,1,2,,,2025-01-03 23:09:59,Income,Cash,Computer Incomes,"13,27"
12612,3,3,,10.0,2025-01-03 17:51:28,Income,Cash,Member Transactions,"16,70"
12613,4,2,,,2025-01-03 13:05:08,Income,Cash,Computer Incomes,"3,85"
12614,4,24,,,2025-01-03 23:46:18,Income,Credit Card,Playstation Incomes,"12,20"
12615,3,11,,,2025-01-03 10:30:36,Income,Cash,Computer Incomes,"6,20"
12616,3,1,,,2025-01-04 18:25:43,Income,Cash,Computer Incomes,"5,54"
12617,5,1,,,2025-01-04 20:19:24,Income,Cash,Computer Incomes,"20,59"
12618,1,8,,,2025-01-04 20:57:05,Income,Cash,Computer Incomes,"18,75"
12619,4,12,,17.0,2025-01-04 21:23:35,Income,Credit Card,Member Transactions,"16,60"
12620,2,23,,,2025-01-04 15:24:09,Income,Cash,Playstation Incomes,"19,67"
12621,5,7,14.0,,2025-01-04 14:53:05,Income,Cash,Order Incomes,"5,84"
12622,3,7,,,2025-01-04 09:58:06,Income,Credit Card,Computer Incomes,"19,36"
12623,3,16,,,2025-01-04 18:30:08,Income,Cash,Computer Incomes,"6,15"
12624,1,24,,,2025-01-04 09:53:11,Income,Cash,Playstation Incomes,"17,21"
12625,5,5,,,2025-01-04 14:32:03,Income,Cash,Computer Incomes,"28,58"
12626,5,14,,,2025-01-04 15:32:13,Income,Cash,Computer Incomes,"3,38"
12627,2,16,,,2025-01-04 13:19:28,Income,Cash,Computer Incomes,"25,81"
12628,5,23,,,2025-01-04 21:04:37,Income,Cash,Playstation Incomes,"11,99"
12629,3,16,,,2025-01-04 10:07:24,Income,Credit Card,Computer Incomes,"11,68"
12630,3,11,,,2025-01-04 10:30:10,Income,Cash,Computer Incomes,"4,61"
12631,4,5,,,2025-01-04 18:21:54,Income,Credit Card,Computer Incomes,"20,27"
12632,1,10,,,2025-01-04 21:18:25,Income,Cash,Computer Incomes,"27,34"
12633,2,5,,15.0,2025-01-04 18:20:40,Income,Credit Card,Member Transactions,"4,91"
12634,4,14,,,2025-01-04 11:25:02,Income,Cash,Computer Incomes,"7,06"
12635,1,24,,,2025-01-04 15:38:15,Income,Cash,Playstation Incomes,"29,49"
12636,3,23,,,2025-01-04 19:30:14,Income,Cash,Playstation Incomes,"25,19"
12637,5,24,,,2025-01-04 23:28:15,Income,Cash,Playstation Incomes,"27,65"
12638,2,15,,,2025-01-04 14:57:56,Income,Cash,Computer Incomes,"10,75"
12639,3,4,,,2025-01-04 11:08:34,Income,Cash,Computer Incomes,"28,26"
12640,4,8,,,2025-01-04 20:00:00,Income,Cash,Computer Incomes,"11,67"
12641,4,3,,,2025-01-04 14:32:57,Income,Cash,Computer Incomes,"23,34"
12642,1,9,,,2025-01-04 15:44:26,Income,Credit Card,Computer Incomes,"14,13"
12643,2,12,,,2025-01-04 14:08:40,Income,Credit Card,Computer Incomes,"21,19"
12644,3,2,,,2025-01-04 12:53:44,Income,Cash,Computer Incomes,"21,50"
12645,5,2,,,2025-01-04 12:38:38,Income,Cash,Computer Incomes,"29,49"
12646,2,11,9.0,,2025-01-04 15:17:11,Income,Cash,Order Incomes,"6,14"
12647,1,23,,,2025-01-04 21:15:00,Income,Cash,Playstation Incomes,"19,35"
12648,5,8,,,2025-01-04 15:55:01,Income,Cash,Computer Incomes,"23,65"
12649,5,2,,,2025-01-04 19:23:31,Income,Credit Card,Computer Incomes,"3,07"
12650,4,6,,,2025-01-05 20:01:15,Income,Credit Card,Computer Incomes,"17,11"
12651,3,7,,,2025-01-05 21:05:41,Income,Cash,Computer Incomes,"17,11"
12652,2,6,,42.0,2025-01-05 18:51:12,Income,Cash,Member Transactions,"17,43"
12653,3,24,,,2025-01-05 13:58:32,Income,Cash,Playstation Incomes,"4,12"
12654,3,1,28.0,,2025-01-05 17:40:23,Income,Cash,Order Incomes,"18,06"
12655,2,12,,43.0,2025-01-05 17:57:07,Income,Cash,Member Transactions,"15,53"
12656,3,16,,,2025-01-05 09:35:43,Income,Cash,Computer Incomes,"21,87"
12657,4,15,,,2025-01-05 14:39:42,Income,Cash,Computer Incomes,"12,36"
12658,4,7,,,2025-01-05 19:18:51,Income,Credit Card,Computer Incomes,"16,80"
12659,1,4,41.0,,2025-01-05 20:56:10,Income,Cash,Order Incomes,"12,68"
12660,3,6,,,2025-01-05 12:04:22,Income,Cash,Computer Incomes,"5,39"
12661,2,23,,,2025-01-05 13:11:42,Income,Cash,Playstation Incomes,"9,51"
12662,1,13,,,2025-01-05 19:39:18,Income,Cash,Computer Incomes,"6,33"
12663,1,24,,,2025-01-05 11:56:37,Income,Cash,Playstation Incomes,"12,35"
12664,1,4,45.0,,2025-01-05 22:39:17,Income,Credit Card,Order Incomes,"25,02"
12665,4,23,,,2025-01-05 15:31:54,Income,Cash,Playstation Incomes,"16,15"
12666,5,24,,,2025-01-05 11:43:13,Income,Cash,Playstation Incomes,"29,78"
12667,3,23,,,2025-01-05 13:41:15,Income,Cash,Playstation Incomes,"20,27"
12668,3,5,,,2025-01-05 15:50:18,Income,Cash,Computer Incomes,"17,10"
12669,1,2,,,2025-01-05 21:33:30,Income,Cash,Computer Incomes,"20,27"
12670,3,11,,,2025-01-06 12:42:21,Income,Cash,Computer Incomes,"13,15"
12671,3,12,,,2025-01-06 18:16:13,Income,Cash,Computer Incomes,"12,54"
12672,1,11,,,2025-01-06 10:36:53,Income,Cash,Computer Incomes,"6,58"
12673,1,15,,,2025-01-06 09:20:15,Income,Cash,Computer Incomes,"12,08"
12674,1,10,,,2025-01-06 20:11:28,Income,Cash,Computer Incomes,"4,59"
12675,2,3,35.0,,2025-01-06 21:26:12,Income,Cash,Order Incomes,"2,76"
12676,2,24,,,2025-01-06 14:07:26,Income,Cash,Playstation Incomes,"5,97"
12677,1,7,8.0,,2025-01-06 14:02:07,Income,Cash,Order Incomes,"2,91"
12678,3,4,,,2025-01-06 22:42:13,Income,Cash,Computer Incomes,"13,44"
12679,4,16,35.0,,2025-01-06 10:47:29,Income,Cash,Order Incomes,"10,69"
12680,4,16,,,2025-01-06 20:12:39,Income,Cash,Computer Incomes,"10,54"
12681,3,23,,,2025-01-06 11:54:10,Income,Cash,Playstation Incomes,"11,61"
12682,4,1,,,2025-01-06 17:10:51,Income,Cash,Computer Incomes,"2,75"
12683,2,7,44.0,,2025-01-06 11:01:48,Income,Cash,Order Incomes,"6,87"
12684,4,10,,18.0,2025-01-06 18:18:41,Income,Credit Card,Member Transactions,"9,01"
12685,3,8,,,2025-01-06 22:15:52,Income,Cash,Computer Incomes,"15,28"
12686,4,24,,,2025-01-06 19:36:27,Income,Credit Card,Playstation Incomes,"8,10"
12687,5,12,,,2025-01-06 16:24:12,Income,Cash,Computer Incomes,"9,17"
12688,5,23,,,2025-01-06 14:26:13,Income,Cash,Playstation Incomes,"8,71"
12689,2,13,,,2025-01-06 12:21:46,Income,Cash,Computer Incomes,"12,99"
12690,5,4,10.0,,2025-01-06 19:00:41,Income,Cash,Order Incomes,"5,65"
12691,2,2,,,2025-01-07 16:42:04,Income,Cash,Computer Incomes,"16,59"
12692,2,4,,,2025-01-07 21:38:13,Income,Cash,Computer Incomes,"8,30"
12693,5,24,,,2025-01-07 13:07:26,Income,Cash,Playstation Incomes,"9,22"
12694,4,12,,,2025-01-07 13:31:21,Income,Credit Card,Computer Incomes,"14,01"
12695,2,3,,,2025-01-07 19:30:27,Income,Credit Card,Computer Incomes,"6,64"
12696,1,5,,,2025-01-07 16:43:50,Income,Credit Card,Computer Incomes,"15,30"
12697,3,15,,,2025-01-07 13:52:30,Income,Credit Card,Computer Incomes,"16,96"
12698,4,16,,35.0,2025-01-07 12:44:01,Income,Credit Card,Member Transactions,"15,67"
12699,1,8,,,2025-01-07 09:49:02,Income,Cash,Computer Incomes,"7,55"
12700,2,5,8.0,,2025-01-07 11:10:23,Income,Cash,Order Incomes,"2,57"
12701,3,3,,,2025-01-07 16:11:04,Income,Cash,Computer Incomes,"18,24"
12702,4,2,,,2025-01-07 13:14:25,Income,Cash,Computer Incomes,"15,84"
12703,5,23,,,2025-01-07 23:31:48,Income,Cash,Playstation Incomes,"10,50"
12704,2,1,27.0,,2025-01-07 18:41:46,Income,Cash,Order Incomes,"17,13"
12705,5,10,,,2025-01-07 15:52:10,Income,Cash,Computer Incomes,"16,03"
12706,2,24,,,2025-01-07 14:23:15,Income,Cash,Playstation Incomes,"15,47"
12707,5,13,,54.0,2025-01-08 13:38:49,Income,Cash,Member Transactions,"23,21"
12708,5,1,9.0,,2025-01-08 10:15:38,Income,Credit Card,Order Incomes,"29,38"
12709,1,23,,,2025-01-08 10:55:29,Income,Cash,Playstation Incomes,"7,64"
12710,4,8,,,2025-01-08 14:15:16,Income,Cash,Computer Incomes,"19,98"
12711,4,6,3.0,,2025-01-08 18:57:07,Income,Cash,Order Incomes,"27,03"
12712,4,24,,,2025-01-08 20:38:44,Income,Cash,Playstation Incomes,"2,94"
12713,2,3,33.0,,2025-01-08 19:59:08,Income,Cash,Order Incomes,"19,68"
12714,1,13,,,2025-01-08 15:29:22,Income,Cash,Computer Incomes,"28,20"
12715,4,6,,,2025-01-08 13:16:36,Income,Cash,Computer Incomes,"14,10"
12716,5,13,,,2025-01-08 10:49:59,Income,Cash,Computer Incomes,"4,70"
12717,1,9,,,2025-01-08 15:56:28,Income,Cash,Computer Incomes,"16,75"
12718,5,23,,,2025-01-08 15:19:35,Income,Cash,Playstation Incomes,"13,52"
12719,4,24,,,2025-01-08 17:13:57,Income,Cash,Playstation Incomes,"19,38"
12720,5,8,,,2025-01-08 23:01:56,Income,Cash,Computer Incomes,"19,67"
12721,1,5,,,2025-01-08 18:20:06,Income,Cash,Computer Incomes,"14,09"
12722,3,6,,32.0,2025-01-08 16:43:12,Income,Cash,Member Transactions,"11,74"
12723,5,2,,,2025-01-08 09:05:12,Income,Cash,Computer Incomes,"11,74"
12724,1,4,37.0,,2025-01-08 09:13:32,Income,Cash,Order Incomes,"9,69"
12725,2,4,41.0,,2025-01-08 16:41:05,Income,Cash,Order Incomes,"4,11"
12726,2,23,,,2025-01-08 19:07:56,Income,Cash,Playstation Incomes,"17,32"
12727,2,13,,,2025-01-08 11:40:34,Income,Cash,Computer Incomes,"23,49"
12728,1,6,,,2025-01-08 12:27:39,Income,Cash,Computer Incomes,"9,10"
12729,1,9,44.0,,2025-01-08 10:54:05,Income,Cash,Order Incomes,"27,31"
12730,4,16,,,2025-01-08 19:46:07,Income,Cash,Computer Incomes,"21,44"
12731,2,12,,,2025-01-09 22:23:09,Income,Credit Card,Computer Incomes,"15,86"
12732,3,24,,,2025-01-09 13:40:12,Income,Cash,Playstation Incomes,"10,57"
12733,2,23,,,2025-01-09 23:26:33,Income,Cash,Playstation Incomes,"12,33"
12734,1,3,,,2025-01-09 17:27:20,Income,Cash,Computer Incomes,"5,77"
12735,5,11,,,2025-01-09 22:14:16,Income,Cash,Computer Incomes,"5,61"
12736,3,7,,,2025-01-09 16:04:22,Income,Cash,Computer Incomes,"8,81"
12737,2,12,,47.0,2025-01-09 22:50:04,Income,Cash,Member Transactions,"16,02"
12738,1,6,,,2025-01-09 14:41:26,Income,Cash,Computer Incomes,"16,02"
12739,1,1,,,2025-01-09 15:31:08,Income,Cash,Computer Incomes,"1,61"
12740,2,2,9.0,,2025-01-09 13:08:36,Income,Cash,Order Incomes,"4,16"
12741,1,8,,,2025-01-09 18:24:23,Income,Cash,Computer Incomes,"11,20"
12742,3,7,,,2025-01-09 12:31:31,Income,Credit Card,Computer Incomes,"11,84"
12743,4,24,,,2025-01-09 13:50:15,Income,Cash,Playstation Incomes,"15,21"
12744,1,4,,,2025-01-09 11:36:06,Income,Credit Card,Computer Incomes,"4,80"
12745,4,13,,,2025-01-09 15:12:39,Income,Cash,Computer Incomes,"14,25"
12746,1,16,,,2025-01-09 11:13:58,Income,Cash,Computer Incomes,"12,96"
12747,4,8,,,2025-01-09 23:29:41,Income,Cash,Computer Incomes,"11,52"
12748,4,23,,,2025-01-09 23:59:32,Income,Credit Card,Playstation Incomes,"3,04"
12749,5,24,,,2025-01-09 12:27:40,Income,Cash,Playstation Incomes,"8,48"
12750,1,23,,,2025-01-09 18:14:52,Income,Cash,Playstation Incomes,"14,73"
12751,5,24,,,2025-01-09 15:05:49,Income,Cash,Playstation Incomes,"3,36"
12752,1,7,,,2025-01-09 17:22:15,Income,Cash,Computer Incomes,"4,96"
12753,1,1,,,2025-01-10 23:46:57,Income,Cash,Computer Incomes,"4,04"
12754,5,6,,,2025-01-10 12:11:16,Income,Cash,Computer Incomes,"21,43"
12755,1,23,,,2025-01-10 16:06:59,Income,Cash,Playstation Incomes,"2,78"
12756,3,3,42.0,,2025-01-10 09:19:57,Income,Cash,Order Incomes,"12,86"
12757,4,13,,,2025-01-10 13:08:28,Income,Cash,Computer Incomes,"22,19"
12758,3,11,,4.0,2025-01-10 16:02:52,Income,Cash,Member Transactions,"20,67"
12759,5,3,,,2025-01-10 19:46:52,Income,Cash,Computer Incomes,"14,37"
12760,3,6,,,2025-01-10 20:29:42,Income,Cash,Computer Incomes,"22,69"
12761,4,10,,,2025-01-10 09:57:49,Income,Cash,Computer Incomes,"16,14"
12762,5,4,,,2025-01-10 15:00:35,Income,Cash,Computer Incomes,"19,16"
12763,2,6,15.0,,2025-01-10 20:21:56,Income,Credit Card,Order Incomes,"12,61"
12764,3,2,,,2025-01-10 11:27:28,Income,Credit Card,Computer Incomes,"8,83"
12765,2,14,,,2025-01-10 17:16:37,Income,Cash,Computer Incomes,"14,62"
12766,4,12,,,2025-01-10 21:50:42,Income,Cash,Computer Incomes,"21,93"
12767,1,13,,,2025-01-10 17:42:35,Income,Cash,Computer Incomes,"3,28"
12768,2,12,,,2025-01-10 17:09:41,Income,Credit Card,Computer Incomes,"5,55"
12769,5,12,,,2025-01-10 16:40:03,Income,Cash,Computer Incomes,"11,35"
12770,5,24,,,2025-01-10 22:31:50,Income,Cash,Playstation Incomes,"13,86"
12771,5,12,,,2025-01-10 15:23:50,Income,Cash,Computer Incomes,"19,91"
12772,2,15,36.0,,2025-01-10 21:15:38,Income,Cash,Order Incomes,"6,80"
12773,3,16,,,2025-01-10 21:11:00,Income,Cash,Computer Incomes,"10,58"
12774,4,8,,,2025-01-10 19:04:33,Income,Credit Card,Computer Incomes,"6,55"
12775,4,23,,,2025-01-10 09:05:01,Income,Cash,Playstation Incomes,"14,36"
12776,1,24,,,2025-01-10 20:04:44,Income,Cash,Playstation Incomes,"24,44"
12777,2,23,,,2025-01-10 13:00:56,Income,Cash,Playstation Incomes,"11,09"
12778,4,13,,,2025-01-10 16:11:51,Income,Cash,Computer Incomes,"21,17"
12779,5,11,40.0,,2025-01-10 20:33:37,Income,Cash,Order Incomes,"8,56"
12780,2,24,,,2025-01-10 20:22:53,Income,Cash,Playstation Incomes,"20,66"
12781,3,1,,,2025-01-10 21:34:24,Income,Cash,Computer Incomes,"12,09"
12782,3,11,,,2025-01-10 13:26:51,Income,Cash,Computer Incomes,"8,31"
12783,1,14,34.0,,2025-01-10 12:20:53,Income,Cash,Order Incomes,"7,81"
12784,5,23,,,2025-01-10 15:18:44,Income,Cash,Playstation Incomes,"17,64"
12785,5,14,,,2025-01-10 15:02:14,Income,Cash,Computer Incomes,"22,68"
12786,2,7,1.0,,2025-01-10 21:31:01,Income,Cash,Order Incomes,"22,43"
12787,3,6,,,2025-01-10 22:24:47,Income,Credit Card,Computer Incomes,"11,34"
12788,1,7,,,2025-01-11 14:23:49,Income,Cash,Computer Incomes,"5,56"
12789,5,24,,,2025-01-11 12:16:56,Income,Cash,Playstation Incomes,"12,83"
12790,2,10,,,2025-01-11 11:25:27,Income,Cash,Computer Incomes,"4,22"
12791,3,16,42.0,,2025-01-11 18:37:13,Income,Cash,Order Incomes,"17,24"
12792,1,13,,,2025-01-11 23:02:08,Income,Cash,Computer Incomes,"9,96"
12793,1,8,,,2025-01-11 09:28:08,Income,Cash,Computer Incomes,"3,07"
12794,1,5,48.0,,2025-01-11 23:16:25,Income,Credit Card,Order Incomes,"13,98"
12795,5,6,,,2025-01-11 21:59:55,Income,Cash,Computer Incomes,"13,79"
12796,2,6,,,2025-01-11 14:13:14,Income,Cash,Computer Incomes,"5,56"
12797,5,13,,,2025-01-11 13:02:44,Income,Cash,Computer Incomes,"17,43"
12798,4,7,34.0,,2025-01-11 18:29:04,Income,Cash,Order Incomes,"18,20"
12799,5,5,,,2025-01-11 09:51:52,Income,Credit Card,Computer Incomes,"13,22"
12800,5,4,,,2025-01-11 17:13:37,Income,Cash,Computer Incomes,"12,83"
12801,5,9,,,2025-01-11 10:11:00,Income,Cash,Computer Incomes,"13,98"
12802,3,23,,,2025-01-11 11:10:02,Income,Credit Card,Playstation Incomes,"16,66"
12803,5,24,,,2025-01-11 11:59:17,Income,Cash,Playstation Incomes,"3,06"
12804,4,1,,,2025-01-11 23:14:12,Income,Cash,Computer Incomes,"18,19"
12805,1,13,,,2025-01-11 23:14:23,Income,Credit Card,Computer Incomes,"6,70"
12806,2,13,,31.0,2025-01-11 10:07:02,Income,Cash,Member Transactions,"6,70"
12807,1,23,,,2025-01-11 16:25:42,Income,Credit Card,Playstation Incomes,"7,85"
12808,3,7,,,2025-01-11 14:32:21,Income,Cash,Computer Incomes,"4,97"
12809,4,24,,,2025-01-11 21:23:26,Income,Credit Card,Playstation Incomes,"5,55"
12810,1,14,,,2025-01-11 15:49:15,Income,Cash,Computer Incomes,"18,38"
12811,4,8,,,2025-01-11 16:56:27,Income,Cash,Computer Incomes,"8,04"
12812,1,2,,,2025-01-11 23:12:57,Income,Credit Card,Computer Incomes,"17,61"
12813,1,9,,,2025-01-11 10:05:08,Income,Credit Card,Computer Incomes,"14,36"
12814,2,9,,,2025-01-11 21:30:40,Income,Cash,Computer Incomes,"4,21"
12815,4,23,,,2025-01-11 11:21:45,Income,Cash,Playstation Incomes,"1,91"
12816,3,2,,,2025-01-11 10:57:03,Income,Cash,Computer Incomes,"5,74"
12817,5,24,,,2025-01-11 19:08:03,Income,Cash,Playstation Incomes,"14,93"
12818,4,15,34.0,,2025-01-11 23:40:00,Income,Cash,Order Incomes,"9,95"
12819,3,12,,66.0,2025-01-11 11:26:08,Income,Cash,Member Transactions,"18,57"
12820,3,23,,,2025-01-11 22:53:38,Income,Cash,Playstation Incomes,"15,89"
12821,3,14,,,2025-01-11 20:11:08,Income,Cash,Computer Incomes,"6,51"
12822,2,11,,,2025-01-11 12:05:43,Income,Cash,Computer Incomes,"17,04"
12823,1,24,,,2025-01-11 14:06:46,Income,Cash,Playstation Incomes,"13,40"
12824,4,6,,,2025-01-11 18:46:53,Income,Cash,Computer Incomes,"6,31"
12825,3,2,,,2025-01-12 21:21:31,Income,Credit Card,Computer Incomes,"20,86"
12826,3,23,,,2025-01-12 09:15:05,Income,Cash,Playstation Incomes,"21,79"
12827,1,13,,,2025-01-12 12:21:50,Income,Cash,Computer Incomes,"26,42"
12828,3,2,,,2025-01-12 11:08:59,Income,Cash,Computer Incomes,"43,57"
12829,4,24,,,2025-01-12 20:43:15,Income,Cash,Playstation Incomes,"44,03"
12830,4,4,16.0,,2025-01-12 21:49:49,Income,Cash,Order Incomes,"21,32"
12831,5,23,,,2025-01-12 16:33:52,Income,Cash,Playstation Incomes,"11,59"
12832,1,24,,,2025-01-12 20:57:22,Income,Cash,Playstation Incomes,"25,03"
12833,4,13,,,2025-01-12 13:04:04,Income,Cash,Computer Incomes,"31,06"
12834,3,23,,,2025-01-12 13:12:51,Income,Cash,Playstation Incomes,"11,58"
12835,4,10,,,2025-01-12 16:48:04,Income,Cash,Computer Incomes,"13,44"
12836,2,15,,,2025-01-12 15:21:15,Income,Cash,Computer Incomes,"44,02"
12837,4,5,,,2025-01-12 17:28:21,Income,Cash,Computer Incomes,"8,34"
12838,4,3,,,2025-01-12 22:43:45,Income,Cash,Computer Incomes,"25,95"
12839,3,24,,,2025-01-12 15:50:19,Income,Cash,Playstation Incomes,"44,95"
12840,1,1,,,2025-01-13 22:26:04,Income,Cash,Computer Incomes,"14,22"
12841,4,23,,,2025-01-13 14:05:15,Income,Cash,Playstation Incomes,"4,38"
12842,2,4,,,2025-01-13 12:03:26,Income,Cash,Computer Incomes,"24,60"
12843,4,1,,24.0,2025-01-13 21:31:31,Income,Cash,Member Transactions,"14,49"
12844,3,2,,,2025-01-13 21:31:00,Income,Cash,Computer Incomes,"13,40"
12845,3,14,,,2025-01-13 20:54:28,Income,Cash,Computer Incomes,"8,75"
12846,4,3,,,2025-01-13 12:47:27,Income,Cash,Computer Incomes,"24,60"
12847,4,24,,,2025-01-13 12:48:51,Income,Credit Card,Playstation Incomes,"2,73"
12848,2,23,,,2025-01-13 15:14:15,Income,Cash,Playstation Incomes,"24,05"
12849,1,5,46.0,,2025-01-13 15:10:58,Income,Cash,Order Incomes,"25,14"
12850,2,24,,,2025-01-13 16:20:30,Income,Cash,Playstation Incomes,"4,91"
12851,3,12,,16.0,2025-01-13 15:23:17,Income,Credit Card,Member Transactions,"8,19"
12852,5,9,,,2025-01-13 14:22:03,Income,Cash,Computer Incomes,"18,58"
12853,3,23,,,2025-01-13 21:10:15,Income,Cash,Playstation Incomes,"7,10"
12854,4,24,,,2025-01-14 11:42:17,Income,Cash,Playstation Incomes,"5,23"
12855,3,23,,,2025-01-14 10:50:07,Income,Cash,Playstation Incomes,"12,39"
12856,5,7,,,2025-01-14 23:53:03,Income,Cash,Computer Incomes,"15,68"
12857,5,24,,,2025-01-14 19:46:10,Income,Cash,Playstation Incomes,"15,68"
12858,5,11,,,2025-01-14 20:56:09,Income,Credit Card,Computer Incomes,"13,36"
12859,5,23,,,2025-01-14 19:25:40,Income,Cash,Playstation Incomes,"19,36"
12860,2,11,,,2025-01-14 19:40:52,Income,Cash,Computer Incomes,"6,00"
12861,4,4,,,2025-01-14 09:54:18,Income,Cash,Computer Incomes,"4,07"
12862,1,3,,,2025-01-14 23:28:26,Income,Credit Card,Computer Incomes,"15,10"
12863,5,1,,,2025-01-14 14:49:51,Income,Cash,Computer Incomes,"2,71"
12864,1,7,,,2025-01-14 10:39:52,Income,Cash,Computer Incomes,"17,02"
12865,5,5,,,2025-01-14 18:34:03,Income,Cash,Computer Incomes,"14,89"
12866,2,12,,,2025-01-14 20:01:14,Income,Cash,Computer Incomes,"13,73"
12867,4,7,,,2025-01-14 11:23:17,Income,Credit Card,Computer Incomes,"3,28"
12868,5,5,,,2025-01-14 23:09:41,Income,Cash,Computer Incomes,"16,83"
12869,2,16,,,2025-01-14 12:23:02,Income,Cash,Computer Incomes,"4,64"
12870,2,14,,,2025-01-14 21:10:44,Income,Cash,Computer Incomes,"6,38"
12871,5,14,,,2025-01-14 19:39:20,Income,Cash,Computer Incomes,"18,38"
12872,3,12,,,2025-01-14 16:54:19,Income,Cash,Computer Incomes,"4,45"
12873,2,24,,,2025-01-14 18:28:46,Income,Cash,Playstation Incomes,"10,64"
12874,3,23,,,2025-01-14 13:21:57,Income,Cash,Playstation Incomes,"11,80"
12875,1,5,,,2025-01-14 20:19:26,Income,Cash,Computer Incomes,"7,74"
12876,2,11,,65.0,2025-01-15 09:10:30,Income,Cash,Member Transactions,"5,75"
12877,1,7,25.0,,2025-01-15 09:50:08,Income,Cash,Order Incomes,"7,19"
12878,3,1,48.0,,2025-01-15 17:32:53,Income,Credit Card,Order Incomes,"16,54"
12879,5,6,,,2025-01-15 20:38:14,Income,Cash,Computer Incomes,"17,79"
12880,5,7,,,2025-01-15 11:55:43,Income,Cash,Computer Incomes,"8,27"
12881,5,5,,,2025-01-15 13:08:37,Income,Cash,Computer Incomes,"14,74"
12882,1,9,,,2025-01-15 22:37:14,Income,Cash,Computer Incomes,"13,66"
12883,5,24,,,2025-01-15 16:34:08,Income,Cash,Playstation Incomes,"15,46"
12884,5,8,5.0,,2025-01-15 21:36:30,Income,Cash,Order Incomes,"5,75"
12885,5,23,,,2025-01-15 20:00:04,Income,Cash,Playstation Incomes,"13,30"
12886,1,12,45.0,,2025-01-15 18:59:44,Income,Cash,Order Incomes,"6,11"
12887,5,14,,,2025-01-15 18:51:58,Income,Cash,Computer Incomes,"2,88"
12888,5,5,,,2025-01-15 12:49:52,Income,Cash,Computer Incomes,"3,42"
12889,1,1,,,2025-01-15 16:43:18,Income,Credit Card,Computer Incomes,"7,90"
12890,3,24,,,2025-01-15 18:42:51,Income,Cash,Playstation Incomes,"10,78"
12891,3,13,,,2025-01-15 16:32:32,Income,Cash,Computer Incomes,"4,85"
12892,3,3,16.0,,2025-01-15 19:46:01,Income,Cash,Order Incomes,"11,67"
12893,1,4,,,2025-01-15 11:14:02,Income,Cash,Computer Incomes,"17,42"
12894,1,23,,,2025-01-15 19:18:35,Income,Cash,Playstation Incomes,"10,06"
12895,5,15,,,2025-01-15 16:27:11,Income,Cash,Computer Incomes,"3,59"
12896,3,1,,,2025-01-15 22:00:00,Income,Cash,Computer Incomes,"9,16"
12897,2,5,,,2025-01-15 12:08:37,Income,Credit Card,Computer Incomes,"17,06"
12898,3,15,,,2025-01-15 15:17:41,Income,Cash,Computer Incomes,"14,37"
12899,5,24,,,2025-01-16 21:48:38,Income,Cash,Playstation Incomes,"18,71"
12900,5,15,,,2025-01-16 09:07:30,Income,Cash,Computer Incomes,"22,80"
12901,4,16,1.0,,2025-01-16 23:38:02,Income,Cash,Order Incomes,"8,19"
12902,2,23,,,2025-01-16 20:03:19,Income,Cash,Playstation Incomes,"20,17"
12903,4,24,,,2025-01-16 11:01:05,Income,Cash,Playstation Incomes,"12,86"
12904,3,2,,,2025-01-16 20:41:57,Income,Cash,Computer Incomes,"26,89"
12905,5,10,,,2025-01-16 18:16:01,Income,Cash,Computer Incomes,"4,10"
12906,5,5,,,2025-01-16 23:22:19,Income,Cash,Computer Incomes,"10,82"
12907,1,2,,6.0,2025-01-16 13:36:39,Income,Cash,Member Transactions,"29,21"
12908,5,3,,,2025-01-16 14:19:05,Income,Cash,Computer Incomes,"18,99"
12909,5,8,,63.0,2025-01-16 15:41:16,Income,Cash,Member Transactions,"16,36"
12910,1,23,,,2025-01-16 11:54:18,Income,Cash,Playstation Incomes,"19,57"
12911,1,3,39.0,,2025-01-16 20:34:19,Income,Cash,Order Incomes,"14,02"
12912,1,1,,,2025-01-16 17:48:31,Income,Credit Card,Computer Incomes,"2,92"
12913,5,9,8.0,,2025-01-16 17:29:36,Income,Cash,Order Incomes,"12,85"
12914,5,16,,,2025-01-16 23:46:56,Income,Cash,Computer Incomes,"21,62"
12915,2,24,,,2025-01-16 17:08:41,Income,Cash,Playstation Incomes,"20,45"
12916,1,12,,,2025-01-16 14:15:34,Income,Cash,Computer Incomes,"27,75"
12917,2,10,41.0,,2025-01-16 21:22:14,Income,Cash,Order Incomes,"11,10"
12918,4,3,,,2025-01-16 16:37:17,Income,Cash,Computer Incomes,"7,30"
12919,3,23,,,2025-01-16 09:55:51,Income,Credit Card,Playstation Incomes,"28,34"
12920,2,10,,,2025-01-17 20:13:20,Income,Cash,Computer Incomes,"8,63"
12921,4,24,,,2025-01-17 15:25:24,Income,Cash,Playstation Incomes,"4,47"
12922,4,8,,,2025-01-17 11:42:10,Income,Cash,Computer Incomes,"3,86"
12923,1,23,,,2025-01-17 22:57:47,Income,Cash,Playstation Incomes,"11,87"
12924,2,16,,,2025-01-17 15:06:06,Income,Cash,Computer Incomes,"14,64"
12925,1,9,,,2025-01-17 16:21:40,Income,Cash,Computer Incomes,"13,41"
12926,3,3,47.0,,2025-01-17 14:25:20,Income,Cash,Order Incomes,"1,85"
12927,4,15,47.0,,2025-01-17 21:55:38,Income,Cash,Order Incomes,"11,71"
12928,3,10,,,2025-01-17 23:45:15,Income,Cash,Computer Incomes,"3,86"
12929,1,15,23.0,,2025-01-17 19:39:11,Income,Cash,Order Incomes,"9,09"
12930,1,1,,,2025-01-17 17:49:29,Income,Cash,Computer Incomes,"3,86"
12931,3,9,,,2025-01-17 10:36:13,Income,Cash,Computer Incomes,"9,09"
12932,3,24,,,2025-01-17 16:45:55,Income,Cash,Playstation Incomes,"12,17"
12933,2,23,,,2025-01-17 16:39:28,Income,Cash,Playstation Incomes,"3,70"
12934,1,24,,,2025-01-17 11:57:23,Income,Cash,Playstation Incomes,"7,40"
12935,5,13,,,2025-01-17 11:16:40,Income,Cash,Computer Incomes,"12,94"
12936,3,15,,,2025-01-17 21:27:49,Income,Cash,Computer Incomes,"8,79"
12937,4,5,,,2025-01-17 11:59:16,Income,Cash,Computer Incomes,"4,78"
12938,1,23,,,2025-01-17 12:14:57,Income,Cash,Playstation Incomes,"12,94"
12939,5,7,12.0,,2025-01-17 15:27:34,Income,Cash,Order Incomes,"10,94"
12940,2,4,,,2025-01-17 17:13:55,Income,Cash,Computer Incomes,"3,54"
12941,4,24,,,2025-01-17 15:20:27,Income,Cash,Playstation Incomes,"8,93"
12942,1,5,,,2025-01-17 19:34:17,Income,Cash,Computer Incomes,"12,78"
12943,5,23,,,2025-01-17 15:32:50,Income,Cash,Playstation Incomes,"12,01"
12944,5,9,19.0,,2025-01-17 21:21:32,Income,Cash,Order Incomes,"12,32"
12945,2,5,7.0,,2025-01-17 23:30:05,Income,Cash,Order Incomes,"4,46"
12946,4,1,,,2025-01-17 09:56:41,Income,Cash,Computer Incomes,"4,92"
12947,3,9,,,2025-01-17 19:32:26,Income,Cash,Computer Incomes,"6,16"
12948,4,15,,,2025-01-17 17:03:52,Income,Cash,Computer Incomes,"5,08"
12949,1,10,,,2025-01-17 22:06:15,Income,Cash,Computer Incomes,"4,00"
12950,5,15,35.0,,2025-01-17 21:16:00,Income,Cash,Order Incomes,"9,70"
12951,2,4,,,2025-01-17 23:41:06,Income,Credit Card,Computer Incomes,"1,69"
12952,2,2,,43.0,2025-01-17 22:24:55,Income,Credit Card,Member Transactions,"10,32"
12953,1,24,,,2025-01-17 21:57:10,Income,Cash,Playstation Incomes,"7,08"
12954,3,12,24.0,,2025-01-17 14:28:37,Income,Cash,Order Incomes,"2,61"
12955,2,13,,,2025-01-17 15:43:34,Income,Cash,Computer Incomes,"10,16"
12956,5,5,,,2025-01-17 21:32:36,Income,Cash,Computer Incomes,"12,93"
12957,1,13,45.0,,2025-01-17 13:38:32,Income,Credit Card,Order Incomes,"6,16"
12958,4,15,,,2025-01-17 21:35:58,Income,Cash,Computer Incomes,"11,55"
12959,1,2,28.0,,2025-01-18 12:55:21,Income,Cash,Order Incomes,"20,68"
12960,5,8,,,2025-01-18 23:52:08,Income,Cash,Computer Incomes,"5,77"
12961,2,7,,,2025-01-18 12:23:59,Income,Credit Card,Computer Incomes,"12,89"
12962,2,23,,,2025-01-18 21:42:34,Income,Cash,Playstation Incomes,"4,07"
12963,4,12,,,2025-01-18 11:03:53,Income,Cash,Computer Incomes,"20,34"
12964,3,7,,,2025-01-18 09:03:25,Income,Cash,Computer Incomes,"9,16"
12965,3,15,47.0,,2025-01-18 19:33:38,Income,Cash,Order Incomes,"20,34"
12966,2,15,17.0,,2025-01-18 14:47:44,Income,Cash,Order Incomes,"4,07"
12967,2,2,,,2025-01-18 12:59:54,Income,Cash,Computer Incomes,"30,17"
12968,1,8,6.0,,2025-01-18 22:41:07,Income,Credit Card,Order Incomes,"29,83"
12969,2,16,,,2025-01-18 09:56:38,Income,Cash,Computer Incomes,"31,87"
12970,5,24,,,2025-01-18 10:56:46,Income,Cash,Playstation Incomes,"16,61"
12971,3,12,36.0,,2025-01-18 18:17:33,Income,Credit Card,Order Incomes,"11,19"
12972,5,23,,,2025-01-18 19:00:57,Income,Cash,Playstation Incomes,"15,26"
12973,2,24,,,2025-01-18 13:31:44,Income,Credit Card,Playstation Incomes,"7,80"
12974,2,15,2.0,,2025-01-18 11:53:13,Income,Cash,Order Incomes,"4,75"
12975,2,23,,,2025-01-18 19:58:34,Income,Cash,Playstation Incomes,"5,76"
12976,1,15,,,2025-01-18 15:34:10,Income,Credit Card,Computer Incomes,"22,37"
12977,2,3,,,2025-01-18 17:14:34,Income,Cash,Computer Incomes,"12,20"
12978,2,1,,,2025-01-18 15:25:43,Income,Cash,Computer Incomes,"29,49"
12979,3,2,,,2025-01-18 15:23:08,Income,Cash,Computer Incomes,"25,08"
12980,2,14,,,2025-01-18 21:58:19,Income,Cash,Computer Incomes,"13,55"
12981,1,9,4.0,,2025-01-18 09:34:56,Income,Cash,Order Incomes,"27,11"
12982,5,7,,,2025-01-18 14:41:57,Income,Cash,Computer Incomes,"17,28"
12983,1,24,,,2025-01-18 13:17:28,Income,Cash,Playstation Incomes,"31,52"
12984,2,1,,,2025-01-18 21:03:42,Income,Cash,Computer Incomes,"9,49"
12985,1,10,,54.0,2025-01-18 22:55:59,Income,Cash,Member Transactions,"22,37"
12986,5,23,,,2025-01-18 19:29:08,Income,Cash,Playstation Incomes,"29,15"
12987,3,24,,,2025-01-18 21:09:47,Income,Cash,Playstation Incomes,"23,72"
12988,2,3,,,2025-01-18 22:50:43,Income,Cash,Computer Incomes,"3,72"
12989,5,10,3.0,,2025-01-18 09:53:35,Income,Cash,Order Incomes,"12,54"
12990,5,23,,,2025-01-19 09:19:22,Income,Cash,Playstation Incomes,"29,84"
12991,2,24,,,2025-01-19 09:04:54,Income,Credit Card,Playstation Incomes,"11,68"
12992,2,13,,,2025-01-19 19:35:30,Income,Cash,Computer Incomes,"27,25"
12993,4,23,,,2025-01-19 17:29:04,Income,Cash,Playstation Incomes,"35,89"
12994,2,24,,,2025-01-19 23:40:18,Income,Credit Card,Playstation Incomes,"26,81"
12995,5,10,,,2025-01-19 11:50:43,Income,Cash,Computer Incomes,"28,11"
12996,4,23,,,2025-01-19 16:15:50,Income,Cash,Playstation Incomes,"18,59"
12997,2,4,,,2025-01-19 10:00:51,Income,Credit Card,Computer Incomes,"9,08"
12998,2,3,,,2025-01-19 19:09:20,Income,Cash,Computer Incomes,"5,62"
12999,2,13,,,2025-01-19 11:11:03,Income,Credit Card,Computer Incomes,"9,08"
13000,1,13,,43.0,2025-01-19 12:17:36,Income,Cash,Member Transactions,"35,45"
13001,5,24,,,2025-01-19 16:10:00,Income,Cash,Playstation Incomes,"24,64"
13002,5,11,,26.0,2025-01-19 18:54:06,Income,Cash,Member Transactions,"18,16"
13003,1,1,,54.0,2025-01-19 18:26:40,Income,Cash,Member Transactions,"28,53"
13004,3,23,,,2025-01-20 19:41:43,Income,Cash,Playstation Incomes,"2,53"
13005,1,16,,,2025-01-20 16:47:50,Income,Cash,Computer Incomes,"16,36"
13006,4,6,,,2025-01-20 19:57:58,Income,Credit Card,Computer Incomes,"16,02"
13007,2,15,,,2025-01-20 18:24:18,Income,Cash,Computer Incomes,"6,24"
13008,4,11,,,2025-01-20 15:36:01,Income,Cash,Computer Incomes,"5,74"
13009,1,5,,,2025-01-20 09:00:49,Income,Cash,Computer Incomes,"12,82"
13010,1,24,,,2025-01-20 19:55:35,Income,Cash,Playstation Incomes,"4,89"
13011,5,23,,,2025-01-20 16:39:18,Income,Cash,Playstation Incomes,"4,73"
13012,4,7,,,2025-01-20 20:27:09,Income,Cash,Computer Incomes,"4,56"
13013,1,14,29.0,,2025-01-20 15:32:24,Income,Cash,Order Incomes,"16,53"
13014,3,7,,,2025-01-20 16:02:06,Income,Cash,Computer Incomes,"6,24"
13015,5,9,,,2025-01-20 11:09:51,Income,Cash,Computer Incomes,"4,56"
13016,2,5,,17.0,2025-01-20 12:20:51,Income,Cash,Member Transactions,"5,56"
13017,3,8,22.0,,2025-01-20 14:40:11,Income,Cash,Order Incomes,"6,07"
13018,5,7,,,2025-01-20 23:26:32,Income,Cash,Computer Incomes,"12,98"
13019,3,14,,,2025-01-20 22:39:59,Income,Cash,Computer Incomes,"7,75"
13020,4,6,,,2025-01-20 18:16:14,Income,Cash,Computer Incomes,"11,12"
13021,5,16,,,2025-01-20 20:26:25,Income,Cash,Computer Incomes,"9,77"
13022,2,15,,,2025-01-20 12:48:45,Income,Cash,Computer Incomes,"16,18"
13023,1,16,,,2025-01-20 12:28:56,Income,Cash,Computer Incomes,"13,99"
13024,4,9,,,2025-01-20 11:13:32,Income,Cash,Computer Incomes,"15,68"
13025,2,2,,,2025-01-21 11:08:52,Income,Cash,Computer Incomes,"24,18"
13026,4,9,,,2025-01-21 19:57:09,Income,Cash,Computer Incomes,"10,60"
13027,3,7,,,2025-01-21 23:40:44,Income,Credit Card,Computer Incomes,"22,20"
13028,2,3,,,2025-01-21 09:37:08,Income,Cash,Computer Incomes,"24,51"
13029,2,3,30.0,,2025-01-21 12:02:14,Income,Cash,Order Incomes,"14,91"
13030,1,14,,,2025-01-21 15:20:46,Income,Credit Card,Computer Incomes,"20,54"
13031,2,4,,,2025-01-21 20:21:32,Income,Cash,Computer Incomes,"24,18"
13032,2,2,,,2025-01-21 16:41:28,Income,Cash,Computer Incomes,"11,60"
13033,5,24,,,2025-01-21 11:07:48,Income,Cash,Playstation Incomes,"15,57"
13034,2,9,,,2025-01-21 21:06:27,Income,Cash,Computer Incomes,"32,13"
13035,5,13,,,2025-01-21 19:05:05,Income,Credit Card,Computer Incomes,"6,96"
13036,2,7,,,2025-01-21 19:08:58,Income,Cash,Computer Incomes,"3,98"
13037,2,11,,,2025-01-21 17:18:51,Income,Cash,Computer Incomes,"10,92"
13038,4,13,,,2025-01-21 18:35:40,Income,Credit Card,Computer Incomes,"32,78"
13039,5,7,,,2025-01-21 11:01:47,Income,Cash,Computer Incomes,"13,24"
13040,5,23,,,2025-01-21 16:06:17,Income,Cash,Playstation Incomes,"31,46"
13041,5,3,,,2025-01-21 17:00:03,Income,Cash,Computer Incomes,"11,59"
13042,1,13,,24.0,2025-01-21 23:08:26,Income,Cash,Member Transactions,"24,84"
13043,4,7,,,2025-01-21 15:41:28,Income,Cash,Computer Incomes,"18,87"
13044,1,13,,,2025-01-21 13:18:58,Income,Cash,Computer Incomes,"9,27"
13045,3,13,19.0,,2025-01-21 10:53:44,Income,Cash,Order Incomes,"4,96"
13046,1,16,,31.0,2025-01-22 17:25:59,Income,Cash,Member Transactions,"9,99"
13047,3,24,,,2025-01-22 15:36:17,Income,Cash,Playstation Incomes,"20,20"
13048,1,12,,,2025-01-22 10:27:15,Income,Cash,Computer Incomes,"9,29"
13049,3,11,,,2025-01-22 16:02:19,Income,Cash,Computer Incomes,"5,34"
13050,3,8,,,2025-01-22 09:41:35,Income,Cash,Computer Incomes,"10,22"
13051,4,23,,,2025-01-22 13:44:22,Income,Cash,Playstation Incomes,"12,07"
13052,2,9,,,2025-01-22 18:18:46,Income,Cash,Computer Incomes,"18,34"
13053,5,14,,,2025-01-22 14:17:17,Income,Cash,Computer Incomes,"15,56"
13054,1,8,5.0,,2025-01-22 16:35:23,Income,Cash,Order Incomes,"8,13"
13055,4,8,,,2025-01-22 21:37:20,Income,Credit Card,Computer Incomes,"12,07"
13056,2,6,,,2025-01-22 19:35:22,Income,Cash,Computer Incomes,"2,79"
13057,1,3,,,2025-01-22 09:51:37,Income,Cash,Computer Incomes,"18,57"
13058,3,24,,,2025-01-22 14:33:33,Income,Cash,Playstation Incomes,"15,09"
13059,2,23,,,2025-01-22 20:42:38,Income,Cash,Playstation Incomes,"8,58"
13060,4,24,,,2025-01-22 23:34:52,Income,Credit Card,Playstation Incomes,"10,44"
13061,4,2,,,2025-01-22 22:28:18,Income,Cash,Computer Incomes,"13,46"
13062,4,11,,,2025-01-22 16:54:19,Income,Cash,Computer Incomes,"3,71"
13063,1,23,,,2025-01-22 09:47:33,Income,Cash,Playstation Incomes,"9,74"
13064,4,8,,,2025-01-22 19:50:13,Income,Credit Card,Computer Incomes,"21,81"
13065,5,4,,,2025-01-22 21:19:47,Income,Cash,Computer Incomes,"9,98"
13066,4,8,,,2025-01-22 17:15:40,Income,Cash,Computer Incomes,"17,64"
13067,1,16,16.0,,2025-01-22 11:47:17,Income,Cash,Order Incomes,"17,40"
13068,5,7,,,2025-01-22 11:40:13,Income,Cash,Computer Incomes,"2,55"
13069,4,16,,,2025-01-22 12:19:34,Income,Cash,Computer Incomes,"22,51"
13070,1,1,,,2025-01-23 13:17:44,Income,Cash,Computer Incomes,"6,18"
13071,2,15,,,2025-01-23 11:10:49,Income,Cash,Computer Incomes,"5,15"
13072,3,14,,,2025-01-23 21:04:47,Income,Cash,Computer Incomes,"12,48"
13073,4,16,,,2025-01-23 19:25:28,Income,Cash,Computer Incomes,"2,19"
13074,2,1,4.0,,2025-01-23 11:59:38,Income,Cash,Order Incomes,"12,61"
13075,2,14,,,2025-01-23 14:22:32,Income,Cash,Computer Incomes,"8,75"
13076,4,5,,,2025-01-23 15:10:15,Income,Cash,Computer Incomes,"9,65"
13077,2,9,,,2025-01-23 20:03:35,Income,Cash,Computer Incomes,"11,71"
13078,1,24,,,2025-01-23 20:36:15,Income,Cash,Playstation Incomes,"4,89"
13079,3,23,,,2025-01-23 17:33:45,Income,Cash,Playstation Incomes,"9,51"
13080,1,4,,,2025-01-23 21:27:12,Income,Cash,Computer Incomes,"12,21"
13081,3,9,,,2025-01-23 12:16:18,Income,Cash,Computer Incomes,"5,65"
13082,3,24,,,2025-01-23 20:20:47,Income,Cash,Playstation Incomes,"12,60"
13083,5,10,,,2025-01-23 13:18:48,Income,Cash,Computer Incomes,"9,38"
13084,2,9,,40.0,2025-01-23 10:52:55,Income,Cash,Member Transactions,"3,60"
13085,2,16,48.0,,2025-01-23 12:15:49,Income,Cash,Order Incomes,"5,14"
13086,1,23,,,2025-01-23 12:31:15,Income,Cash,Playstation Incomes,"7,97"
13087,1,4,,,2025-01-23 15:09:09,Income,Cash,Computer Incomes,"8,22"
13088,4,7,,29.0,2025-01-23 23:25:42,Income,Cash,Member Transactions,"7,97"
13089,2,7,14.0,,2025-01-23 19:24:49,Income,Cash,Order Incomes,"2,18"
13090,5,12,,,2025-01-23 11:47:48,Income,Cash,Computer Incomes,"5,14"
13091,4,24,,,2025-01-23 22:16:14,Income,Cash,Playstation Incomes,"7,84"
13092,2,12,,,2025-01-23 13:02:40,Income,Cash,Computer Incomes,"8,61"
13093,1,10,,,2025-01-24 15:02:08,Income,Cash,Computer Incomes,"22,28"
13094,3,5,,,2025-01-24 20:22:17,Income,Credit Card,Computer Incomes,"14,76"
13095,1,6,,28.0,2025-01-24 22:10:12,Income,Cash,Member Transactions,"27,01"
13096,5,14,,,2025-01-24 14:02:16,Income,Cash,Computer Incomes,"19,77"
13097,2,10,,,2025-01-24 13:19:29,Income,Credit Card,Computer Incomes,"22,00"
13098,1,1,,,2025-01-24 14:51:44,Income,Cash,Computer Incomes,"8,64"
13099,3,13,,,2025-01-24 20:15:38,Income,Cash,Computer Incomes,"8,91"
13100,2,23,,,2025-01-24 20:00:36,Income,Cash,Playstation Incomes,"9,75"
13101,4,8,,,2025-01-24 14:02:20,Income,Credit Card,Computer Incomes,"18,10"
13102,1,2,11.0,,2025-01-24 20:16:48,Income,Cash,Order Incomes,"8,08"
13103,2,24,,,2025-01-24 21:27:13,Income,Cash,Playstation Incomes,"13,65"
13104,4,3,,,2025-01-24 16:01:43,Income,Cash,Computer Incomes,"19,77"
13105,5,16,,,2025-01-24 14:46:39,Income,Cash,Computer Incomes,"9,19"
13106,1,23,,,2025-01-24 22:18:21,Income,Cash,Playstation Incomes,"9,74"
13107,2,24,,,2025-01-24 15:00:36,Income,Cash,Playstation Incomes,"21,71"
13108,5,23,,,2025-01-24 20:38:03,Income,Cash,Playstation Incomes,"6,96"
13109,3,4,,,2025-01-24 17:08:14,Income,Cash,Computer Incomes,"15,31"
13110,2,12,,30.0,2025-01-24 16:37:20,Income,Cash,Member Transactions,"6,68"
13111,4,4,,29.0,2025-01-24 12:21:42,Income,Cash,Member Transactions,"25,05"
13112,2,15,,,2025-01-24 18:30:41,Income,Cash,Computer Incomes,"3,61"
13113,5,14,,,2025-01-24 14:26:58,Income,Cash,Computer Incomes,"8,07"
13114,1,24,,,2025-01-24 11:34:58,Income,Cash,Playstation Incomes,"24,22"
13115,4,16,,,2025-01-24 10:29:20,Income,Cash,Computer Incomes,"12,80"
13116,1,12,,,2025-01-24 13:13:39,Income,Cash,Computer Incomes,"27,28"
13117,1,11,,,2025-01-24 21:26:41,Income,Credit Card,Computer Incomes,"8,35"
13118,4,5,5.0,,2025-01-24 16:00:56,Income,Cash,Order Incomes,"16,42"
13119,5,9,,,2025-01-24 14:05:57,Income,Cash,Computer Incomes,"25,61"
13120,5,10,,,2025-01-24 13:52:20,Income,Cash,Computer Incomes,"8,63"
13121,4,15,,,2025-01-24 16:45:43,Income,Cash,Computer Incomes,"17,53"
13122,4,4,,,2025-01-24 20:57:02,Income,Cash,Computer Incomes,"13,92"
13123,3,2,,,2025-01-25 09:23:41,Income,Credit Card,Computer Incomes,"16,11"
13124,5,14,,,2025-01-25 20:08:29,Income,Cash,Computer Incomes,"6,31"
13125,5,11,,37.0,2025-01-25 16:33:52,Income,Cash,Member Transactions,"14,80"
13126,3,23,,,2025-01-25 10:10:29,Income,Cash,Playstation Incomes,"3,92"
13127,4,15,,,2025-01-25 12:23:40,Income,Cash,Computer Incomes,"15,45"
13128,1,13,45.0,,2025-01-25 09:22:38,Income,Cash,Order Incomes,"10,23"
13129,2,24,,,2025-01-25 15:21:49,Income,Cash,Playstation Incomes,"4,79"
13130,4,7,,,2025-01-25 11:35:29,Income,Cash,Computer Incomes,"4,79"
13131,3,23,,,2025-01-25 18:39:49,Income,Credit Card,Playstation Incomes,"2,62"
13132,2,24,,,2025-01-25 14:35:11,Income,Cash,Playstation Incomes,"9,58"
13133,5,8,,,2025-01-25 10:37:01,Income,Cash,Computer Incomes,"19,37"
13134,5,6,,,2025-01-25 09:57:41,Income,Cash,Computer Incomes,"14,80"
13135,5,11,,,2025-01-25 13:11:35,Income,Cash,Computer Incomes,"9,36"
13136,1,1,,,2025-01-25 18:55:46,Income,Cash,Computer Incomes,"6,31"
13137,2,9,,,2025-01-25 16:15:46,Income,Credit Card,Computer Incomes,"9,58"
13138,3,5,,,2025-01-25 12:55:33,Income,Cash,Computer Incomes,"2,83"
13139,2,12,,16.0,2025-01-25 10:00:26,Income,Cash,Member Transactions,"21,33"
13140,4,11,,,2025-01-25 22:04:24,Income,Cash,Computer Incomes,"19,80"
13141,2,12,,,2025-01-25 16:45:01,Income,Cash,Computer Incomes,"15,45"
13142,1,8,,,2025-01-25 10:22:15,Income,Cash,Computer Incomes,"16,54"
13143,2,4,,,2025-01-25 13:37:25,Income,Cash,Computer Incomes,"10,67"
13144,2,23,,,2025-01-25 16:55:38,Income,Cash,Playstation Incomes,"10,45"
13145,5,24,,,2025-01-25 11:06:41,Income,Cash,Playstation Incomes,"20,01"
13146,1,5,,,2025-01-25 15:23:30,Income,Cash,Computer Incomes,"11,09"
13147,4,9,42.0,,2025-01-25 12:02:04,Income,Cash,Order Incomes,"12,61"
13148,4,10,,,2025-01-25 14:43:57,Income,Credit Card,Computer Incomes,"16,10"
13149,4,15,,,2025-01-25 22:29:02,Income,Cash,Computer Incomes,"6,09"
13150,1,10,18.0,,2025-01-25 21:49:39,Income,Cash,Order Incomes,"14,14"
13151,1,8,,,2025-01-25 19:47:46,Income,Cash,Computer Incomes,"6,96"
13152,5,23,,,2025-01-25 14:59:29,Income,Cash,Playstation Incomes,"19,14"
13153,5,24,,,2025-01-25 17:06:38,Income,Credit Card,Playstation Incomes,"4,56"
13154,3,5,,,2025-01-25 19:11:32,Income,Cash,Computer Incomes,"10,00"
13155,3,7,,,2025-01-25 09:35:37,Income,Credit Card,Computer Incomes,"6,09"
13156,4,11,,,2025-01-25 23:14:41,Income,Cash,Computer Incomes,"13,27"
13157,5,23,,,2025-01-25 13:16:20,Income,Cash,Playstation Incomes,"15,44"
13158,4,13,,,2025-01-25 10:53:28,Income,Cash,Computer Incomes,"8,26"
13159,1,24,,,2025-01-25 16:50:33,Income,Cash,Playstation Incomes,"2,17"
13160,5,6,,,2025-01-25 13:04:31,Income,Credit Card,Computer Incomes,"8,26"
13161,1,8,,,2025-01-25 19:09:00,Income,Cash,Computer Incomes,"8,70"
13162,1,23,,,2025-01-26 20:53:25,Income,Cash,Playstation Incomes,"9,36"
13163,4,6,,,2025-01-26 10:00:33,Income,Cash,Computer Incomes,"24,96"
13164,5,16,,,2025-01-26 20:58:09,Income,Cash,Computer Incomes,"8,58"
13165,1,11,10.0,,2025-01-26 09:48:06,Income,Cash,Order Incomes,"18,46"
13166,2,24,,,2025-01-26 22:26:33,Income,Cash,Playstation Incomes,"20,54"
13167,1,3,4.0,,2025-01-26 15:04:14,Income,Cash,Order Incomes,"14,56"
13168,5,4,,,2025-01-26 23:50:29,Income,Cash,Computer Incomes,"2,60"
13169,3,3,,,2025-01-26 14:44:05,Income,Cash,Computer Incomes,"15,08"
13170,5,23,,,2025-01-26 10:48:05,Income,Cash,Playstation Incomes,"13,78"
13171,4,3,,,2025-01-26 23:07:31,Income,Cash,Computer Incomes,"4,68"
13172,1,2,,,2025-01-26 19:01:35,Income,Cash,Computer Incomes,"14,56"
13173,4,4,,,2025-01-26 21:03:57,Income,Cash,Computer Incomes,"21,84"
13174,3,4,,,2025-01-26 15:01:25,Income,Cash,Computer Incomes,"7,80"
13175,2,2,,,2025-01-26 22:41:59,Income,Cash,Computer Incomes,"17,94"
13176,1,16,,,2025-01-26 21:04:42,Income,Cash,Computer Incomes,"21,83"
13177,5,6,,,2025-01-26 23:03:00,Income,Credit Card,Computer Incomes,"21,05"
13178,5,24,,,2025-01-26 16:36:49,Income,Credit Card,Playstation Incomes,"23,13"
13179,4,4,,,2025-01-26 14:45:03,Income,Cash,Computer Incomes,"21,57"
13180,4,11,,,2025-01-26 16:08:30,Income,Cash,Computer Incomes,"17,67"
13181,2,3,,,2025-01-26 13:02:38,Income,Cash,Computer Incomes,"9,35"
13182,4,2,,,2025-01-26 18:55:52,Income,Cash,Computer Incomes,"19,49"
13183,3,5,,,2025-01-26 19:38:19,Income,Cash,Computer Incomes,"24,17"
13184,5,16,,,2025-01-27 23:23:00,Income,Cash,Computer Incomes,"5,95"
13185,5,23,,,2025-01-27 19:00:39,Income,Cash,Playstation Incomes,"18,52"
13186,5,10,,,2025-01-27 11:09:00,Income,Cash,Computer Incomes,"19,66"
13187,2,7,6.0,,2025-01-27 23:46:54,Income,Cash,Order Incomes,"2,52"
13188,3,10,,,2025-01-27 22:51:18,Income,Cash,Computer Incomes,"21,49"
13189,1,24,,,2025-01-27 12:00:58,Income,Cash,Playstation Incomes,"16,69"
13190,4,23,,,2025-01-27 14:36:48,Income,Cash,Playstation Incomes,"7,55"
13191,5,9,,,2025-01-27 21:48:28,Income,Cash,Computer Incomes,"12,58"
13192,4,5,,,2025-01-27 20:22:41,Income,Cash,Computer Incomes,"16,01"
13193,5,5,,,2025-01-27 17:32:59,Income,Cash,Computer Incomes,"15,32"
13194,4,16,,,2025-01-27 22:00:45,Income,Cash,Computer Incomes,"21,72"
13195,1,2,,,2025-01-27 22:31:01,Income,Cash,Computer Incomes,"11,65"
13196,1,24,,,2025-01-27 23:49:12,Income,Cash,Playstation Incomes,"8,68"
13197,1,23,,,2025-01-27 10:00:21,Income,Cash,Playstation Incomes,"13,25"
13198,2,24,,,2025-01-27 11:20:59,Income,Cash,Playstation Incomes,"19,43"
13199,5,2,,,2025-01-27 21:10:30,Income,Cash,Computer Incomes,"13,25"
13200,3,9,,,2025-01-27 14:48:55,Income,Cash,Computer Incomes,"5,48"
13201,4,23,,,2025-01-27 23:15:59,Income,Cash,Playstation Incomes,"20,11"
13202,1,24,,,2025-01-28 20:45:48,Income,Cash,Playstation Incomes,"15,46"
13203,3,12,,,2025-01-28 20:01:22,Income,Cash,Computer Incomes,"5,24"
13204,3,11,,,2025-01-28 22:46:22,Income,Cash,Computer Incomes,"3,81"
13205,2,15,,,2025-01-28 09:32:25,Income,Credit Card,Computer Incomes,"14,98"
13206,3,8,,,2025-01-28 09:58:10,Income,Cash,Computer Incomes,"6,66"
13207,2,4,,,2025-01-28 21:52:24,Income,Cash,Computer Incomes,"20,69"
13208,4,8,,,2025-01-28 18:25:17,Income,Cash,Computer Incomes,"14,03"
13209,2,11,45.0,,2025-01-28 09:57:23,Income,Cash,Order Incomes,"2,38"
13210,3,15,,5.0,2025-01-28 09:24:36,Income,Cash,Member Transactions,"20,68"
13211,1,2,,,2025-01-28 23:27:35,Income,Cash,Computer Incomes,"8,32"
13212,2,1,,,2025-01-28 19:24:42,Income,Cash,Computer Incomes,"18,06"
13213,1,6,,,2025-01-28 16:38:44,Income,Cash,Computer Incomes,"14,50"
13214,3,23,,,2025-01-28 14:02:25,Income,Cash,Playstation Incomes,"11,41"
13215,4,4,,,2025-01-28 13:25:31,Income,Cash,Computer Incomes,"18,06"
13216,3,9,,,2025-01-28 21:00:30,Income,Cash,Computer Incomes,"23,77"
13217,2,12,29.0,,2025-01-28 09:56:30,Income,Cash,Order Incomes,"23,06"
13218,4,1,,,2025-01-29 12:03:11,Income,Cash,Computer Incomes,"25,01"
13219,2,3,,,2025-01-29 16:14:04,Income,Cash,Computer Incomes,"15,07"
13220,5,7,,,2025-01-29 09:43:42,Income,Cash,Computer Incomes,"11,55"
13221,4,4,,,2025-01-29 09:51:36,Income,Cash,Computer Incomes,"16,68"
13222,5,9,,,2025-01-29 16:31:54,Income,Cash,Computer Incomes,"12,83"
13223,2,12,32.0,,2025-01-29 10:45:02,Income,Cash,Order Incomes,"3,53"
13224,3,9,,,2025-01-29 17:25:08,Income,Cash,Computer Incomes,"26,62"
13225,5,6,,,2025-01-29 21:28:13,Income,Cash,Computer Incomes,"17,64"
13226,2,1,,,2025-01-29 19:52:09,Income,Cash,Computer Incomes,"24,36"
13227,5,24,,,2025-01-29 20:59:50,Income,Cash,Playstation Incomes,"12,50"
13228,1,9,27.0,,2025-01-29 23:02:12,Income,Cash,Order Incomes,"12,50"
13229,1,1,,,2025-01-29 12:58:07,Income,Cash,Computer Incomes,"7,69"
13230,5,23,,,2025-01-29 20:12:50,Income,Cash,Playstation Incomes,"5,45"
13231,4,1,,,2025-01-29 19:30:21,Income,Credit Card,Computer Incomes,"31,74"
13232,2,7,,,2025-01-29 10:52:36,Income,Cash,Computer Incomes,"29,49"
13233,4,10,29.0,,2025-01-30 13:07:49,Income,Cash,Order Incomes,"10,43"
13234,2,16,,,2025-01-30 10:36:17,Income,Cash,Computer Incomes,"9,51"
13235,5,1,,,2025-01-30 12:58:04,Income,Cash,Computer Incomes,"12,27"
13236,5,6,,,2025-01-30 10:55:39,Income,Cash,Computer Incomes,"8,44"
13237,1,24,,,2025-01-30 10:22:40,Income,Cash,Playstation Incomes,"9,36"
13238,2,14,,,2025-01-30 23:55:08,Income,Cash,Computer Incomes,"4,91"
13239,4,5,,,2025-01-30 11:36:36,Income,Cash,Computer Incomes,"2,00"
13240,5,9,38.0,,2025-01-30 22:00:10,Income,Cash,Order Incomes,"13,20"
13241,1,6,,,2025-01-30 12:48:04,Income,Cash,Computer Incomes,"11,81"
13242,5,23,,,2025-01-30 15:14:13,Income,Cash,Playstation Incomes,"7,67"
13243,2,10,16.0,,2025-01-30 10:22:09,Income,Cash,Order Incomes,"6,29"
13244,2,8,,,2025-01-30 19:39:56,Income,Cash,Computer Incomes,"9,21"
13245,5,16,3.0,,2025-01-30 09:26:40,Income,Cash,Order Incomes,"5,98"
13246,1,15,,35.0,2025-01-30 12:10:18,Income,Cash,Member Transactions,"7,51"
13247,1,24,,,2025-01-30 14:56:25,Income,Cash,Playstation Incomes,"8,89"
13248,5,23,,,2025-01-30 20:14:40,Income,Cash,Playstation Incomes,"7,51"
13249,5,13,,,2025-01-30 13:17:43,Income,Cash,Computer Incomes,"1,84"
13250,5,16,31.0,,2025-01-30 18:11:01,Income,Cash,Order Incomes,"3,22"
13251,3,6,,44.0,2025-01-30 19:06:05,Income,Cash,Member Transactions,"10,42"
13252,2,10,15.0,,2025-01-30 13:59:35,Income,Cash,Order Incomes,"9,66"
13253,5,11,,,2025-01-30 19:22:42,Income,Cash,Computer Incomes,"14,26"
13254,1,4,26.0,,2025-01-30 12:54:44,Income,Cash,Order Incomes,"14,11"
13255,2,15,23.0,,2025-01-30 13:51:16,Income,Cash,Order Incomes,"3,37"
13256,5,15,,22.0,2025-01-31 20:22:22,Income,Cash,Member Transactions,"13,89"
13257,2,2,,,2025-01-31 09:15:45,Income,Cash,Computer Incomes,"12,44"
13258,5,15,11.0,,2025-01-31 23:37:24,Income,Cash,Order Incomes,"6,79"
13259,5,11,,,2025-01-31 10:30:59,Income,Cash,Computer Incomes,"5,01"
13260,4,4,,,2025-01-31 18:44:40,Income,Cash,Computer Incomes,"15,67"
13261,4,6,38.0,,2025-01-31 23:08:32,Income,Cash,Order Incomes,"6,95"
13262,5,24,,,2025-01-31 16:54:08,Income,Cash,Playstation Incomes,"8,24"
13263,4,6,,,2025-01-31 15:37:57,Income,Credit Card,Computer Incomes,"6,14"
13264,5,5,25.0,,2025-01-31 23:08:52,Income,Cash,Order Incomes,"2,75"
13265,2,16,24.0,,2025-01-31 17:08:43,Income,Cash,Order Incomes,"5,17"
13266,3,23,,,2025-01-31 16:37:58,Income,Cash,Playstation Incomes,"9,21"
13267,2,13,,,2025-01-31 15:21:13,Income,Cash,Computer Incomes,"10,18"
13268,4,2,,5.0,2025-01-31 12:14:21,Income,Credit Card,Member Transactions,"9,04"
13269,5,9,,,2025-01-31 20:22:04,Income,Cash,Computer Incomes,"15,50"
13270,3,3,21.0,,2025-01-31 11:51:10,Income,Cash,Order Incomes,"5,81"
13271,3,24,,,2025-01-31 21:07:03,Income,Cash,Playstation Incomes,"11,62"
13272,5,4,,,2025-01-31 17:10:35,Income,Cash,Computer Incomes,"15,66"
13273,4,23,,,2025-01-31 16:20:30,Income,Cash,Playstation Incomes,"6,94"
13274,3,15,16.0,,2025-01-31 18:27:10,Income,Cash,Order Incomes,"4,84"
13275,3,24,,,2025-01-31 23:38:42,Income,Credit Card,Playstation Incomes,"2,58"
13276,4,14,,,2025-01-31 14:53:41,Income,Cash,Computer Incomes,"4,19"
13277,2,23,,,2025-01-31 14:00:57,Income,Cash,Playstation Incomes,"2,58"
13278,1,3,,,2025-01-31 13:10:41,Income,Cash,Computer Incomes,"10,01"
13279,3,24,,,2025-01-31 18:06:40,Income,Cash,Playstation Incomes,"7,91"
13280,1,15,,,2025-01-31 22:14:44,Income,Cash,Computer Incomes,"7,10"
13281,3,14,,12.0,2025-01-31 20:43:00,Income,Credit Card,Member Transactions,"13,07"
13282,2,11,,,2025-01-31 17:04:11,Income,Credit Card,Computer Incomes,"9,36"
13283,2,6,,,2025-01-31 12:42:17,Income,Cash,Computer Incomes,"7,91"
13284,3,8,,51.0,2025-01-31 15:37:10,Income,Cash,Member Transactions,"11,62"
13285,1,3,,,2025-01-31 10:43:14,Income,Cash,Computer Incomes,"14,37"
13286,1,23,,,2025-01-31 14:48:44,Income,Cash,Playstation Incomes,"11,14"
13287,2,11,,,2025-01-31 10:29:01,Income,Cash,Computer Incomes,"11,78"
13288,4,16,12.0,,2025-01-31 12:09:33,Income,Cash,Order Incomes,"7,91"
13289,5,24,,,2025-01-31 10:11:28,Income,Cash,Playstation Incomes,"6,94"
13290,3,2,18.0,,2025-01-31 17:29:06,Income,Credit Card,Order Incomes,"6,94"
13291,3,6,,,2025-02-01 19:01:09,Income,Cash,Computer Incomes,"1,57"
13292,1,3,,,2025-02-01 23:00:38,Income,Cash,Computer Incomes,"12,38"
13293,3,23,,,2025-02-01 21:54:56,Income,Cash,Playstation Incomes,"9,09"
13294,5,10,,,2025-02-01 12:06:57,Income,Cash,Computer Incomes,"5,96"
13295,5,24,,,2025-02-01 16:49:20,Income,Cash,Playstation Incomes,"10,03"
13296,4,23,,,2025-02-01 12:48:41,Income,Cash,Playstation Incomes,"2,51"
13297,4,24,,,2025-02-01 10:26:52,Income,Cash,Playstation Incomes,"11,13"
13298,3,23,,,2025-02-01 20:48:01,Income,Cash,Playstation Incomes,"14,42"
13299,3,14,,,2025-02-01 11:22:46,Income,Cash,Computer Incomes,"10,19"
13300,5,6,,,2025-02-01 22:40:32,Income,Cash,Computer Incomes,"11,44"
13301,4,12,,,2025-02-01 20:38:02,Income,Cash,Computer Incomes,"5,02"
13302,5,13,,,2025-02-01 18:40:24,Income,Cash,Computer Incomes,"6,12"
13303,3,3,,,2025-02-01 19:09:54,Income,Cash,Computer Incomes,"3,45"
13304,1,14,,,2025-02-01 18:03:53,Income,Cash,Computer Incomes,"15,20"
13305,5,16,,,2025-02-01 12:57:01,Income,Cash,Computer Incomes,"6,59"
13306,2,6,,,2025-02-01 14:59:10,Income,Cash,Computer Incomes,"8,62"
13307,4,15,48.0,,2025-02-01 21:27:45,Income,Cash,Order Incomes,"8,94"
13308,3,9,,,2025-02-01 22:09:08,Income,Cash,Computer Incomes,"13,95"
13309,3,13,8.0,,2025-02-01 16:22:27,Income,Cash,Order Incomes,"9,88"
13310,3,24,,,2025-02-01 12:47:08,Income,Cash,Playstation Incomes,"6,43"
13311,3,6,,,2025-02-01 21:13:10,Income,Cash,Computer Incomes,"1,89"
13312,4,13,,,2025-02-01 20:39:19,Income,Cash,Computer Incomes,"12,06"
13313,2,23,,,2025-02-01 15:27:34,Income,Credit Card,Playstation Incomes,"10,34"
13314,4,24,,,2025-02-01 23:18:46,Income,Cash,Playstation Incomes,"9,08"
13315,1,16,,27.0,2025-02-01 17:43:50,Income,Cash,Member Transactions,"12,69"
13316,4,11,,,2025-02-01 20:30:22,Income,Credit Card,Computer Incomes,"8,14"
13317,3,4,,,2025-02-01 10:26:59,Income,Cash,Computer Incomes,"3,60"
13318,3,10,,,2025-02-01 14:48:59,Income,Cash,Computer Incomes,"14,41"
13319,2,23,,,2025-02-01 11:44:40,Income,Cash,Playstation Incomes,"11,43"
13320,5,24,,,2025-02-01 23:27:35,Income,Cash,Playstation Incomes,"9,40"
13321,3,1,,,2025-02-01 13:34:16,Income,Cash,Computer Incomes,"11,59"
13322,4,1,21.0,,2025-02-01 19:05:45,Income,Credit Card,Order Incomes,"4,54"
13323,3,11,,,2025-02-01 09:29:38,Income,Cash,Computer Incomes,"13,63"
13324,1,1,6.0,,2025-02-01 19:13:03,Income,Cash,Order Incomes,"11,75"
13325,1,11,35.0,,2025-02-01 16:33:11,Income,Cash,Order Incomes,"9,08"
13326,4,12,,,2025-02-01 18:23:40,Income,Cash,Computer Incomes,"5,01"
13327,3,23,,,2025-02-01 09:30:30,Income,Cash,Playstation Incomes,"14,41"
13328,1,24,,,2025-02-01 21:41:54,Income,Credit Card,Playstation Incomes,"6,42"
13329,4,8,,,2025-02-01 18:18:39,Income,Cash,Computer Incomes,"8,14"
13330,4,1,10.0,,2025-02-01 13:31:46,Income,Credit Card,Order Incomes,"7,99"
13331,4,9,,,2025-02-01 23:47:54,Income,Cash,Computer Incomes,"4,85"
13332,4,23,,,2025-02-02 22:09:56,Income,Cash,Playstation Incomes,"10,52"
13333,3,8,,,2025-02-02 17:56:09,Income,Cash,Computer Incomes,"4,57"
13334,2,13,9.0,,2025-02-02 12:43:49,Income,Cash,Order Incomes,"6,55"
13335,3,11,,,2025-02-02 23:35:41,Income,Cash,Computer Incomes,"5,16"
13336,4,9,,,2025-02-02 19:33:12,Income,Cash,Computer Incomes,"2,19"
13337,3,3,,,2025-02-02 12:01:30,Income,Cash,Computer Incomes,"5,56"
13338,5,14,,,2025-02-02 23:29:40,Income,Credit Card,Computer Incomes,"14,09"
13339,2,24,,,2025-02-02 15:53:45,Income,Cash,Playstation Incomes,"3,38"
13340,2,10,,,2025-02-02 14:22:25,Income,Cash,Computer Incomes,"15,86"
13341,3,15,,,2025-02-02 12:34:34,Income,Cash,Computer Incomes,"7,73"
13342,4,11,,,2025-02-02 13:36:52,Income,Cash,Computer Incomes,"17,05"
13343,3,10,,,2025-02-02 20:18:58,Income,Cash,Computer Incomes,"13,09"
13344,4,16,,,2025-02-02 18:21:45,Income,Credit Card,Computer Incomes,"14,67"
13345,3,16,,,2025-02-02 15:26:52,Income,Cash,Computer Incomes,"5,95"
13346,5,3,,25.0,2025-02-02 12:10:17,Income,Cash,Member Transactions,"18,64"
13347,1,4,36.0,,2025-02-02 09:57:05,Income,Cash,Order Incomes,"16,06"
13348,3,12,,,2025-02-03 17:59:57,Income,Cash,Computer Incomes,"17,44"
13349,1,23,,,2025-02-03 15:02:05,Income,Cash,Playstation Incomes,"7,51"
13350,5,15,,,2025-02-03 22:58:15,Income,Cash,Computer Incomes,"8,72"
13351,4,13,24.0,,2025-02-03 13:27:03,Income,Cash,Order Incomes,"14,60"
13352,4,24,,,2025-02-03 18:11:23,Income,Cash,Playstation Incomes,"18,25"
13353,3,1,49.0,,2025-02-03 23:38:25,Income,Cash,Order Incomes,"20,07"
13354,5,23,,,2025-02-03 17:34:15,Income,Cash,Playstation Incomes,"14,80"
13355,1,5,40.0,,2025-02-03 21:27:45,Income,Cash,Order Incomes,"3,65"
13356,2,12,,,2025-02-03 18:12:23,Income,Cash,Computer Incomes,"14,80"
13357,3,2,,,2025-02-03 12:47:56,Income,Cash,Computer Incomes,"12,37"
13358,3,5,,25.0,2025-02-03 14:15:59,Income,Cash,Member Transactions,"16,43"
13359,5,1,,,2025-02-03 16:21:12,Income,Cash,Computer Incomes,"10,33"
13360,3,10,,,2025-02-03 15:19:48,Income,Cash,Computer Incomes,"19,86"
13361,5,11,,,2025-02-03 09:53:45,Income,Cash,Computer Incomes,"16,82"
13362,3,15,,,2025-02-03 16:15:38,Income,Cash,Computer Incomes,"16,42"
13363,2,24,,,2025-02-03 20:51:48,Income,Cash,Playstation Incomes,"14,39"
13364,2,7,,,2025-02-03 10:54:07,Income,Cash,Computer Incomes,"11,55"
13365,5,9,22.0,,2025-02-03 19:04:16,Income,Cash,Order Incomes,"4,66"
13366,5,16,,,2025-02-03 15:29:37,Income,Cash,Computer Incomes,"6,89"
13367,2,8,,,2025-02-03 11:27:52,Income,Cash,Computer Incomes,"4,66"
13368,4,2,,,2025-02-03 19:02:38,Income,Cash,Computer Incomes,"5,47"
13369,5,7,,,2025-02-03 11:23:44,Income,Cash,Computer Incomes,"16,62"
13370,3,4,,,2025-02-03 18:36:08,Income,Credit Card,Computer Incomes,"13,17"
13371,3,1,,,2025-02-04 09:22:02,Income,Cash,Computer Incomes,"17,05"
13372,2,8,,,2025-02-04 17:27:30,Income,Cash,Computer Incomes,"14,38"
13373,5,23,,,2025-02-04 14:47:57,Income,Cash,Playstation Incomes,"5,35"
13374,3,1,31.0,,2025-02-04 12:49:43,Income,Cash,Order Incomes,"7,02"
13375,2,4,,,2025-02-04 09:27:58,Income,Cash,Computer Incomes,"17,38"
13376,5,16,,,2025-02-04 21:09:45,Income,Cash,Computer Incomes,"26,74"
13377,2,16,27.0,,2025-02-04 18:09:13,Income,Cash,Order Incomes,"29,75"
13378,5,15,,,2025-02-04 17:18:48,Income,Cash,Computer Incomes,"5,35"
13379,2,13,,,2025-02-04 15:59:09,Income,Cash,Computer Incomes,"8,69"
13380,2,4,,,2025-02-04 15:57:28,Income,Cash,Computer Incomes,"19,39"
13381,1,7,,,2025-02-04 22:32:23,Income,Cash,Computer Incomes,"5,02"
13382,2,15,29.0,,2025-02-04 21:48:55,Income,Cash,Order Incomes,"24,73"
13383,5,24,,,2025-02-04 23:59:01,Income,Cash,Playstation Incomes,"21,38"
13384,1,23,,,2025-02-04 18:39:27,Income,Cash,Playstation Incomes,"22,72"
13385,4,9,27.0,,2025-02-04 09:37:41,Income,Cash,Order Incomes,"3,67"
13386,5,2,,,2025-02-04 23:50:27,Income,Cash,Computer Incomes,"5,68"
13387,3,24,,,2025-02-04 19:25:12,Income,Cash,Playstation Incomes,"6,34"
13388,5,23,,,2025-02-04 14:02:20,Income,Cash,Playstation Incomes,"21,05"
13389,2,24,,,2025-02-04 12:55:18,Income,Cash,Playstation Incomes,"7,01"
13390,3,2,,,2025-02-04 10:29:48,Income,Cash,Computer Incomes,"30,41"
13391,1,8,11.0,,2025-02-05 09:15:05,Income,Cash,Order Incomes,"17,68"
13392,2,2,,,2025-02-05 20:16:58,Income,Cash,Computer Incomes,"23,01"
13393,4,3,,,2025-02-05 21:11:30,Income,Cash,Computer Incomes,"22,68"
13394,5,15,,,2025-02-05 11:38:24,Income,Cash,Computer Incomes,"15,01"
13395,1,23,,,2025-02-05 17:22:08,Income,Cash,Playstation Incomes,"21,68"
13396,4,4,,,2025-02-05 10:25:48,Income,Credit Card,Computer Incomes,"21,01"
13397,2,8,,,2025-02-05 09:38:45,Income,Cash,Computer Incomes,"16,34"
13398,1,14,,,2025-02-05 15:44:59,Income,Cash,Computer Incomes,"5,66"
13399,3,24,,,2025-02-05 19:19:27,Income,Cash,Playstation Incomes,"27,00"
13400,5,2,,,2025-02-05 10:40:26,Income,Cash,Computer Incomes,"18,33"
13401,3,23,,,2025-02-05 12:37:02,Income,Cash,Playstation Incomes,"7,00"
13402,5,11,7.0,,2025-02-05 10:58:34,Income,Cash,Order Incomes,"12,00"
13403,2,13,,,2025-02-05 11:46:50,Income,Cash,Computer Incomes,"11,66"
13404,4,1,23.0,,2025-02-05 18:29:38,Income,Cash,Order Incomes,"27,33"
13405,3,10,,,2025-02-05 09:28:12,Income,Credit Card,Computer Incomes,"3,33"
13406,5,8,,60.0,2025-02-06 20:09:46,Income,Credit Card,Member Transactions,"19,69"
13407,5,24,,,2025-02-06 21:11:49,Income,Cash,Playstation Incomes,"8,98"
13408,5,1,,,2025-02-06 11:40:07,Income,Cash,Computer Incomes,"20,27"
13409,2,23,,,2025-02-06 23:46:52,Income,Cash,Playstation Incomes,"17,66"
13410,5,24,,,2025-02-06 11:40:14,Income,Cash,Playstation Incomes,"5,22"
13411,4,23,,,2025-02-06 09:12:13,Income,Cash,Playstation Incomes,"18,82"
13412,3,16,,48.0,2025-02-06 11:40:24,Income,Cash,Member Transactions,"23,74"
13413,1,3,,30.0,2025-02-06 21:19:22,Income,Cash,Member Transactions,"9,85"
13414,1,11,,,2025-02-06 17:19:14,Income,Cash,Computer Incomes,"16,20"
13415,2,4,41.0,,2025-02-06 19:08:58,Income,Cash,Order Incomes,"18,23"
13416,4,14,,,2025-02-06 22:46:44,Income,Cash,Computer Incomes,"28,65"
13417,2,11,,,2025-02-06 20:45:33,Income,Cash,Computer Incomes,"16,49"
13418,4,8,,,2025-02-06 18:08:59,Income,Cash,Computer Incomes,"24,60"
13419,4,12,,24.0,2025-02-06 12:05:18,Income,Cash,Member Transactions,"10,13"
13420,3,7,,65.0,2025-02-06 10:00:42,Income,Cash,Member Transactions,"23,73"
13421,4,12,,,2025-02-06 15:47:33,Income,Cash,Computer Incomes,"26,63"
13422,2,10,22.0,,2025-02-06 21:09:48,Income,Cash,Order Incomes,"17,94"
13423,1,15,,,2025-02-07 21:53:22,Income,Cash,Computer Incomes,"16,31"
13424,1,13,,,2025-02-07 23:56:02,Income,Cash,Computer Incomes,"10,45"
13425,1,13,,,2025-02-07 19:18:25,Income,Cash,Computer Incomes,"17,59"
13426,3,4,,,2025-02-07 22:18:28,Income,Cash,Computer Incomes,"3,49"
13427,4,3,49.0,,2025-02-07 10:17:47,Income,Credit Card,Order Incomes,"8,25"
13428,5,13,,,2025-02-07 23:30:20,Income,Cash,Computer Incomes,"12,28"
13429,1,16,,19.0,2025-02-07 23:20:22,Income,Cash,Member Transactions,"16,86"
13430,1,14,28.0,,2025-02-07 14:42:12,Income,Cash,Order Incomes,"11,73"
13431,3,3,45.0,,2025-02-07 18:25:29,Income,Credit Card,Order Incomes,"16,67"
13432,4,24,,,2025-02-07 21:23:06,Income,Cash,Playstation Incomes,"13,19"
13433,1,23,,,2025-02-07 19:35:31,Income,Cash,Playstation Incomes,"16,86"
13434,3,13,,,2025-02-07 13:52:00,Income,Cash,Computer Incomes,"9,35"
13435,3,4,1.0,,2025-02-07 22:51:29,Income,Credit Card,Order Incomes,"7,15"
13436,1,14,,,2025-02-07 22:07:20,Income,Credit Card,Computer Incomes,"12,46"
13437,5,7,,,2025-02-07 23:00:14,Income,Credit Card,Computer Incomes,"15,94"
13438,1,5,,,2025-02-07 09:45:27,Income,Cash,Computer Incomes,"6,97"
13439,5,1,10.0,,2025-02-07 23:48:18,Income,Cash,Order Incomes,"3,30"
13440,4,7,,,2025-02-07 21:39:22,Income,Cash,Computer Incomes,"12,64"
13441,4,24,,,2025-02-07 20:48:52,Income,Cash,Playstation Incomes,"14,29"
13442,2,10,,,2025-02-07 18:56:50,Income,Cash,Computer Incomes,"10,81"
13443,2,9,20.0,,2025-02-07 11:45:18,Income,Cash,Order Incomes,"8,79"
13444,3,11,,,2025-02-07 19:01:47,Income,Cash,Computer Incomes,"13,55"
13445,4,12,,,2025-02-07 10:02:29,Income,Cash,Computer Incomes,"10,25"
13446,3,2,,,2025-02-07 14:39:36,Income,Cash,Computer Incomes,"7,14"
13447,2,11,,,2025-02-07 21:49:11,Income,Cash,Computer Incomes,"11,35"
13448,3,4,,,2025-02-07 12:30:14,Income,Cash,Computer Incomes,"3,29"
13449,2,13,34.0,,2025-02-07 21:28:44,Income,Cash,Order Incomes,"15,38"
13450,3,14,,,2025-02-07 10:46:53,Income,Cash,Computer Incomes,"15,75"
13451,4,15,,,2025-02-07 17:30:29,Income,Cash,Computer Incomes,"3,48"
13452,4,7,21.0,,2025-02-07 18:55:22,Income,Cash,Order Incomes,"10,62"
13453,1,1,,,2025-02-07 23:34:28,Income,Cash,Computer Incomes,"14,10"
13454,4,15,37.0,,2025-02-07 19:39:52,Income,Cash,Order Incomes,"9,89"
13455,1,23,,,2025-02-07 20:05:04,Income,Cash,Playstation Incomes,"17,58"
13456,2,2,,,2025-02-07 20:49:56,Income,Cash,Computer Incomes,"13,00"
13457,3,5,32.0,,2025-02-07 14:30:28,Income,Cash,Order Incomes,"8,60"
13458,5,6,,,2025-02-07 20:21:30,Income,Cash,Computer Incomes,"14,10"
13459,5,24,,,2025-02-07 17:06:24,Income,Cash,Playstation Incomes,"10,80"
13460,3,9,,,2025-02-07 22:06:48,Income,Cash,Computer Incomes,"7,32"
13461,2,12,,35.0,2025-02-07 18:46:32,Income,Cash,Member Transactions,"5,31"
13462,2,14,25.0,,2025-02-07 21:18:14,Income,Cash,Order Incomes,"8,24"
13463,5,23,,,2025-02-07 16:57:42,Income,Cash,Playstation Incomes,"9,34"
13464,4,24,,,2025-02-07 18:05:18,Income,Cash,Playstation Incomes,"3,84"
13465,3,3,22.0,,2025-02-07 10:22:54,Income,Cash,Order Incomes,"3,11"
13466,1,6,,,2025-02-08 11:54:23,Income,Cash,Computer Incomes,"14,01"
13467,2,1,,,2025-02-08 17:05:12,Income,Cash,Computer Incomes,"4,57"
13468,2,9,,,2025-02-08 23:36:33,Income,Cash,Computer Incomes,"7,01"
13469,4,16,,,2025-02-08 11:19:41,Income,Cash,Computer Incomes,"4,88"
13470,2,8,,,2025-02-08 23:24:07,Income,Cash,Computer Incomes,"20,71"
13471,1,1,,,2025-02-08 23:01:37,Income,Cash,Computer Incomes,"4,57"
13472,4,23,,,2025-02-08 14:21:00,Income,Cash,Playstation Incomes,"13,10"
13473,4,3,,,2025-02-08 17:02:38,Income,Cash,Computer Incomes,"12,49"
13474,2,24,,,2025-02-08 12:27:45,Income,Cash,Playstation Incomes,"30,46"
13475,3,7,,,2025-02-08 17:33:32,Income,Credit Card,Computer Incomes,"21,32"
13476,4,5,,,2025-02-08 15:06:46,Income,Cash,Computer Incomes,"23,76"
13477,1,12,,,2025-02-08 12:13:16,Income,Cash,Computer Incomes,"4,27"
13478,5,9,,,2025-02-08 19:04:29,Income,Cash,Computer Incomes,"25,59"
13479,5,1,,,2025-02-08 23:10:05,Income,Cash,Computer Incomes,"19,80"
13480,3,16,,40.0,2025-02-08 22:39:25,Income,Cash,Member Transactions,"21,02"
13481,4,23,,,2025-02-08 16:09:46,Income,Cash,Playstation Incomes,"4,57"
13482,4,9,,,2025-02-08 15:20:54,Income,Cash,Computer Incomes,"7,61"
13483,2,16,,,2025-02-08 18:58:17,Income,Credit Card,Computer Incomes,"22,53"
13484,1,24,,,2025-02-08 22:23:25,Income,Cash,Playstation Incomes,"3,65"
13485,3,5,,,2025-02-08 18:48:43,Income,Cash,Computer Incomes,"12,48"
13486,5,23,,,2025-02-08 15:49:45,Income,Cash,Playstation Incomes,"15,53"
13487,1,3,18.0,,2025-02-08 21:18:41,Income,Credit Card,Order Incomes,"22,53"
13488,5,7,,,2025-02-08 15:20:51,Income,Cash,Computer Incomes,"27,40"
13489,2,5,,,2025-02-08 15:56:10,Income,Cash,Computer Incomes,"26,79"
13490,4,10,32.0,,2025-02-08 13:19:45,Income,Cash,Order Incomes,"4,87"
13491,5,6,46.0,,2025-02-08 12:33:42,Income,Cash,Order Incomes,"14,61"
13492,5,10,5.0,,2025-02-08 13:03:34,Income,Cash,Order Incomes,"21,31"
13493,3,24,,,2025-02-08 14:50:47,Income,Cash,Playstation Incomes,"3,34"
13494,3,23,,,2025-02-08 10:49:50,Income,Cash,Playstation Incomes,"5,48"
13495,3,4,,,2025-02-08 16:44:51,Income,Credit Card,Computer Incomes,"26,79"
13496,3,9,,,2025-02-08 11:00:23,Income,Cash,Computer Incomes,"26,18"
13497,2,24,,,2025-02-09 15:11:36,Income,Credit Card,Playstation Incomes,"3,52"
13498,1,6,,,2025-02-09 20:14:44,Income,Cash,Computer Incomes,"3,71"
13499,3,15,33.0,,2025-02-09 22:36:03,Income,Cash,Order Incomes,"12,10"
13500,2,23,,,2025-02-09 10:48:47,Income,Cash,Playstation Incomes,"3,71"
13501,3,24,,,2025-02-09 20:28:35,Income,Cash,Playstation Incomes,"15,02"
13502,4,13,,,2025-02-09 19:38:17,Income,Cash,Computer Incomes,"10,73"
13503,4,14,,,2025-02-09 16:23:06,Income,Cash,Computer Incomes,"10,54"
13504,2,6,,,2025-02-09 12:23:42,Income,Cash,Computer Incomes,"15,60"
13505,4,23,,,2025-02-09 20:04:04,Income,Cash,Playstation Incomes,"15,79"
13506,5,2,,,2025-02-09 20:08:24,Income,Cash,Computer Incomes,"8,58"
13507,5,5,,54.0,2025-02-09 22:09:19,Income,Cash,Member Transactions,"13,06"
13508,4,5,27.0,,2025-02-09 12:37:16,Income,Cash,Order Incomes,"12,67"
13509,3,12,,,2025-02-09 14:08:07,Income,Cash,Computer Incomes,"6,63"
13510,3,4,,,2025-02-09 10:19:40,Income,Cash,Computer Incomes,"18,91"
13511,2,13,,,2025-02-09 17:58:04,Income,Cash,Computer Incomes,"6,43"
13512,4,12,,37.0,2025-02-09 11:09:56,Income,Cash,Member Transactions,"6,63"
13513,2,7,,,2025-02-09 22:54:30,Income,Cash,Computer Incomes,"1,95"
13514,5,24,,,2025-02-10 21:03:23,Income,Credit Card,Playstation Incomes,"6,68"
13515,5,10,,,2025-02-10 17:29:12,Income,Cash,Computer Incomes,"6,31"
13516,2,14,,,2025-02-10 09:01:27,Income,Cash,Computer Incomes,"5,94"
13517,5,6,,,2025-02-10 16:42:26,Income,Credit Card,Computer Incomes,"18,55"
13518,3,4,,,2025-02-10 13:28:08,Income,Cash,Computer Incomes,"8,91"
13519,5,15,40.0,,2025-02-10 09:53:36,Income,Credit Card,Order Incomes,"27,82"
13520,5,23,,,2025-02-10 21:17:21,Income,Cash,Playstation Incomes,"11,50"
13521,4,10,,,2025-02-10 23:05:05,Income,Cash,Computer Incomes,"9,28"
13522,5,8,,,2025-02-10 19:02:42,Income,Cash,Computer Incomes,"8,15"
13523,5,24,,,2025-02-10 19:09:47,Income,Cash,Playstation Incomes,"30,40"
13524,3,23,,,2025-02-10 18:47:05,Income,Cash,Playstation Incomes,"10,75"
13525,3,1,,,2025-02-10 11:38:45,Income,Cash,Computer Incomes,"24,10"
13526,1,13,,,2025-02-10 10:33:24,Income,Cash,Computer Incomes,"14,46"
13527,3,11,,,2025-02-10 20:13:07,Income,Cash,Computer Incomes,"25,21"
13528,4,10,,,2025-02-10 20:07:03,Income,Cash,Computer Incomes,"16,31"
13529,4,16,,,2025-02-10 19:26:02,Income,Cash,Computer Incomes,"36,71"
13530,4,9,,,2025-02-10 19:34:19,Income,Cash,Computer Incomes,"4,45"
13531,3,24,,,2025-02-10 22:01:24,Income,Cash,Playstation Incomes,"27,81"
13532,3,23,,,2025-02-10 13:49:47,Income,Cash,Playstation Incomes,"37,08"
13533,4,24,,,2025-02-11 14:40:21,Income,Cash,Playstation Incomes,"4,86"
13534,4,23,,,2025-02-11 14:05:28,Income,Credit Card,Playstation Incomes,"21,36"
13535,1,24,,,2025-02-11 17:03:37,Income,Cash,Playstation Incomes,"10,68"
13536,5,10,,,2025-02-11 12:12:32,Income,Cash,Computer Incomes,"21,11"
13537,3,13,38.0,,2025-02-11 13:54:17,Income,Cash,Order Incomes,"20,87"
13538,3,23,,,2025-02-11 13:22:30,Income,Cash,Playstation Incomes,"19,42"
13539,5,24,,,2025-02-11 10:48:43,Income,Cash,Playstation Incomes,"5,34"
13540,3,2,,,2025-02-11 11:50:49,Income,Credit Card,Computer Incomes,"19,66"
13541,5,8,,,2025-02-11 18:14:51,Income,Credit Card,Computer Incomes,"14,56"
13542,4,4,6.0,,2025-02-11 15:45:12,Income,Cash,Order Incomes,"8,24"
13543,4,7,,,2025-02-11 17:48:24,Income,Credit Card,Computer Incomes,"18,92"
13544,2,5,,,2025-02-11 12:16:30,Income,Cash,Computer Incomes,"12,37"
13545,1,4,8.0,,2025-02-11 20:09:51,Income,Cash,Order Incomes,"21,59"
13546,5,12,34.0,,2025-02-11 19:59:00,Income,Cash,Order Incomes,"11,88"
13547,5,8,,,2025-02-11 21:18:55,Income,Cash,Computer Incomes,"22,56"
13548,3,3,48.0,,2025-02-11 10:51:06,Income,Cash,Order Incomes,"10,91"
13549,1,23,,,2025-02-11 18:48:19,Income,Cash,Playstation Incomes,"2,42"
13550,4,24,,,2025-02-11 23:27:00,Income,Cash,Playstation Incomes,"10,19"
13551,4,11,,,2025-02-12 11:48:25,Income,Cash,Computer Incomes,"22,83"
13552,3,13,41.0,,2025-02-12 10:10:07,Income,Cash,Order Incomes,"9,42"
13553,3,12,,,2025-02-12 21:58:50,Income,Cash,Computer Incomes,"23,97"
13554,1,5,,19.0,2025-02-12 09:12:16,Income,Cash,Member Transactions,"13,98"
13555,3,23,,,2025-02-12 18:23:11,Income,Cash,Playstation Incomes,"18,83"
13556,1,7,,,2025-02-12 10:06:53,Income,Cash,Computer Incomes,"16,27"
13557,4,15,,,2025-02-12 13:11:28,Income,Cash,Computer Incomes,"16,27"
13558,3,24,,,2025-02-12 12:06:10,Income,Cash,Playstation Incomes,"18,26"
13559,5,3,,,2025-02-12 10:51:06,Income,Cash,Computer Incomes,"11,41"
13560,3,6,,,2025-02-12 20:10:07,Income,Cash,Computer Incomes,"27,38"
13561,2,8,38.0,,2025-02-12 19:01:38,Income,Cash,Order Incomes,"25,96"
13562,2,11,,,2025-02-12 22:06:26,Income,Cash,Computer Incomes,"14,26"
13563,5,10,,,2025-02-12 17:14:57,Income,Cash,Computer Incomes,"8,55"
13564,5,16,,,2025-02-12 15:09:11,Income,Cash,Computer Incomes,"27,10"
13565,5,23,,,2025-02-12 12:59:01,Income,Cash,Playstation Incomes,"23,39"
13566,5,2,,,2025-02-12 16:11:09,Income,Cash,Computer Incomes,"15,11"
13567,5,3,,,2025-02-12 13:12:07,Income,Cash,Computer Incomes,"25,38"
13568,3,3,,,2025-02-13 10:05:36,Income,Cash,Computer Incomes,"21,27"
13569,3,24,,,2025-02-13 20:42:27,Income,Cash,Playstation Incomes,"21,90"
13570,2,23,,,2025-02-13 12:18:03,Income,Cash,Playstation Incomes,"29,71"
13571,3,6,,,2025-02-13 19:47:14,Income,Credit Card,Computer Incomes,"16,27"
13572,3,5,,,2025-02-13 18:52:12,Income,Cash,Computer Incomes,"29,71"
13573,2,24,,,2025-02-13 10:58:04,Income,Cash,Playstation Incomes,"18,46"
13574,5,23,,,2025-02-13 20:57:33,Income,Credit Card,Playstation Incomes,"5,32"
13575,4,5,,46.0,2025-02-13 12:54:17,Income,Cash,Member Transactions,"30,65"
13576,3,11,,,2025-02-13 16:16:36,Income,Cash,Computer Incomes,"26,89"
13577,2,3,,,2025-02-13 23:26:07,Income,Cash,Computer Incomes,"13,44"
13578,1,6,32.0,,2025-02-13 13:12:02,Income,Cash,Order Incomes,"22,20"
13579,5,24,,,2025-02-13 11:17:52,Income,Cash,Playstation Incomes,"15,94"
13580,1,23,,,2025-02-13 10:35:16,Income,Cash,Playstation Incomes,"25,33"
13581,2,13,,,2025-02-13 15:39:38,Income,Credit Card,Computer Incomes,"6,87"
13582,4,5,20.0,,2025-02-13 19:30:04,Income,Cash,Order Incomes,"13,75"
13583,4,24,,,2025-02-14 19:42:11,Income,Cash,Playstation Incomes,"20,33"
13584,2,15,,32.0,2025-02-14 20:21:47,Income,Cash,Member Transactions,"3,61"
13585,5,1,,,2025-02-14 15:29:51,Income,Credit Card,Computer Incomes,"20,33"
13586,1,8,5.0,,2025-02-14 16:41:08,Income,Cash,Order Incomes,"3,94"
13587,5,1,3.0,,2025-02-14 11:23:10,Income,Cash,Order Incomes,"21,31"
13588,1,11,,,2025-02-14 23:48:12,Income,Cash,Computer Incomes,"28,52"
13589,3,5,,,2025-02-14 12:46:07,Income,Cash,Computer Incomes,"29,51"
13590,5,10,,24.0,2025-02-14 14:09:15,Income,Cash,Member Transactions,"12,13"
13591,3,6,36.0,,2025-02-14 22:21:52,Income,Cash,Order Incomes,"17,05"
13592,2,15,,,2025-02-14 11:54:30,Income,Cash,Computer Incomes,"9,18"
13593,3,23,,,2025-02-14 15:52:27,Income,Credit Card,Playstation Incomes,"3,61"
13594,2,2,,,2025-02-14 17:12:32,Income,Cash,Computer Incomes,"25,25"
13595,4,5,19.0,,2025-02-14 21:23:36,Income,Cash,Order Incomes,"23,61"
13596,5,3,,,2025-02-14 10:30:48,Income,Cash,Computer Incomes,"13,45"
13597,2,16,,,2025-02-14 18:56:35,Income,Cash,Computer Incomes,"32,46"
13598,3,3,,,2025-02-14 17:02:37,Income,Cash,Computer Incomes,"3,27"
13599,2,4,,,2025-02-14 16:12:09,Income,Cash,Computer Incomes,"16,39"
13600,3,11,,,2025-02-14 17:10:33,Income,Credit Card,Computer Incomes,"21,96"
13601,1,24,,,2025-02-14 12:56:02,Income,Credit Card,Playstation Incomes,"24,25"
13602,3,8,,,2025-02-14 09:31:11,Income,Cash,Computer Incomes,"29,83"
13603,2,1,,66.0,2025-02-14 22:28:48,Income,Cash,Member Transactions,"6,88"
13604,1,5,,36.0,2025-02-14 10:12:38,Income,Cash,Member Transactions,"30,81"
13605,5,11,,,2025-02-14 23:43:36,Income,Cash,Computer Incomes,"9,50"
13606,4,23,,,2025-02-14 11:23:23,Income,Cash,Playstation Incomes,"31,46"
13607,4,8,,,2025-02-14 16:36:53,Income,Cash,Computer Incomes,"10,48"
13608,1,13,,,2025-02-14 14:26:33,Income,Cash,Computer Incomes,"31,79"
13609,1,6,,,2025-02-14 16:56:54,Income,Cash,Computer Incomes,"19,99"
13610,1,12,,16.0,2025-02-14 17:44:07,Income,Cash,Member Transactions,"18,35"
13611,3,14,33.0,,2025-02-14 11:35:15,Income,Cash,Order Incomes,"11,80"
13612,5,6,,,2025-02-14 12:20:35,Income,Cash,Computer Incomes,"10,16"
13613,3,15,,,2025-02-15 21:51:56,Income,Cash,Computer Incomes,"17,36"
13614,1,4,21.0,,2025-02-15 16:56:57,Income,Cash,Order Incomes,"14,47"
13615,4,12,14.0,,2025-02-15 21:46:04,Income,Credit Card,Order Incomes,"3,86"
13616,4,12,25.0,,2025-02-15 18:28:47,Income,Credit Card,Order Incomes,"8,87"
13617,4,13,,,2025-02-15 18:16:24,Income,Credit Card,Computer Incomes,"6,17"
13618,3,24,,,2025-02-15 18:11:39,Income,Cash,Playstation Incomes,"2,70"
13619,3,2,,,2025-02-15 12:12:14,Income,Cash,Computer Incomes,"10,03"
13620,4,9,33.0,,2025-02-15 22:00:24,Income,Credit Card,Order Incomes,"16,78"
13621,4,14,,,2025-02-15 16:46:00,Income,Cash,Computer Incomes,"7,91"
13622,1,23,,,2025-02-15 20:23:00,Income,Cash,Playstation Incomes,"8,68"
13623,5,8,,,2025-02-15 22:37:09,Income,Credit Card,Computer Incomes,"16,97"
13624,3,2,,,2025-02-15 21:38:07,Income,Cash,Computer Incomes,"6,37"
13625,1,24,,,2025-02-15 13:44:25,Income,Cash,Playstation Incomes,"4,63"
13626,3,8,,,2025-02-15 10:27:16,Income,Credit Card,Computer Incomes,"13,50"
13627,2,23,,,2025-02-15 12:43:52,Income,Credit Card,Playstation Incomes,"10,99"
13628,2,24,,,2025-02-15 11:40:50,Income,Cash,Playstation Incomes,"9,84"
13629,4,5,,,2025-02-15 20:33:08,Income,Credit Card,Computer Incomes,"17,36"
13630,3,12,,2.0,2025-02-15 12:26:31,Income,Cash,Member Transactions,"13,12"
13631,4,11,,,2025-02-15 18:10:03,Income,Credit Card,Computer Incomes,"7,52"
13632,3,3,,,2025-02-15 21:31:54,Income,Cash,Computer Incomes,"13,31"
13633,2,12,21.0,,2025-02-15 17:03:15,Income,Cash,Order Incomes,"12,15"
13634,4,13,,,2025-02-15 23:52:00,Income,Cash,Computer Incomes,"7,90"
13635,2,6,,,2025-02-15 23:14:20,Income,Cash,Computer Incomes,"9,25"
13636,1,9,,,2025-02-15 14:05:45,Income,Cash,Computer Incomes,"15,61"
13637,1,11,,,2025-02-15 20:46:57,Income,Cash,Computer Incomes,"8,67"
13638,5,3,30.0,,2025-02-15 12:06:15,Income,Cash,Order Incomes,"18,89"
13639,2,5,,,2025-02-15 19:52:11,Income,Cash,Computer Incomes,"18,89"
13640,4,8,,,2025-02-15 15:26:08,Income,Cash,Computer Incomes,"8,48"
13641,2,3,,,2025-02-15 16:46:00,Income,Cash,Computer Incomes,"3,27"
13642,3,3,,,2025-02-15 10:08:46,Income,Cash,Computer Incomes,"16,58"
13643,5,23,,,2025-02-15 22:49:28,Income,Cash,Playstation Incomes,"6,36"
13644,5,24,,,2025-02-15 14:09:20,Income,Cash,Playstation Incomes,"18,70"
13645,4,5,9.0,,2025-02-15 11:52:31,Income,Cash,Order Incomes,"6,36"
13646,1,23,,,2025-02-15 11:26:47,Income,Cash,Playstation Incomes,"5,59"
13647,2,4,,,2025-02-15 12:39:19,Income,Credit Card,Computer Incomes,"3,27"
13648,2,3,,,2025-02-15 19:40:48,Income,Cash,Computer Incomes,"6,16"
13649,1,12,,,2025-02-15 18:19:41,Income,Cash,Computer Incomes,"10,21"
13650,3,11,20.0,,2025-02-15 13:04:16,Income,Cash,Order Incomes,"17,93"
13651,5,10,,,2025-02-15 16:54:34,Income,Cash,Computer Incomes,"10,60"
13652,4,4,,,2025-02-15 18:18:47,Income,Cash,Computer Incomes,"12,33"
13653,4,11,,,2025-02-16 17:47:27,Income,Cash,Computer Incomes,"6,54"
13654,4,9,,,2025-02-16 19:37:36,Income,Cash,Computer Incomes,"14,90"
13655,4,24,,,2025-02-16 15:51:08,Income,Cash,Playstation Incomes,"19,26"
13656,4,1,,30.0,2025-02-16 14:05:25,Income,Cash,Member Transactions,"23,25"
13657,2,10,,,2025-02-16 19:00:39,Income,Cash,Computer Incomes,"27,25"
13658,2,4,,8.0,2025-02-16 22:21:47,Income,Cash,Member Transactions,"15,26"
13659,1,23,,,2025-02-16 11:13:39,Income,Cash,Playstation Incomes,"17,80"
13660,5,24,,,2025-02-16 09:01:57,Income,Cash,Playstation Incomes,"5,82"
13661,3,23,,,2025-02-16 19:00:11,Income,Cash,Playstation Incomes,"14,53"
13662,4,5,,,2025-02-16 14:03:19,Income,Credit Card,Computer Incomes,"24,34"
13663,2,3,17.0,,2025-02-16 09:16:20,Income,Cash,Order Incomes,"29,05"
13664,1,4,,,2025-02-16 13:27:30,Income,Credit Card,Computer Incomes,"29,05"
13665,1,9,6.0,,2025-02-16 11:53:00,Income,Cash,Order Incomes,"17,79"
13666,5,3,,,2025-02-16 20:01:13,Income,Cash,Computer Incomes,"29,78"
13667,1,16,,,2025-02-16 10:05:52,Income,Cash,Computer Incomes,"10,17"
13668,3,10,,,2025-02-16 11:45:24,Income,Credit Card,Computer Incomes,"10,89"
13669,1,14,,,2025-02-16 23:34:57,Income,Credit Card,Computer Incomes,"5,44"
13670,4,14,32.0,,2025-02-16 20:27:21,Income,Cash,Order Incomes,"15,98"
13671,2,6,,,2025-02-16 15:58:43,Income,Cash,Computer Incomes,"17,43"
13672,1,3,,,2025-02-16 18:30:46,Income,Cash,Computer Incomes,"15,25"
13673,5,14,,,2025-02-17 23:00:17,Income,Credit Card,Computer Incomes,"16,75"
13674,4,24,,,2025-02-17 09:02:55,Income,Cash,Playstation Incomes,"19,97"
13675,2,23,,,2025-02-17 16:22:35,Income,Credit Card,Playstation Incomes,"2,63"
13676,4,16,,,2025-02-17 19:47:26,Income,Cash,Computer Incomes,"6,46"
13677,1,15,,,2025-02-17 23:03:12,Income,Cash,Computer Incomes,"10,70"
13678,4,5,5.0,,2025-02-17 23:49:07,Income,Cash,Order Incomes,"3,83"
13679,4,8,,,2025-02-17 12:44:21,Income,Cash,Computer Incomes,"2,21"
13680,5,6,,,2025-02-17 18:26:24,Income,Cash,Computer Incomes,"16,94"
13681,4,9,,,2025-02-17 09:47:34,Income,Cash,Computer Incomes,"6,25"
13682,5,1,42.0,,2025-02-17 20:03:23,Income,Cash,Order Incomes,"16,13"
13683,2,11,,,2025-02-17 13:43:40,Income,Cash,Computer Incomes,"6,05"
13684,1,15,,36.0,2025-02-17 09:00:12,Income,Cash,Member Transactions,"18,96"
13685,5,11,,,2025-02-17 16:33:41,Income,Cash,Computer Incomes,"19,36"
13686,5,2,,,2025-02-17 09:48:42,Income,Cash,Computer Incomes,"5,24"
13687,2,10,,,2025-02-18 10:37:21,Income,Credit Card,Computer Incomes,"28,53"
13688,2,24,,,2025-02-18 15:59:16,Income,Cash,Playstation Incomes,"12,54"
13689,3,10,,,2025-02-18 22:01:32,Income,Cash,Computer Incomes,"13,40"
13690,1,11,,,2025-02-18 13:25:36,Income,Cash,Computer Incomes,"27,67"
13691,1,1,,,2025-02-18 14:22:06,Income,Cash,Computer Incomes,"23,78"
13692,5,12,,,2025-02-18 20:35:35,Income,Cash,Computer Incomes,"38,04"
13693,3,23,,,2025-02-18 21:47:25,Income,Cash,Playstation Incomes,"30,69"
13694,5,8,,,2025-02-18 21:17:35,Income,Cash,Computer Incomes,"25,94"
13695,3,9,42.0,,2025-02-18 17:05:05,Income,Credit Card,Order Incomes,"11,23"
13696,5,24,,,2025-02-18 17:25:52,Income,Cash,Playstation Incomes,"15,12"
13697,1,16,,28.0,2025-02-18 14:47:29,Income,Cash,Member Transactions,"21,61"
13698,1,13,,,2025-02-18 13:18:37,Income,Cash,Computer Incomes,"39,76"
13699,3,1,,21.0,2025-02-18 14:07:29,Income,Cash,Member Transactions,"15,55"
13700,5,14,,,2025-02-18 22:27:45,Income,Cash,Computer Incomes,"27,66"
13701,3,7,,,2025-02-18 16:09:32,Income,Cash,Computer Incomes,"21,17"
13702,4,9,17.0,,2025-02-18 12:41:09,Income,Cash,Order Incomes,"22,47"
13703,5,23,,,2025-02-19 22:19:49,Income,Credit Card,Playstation Incomes,"2,51"
13704,2,9,,,2025-02-19 15:16:23,Income,Credit Card,Computer Incomes,"15,66"
13705,4,10,,,2025-02-19 16:37:50,Income,Cash,Computer Incomes,"10,81"
13706,5,24,,,2025-02-19 19:48:57,Income,Cash,Playstation Incomes,"8,46"
13707,3,7,,,2025-02-19 09:14:44,Income,Cash,Computer Incomes,"7,36"
13708,5,23,,,2025-02-19 11:59:41,Income,Cash,Playstation Incomes,"3,61"
13709,5,7,,,2025-02-19 13:30:35,Income,Cash,Computer Incomes,"3,45"
13710,5,4,,,2025-02-19 13:16:39,Income,Cash,Computer Incomes,"5,33"
13711,5,5,,,2025-02-19 11:08:55,Income,Cash,Computer Incomes,"11,59"
13712,5,15,6.0,,2025-02-19 19:17:29,Income,Cash,Order Incomes,"2,20"
13713,3,8,,,2025-02-19 17:36:12,Income,Cash,Computer Incomes,"3,75"
13714,3,24,,,2025-02-19 15:53:57,Income,Cash,Playstation Incomes,"6,73"
13715,1,2,,,2025-02-19 12:34:02,Income,Cash,Computer Incomes,"13,77"
13716,4,12,,,2025-02-19 18:36:19,Income,Cash,Computer Incomes,"9,86"
13717,2,16,29.0,,2025-02-19 09:50:40,Income,Cash,Order Incomes,"12,05"
13718,2,1,15.0,,2025-02-19 20:37:02,Income,Cash,Order Incomes,"7,20"
13719,5,23,,,2025-02-19 09:43:37,Income,Cash,Playstation Incomes,"14,09"
13720,3,3,46.0,,2025-02-19 14:13:49,Income,Cash,Order Incomes,"5,32"
13721,5,2,,10.0,2025-02-19 11:40:25,Income,Cash,Member Transactions,"13,77"
13722,1,24,,,2025-02-19 09:40:50,Income,Credit Card,Playstation Incomes,"8,76"
13723,3,5,12.0,,2025-02-20 17:18:29,Income,Cash,Order Incomes,"2,48"
13724,4,15,,,2025-02-20 09:57:06,Income,Cash,Computer Incomes,"3,62"
13725,4,5,,,2025-02-20 12:40:19,Income,Credit Card,Computer Incomes,"8,57"
13726,2,13,,52.0,2025-02-20 19:49:09,Income,Cash,Member Transactions,"14,09"
13727,2,3,,,2025-02-20 16:13:08,Income,Cash,Computer Incomes,"13,52"
13728,2,9,1.0,,2025-02-20 19:38:27,Income,Cash,Order Incomes,"7,05"
13729,3,9,41.0,,2025-02-20 18:14:28,Income,Cash,Order Incomes,"16,95"
13730,3,5,,11.0,2025-02-20 21:50:29,Income,Credit Card,Member Transactions,"17,90"
13731,4,1,,,2025-02-20 15:22:21,Income,Cash,Computer Incomes,"18,09"
13732,2,23,,,2025-02-20 10:07:10,Income,Credit Card,Playstation Incomes,"13,14"
13733,5,13,,,2025-02-20 17:18:05,Income,Cash,Computer Incomes,"16,37"
13734,5,24,,,2025-02-20 21:04:01,Income,Cash,Playstation Incomes,"14,08"
13735,3,1,,,2025-02-20 13:11:08,Income,Cash,Computer Incomes,"3,23"
13736,3,2,,,2025-02-20 19:43:14,Income,Credit Card,Computer Incomes,"6,28"
13737,1,7,,,2025-02-20 14:58:50,Income,Cash,Computer Incomes,"10,66"
13738,5,7,,,2025-02-20 21:31:18,Income,Cash,Computer Incomes,"5,52"
13739,5,8,,,2025-02-20 14:02:32,Income,Credit Card,Computer Incomes,"17,70"
13740,2,14,,,2025-02-20 15:22:35,Income,Cash,Computer Incomes,"5,14"
13741,5,12,,8.0,2025-02-21 11:20:23,Income,Cash,Member Transactions,"10,36"
13742,3,1,,,2025-02-21 13:34:04,Income,Cash,Computer Incomes,"8,22"
13743,2,4,,30.0,2025-02-21 13:19:31,Income,Cash,Member Transactions,"12,15"
13744,3,23,,,2025-02-21 18:31:28,Income,Cash,Playstation Incomes,"10,36"
13745,5,9,,,2025-02-21 17:05:26,Income,Cash,Computer Incomes,"23,22"
13746,1,12,39.0,,2025-02-21 18:41:25,Income,Credit Card,Order Incomes,"8,93"
13747,2,24,,,2025-02-21 18:24:09,Income,Cash,Playstation Incomes,"17,15"
13748,3,3,,,2025-02-21 23:13:01,Income,Cash,Computer Incomes,"18,58"
13749,1,15,6.0,,2025-02-21 21:46:30,Income,Cash,Order Incomes,"7,51"
13750,1,6,,,2025-02-21 13:45:16,Income,Cash,Computer Incomes,"30,72"
13751,4,23,,,2025-02-21 11:44:07,Income,Cash,Playstation Incomes,"25,01"
13752,4,9,,,2025-02-21 14:14:09,Income,Cash,Computer Incomes,"11,43"
13753,1,24,,,2025-02-21 12:30:14,Income,Cash,Playstation Incomes,"12,15"
13754,5,23,,,2025-02-21 11:59:50,Income,Credit Card,Playstation Incomes,"26,79"
13755,2,4,,,2025-02-21 10:19:40,Income,Cash,Computer Incomes,"11,08"
13756,5,24,,,2025-02-21 11:40:29,Income,Credit Card,Playstation Incomes,"32,15"
13757,2,23,,,2025-02-21 15:28:54,Income,Cash,Playstation Incomes,"26,08"
13758,4,24,,,2025-02-21 22:25:06,Income,Cash,Playstation Incomes,"11,43"
13759,3,5,,,2025-02-21 12:06:35,Income,Cash,Computer Incomes,"22,15"
13760,1,8,,,2025-02-21 09:16:50,Income,Cash,Computer Incomes,"3,93"
13761,4,10,,,2025-02-21 11:13:40,Income,Cash,Computer Incomes,"5,71"
13762,4,6,,44.0,2025-02-21 17:34:27,Income,Cash,Member Transactions,"31,07"
13763,2,4,,,2025-02-21 18:21:26,Income,Credit Card,Computer Incomes,"8,21"
13764,4,23,,,2025-02-21 17:18:50,Income,Cash,Playstation Incomes,"7,50"
13765,3,16,,,2025-02-21 18:43:00,Income,Cash,Computer Incomes,"8,21"
13766,4,16,35.0,,2025-02-21 15:43:31,Income,Cash,Order Incomes,"13,57"
13767,5,8,,,2025-02-21 15:13:30,Income,Cash,Computer Incomes,"33,21"
13768,1,15,,,2025-02-21 21:12:29,Income,Cash,Computer Incomes,"22,85"
13769,2,24,,,2025-02-21 11:54:50,Income,Cash,Playstation Incomes,"24,28"
13770,5,23,,,2025-02-21 21:20:48,Income,Cash,Playstation Incomes,"5,35"
13771,3,15,,,2025-02-21 21:15:52,Income,Credit Card,Computer Incomes,"9,64"
13772,3,6,,,2025-02-21 09:29:03,Income,Cash,Computer Incomes,"32,86"
13773,5,15,,,2025-02-21 20:21:10,Income,Cash,Computer Incomes,"7,14"
13774,3,11,,58.0,2025-02-21 09:28:37,Income,Cash,Member Transactions,"32,14"
13775,4,24,,,2025-02-22 21:02:43,Income,Cash,Playstation Incomes,"4,77"
13776,1,7,,,2025-02-22 17:28:45,Income,Credit Card,Computer Incomes,"9,54"
13777,3,5,,,2025-02-22 16:30:04,Income,Cash,Computer Incomes,"11,74"
13778,5,13,10.0,,2025-02-22 21:17:17,Income,Cash,Order Incomes,"13,57"
13779,5,23,,,2025-02-22 13:31:36,Income,Credit Card,Playstation Incomes,"11,56"
13780,4,7,,,2025-02-22 09:43:47,Income,Cash,Computer Incomes,"5,32"
13781,2,24,,,2025-02-22 19:12:53,Income,Credit Card,Playstation Incomes,"4,59"
13782,5,7,,,2025-02-22 15:00:42,Income,Cash,Computer Incomes,"13,57"
13783,2,14,1.0,,2025-02-22 22:35:05,Income,Cash,Order Incomes,"14,67"
13784,4,7,31.0,,2025-02-22 15:54:21,Income,Cash,Order Incomes,"3,67"
13785,5,23,,,2025-02-22 15:26:58,Income,Cash,Playstation Incomes,"10,82"
13786,5,13,43.0,,2025-02-22 16:48:50,Income,Credit Card,Order Incomes,"6,06"
13787,1,15,,,2025-02-22 17:27:05,Income,Cash,Computer Incomes,"11,74"
13788,4,15,,,2025-02-22 15:40:53,Income,Cash,Computer Incomes,"5,51"
13789,4,1,9.0,,2025-02-22 12:18:28,Income,Cash,Order Incomes,"15,78"
13790,1,3,,,2025-02-22 12:30:42,Income,Cash,Computer Incomes,"17,79"
13791,3,24,,,2025-02-22 17:29:51,Income,Cash,Playstation Incomes,"14,67"
13792,2,14,,,2025-02-22 12:49:27,Income,Cash,Computer Incomes,"14,67"
13793,2,10,,,2025-02-22 21:18:31,Income,Credit Card,Computer Incomes,"7,71"
13794,5,16,,,2025-02-22 09:27:37,Income,Cash,Computer Incomes,"10,64"
13795,4,1,,,2025-02-22 12:52:11,Income,Cash,Computer Incomes,"13,57"
13796,2,10,,,2025-02-22 13:52:08,Income,Cash,Computer Incomes,"11,37"
13797,5,4,,,2025-02-22 23:41:07,Income,Cash,Computer Incomes,"9,72"
13798,3,3,,,2025-02-22 11:38:46,Income,Cash,Computer Incomes,"16,33"
13799,4,15,26.0,,2025-02-22 21:38:30,Income,Cash,Order Incomes,"14,66"
13800,2,2,38.0,,2025-02-22 11:44:15,Income,Cash,Order Incomes,"10,08"
13801,3,16,35.0,,2025-02-22 09:39:50,Income,Cash,Order Incomes,"8,61"
13802,2,23,,,2025-02-22 09:17:14,Income,Credit Card,Playstation Incomes,"9,53"
13803,5,11,,,2025-02-22 21:57:39,Income,Cash,Computer Incomes,"13,56"
13804,2,15,25.0,,2025-02-22 14:52:46,Income,Cash,Order Incomes,"7,70"
13805,1,6,,,2025-02-22 16:53:50,Income,Cash,Computer Incomes,"2,93"
13806,1,12,,,2025-02-22 11:36:24,Income,Cash,Computer Incomes,"10,81"
13807,5,12,15.0,,2025-02-22 17:25:44,Income,Cash,Order Incomes,"17,23"
13808,3,4,,,2025-02-22 11:52:01,Income,Cash,Computer Incomes,"13,38"
13809,5,2,,,2025-02-22 11:31:29,Income,Cash,Computer Incomes,"5,13"
13810,2,24,,,2025-02-22 22:40:15,Income,Cash,Playstation Incomes,"17,78"
13811,4,23,,,2025-02-22 10:26:56,Income,Cash,Playstation Incomes,"7,70"
13812,2,3,,52.0,2025-02-22 16:53:16,Income,Credit Card,Member Transactions,"2,56"
13813,1,12,,,2025-02-23 19:53:45,Income,Cash,Computer Incomes,"4,04"
13814,5,6,,,2025-02-23 13:11:40,Income,Cash,Computer Incomes,"21,67"
13815,5,15,,,2025-02-23 21:03:10,Income,Cash,Computer Incomes,"20,66"
13816,2,11,,,2025-02-23 18:10:50,Income,Cash,Computer Incomes,"12,60"
13817,4,15,,,2025-02-23 22:41:36,Income,Cash,Computer Incomes,"18,90"
13818,1,24,,,2025-02-23 12:41:29,Income,Cash,Playstation Incomes,"17,38"
13819,1,10,,6.0,2025-02-23 18:38:26,Income,Cash,Member Transactions,"14,87"
13820,2,8,,,2025-02-23 18:37:37,Income,Cash,Computer Incomes,"14,10"
13821,5,10,,,2025-02-23 17:13:35,Income,Cash,Computer Incomes,"21,15"
13822,1,11,,,2025-02-23 09:06:02,Income,Credit Card,Computer Incomes,"14,35"
13823,2,16,,,2025-02-23 23:02:32,Income,Cash,Computer Incomes,"15,36"
13824,2,15,,,2025-02-23 11:03:27,Income,Cash,Computer Incomes,"2,77"
13825,1,23,,,2025-02-23 09:44:28,Income,Credit Card,Playstation Incomes,"15,36"
13826,2,9,,51.0,2025-02-23 17:02:52,Income,Cash,Member Transactions,"16,37"
13827,4,2,9.0,,2025-02-23 22:40:10,Income,Credit Card,Order Incomes,"23,67"
13828,2,14,,,2025-02-23 21:37:32,Income,Cash,Computer Incomes,"11,83"
13829,1,3,,2.0,2025-02-23 15:30:01,Income,Credit Card,Member Transactions,"6,80"
13830,4,14,8.0,,2025-02-24 21:48:28,Income,Cash,Order Incomes,"16,47"
13831,1,10,,,2025-02-24 17:20:52,Income,Cash,Computer Incomes,"26,13"
13832,3,24,,,2025-02-24 20:49:37,Income,Credit Card,Playstation Incomes,"15,42"
13833,3,2,,18.0,2025-02-24 17:58:41,Income,Cash,Member Transactions,"10,98"
13834,3,23,,,2025-02-24 21:14:31,Income,Cash,Playstation Incomes,"10,98"
13835,4,6,,,2025-02-24 16:19:06,Income,Cash,Computer Incomes,"7,58"
13836,5,24,,,2025-02-24 20:56:03,Income,Cash,Playstation Incomes,"11,50"
13837,4,16,,,2025-02-24 10:58:10,Income,Cash,Computer Incomes,"7,58"
13838,5,3,,11.0,2025-02-24 09:55:06,Income,Credit Card,Member Transactions,"12,55"
13839,3,15,,,2025-02-24 09:52:01,Income,Cash,Computer Incomes,"9,41"
13840,5,5,18.0,,2025-02-24 16:00:07,Income,Cash,Order Incomes,"4,97"
13841,2,3,,,2025-02-24 12:41:47,Income,Cash,Computer Incomes,"24,03"
13842,3,5,,,2025-02-24 11:30:59,Income,Cash,Computer Incomes,"14,89"
13843,4,3,,,2025-02-24 10:53:49,Income,Credit Card,Computer Incomes,"4,44"
13844,1,2,,14.0,2025-02-24 15:50:42,Income,Cash,Member Transactions,"15,41"
13845,3,23,,,2025-02-24 21:52:55,Income,Cash,Playstation Incomes,"15,41"
13846,4,16,,,2025-02-24 23:07:25,Income,Cash,Computer Incomes,"5,74"
13847,2,2,,,2025-02-24 09:46:06,Income,Cash,Computer Incomes,"3,65"
13848,1,15,11.0,,2025-02-24 16:38:03,Income,Cash,Order Incomes,"25,08"
13849,4,14,,,2025-02-24 21:02:33,Income,Cash,Computer Incomes,"13,58"
13850,3,5,,,2025-02-25 15:20:09,Income,Credit Card,Computer Incomes,"15,39"
13851,5,15,,,2025-02-25 18:03:27,Income,Cash,Computer Incomes,"6,47"
13852,4,13,49.0,,2025-02-25 16:56:18,Income,Credit Card,Order Incomes,"22,47"
13853,4,5,,20.0,2025-02-25 13:42:22,Income,Credit Card,Member Transactions,"21,55"
13854,3,2,,,2025-02-25 11:51:07,Income,Cash,Computer Incomes,"21,55"
13855,4,8,,,2025-02-25 19:18:25,Income,Cash,Computer Incomes,"19,70"
13856,4,14,,,2025-02-25 20:02:36,Income,Cash,Computer Incomes,"27,40"
13857,3,5,,,2025-02-25 09:04:25,Income,Cash,Computer Incomes,"10,47"
13858,2,16,,,2025-02-25 22:10:55,Income,Cash,Computer Incomes,"16,93"
13859,2,16,,66.0,2025-02-25 20:59:10,Income,Credit Card,Member Transactions,"10,78"
13860,3,6,,,2025-02-25 18:18:10,Income,Cash,Computer Incomes,"4,62"
13861,1,24,,,2025-02-25 11:50:50,Income,Cash,Playstation Incomes,"8,93"
13862,4,16,,,2025-02-25 22:23:02,Income,Cash,Computer Incomes,"7,38"
13863,2,14,,64.0,2025-02-25 18:18:14,Income,Cash,Member Transactions,"23,69"
13864,4,6,,,2025-02-25 16:38:22,Income,Cash,Computer Incomes,"17,54"
13865,3,14,,,2025-02-25 15:39:17,Income,Credit Card,Computer Incomes,"28,62"
13866,3,8,,,2025-02-25 18:20:09,Income,Cash,Computer Incomes,"9,54"
13867,5,3,5.0,,2025-02-25 23:46:52,Income,Cash,Order Incomes,"3,69"
13868,4,23,,,2025-02-25 23:32:27,Income,Cash,Playstation Incomes,"15,69"
13869,4,6,,,2025-02-25 22:47:28,Income,Cash,Computer Incomes,"4,92"
13870,5,7,,,2025-02-25 11:23:53,Income,Credit Card,Computer Incomes,"30,47"
13871,3,11,,2.0,2025-02-25 10:42:05,Income,Credit Card,Member Transactions,"30,77"
13872,2,11,,,2025-02-25 14:18:28,Income,Cash,Computer Incomes,"3,07"
13873,3,11,,,2025-02-26 17:35:24,Income,Credit Card,Computer Incomes,"41,66"
13874,4,10,,,2025-02-26 23:14:11,Income,Cash,Computer Incomes,"19,33"
13875,4,14,,,2025-02-26 21:31:57,Income,Cash,Computer Incomes,"10,31"
13876,5,3,,,2025-02-26 09:34:19,Income,Cash,Computer Incomes,"42,52"
13877,2,8,,,2025-02-26 17:13:21,Income,Cash,Computer Incomes,"33,50"
13878,3,10,6.0,,2025-02-26 23:41:50,Income,Cash,Order Incomes,"10,31"
13879,2,14,,,2025-02-26 21:45:53,Income,Cash,Computer Incomes,"5,59"
13880,4,16,,,2025-02-26 17:39:21,Income,Cash,Computer Incomes,"31,36"
13881,2,24,,,2025-02-26 09:35:04,Income,Cash,Playstation Incomes,"11,60"
13882,2,9,,,2025-02-26 11:17:24,Income,Cash,Computer Incomes,"40,80"
13883,2,3,,,2025-02-26 14:04:52,Income,Cash,Computer Incomes,"42,94"
13884,5,5,,,2025-02-26 19:14:37,Income,Cash,Computer Incomes,"33,49"
13885,5,16,,,2025-02-26 20:19:01,Income,Cash,Computer Incomes,"34,78"
13886,1,6,,,2025-02-26 23:22:02,Income,Cash,Computer Incomes,"5,58"
13887,2,11,2.0,,2025-02-26 14:34:12,Income,Cash,Order Incomes,"10,30"
13888,3,23,,,2025-02-27 22:16:20,Income,Cash,Playstation Incomes,"17,43"
13889,2,9,,,2025-02-27 23:03:59,Income,Cash,Computer Incomes,"18,04"
13890,1,9,36.0,,2025-02-27 12:32:14,Income,Cash,Order Incomes,"24,15"
13891,5,24,,,2025-02-27 13:43:50,Income,Cash,Playstation Incomes,"9,48"
13892,4,12,,,2025-02-27 20:33:01,Income,Cash,Computer Incomes,"25,38"
13893,1,13,,,2025-02-27 11:27:08,Income,Cash,Computer Incomes,"23,54"
13894,5,23,,,2025-02-27 22:53:54,Income,Cash,Playstation Incomes,"5,51"
13895,2,14,,,2025-02-27 19:53:54,Income,Cash,Computer Incomes,"3,37"
13896,3,8,,,2025-02-27 20:34:11,Income,Cash,Computer Incomes,"4,58"
13897,1,16,,,2025-02-27 21:48:19,Income,Cash,Computer Incomes,"18,34"
13898,1,16,,61.0,2025-02-27 14:49:51,Income,Cash,Member Transactions,"21,09"
13899,2,24,,,2025-02-27 21:00:38,Income,Cash,Playstation Incomes,"26,59"
13900,4,23,,,2025-02-27 09:06:17,Income,Cash,Playstation Incomes,"26,59"
13901,4,24,,,2025-02-27 14:58:17,Income,Cash,Playstation Incomes,"4,89"
13902,4,2,3.0,,2025-02-27 19:16:54,Income,Cash,Order Incomes,"26,59"
13903,3,13,,,2025-02-27 19:16:19,Income,Cash,Computer Incomes,"26,28"
13904,5,12,,,2025-02-28 14:40:36,Income,Credit Card,Computer Incomes,"9,68"
13905,2,23,,,2025-02-28 21:12:02,Income,Cash,Playstation Incomes,"14,17"
13906,1,5,,,2025-02-28 12:15:02,Income,Credit Card,Computer Incomes,"11,40"
13907,3,16,,,2025-02-28 11:55:42,Income,Credit Card,Computer Incomes,"13,13"
13908,2,3,,,2025-02-28 12:59:46,Income,Cash,Computer Incomes,"13,65"
13909,4,11,,,2025-02-28 17:53:08,Income,Cash,Computer Incomes,"2,25"
13910,2,24,,,2025-02-28 13:22:01,Income,Cash,Playstation Incomes,"10,89"
13911,5,14,,,2025-02-28 23:41:16,Income,Cash,Computer Incomes,"9,68"
13912,1,23,,,2025-02-28 16:03:42,Income,Credit Card,Playstation Incomes,"5,36"
13913,1,4,,,2025-02-28 14:05:57,Income,Cash,Computer Incomes,"12,61"
13914,5,13,,,2025-02-28 12:33:10,Income,Cash,Computer Incomes,"13,30"
13915,4,3,,,2025-02-28 11:02:30,Income,Cash,Computer Incomes,"10,54"
13916,4,15,,,2025-02-28 14:55:00,Income,Cash,Computer Incomes,"15,90"
13917,2,24,,,2025-02-28 18:27:15,Income,Cash,Playstation Incomes,"4,32"
13918,1,10,,,2025-02-28 15:43:12,Income,Cash,Computer Incomes,"10,71"
13919,5,23,,,2025-02-28 13:18:19,Income,Cash,Playstation Incomes,"7,60"
13920,5,16,,,2025-02-28 13:29:54,Income,Cash,Computer Incomes,"4,84"
13921,5,24,,,2025-02-28 20:10:18,Income,Cash,Playstation Incomes,"3,46"
13922,1,5,,,2025-02-28 22:30:02,Income,Cash,Computer Incomes,"12,78"
13923,4,23,,,2025-02-28 18:54:40,Income,Cash,Playstation Incomes,"5,87"
13924,2,24,,,2025-02-28 12:15:07,Income,Cash,Playstation Incomes,"3,28"
13925,5,23,,,2025-02-28 12:10:34,Income,Cash,Playstation Incomes,"12,43"
13926,2,3,18.0,,2025-02-28 12:41:04,Income,Credit Card,Order Incomes,"10,01"
13927,2,24,,,2025-02-28 17:44:00,Income,Cash,Playstation Incomes,"6,73"
13928,4,9,41.0,,2025-02-28 19:50:25,Income,Cash,Order Incomes,"5,18"
13929,4,1,,,2025-02-28 23:49:12,Income,Cash,Computer Incomes,"12,09"
13930,4,5,,,2025-02-28 09:11:41,Income,Cash,Computer Incomes,"13,99"
13931,1,4,19.0,,2025-02-28 21:45:39,Income,Cash,Order Incomes,"6,56"
13932,4,4,,,2025-02-28 13:58:41,Income,Cash,Computer Incomes,"9,49"
13933,5,23,,,2025-02-28 13:44:40,Income,Cash,Playstation Incomes,"1,72"
13934,2,2,,,2025-02-28 11:37:09,Income,Cash,Computer Incomes,"15,37"
13935,3,3,,,2025-02-28 17:43:53,Income,Credit Card,Computer Incomes,"9,84"
13936,2,4,,,2025-02-28 18:51:59,Income,Cash,Computer Incomes,"7,08"
13937,3,12,29.0,,2025-02-28 17:06:39,Income,Cash,Order Incomes,"7,08"
13938,2,13,,,2025-02-28 10:24:25,Income,Cash,Computer Incomes,"10,88"
13939,3,24,,,2025-02-28 19:40:02,Income,Cash,Playstation Incomes,"16,92"
13940,2,15,,,2025-02-28 15:14:57,Income,Credit Card,Computer Incomes,"7,42"
13941,3,23,,,2025-02-28 17:31:10,Income,Cash,Playstation Incomes,"17,27"
13942,2,7,,,2025-02-28 15:09:04,Income,Cash,Computer Incomes,"15,89"
13943,2,14,,,2025-02-28 13:52:53,Income,Credit Card,Computer Incomes,"10,19"
13944,1,1,,,2025-03-01 23:49:20,Income,Cash,Computer Incomes,"11,54"
13945,1,6,,,2025-03-01 17:36:47,Income,Cash,Computer Incomes,"22,14"
13946,5,24,,,2025-03-01 17:52:48,Income,Cash,Playstation Incomes,"13,66"
13947,2,1,33.0,,2025-03-01 13:18:26,Income,Cash,Order Incomes,"7,31"
13948,4,13,,,2025-03-01 13:29:01,Income,Cash,Computer Incomes,"12,72"
13949,4,23,,,2025-03-01 14:22:07,Income,Cash,Playstation Incomes,"16,25"
13950,5,13,,,2025-03-01 21:09:48,Income,Cash,Computer Incomes,"9,66"
13951,5,2,1.0,,2025-03-01 22:06:17,Income,Cash,Order Incomes,"12,96"
13952,1,24,,,2025-03-01 15:29:00,Income,Cash,Playstation Incomes,"4,01"
13953,5,6,28.0,,2025-03-01 10:23:38,Income,Cash,Order Incomes,"14,84"
13954,1,12,,,2025-03-01 12:21:31,Income,Cash,Computer Incomes,"19,79"
13955,1,23,,,2025-03-01 23:35:21,Income,Cash,Playstation Incomes,"17,67"
13956,3,24,,,2025-03-01 14:40:27,Income,Cash,Playstation Incomes,"2,83"
13957,2,6,,,2025-03-01 16:03:20,Income,Cash,Computer Incomes,"13,43"
13958,4,23,,,2025-03-01 22:57:41,Income,Cash,Playstation Incomes,"3,30"
13959,3,12,20.0,,2025-03-01 18:01:22,Income,Cash,Order Incomes,"16,02"
13960,1,8,,,2025-03-01 23:24:09,Income,Cash,Computer Incomes,"14,37"
13961,5,5,,,2025-03-01 17:52:45,Income,Cash,Computer Incomes,"2,36"
13962,4,4,,,2025-03-01 18:37:53,Income,Cash,Computer Incomes,"15,30"
13963,4,16,,,2025-03-01 15:51:10,Income,Credit Card,Computer Incomes,"21,90"
13964,4,6,,,2025-03-01 14:26:33,Income,Cash,Computer Incomes,"9,42"
13965,4,6,,3.0,2025-03-01 22:54:00,Income,Cash,Member Transactions,"5,65"
13966,5,7,49.0,,2025-03-01 16:08:16,Income,Cash,Order Incomes,"5,88"
13967,5,1,,,2025-03-01 19:38:18,Income,Cash,Computer Incomes,"21,43"
13968,5,6,,,2025-03-01 14:17:54,Income,Cash,Computer Incomes,"7,30"
13969,4,10,,,2025-03-01 16:40:37,Income,Cash,Computer Incomes,"13,65"
13970,2,13,27.0,,2025-03-01 16:29:19,Income,Cash,Order Incomes,"23,31"
13971,5,5,,,2025-03-01 12:07:34,Income,Cash,Computer Incomes,"21,90"
13972,4,24,,,2025-03-01 09:25:19,Income,Cash,Playstation Incomes,"16,01"
13973,4,13,,,2025-03-01 18:30:12,Income,Cash,Computer Incomes,"13,18"
13974,3,9,,50.0,2025-03-01 17:50:31,Income,Cash,Member Transactions,"17,42"
13975,5,23,,,2025-03-01 21:03:38,Income,Credit Card,Playstation Incomes,"8,24"
13976,5,2,12.0,,2025-03-01 17:48:16,Income,Cash,Order Incomes,"12,71"
13977,2,5,,1.0,2025-03-01 19:10:19,Income,Cash,Member Transactions,"2,35"
13978,2,8,29.0,,2025-03-01 22:03:02,Income,Cash,Order Incomes,"5,18"
13979,3,2,9.0,,2025-03-01 21:07:42,Income,Cash,Order Incomes,"12,48"
13980,2,24,,,2025-03-02 23:48:53,Income,Cash,Playstation Incomes,"3,77"
13981,1,10,,,2025-03-02 19:18:29,Income,Credit Card,Computer Incomes,"13,31"
13982,4,10,,,2025-03-02 21:26:45,Income,Cash,Computer Incomes,"10,71"
13983,4,12,,,2025-03-02 15:32:09,Income,Cash,Computer Incomes,"9,12"
13984,4,5,,39.0,2025-03-02 15:01:41,Income,Cash,Member Transactions,"11,87"
13985,2,5,,,2025-03-02 09:42:57,Income,Cash,Computer Incomes,"11,14"
13986,4,11,34.0,,2025-03-02 09:37:34,Income,Cash,Order Incomes,"7,67"
13987,1,8,,,2025-03-02 21:59:50,Income,Cash,Computer Incomes,"6,95"
13988,5,11,,,2025-03-02 21:58:58,Income,Cash,Computer Incomes,"8,69"
13989,1,10,,,2025-03-02 14:03:05,Income,Cash,Computer Incomes,"4,49"
13990,4,14,,,2025-03-02 14:14:39,Income,Cash,Computer Incomes,"11,72"
13991,1,16,,,2025-03-02 14:15:24,Income,Cash,Computer Incomes,"13,16"
13992,2,15,1.0,,2025-03-02 14:16:39,Income,Cash,Order Incomes,"7,08"
13993,1,14,10.0,,2025-03-02 23:47:03,Income,Cash,Order Incomes,"8,39"
13994,1,10,,,2025-03-02 23:06:44,Income,Cash,Computer Incomes,"14,46"
13995,3,2,,,2025-03-02 12:29:45,Income,Cash,Computer Incomes,"9,54"
13996,1,5,11.0,,2025-03-02 10:44:46,Income,Cash,Order Incomes,"3,90"
13997,1,23,,,2025-03-02 10:12:05,Income,Cash,Playstation Incomes,"5,49"
13998,3,16,,,2025-03-02 13:36:22,Income,Cash,Computer Incomes,"13,30"
13999,3,15,,,2025-03-03 11:27:52,Income,Credit Card,Computer Incomes,"14,92"
14000,2,14,,,2025-03-03 11:21:32,Income,Cash,Computer Incomes,"19,47"
14001,4,3,35.0,,2025-03-03 17:50:38,Income,Cash,Order Incomes,"4,81"
14002,1,11,40.0,,2025-03-03 13:23:14,Income,Credit Card,Order Incomes,"15,68"
14003,4,5,,,2025-03-03 23:45:21,Income,Cash,Computer Incomes,"24,02"
14004,5,16,,,2025-03-03 21:02:23,Income,Cash,Computer Incomes,"3,80"
14005,2,24,,,2025-03-03 21:37:35,Income,Credit Card,Playstation Incomes,"10,88"
14006,2,10,39.0,,2025-03-03 12:02:54,Income,Cash,Order Incomes,"16,69"
14007,3,1,,,2025-03-03 18:56:42,Income,Cash,Computer Incomes,"13,15"
14008,1,7,,,2025-03-03 23:09:39,Income,Cash,Computer Incomes,"6,58"
14009,2,13,9.0,,2025-03-03 14:45:27,Income,Cash,Order Incomes,"6,58"
14010,1,13,,,2025-03-03 10:22:16,Income,Cash,Computer Incomes,"15,92"
14011,3,8,,,2025-03-03 16:16:00,Income,Cash,Computer Incomes,"14,41"
14012,4,3,,,2025-03-03 13:41:41,Income,Cash,Computer Incomes,"19,21"
14013,5,16,,,2025-03-03 09:36:56,Income,Cash,Computer Incomes,"20,22"
14014,1,1,,,2025-03-03 23:08:54,Income,Cash,Computer Incomes,"15,92"
14015,2,11,,,2025-03-03 20:44:16,Income,Cash,Computer Incomes,"11,37"
14016,2,7,,,2025-03-03 23:13:43,Income,Cash,Computer Incomes,"9,10"
14017,5,16,,,2025-03-03 13:20:14,Income,Credit Card,Computer Incomes,"8,59"
14018,4,3,,,2025-03-04 12:39:21,Income,Cash,Computer Incomes,"9,60"
14019,3,7,,8.0,2025-03-04 23:24:00,Income,Cash,Member Transactions,"12,68"
14020,3,12,,,2025-03-04 11:45:07,Income,Cash,Computer Incomes,"18,50"
14021,5,6,,,2025-03-04 23:46:43,Income,Cash,Computer Incomes,"14,05"
14022,1,2,28.0,,2025-03-04 21:11:22,Income,Cash,Order Incomes,"21,24"
14023,3,12,,,2025-03-04 12:58:05,Income,Cash,Computer Incomes,"18,16"
14024,2,1,,,2025-03-04 19:11:50,Income,Cash,Computer Incomes,"20,56"
14025,1,13,,,2025-03-04 10:12:11,Income,Cash,Computer Incomes,"8,57"
14026,1,9,,,2025-03-04 16:17:34,Income,Cash,Computer Incomes,"16,79"
14027,3,10,,,2025-03-04 16:29:53,Income,Credit Card,Computer Incomes,"20,22"
14028,1,4,24.0,,2025-03-04 11:49:15,Income,Cash,Order Incomes,"6,85"
14029,5,23,,,2025-03-04 09:21:46,Income,Cash,Playstation Incomes,"16,44"
14030,2,4,,,2025-03-04 14:43:44,Income,Cash,Computer Incomes,"23,29"
14031,3,9,,,2025-03-04 16:12:58,Income,Cash,Computer Incomes,"4,79"
14032,2,11,,,2025-03-04 12:49:38,Income,Cash,Computer Incomes,"21,92"
14033,5,10,34.0,,2025-03-04 14:54:29,Income,Credit Card,Order Incomes,"14,73"
14034,1,16,18.0,,2025-03-04 11:34:43,Income,Credit Card,Order Incomes,"5,48"
14035,5,7,14.0,,2025-03-04 23:48:09,Income,Cash,Order Incomes,"27,74"
14036,4,14,,,2025-03-04 23:50:20,Income,Cash,Computer Incomes,"17,47"
14037,3,24,,,2025-03-04 22:42:04,Income,Cash,Playstation Incomes,"28,77"
14038,3,14,,,2025-03-04 23:54:18,Income,Cash,Computer Incomes,"4,11"
14039,2,11,,,2025-03-04 17:13:09,Income,Cash,Computer Incomes,"16,44"
14040,5,8,3.0,,2025-03-04 21:24:27,Income,Cash,Order Incomes,"18,49"
14041,2,4,,,2025-03-04 16:55:00,Income,Credit Card,Computer Incomes,"20,55"
14042,5,23,,,2025-03-05 20:46:26,Income,Cash,Playstation Incomes,"8,99"
14043,2,16,,,2025-03-05 16:27:50,Income,Cash,Computer Incomes,"18,18"
14044,3,11,29.0,,2025-03-05 20:41:15,Income,Cash,Order Incomes,"11,08"
14045,5,9,,,2025-03-05 21:30:18,Income,Credit Card,Computer Incomes,"15,88"
14046,2,8,,,2025-03-05 14:42:16,Income,Cash,Computer Incomes,"16,09"
14047,4,24,,,2025-03-05 21:57:12,Income,Cash,Playstation Incomes,"8,57"
14048,3,2,,24.0,2025-03-05 09:26:20,Income,Cash,Member Transactions,"5,23"
14049,4,23,,,2025-03-05 11:30:45,Income,Cash,Playstation Incomes,"8,78"
14050,4,9,,,2025-03-05 17:25:46,Income,Cash,Computer Incomes,"2,51"
14051,3,24,,,2025-03-05 11:41:40,Income,Cash,Playstation Incomes,"7,11"
14052,4,16,,56.0,2025-03-05 16:35:10,Income,Cash,Member Transactions,"8,36"
14053,1,12,,10.0,2025-03-05 19:40:22,Income,Cash,Member Transactions,"3,35"
14054,1,23,,,2025-03-05 19:04:50,Income,Cash,Playstation Incomes,"6,05"
14055,1,2,,,2025-03-05 21:05:46,Income,Cash,Computer Incomes,"3,34"
14056,2,5,,,2025-03-05 11:06:06,Income,Cash,Computer Incomes,"12,74"
14057,3,11,,,2025-03-05 09:44:43,Income,Cash,Computer Incomes,"12,11"
14058,4,11,,,2025-03-05 14:45:17,Income,Cash,Computer Incomes,"13,57"
14059,4,5,,,2025-03-05 14:24:15,Income,Cash,Computer Incomes,"6,26"
14060,3,24,,,2025-03-05 23:27:06,Income,Cash,Playstation Incomes,"11,28"
14061,5,23,,,2025-03-05 20:27:45,Income,Cash,Playstation Incomes,"6,47"
14062,4,7,,,2025-03-05 11:15:51,Income,Cash,Computer Incomes,"9,60"
14063,4,2,,,2025-03-05 10:52:42,Income,Credit Card,Computer Incomes,"12,53"
14064,2,13,,33.0,2025-03-05 14:12:44,Income,Cash,Member Transactions,"15,66"
14065,4,9,,,2025-03-06 20:57:30,Income,Cash,Computer Incomes,"23,41"
14066,1,5,,,2025-03-06 11:52:14,Income,Cash,Computer Incomes,"4,74"
14067,2,7,,,2025-03-06 21:58:04,Income,Cash,Computer Incomes,"25,78"
14068,3,3,,,2025-03-06 21:26:28,Income,Credit Card,Computer Incomes,"21,05"
14069,3,7,,,2025-03-06 17:23:49,Income,Cash,Computer Incomes,"25,25"
14070,3,6,,,2025-03-06 10:19:21,Income,Cash,Computer Incomes,"9,21"
14071,1,5,,,2025-03-06 15:54:55,Income,Cash,Computer Incomes,"26,04"
14072,5,24,,,2025-03-06 18:13:42,Income,Cash,Playstation Incomes,"21,31"
14073,5,7,,,2025-03-06 12:32:23,Income,Cash,Computer Incomes,"10,53"
14074,5,12,,,2025-03-06 15:46:09,Income,Cash,Computer Incomes,"19,73"
14075,3,23,,,2025-03-06 21:24:33,Income,Cash,Playstation Incomes,"12,10"
14076,2,7,35.0,,2025-03-06 11:35:28,Income,Cash,Order Incomes,"9,47"
14077,3,2,,,2025-03-06 15:48:04,Income,Cash,Computer Incomes,"18,42"
14078,3,7,5.0,,2025-03-06 11:40:10,Income,Cash,Order Incomes,"9,46"
14079,5,4,39.0,,2025-03-06 12:24:04,Income,Cash,Order Incomes,"7,89"
14080,3,14,,,2025-03-06 17:57:32,Income,Credit Card,Computer Incomes,"20,51"
14081,4,5,,,2025-03-06 12:24:55,Income,Cash,Computer Incomes,"10,52"
14082,5,7,31.0,,2025-03-06 17:56:36,Income,Cash,Order Incomes,"18,14"
14083,2,5,,,2025-03-06 21:37:09,Income,Cash,Computer Incomes,"22,35"
14084,4,24,,,2025-03-06 23:41:18,Income,Cash,Playstation Incomes,"26,03"
14085,2,5,,,2025-03-06 13:21:09,Income,Cash,Computer Incomes,"4,47"
14086,5,16,,,2025-03-06 11:03:07,Income,Cash,Computer Incomes,"5,26"
14087,4,6,12.0,,2025-03-06 15:29:50,Income,Cash,Order Incomes,"24,19"
14088,2,2,,,2025-03-06 18:09:13,Income,Cash,Computer Incomes,"4,73"
14089,5,10,44.0,,2025-03-07 12:24:08,Income,Cash,Order Incomes,"6,86"
14090,5,16,,,2025-03-07 22:16:09,Income,Cash,Computer Incomes,"26,23"
14091,5,1,45.0,,2025-03-07 11:57:22,Income,Credit Card,Order Incomes,"31,07"
14092,2,16,,,2025-03-07 10:11:12,Income,Cash,Computer Incomes,"22,20"
14093,5,7,,,2025-03-07 17:29:46,Income,Cash,Computer Incomes,"14,13"
14094,1,23,,,2025-03-07 17:46:14,Income,Cash,Playstation Incomes,"8,07"
14095,1,2,5.0,,2025-03-07 16:51:10,Income,Credit Card,Order Incomes,"8,48"
14096,1,10,,,2025-03-07 13:26:36,Income,Cash,Computer Incomes,"4,04"
14097,4,24,,,2025-03-07 19:47:01,Income,Cash,Playstation Incomes,"8,48"
14098,2,23,,,2025-03-07 09:58:39,Income,Cash,Playstation Incomes,"17,36"
14099,2,10,,29.0,2025-03-07 22:06:15,Income,Cash,Member Transactions,"11,71"
14100,3,15,1.0,,2025-03-07 17:09:58,Income,Cash,Order Incomes,"22,60"
14101,2,14,,21.0,2025-03-07 17:38:57,Income,Cash,Member Transactions,"23,41"
14102,5,24,,,2025-03-07 09:14:48,Income,Credit Card,Playstation Incomes,"16,95"
14103,3,3,,,2025-03-07 10:33:03,Income,Cash,Computer Incomes,"20,18"
14104,3,3,,,2025-03-07 15:24:23,Income,Cash,Computer Incomes,"9,68"
14105,1,12,43.0,,2025-03-07 17:02:05,Income,Cash,Order Incomes,"6,05"
14106,1,8,31.0,,2025-03-07 23:27:26,Income,Cash,Order Incomes,"18,15"
14107,3,3,,,2025-03-07 19:42:31,Income,Cash,Computer Incomes,"36,71"
14108,1,7,,,2025-03-07 18:25:49,Income,Cash,Computer Incomes,"35,10"
14109,3,15,42.0,,2025-03-07 10:55:17,Income,Cash,Order Incomes,"14,52"
14110,2,11,,,2025-03-07 09:49:40,Income,Cash,Computer Incomes,"21,78"
14111,3,23,,,2025-03-07 16:49:06,Income,Cash,Playstation Incomes,"13,31"
14112,4,24,,,2025-03-07 18:41:56,Income,Cash,Playstation Incomes,"5,24"
14113,5,23,,,2025-03-07 21:00:43,Income,Cash,Playstation Incomes,"29,45"
14114,1,24,,,2025-03-07 13:59:55,Income,Cash,Playstation Incomes,"27,84"
14115,4,6,,,2025-03-07 11:08:29,Income,Cash,Computer Incomes,"4,43"
14116,2,1,,,2025-03-07 13:44:44,Income,Cash,Computer Incomes,"22,59"
14117,3,4,,,2025-03-08 21:29:49,Income,Cash,Computer Incomes,"9,62"
14118,2,10,,20.0,2025-03-08 16:00:58,Income,Cash,Member Transactions,"27,96"
14119,2,23,,,2025-03-08 21:23:55,Income,Cash,Playstation Incomes,"11,43"
14120,2,3,,,2025-03-08 20:15:46,Income,Credit Card,Computer Incomes,"3,91"
14121,3,2,,,2025-03-08 23:47:06,Income,Cash,Computer Incomes,"4,51"
14122,1,1,,,2025-03-08 15:17:38,Income,Credit Card,Computer Incomes,"7,52"
14123,3,2,,,2025-03-08 13:11:49,Income,Cash,Computer Incomes,"23,75"
14124,4,15,,,2025-03-08 21:13:11,Income,Cash,Computer Incomes,"21,05"
14125,1,13,,,2025-03-08 13:01:40,Income,Cash,Computer Incomes,"12,33"
14126,4,5,,,2025-03-08 13:50:13,Income,Cash,Computer Incomes,"23,45"
14127,2,1,,,2025-03-08 10:22:15,Income,Cash,Computer Incomes,"4,21"
14128,5,7,,,2025-03-08 14:00:44,Income,Cash,Computer Incomes,"23,45"
14129,2,24,,,2025-03-08 23:32:26,Income,Cash,Playstation Incomes,"15,94"
14130,5,13,,,2025-03-08 22:22:49,Income,Cash,Computer Incomes,"3,01"
14131,1,23,,,2025-03-08 21:46:17,Income,Cash,Playstation Incomes,"4,81"
14132,1,24,,,2025-03-08 17:37:37,Income,Cash,Playstation Incomes,"13,53"
14133,1,1,,,2025-03-08 14:18:31,Income,Cash,Computer Incomes,"16,84"
14134,5,5,,,2025-03-08 13:07:01,Income,Cash,Computer Incomes,"20,44"
14135,5,9,8.0,,2025-03-08 21:38:01,Income,Cash,Order Incomes,"12,32"
14136,4,2,,,2025-03-08 14:37:33,Income,Cash,Computer Incomes,"11,72"
14137,2,11,,,2025-03-08 23:27:44,Income,Credit Card,Computer Incomes,"22,84"
14138,2,10,,,2025-03-08 12:41:18,Income,Cash,Computer Incomes,"5,71"
14139,4,2,,,2025-03-08 20:41:18,Income,Cash,Computer Incomes,"6,31"
14140,1,23,,,2025-03-08 18:25:32,Income,Cash,Playstation Incomes,"12,62"
14141,4,24,,,2025-03-08 15:06:57,Income,Cash,Playstation Incomes,"17,43"
14142,1,23,,,2025-03-08 11:03:15,Income,Cash,Playstation Incomes,"20,43"
14143,5,24,,,2025-03-08 18:22:22,Income,Cash,Playstation Incomes,"9,31"
14144,4,7,,,2025-03-08 20:22:55,Income,Credit Card,Computer Incomes,"24,34"
14145,3,6,,,2025-03-08 12:25:50,Income,Cash,Computer Incomes,"28,55"
14146,3,23,,,2025-03-08 22:18:07,Income,Credit Card,Playstation Incomes,"12,62"
14147,1,2,,,2025-03-08 14:27:36,Income,Cash,Computer Incomes,"24,64"
14148,4,9,,,2025-03-08 23:21:45,Income,Cash,Computer Incomes,"4,20"
14149,2,12,,,2025-03-08 14:59:38,Income,Cash,Computer Incomes,"21,94"
14150,2,2,,,2025-03-08 15:56:00,Income,Cash,Computer Incomes,"22,84"
14151,2,14,,,2025-03-08 14:23:58,Income,Cash,Computer Incomes,"15,93"
14152,1,14,,,2025-03-08 12:45:03,Income,Cash,Computer Incomes,"21,64"
14153,1,8,,,2025-03-08 13:25:55,Income,Cash,Computer Incomes,"13,22"
14154,5,24,,,2025-03-08 12:20:22,Income,Cash,Playstation Incomes,"19,83"
14155,2,23,,,2025-03-08 16:28:58,Income,Cash,Playstation Incomes,"12,32"
14156,1,5,,,2025-03-09 21:04:05,Income,Cash,Computer Incomes,"3,25"
14157,1,24,,,2025-03-09 09:04:01,Income,Cash,Playstation Incomes,"13,45"
14158,5,5,30.0,,2025-03-09 21:52:02,Income,Credit Card,Order Incomes,"2,32"
14159,3,12,,,2025-03-09 10:09:55,Income,Cash,Computer Incomes,"10,51"
14160,3,1,22.0,,2025-03-09 14:47:23,Income,Cash,Order Incomes,"6,80"
14161,1,23,,,2025-03-09 20:34:18,Income,Credit Card,Playstation Incomes,"8,97"
14162,2,10,21.0,,2025-03-09 19:51:36,Income,Credit Card,Order Incomes,"4,33"
14163,3,15,,,2025-03-09 22:49:55,Income,Cash,Computer Incomes,"1,86"
14164,4,8,48.0,,2025-03-09 09:28:15,Income,Cash,Order Incomes,"13,76"
14165,5,9,,,2025-03-09 22:22:09,Income,Cash,Computer Incomes,"10,98"
14166,5,4,36.0,,2025-03-09 14:50:50,Income,Cash,Order Incomes,"9,28"
14167,5,13,,,2025-03-09 17:07:10,Income,Cash,Computer Incomes,"10,82"
14168,5,9,,,2025-03-09 23:10:52,Income,Cash,Computer Incomes,"9,89"
14169,1,15,,,2025-03-09 20:10:47,Income,Cash,Computer Incomes,"15,14"
14170,1,13,,,2025-03-09 21:32:22,Income,Cash,Computer Incomes,"5,40"
14171,1,15,43.0,,2025-03-09 12:55:39,Income,Cash,Order Incomes,"13,44"
14172,3,6,,,2025-03-09 22:28:29,Income,Cash,Computer Incomes,"10,50"
14173,1,24,,,2025-03-09 14:31:11,Income,Credit Card,Playstation Incomes,"12,51"
14174,1,23,,,2025-03-09 09:16:46,Income,Cash,Playstation Incomes,"11,59"
14175,3,13,17.0,,2025-03-09 10:57:52,Income,Cash,Order Incomes,"14,37"
14176,4,8,,,2025-03-09 17:35:04,Income,Credit Card,Computer Incomes,"12,82"
14177,1,14,,,2025-03-10 21:06:36,Income,Cash,Computer Incomes,"15,32"
14178,4,9,,,2025-03-10 09:04:15,Income,Credit Card,Computer Incomes,"9,00"
14179,1,14,,,2025-03-10 12:13:57,Income,Cash,Computer Incomes,"17,43"
14180,4,14,,,2025-03-10 15:27:43,Income,Cash,Computer Incomes,"18,58"
14181,5,2,,,2025-03-10 11:10:07,Income,Cash,Computer Incomes,"14,37"
14182,3,15,,64.0,2025-03-10 12:45:32,Income,Credit Card,Member Transactions,"13,41"
14183,4,15,,,2025-03-10 13:30:14,Income,Cash,Computer Incomes,"13,03"
14184,2,14,,,2025-03-10 16:05:55,Income,Cash,Computer Incomes,"3,45"
14185,5,10,9.0,,2025-03-10 11:05:15,Income,Cash,Order Incomes,"8,43"
14186,3,16,,56.0,2025-03-10 13:45:59,Income,Cash,Member Transactions,"8,05"
14187,4,3,,,2025-03-10 19:52:27,Income,Cash,Computer Incomes,"17,99"
14188,1,13,,2.0,2025-03-10 10:56:51,Income,Credit Card,Member Transactions,"17,04"
14189,5,3,45.0,,2025-03-10 09:05:52,Income,Cash,Order Incomes,"2,68"
14190,5,2,,,2025-03-10 21:28:29,Income,Cash,Computer Incomes,"18,19"
14191,2,24,,,2025-03-10 23:27:26,Income,Credit Card,Playstation Incomes,"11,87"
14192,1,9,,,2025-03-10 12:15:44,Income,Cash,Computer Incomes,"2,10"
14193,1,23,,,2025-03-10 12:11:21,Income,Cash,Playstation Incomes,"6,70"
14194,5,4,,,2025-03-10 14:37:17,Income,Cash,Computer Incomes,"8,23"
14195,3,14,,,2025-03-10 21:49:02,Income,Cash,Computer Incomes,"15,31"
14196,4,24,,,2025-03-10 22:22:04,Income,Cash,Playstation Incomes,"7,08"
14197,5,11,,,2025-03-10 20:36:14,Income,Cash,Computer Incomes,"15,50"
14198,1,23,,,2025-03-10 10:54:03,Income,Cash,Playstation Incomes,"17,61"
14199,5,24,,,2025-03-10 10:31:54,Income,Credit Card,Playstation Incomes,"16,65"
14200,2,8,,,2025-03-11 16:57:02,Income,Cash,Computer Incomes,"7,38"
14201,5,8,,,2025-03-11 09:41:22,Income,Cash,Computer Incomes,"5,02"
14202,2,1,,44.0,2025-03-11 16:34:47,Income,Cash,Member Transactions,"5,81"
14203,4,23,,,2025-03-11 21:42:55,Income,Cash,Playstation Incomes,"12,87"
14204,2,24,,,2025-03-11 18:19:42,Income,Cash,Playstation Incomes,"11,14"
14205,1,5,,,2025-03-11 11:05:52,Income,Credit Card,Computer Incomes,"10,51"
14206,3,23,,,2025-03-11 13:08:38,Income,Cash,Playstation Incomes,"4,55"
14207,5,24,,,2025-03-11 17:08:17,Income,Cash,Playstation Incomes,"11,30"
14208,1,10,,,2025-03-11 22:31:24,Income,Cash,Computer Incomes,"11,45"
14209,1,6,,12.0,2025-03-11 15:46:11,Income,Cash,Member Transactions,"14,74"
14210,5,10,,,2025-03-11 22:57:24,Income,Cash,Computer Incomes,"12,86"
14211,5,3,,,2025-03-11 10:52:49,Income,Cash,Computer Incomes,"1,88"
14212,1,23,,,2025-03-11 20:45:17,Income,Cash,Playstation Incomes,"3,29"
14213,3,12,,,2025-03-11 20:43:21,Income,Cash,Computer Incomes,"2,19"
14214,4,4,34.0,,2025-03-11 15:15:24,Income,Cash,Order Incomes,"8,94"
14215,4,24,,,2025-03-11 11:04:15,Income,Cash,Playstation Incomes,"12,23"
14216,3,3,,,2025-03-11 10:25:45,Income,Credit Card,Computer Incomes,"12,07"
14217,3,13,,,2025-03-11 22:34:31,Income,Cash,Computer Incomes,"3,13"
14218,4,14,,,2025-03-11 17:39:53,Income,Cash,Computer Incomes,"1,72"
14219,3,23,,,2025-03-12 20:54:34,Income,Cash,Playstation Incomes,"41,68"
14220,4,6,,,2025-03-12 10:48:30,Income,Cash,Computer Incomes,"54,74"
14221,1,4,24.0,,2025-03-12 19:03:14,Income,Cash,Order Incomes,"37,95"
14222,4,7,,,2025-03-12 23:46:48,Income,Cash,Computer Incomes,"49,14"
14223,3,24,,,2025-03-12 20:46:43,Income,Cash,Playstation Incomes,"8,71"
14224,1,13,,42.0,2025-03-12 13:01:13,Income,Cash,Member Transactions,"36,70"
14225,1,23,,,2025-03-12 16:33:36,Income,Cash,Playstation Incomes,"31,73"
14226,4,24,,,2025-03-12 17:11:46,Income,Cash,Playstation Incomes,"14,93"
14227,2,13,,,2025-03-12 11:56:19,Income,Cash,Computer Incomes,"6,23"
14228,3,23,,,2025-03-12 20:41:26,Income,Cash,Playstation Incomes,"13,68"
14229,1,10,23.0,,2025-03-12 09:50:12,Income,Cash,Order Incomes,"11,19"
14230,3,9,35.0,,2025-03-12 20:56:05,Income,Cash,Order Incomes,"20,52"
14231,1,3,14.0,,2025-03-12 12:20:22,Income,Cash,Order Incomes,"14,92"
14232,3,2,22.0,,2025-03-12 19:36:58,Income,Cash,Order Incomes,"40,43"
14233,3,8,,,2025-03-12 19:13:49,Income,Cash,Computer Incomes,"16,79"
14234,5,24,,,2025-03-13 10:30:09,Income,Cash,Playstation Incomes,"10,99"
14235,4,16,,,2025-03-13 23:02:16,Income,Cash,Computer Incomes,"6,66"
14236,3,9,3.0,,2025-03-13 19:47:04,Income,Cash,Order Incomes,"10,99"
14237,2,23,,,2025-03-13 10:27:53,Income,Cash,Playstation Incomes,"26,97"
14238,4,14,36.0,,2025-03-13 15:31:46,Income,Cash,Order Incomes,"27,64"
14239,2,7,21.0,,2025-03-13 11:32:43,Income,Cash,Order Incomes,"30,30"
14240,4,24,,,2025-03-13 10:20:46,Income,Cash,Playstation Incomes,"4,33"
14241,1,10,,43.0,2025-03-13 21:39:49,Income,Cash,Member Transactions,"10,99"
14242,1,2,,5.0,2025-03-13 17:14:10,Income,Cash,Member Transactions,"32,30"
14243,5,12,,19.0,2025-03-13 22:39:12,Income,Credit Card,Member Transactions,"21,97"
14244,1,6,,,2025-03-13 17:14:09,Income,Cash,Computer Incomes,"8,32"
14245,4,23,,,2025-03-13 23:06:03,Income,Cash,Playstation Incomes,"16,31"
14246,1,24,,,2025-03-13 13:44:16,Income,Cash,Playstation Incomes,"26,63"
14247,3,23,,,2025-03-13 21:57:39,Income,Cash,Playstation Incomes,"18,64"
14248,5,8,,,2025-03-13 10:44:44,Income,Credit Card,Computer Incomes,"25,96"
14249,4,8,,,2025-03-13 23:57:00,Income,Credit Card,Computer Incomes,"14,64"
14250,5,12,,,2025-03-14 18:56:24,Income,Credit Card,Computer Incomes,"33,41"
14251,3,2,,,2025-03-14 16:15:53,Income,Cash,Computer Incomes,"5,88"
14252,3,12,,,2025-03-14 21:26:02,Income,Cash,Computer Incomes,"7,35"
14253,4,11,,,2025-03-14 16:56:24,Income,Cash,Computer Incomes,"8,08"
14254,3,8,,,2025-03-14 23:57:36,Income,Cash,Computer Incomes,"5,88"
14255,2,2,,,2025-03-14 18:56:34,Income,Cash,Computer Incomes,"23,50"
14256,5,2,,,2025-03-14 15:46:52,Income,Credit Card,Computer Incomes,"27,54"
14257,5,10,,,2025-03-14 18:08:18,Income,Cash,Computer Incomes,"25,34"
14258,5,5,,,2025-03-14 09:30:08,Income,Cash,Computer Incomes,"30,48"
14259,1,4,,,2025-03-14 22:53:40,Income,Cash,Computer Incomes,"23,50"
14260,1,16,,61.0,2025-03-14 23:16:49,Income,Cash,Member Transactions,"30,84"
14261,3,5,,,2025-03-14 15:45:15,Income,Cash,Computer Incomes,"5,14"
14262,4,13,,,2025-03-14 12:16:09,Income,Cash,Computer Incomes,"5,51"
14263,2,3,,,2025-03-14 18:43:09,Income,Cash,Computer Incomes,"27,91"
14264,4,9,,,2025-03-14 19:51:28,Income,Cash,Computer Incomes,"36,72"
14265,4,14,,,2025-03-14 23:22:24,Income,Cash,Computer Incomes,"7,70"
14266,4,24,,,2025-03-14 10:36:34,Income,Credit Card,Playstation Incomes,"35,97"
14267,2,7,36.0,,2025-03-14 18:53:52,Income,Cash,Order Incomes,"29,37"
14268,3,3,,,2025-03-14 14:59:30,Income,Cash,Computer Incomes,"13,21"
14269,3,9,,,2025-03-14 11:13:30,Income,Cash,Computer Incomes,"17,62"
14270,3,6,,,2025-03-14 11:36:41,Income,Cash,Computer Incomes,"11,74"
14271,3,14,,,2025-03-14 16:03:07,Income,Cash,Computer Incomes,"26,80"
14272,2,11,,,2025-03-14 20:39:05,Income,Cash,Computer Incomes,"19,82"
14273,2,23,,,2025-03-14 09:05:46,Income,Credit Card,Playstation Incomes,"7,34"
14274,2,5,,,2025-03-14 09:15:37,Income,Cash,Computer Incomes,"20,55"
14275,4,9,24.0,,2025-03-14 19:01:27,Income,Cash,Order Incomes,"27,90"
14276,3,3,,,2025-03-14 19:05:19,Income,Cash,Computer Incomes,"14,31"
14277,1,3,18.0,,2025-03-14 18:20:45,Income,Cash,Order Incomes,"22,76"
14278,1,24,,,2025-03-15 20:48:18,Income,Cash,Playstation Incomes,"26,77"
14279,2,11,,,2025-03-15 21:46:32,Income,Credit Card,Computer Incomes,"23,60"
14280,2,2,,,2025-03-15 22:06:26,Income,Cash,Computer Incomes,"12,96"
14281,4,23,,,2025-03-15 22:06:55,Income,Cash,Playstation Incomes,"19,86"
14282,5,7,,,2025-03-15 20:24:40,Income,Cash,Computer Incomes,"8,64"
14283,3,11,,2.0,2025-03-15 17:48:52,Income,Cash,Member Transactions,"4,90"
14284,1,24,,,2025-03-15 20:30:04,Income,Cash,Playstation Incomes,"15,83"
14285,5,5,,,2025-03-15 21:53:13,Income,Cash,Computer Incomes,"25,91"
14286,2,8,,,2025-03-15 09:47:33,Income,Cash,Computer Incomes,"13,53"
14287,5,23,,,2025-03-15 12:06:15,Income,Cash,Playstation Incomes,"12,96"
14288,3,24,,,2025-03-15 10:19:04,Income,Cash,Playstation Incomes,"11,52"
14289,2,23,,,2025-03-15 13:26:54,Income,Cash,Playstation Incomes,"8,35"
14290,1,4,,,2025-03-15 22:40:01,Income,Credit Card,Computer Incomes,"3,46"
14291,5,15,4.0,,2025-03-15 19:38:50,Income,Cash,Order Incomes,"25,62"
14292,3,7,3.0,,2025-03-15 21:54:40,Income,Cash,Order Incomes,"10,37"
14293,3,24,,,2025-03-15 13:29:12,Income,Cash,Playstation Incomes,"19,86"
14294,1,11,,41.0,2025-03-15 10:45:52,Income,Cash,Member Transactions,"4,60"
14295,5,8,,,2025-03-15 10:44:15,Income,Cash,Computer Incomes,"16,69"
14296,4,3,,,2025-03-15 12:57:35,Income,Cash,Computer Incomes,"7,77"
14297,1,12,,,2025-03-15 17:27:42,Income,Cash,Computer Incomes,"17,55"
14298,2,8,,,2025-03-15 18:10:21,Income,Cash,Computer Incomes,"5,18"
14299,1,16,,,2025-03-15 19:26:40,Income,Cash,Computer Incomes,"12,37"
14300,5,23,,,2025-03-15 19:05:13,Income,Cash,Playstation Incomes,"23,59"
14301,2,24,,,2025-03-15 11:35:13,Income,Cash,Playstation Incomes,"20,43"
14302,1,15,,,2025-03-15 17:58:39,Income,Cash,Computer Incomes,"8,05"
14303,3,16,2.0,,2025-03-15 17:17:30,Income,Credit Card,Order Incomes,"2,87"
14304,3,13,,,2025-03-15 18:51:57,Income,Cash,Computer Incomes,"18,99"
14305,5,11,,,2025-03-15 11:46:34,Income,Credit Card,Computer Incomes,"22,44"
14306,5,23,,,2025-03-15 20:46:34,Income,Cash,Playstation Incomes,"21,29"
14307,4,14,,43.0,2025-03-15 19:34:04,Income,Cash,Member Transactions,"5,46"
14308,4,7,,61.0,2025-03-15 14:05:08,Income,Cash,Member Transactions,"20,43"
14309,2,1,,,2025-03-15 14:47:10,Income,Cash,Computer Incomes,"9,20"
14310,3,8,,,2025-03-15 14:07:58,Income,Cash,Computer Incomes,"25,61"
14311,3,16,,,2025-03-15 15:28:02,Income,Credit Card,Computer Incomes,"6,04"
14312,3,24,,,2025-03-15 23:53:31,Income,Cash,Playstation Incomes,"27,91"
14313,3,11,28.0,,2025-03-16 19:28:59,Income,Cash,Order Incomes,"33,17"
14314,2,14,28.0,,2025-03-16 21:06:53,Income,Cash,Order Incomes,"8,21"
14315,1,14,,,2025-03-16 14:53:27,Income,Cash,Computer Incomes,"7,87"
14316,5,14,,,2025-03-16 16:12:31,Income,Cash,Computer Incomes,"7,19"
14317,4,1,,,2025-03-16 16:13:27,Income,Cash,Computer Incomes,"18,81"
14318,4,7,,,2025-03-16 11:38:10,Income,Cash,Computer Incomes,"15,05"
14319,1,9,,,2025-03-16 19:50:33,Income,Cash,Computer Incomes,"33,86"
14320,3,15,19.0,,2025-03-16 23:18:00,Income,Cash,Order Incomes,"14,71"
14321,3,6,,,2025-03-16 20:46:23,Income,Credit Card,Computer Incomes,"33,50"
14322,5,11,,,2025-03-16 16:23:45,Income,Cash,Computer Incomes,"27,69"
14323,1,13,,,2025-03-16 22:24:34,Income,Cash,Computer Incomes,"26,32"
14324,2,12,,,2025-03-16 13:14:18,Income,Cash,Computer Incomes,"8,89"
14325,2,10,,,2025-03-16 15:38:05,Income,Cash,Computer Incomes,"21,19"
14326,4,8,,,2025-03-16 23:24:09,Income,Cash,Computer Incomes,"14,70"
14327,3,5,,,2025-03-16 17:27:03,Income,Cash,Computer Incomes,"17,09"
14328,2,3,,,2025-03-16 19:18:55,Income,Cash,Computer Incomes,"9,57"
14329,1,23,,,2025-03-17 19:28:39,Income,Cash,Playstation Incomes,"7,21"
14330,3,2,47.0,,2025-03-17 16:54:46,Income,Cash,Order Incomes,"13,22"
14331,1,24,,,2025-03-17 19:08:27,Income,Cash,Playstation Incomes,"11,12"
14332,5,7,,64.0,2025-03-17 17:09:15,Income,Cash,Member Transactions,"21,03"
14333,1,2,,,2025-03-17 21:54:35,Income,Cash,Computer Incomes,"29,14"
14334,3,2,,54.0,2025-03-17 15:17:39,Income,Cash,Member Transactions,"22,53"
14335,1,8,11.0,,2025-03-17 10:46:21,Income,Credit Card,Order Incomes,"13,22"
14336,2,11,,,2025-03-17 09:45:34,Income,Cash,Computer Incomes,"6,61"
14337,4,6,8.0,,2025-03-17 11:57:28,Income,Cash,Order Incomes,"9,32"
14338,1,23,,,2025-03-17 17:45:06,Income,Cash,Playstation Incomes,"18,93"
14339,5,2,,10.0,2025-03-17 12:25:44,Income,Cash,Member Transactions,"14,72"
14340,3,15,,34.0,2025-03-17 12:52:33,Income,Cash,Member Transactions,"5,11"
14341,5,8,,,2025-03-17 17:35:12,Income,Cash,Computer Incomes,"22,83"
14342,2,10,,,2025-03-17 15:15:54,Income,Cash,Computer Incomes,"29,43"
14343,4,24,,,2025-03-17 15:22:30,Income,Cash,Playstation Incomes,"12,31"
14344,1,23,,,2025-03-17 20:12:09,Income,Credit Card,Playstation Incomes,"16,22"
14345,2,11,,,2025-03-17 09:11:18,Income,Cash,Computer Incomes,"15,61"
14346,1,15,,,2025-03-17 09:25:53,Income,Cash,Computer Incomes,"19,22"
14347,3,6,16.0,,2025-03-17 10:53:11,Income,Cash,Order Incomes,"11,11"
14348,1,9,,,2025-03-17 13:39:26,Income,Cash,Computer Incomes,"12,01"
14349,2,3,,,2025-03-17 21:02:16,Income,Cash,Computer Incomes,"3,30"
14350,1,1,,,2025-03-18 22:28:29,Income,Cash,Computer Incomes,"37,20"
14351,3,24,,,2025-03-18 16:08:35,Income,Cash,Playstation Incomes,"30,51"
14352,5,23,,,2025-03-18 17:31:19,Income,Cash,Playstation Incomes,"13,77"
14353,1,12,,,2025-03-18 12:10:36,Income,Cash,Computer Incomes,"26,41"
14354,3,16,,,2025-03-18 10:05:34,Income,Cash,Computer Incomes,"10,42"
14355,2,4,,,2025-03-18 18:50:58,Income,Cash,Computer Incomes,"13,40"
14356,1,24,,,2025-03-18 20:15:25,Income,Cash,Playstation Incomes,"6,70"
14357,5,7,5.0,,2025-03-18 21:35:33,Income,Cash,Order Incomes,"28,65"
14358,2,5,,,2025-03-18 09:40:12,Income,Cash,Computer Incomes,"31,61"
14359,1,2,,,2025-03-18 11:06:17,Income,Cash,Computer Incomes,"36,07"
14360,2,9,4.0,,2025-03-18 19:32:22,Income,Cash,Order Incomes,"29,01"
14361,1,5,,,2025-03-18 14:11:03,Income,Cash,Computer Incomes,"7,06"
14362,5,13,,,2025-03-18 16:35:28,Income,Cash,Computer Incomes,"7,81"
14363,1,4,,,2025-03-18 15:18:27,Income,Cash,Computer Incomes,"30,12"
14364,1,7,,,2025-03-18 16:24:40,Income,Cash,Computer Incomes,"33,10"
14365,5,12,,,2025-03-18 14:51:31,Income,Cash,Computer Incomes,"7,43"
14366,3,3,8.0,,2025-03-18 18:15:32,Income,Cash,Order Incomes,"4,46"
14367,1,5,,,2025-03-19 21:23:26,Income,Cash,Computer Incomes,"8,90"
14368,5,7,4.0,,2025-03-19 21:55:54,Income,Cash,Order Incomes,"26,30"
14369,3,7,,,2025-03-19 15:36:35,Income,Cash,Computer Incomes,"24,75"
14370,4,5,,,2025-03-19 13:30:20,Income,Cash,Computer Incomes,"12,77"
14371,4,6,,,2025-03-19 16:59:32,Income,Cash,Computer Incomes,"14,31"
14372,2,13,,,2025-03-19 09:10:20,Income,Cash,Computer Incomes,"27,46"
14373,4,2,,,2025-03-19 13:56:32,Income,Cash,Computer Incomes,"36,34"
14374,5,13,,,2025-03-19 20:50:06,Income,Credit Card,Computer Incomes,"19,72"
14375,5,2,,,2025-03-19 13:50:21,Income,Cash,Computer Incomes,"22,81"
14376,3,11,,,2025-03-19 21:38:57,Income,Cash,Computer Incomes,"6,96"
14377,4,4,,2.0,2025-03-19 14:38:51,Income,Cash,Member Transactions,"21,65"
14378,5,1,,,2025-03-19 12:01:29,Income,Cash,Computer Incomes,"12,76"
14379,5,2,,,2025-03-19 13:04:20,Income,Cash,Computer Incomes,"23,20"
14380,5,4,,,2025-03-19 10:24:31,Income,Credit Card,Computer Incomes,"21,26"
14381,1,9,,,2025-03-19 14:08:20,Income,Cash,Computer Incomes,"19,72"
14382,5,5,,,2025-03-19 19:35:24,Income,Cash,Computer Incomes,"36,34"
14383,2,2,,,2025-03-19 12:34:56,Income,Cash,Computer Incomes,"21,65"
14384,3,1,,,2025-03-19 15:03:12,Income,Cash,Computer Incomes,"12,76"
14385,5,15,,,2025-03-20 23:31:40,Income,Cash,Computer Incomes,"3,19"
14386,2,8,,,2025-03-20 22:38:03,Income,Cash,Computer Incomes,"4,47"
14387,4,6,23.0,,2025-03-20 17:08:46,Income,Cash,Order Incomes,"4,47"
14388,4,23,,,2025-03-20 19:52:41,Income,Cash,Playstation Incomes,"15,30"
14389,4,24,,,2025-03-20 18:37:22,Income,Cash,Playstation Incomes,"29,32"
14390,3,14,,,2025-03-20 14:42:55,Income,Cash,Computer Incomes,"12,43"
14391,3,23,,,2025-03-20 09:30:42,Income,Cash,Playstation Incomes,"3,19"
14392,5,16,16.0,,2025-03-20 12:53:10,Income,Credit Card,Order Incomes,"22,63"
14393,5,16,,59.0,2025-03-20 10:21:47,Income,Cash,Member Transactions,"14,66"
14394,4,4,,,2025-03-20 13:56:19,Income,Credit Card,Computer Incomes,"29,00"
14395,2,2,,,2025-03-20 19:58:30,Income,Cash,Computer Incomes,"28,04"
14396,3,24,,,2025-03-20 16:19:22,Income,Cash,Playstation Incomes,"16,26"
14397,2,4,,5.0,2025-03-20 19:07:28,Income,Cash,Member Transactions,"21,03"
14398,5,8,,,2025-03-20 17:54:44,Income,Cash,Computer Incomes,"20,07"
14399,4,4,,,2025-03-20 09:47:16,Income,Cash,Computer Incomes,"14,01"
14400,4,6,,,2025-03-20 10:12:47,Income,Cash,Computer Incomes,"31,54"
14401,2,7,,,2025-03-20 19:20:30,Income,Cash,Computer Incomes,"9,24"
14402,2,3,,,2025-03-20 20:55:19,Income,Cash,Computer Incomes,"20,07"
14403,5,23,,,2025-03-20 15:29:47,Income,Credit Card,Playstation Incomes,"21,98"
14404,4,24,,,2025-03-20 23:53:59,Income,Cash,Playstation Incomes,"6,05"
14405,2,4,,,2025-03-20 15:44:57,Income,Credit Card,Computer Incomes,"12,42"
14406,2,3,,,2025-03-20 20:09:06,Income,Cash,Computer Incomes,"19,43"
14407,1,6,,,2025-03-20 20:12:18,Income,Cash,Computer Incomes,"24,21"
14408,2,2,,,2025-03-20 18:21:50,Income,Credit Card,Computer Incomes,"7,00"
14409,2,23,,,2025-03-21 23:14:08,Income,Cash,Playstation Incomes,"4,74"
14410,2,24,,,2025-03-21 18:33:57,Income,Credit Card,Playstation Incomes,"8,29"
14411,3,5,,,2025-03-21 20:54:53,Income,Cash,Computer Incomes,"16,57"
14412,2,7,,,2025-03-21 13:15:35,Income,Cash,Computer Incomes,"5,13"
14413,4,1,,,2025-03-21 15:27:20,Income,Cash,Computer Incomes,"27,22"
14414,3,9,28.0,,2025-03-21 12:36:26,Income,Cash,Order Incomes,"21,70"
14415,4,16,,,2025-03-21 19:57:28,Income,Cash,Computer Incomes,"24,07"
14416,2,16,,,2025-03-21 20:18:59,Income,Cash,Computer Incomes,"6,71"
14417,3,23,,,2025-03-21 13:15:23,Income,Cash,Playstation Incomes,"35,11"
14418,2,24,,,2025-03-21 13:07:59,Income,Cash,Playstation Incomes,"18,54"
14419,2,10,38.0,,2025-03-21 12:46:32,Income,Cash,Order Incomes,"38,26"
14420,1,15,,,2025-03-21 14:57:10,Income,Credit Card,Computer Incomes,"23,28"
14421,5,23,,,2025-03-21 14:03:13,Income,Cash,Playstation Incomes,"14,99"
14422,3,8,,,2025-03-21 11:42:11,Income,Cash,Computer Incomes,"16,57"
14423,4,15,,,2025-03-21 12:47:27,Income,Credit Card,Computer Incomes,"34,32"
14424,4,14,,,2025-03-21 15:06:04,Income,Credit Card,Computer Incomes,"14,59"
14425,4,24,,,2025-03-21 11:15:08,Income,Credit Card,Playstation Incomes,"32,34"
14426,2,11,,,2025-03-21 13:52:06,Income,Cash,Computer Incomes,"22,08"
14427,3,11,,,2025-03-21 21:28:04,Income,Credit Card,Computer Incomes,"25,63"
14428,4,10,,,2025-03-21 18:34:48,Income,Cash,Computer Incomes,"7,49"
14429,1,16,,,2025-03-21 11:41:35,Income,Cash,Computer Incomes,"20,11"
14430,4,23,,,2025-03-21 22:42:21,Income,Credit Card,Playstation Incomes,"35,89"
14431,4,2,12.0,,2025-03-21 22:57:41,Income,Cash,Order Incomes,"23,66"
14432,2,14,,,2025-03-21 15:46:51,Income,Cash,Computer Incomes,"35,89"
14433,5,14,,,2025-03-21 17:42:37,Income,Cash,Computer Incomes,"8,67"
14434,3,3,,,2025-03-21 21:22:29,Income,Cash,Computer Incomes,"6,70"
14435,2,4,,,2025-03-21 09:56:43,Income,Cash,Computer Incomes,"19,32"
14436,1,16,14.0,,2025-03-21 22:39:48,Income,Cash,Order Incomes,"26,03"
14437,3,3,29.0,,2025-03-21 15:26:26,Income,Cash,Order Incomes,"13,41"
14438,2,3,,,2025-03-22 22:37:04,Income,Cash,Computer Incomes,"7,69"
14439,2,24,,,2025-03-22 19:51:01,Income,Cash,Playstation Incomes,"8,22"
14440,5,4,,,2025-03-22 10:32:18,Income,Cash,Computer Incomes,"2,92"
14441,3,8,,,2025-03-22 19:54:38,Income,Cash,Computer Incomes,"14,05"
14442,2,23,,,2025-03-22 20:29:35,Income,Cash,Playstation Incomes,"23,59"
14443,4,14,,,2025-03-22 18:36:18,Income,Credit Card,Computer Incomes,"18,03"
14444,1,8,,,2025-03-22 17:23:56,Income,Cash,Computer Incomes,"14,58"
14445,1,1,47.0,,2025-03-22 14:49:14,Income,Cash,Order Incomes,"25,98"
14446,2,24,,,2025-03-22 11:37:32,Income,Cash,Playstation Incomes,"20,94"
14447,3,4,,,2025-03-22 11:24:06,Income,Cash,Computer Incomes,"6,63"
14448,4,3,,,2025-03-22 22:06:50,Income,Cash,Computer Incomes,"16,97"
14449,4,12,11.0,,2025-03-22 16:20:16,Income,Credit Card,Order Incomes,"19,88"
14450,2,5,,27.0,2025-03-22 12:40:02,Income,Cash,Member Transactions,"23,59"
14451,4,4,,,2025-03-22 13:35:11,Income,Cash,Computer Incomes,"11,14"
14452,5,4,,,2025-03-22 18:12:13,Income,Cash,Computer Incomes,"10,61"
14453,2,11,,2.0,2025-03-22 14:57:30,Income,Cash,Member Transactions,"9,28"
14454,2,16,30.0,,2025-03-22 11:18:21,Income,Credit Card,Order Incomes,"17,23"
14455,4,23,,,2025-03-22 19:53:37,Income,Cash,Playstation Incomes,"6,09"
14456,4,8,,,2025-03-22 09:41:12,Income,Cash,Computer Incomes,"3,71"
14457,4,3,,,2025-03-22 22:37:13,Income,Credit Card,Computer Incomes,"22,52"
14458,2,1,,,2025-03-22 21:42:38,Income,Cash,Computer Incomes,"10,86"
14459,4,5,25.0,,2025-03-22 13:05:50,Income,Cash,Order Incomes,"23,58"
14460,5,24,,,2025-03-22 09:17:39,Income,Cash,Playstation Incomes,"15,37"
14461,2,23,,,2025-03-22 21:17:36,Income,Cash,Playstation Incomes,"13,78"
14462,1,24,,,2025-03-22 13:22:35,Income,Cash,Playstation Incomes,"6,62"
14463,3,23,,,2025-03-22 22:11:48,Income,Credit Card,Playstation Incomes,"16,69"
14464,5,15,34.0,,2025-03-22 15:08:38,Income,Credit Card,Order Incomes,"19,61"
14465,4,24,,,2025-03-22 22:59:38,Income,Cash,Playstation Incomes,"23,05"
14466,2,6,,,2025-03-22 21:57:31,Income,Cash,Computer Incomes,"19,61"
14467,2,23,,,2025-03-22 15:28:16,Income,Cash,Playstation Incomes,"14,04"
14468,4,14,18.0,,2025-03-22 23:15:39,Income,Cash,Order Incomes,"18,81"
14469,5,9,,,2025-03-22 15:05:34,Income,Cash,Computer Incomes,"16,69"
14470,5,8,49.0,,2025-03-23 11:28:34,Income,Cash,Order Incomes,"3,22"
14471,2,9,,58.0,2025-03-23 17:26:57,Income,Credit Card,Member Transactions,"9,01"
14472,1,16,,,2025-03-23 12:11:22,Income,Cash,Computer Incomes,"14,48"
14473,5,9,,,2025-03-23 23:58:18,Income,Cash,Computer Incomes,"20,59"
14474,4,8,,,2025-03-23 19:47:50,Income,Cash,Computer Incomes,"9,01"
14475,4,24,,,2025-03-23 09:14:39,Income,Cash,Playstation Incomes,"26,38"
14476,4,16,,31.0,2025-03-23 15:30:00,Income,Cash,Member Transactions,"7,40"
14477,4,6,,,2025-03-23 23:02:42,Income,Cash,Computer Incomes,"19,30"
14478,3,11,,,2025-03-23 12:15:03,Income,Cash,Computer Incomes,"26,70"
14479,4,3,,,2025-03-23 13:37:56,Income,Cash,Computer Incomes,"11,90"
14480,4,4,,,2025-03-23 18:36:59,Income,Credit Card,Computer Incomes,"8,69"
14481,5,7,,,2025-03-23 10:05:49,Income,Cash,Computer Incomes,"9,33"
14482,2,14,,,2025-03-23 21:19:32,Income,Credit Card,Computer Incomes,"13,50"
14483,1,4,,,2025-03-23 19:50:33,Income,Cash,Computer Incomes,"23,79"
14484,2,6,,,2025-03-23 14:38:54,Income,Cash,Computer Incomes,"29,26"
14485,1,2,,,2025-03-23 12:15:48,Income,Cash,Computer Incomes,"14,47"
14486,2,4,,,2025-03-23 17:23:40,Income,Credit Card,Computer Incomes,"23,47"
14487,4,16,,,2025-03-23 09:49:36,Income,Cash,Computer Incomes,"11,25"
14488,5,2,,,2025-03-23 21:46:33,Income,Cash,Computer Incomes,"23,47"
14489,5,2,,,2025-03-23 17:52:30,Income,Cash,Computer Incomes,"8,68"
14490,3,12,,51.0,2025-03-23 21:43:38,Income,Cash,Member Transactions,"30,87"
14491,3,9,24.0,,2025-03-24 20:39:21,Income,Cash,Order Incomes,"10,54"
14492,1,11,46.0,,2025-03-24 11:13:36,Income,Cash,Order Incomes,"12,45"
14493,3,23,,,2025-03-24 13:32:36,Income,Cash,Playstation Incomes,"7,62"
14494,1,14,,,2025-03-24 15:44:38,Income,Credit Card,Computer Incomes,"7,62"
14495,3,13,,,2025-03-24 14:01:40,Income,Cash,Computer Incomes,"4,58"
14496,1,15,,,2025-03-24 11:30:16,Income,Cash,Computer Incomes,"12,45"
14497,2,24,,,2025-03-24 19:25:14,Income,Credit Card,Playstation Incomes,"5,72"
14498,5,1,,,2025-03-24 19:52:04,Income,Cash,Computer Incomes,"2,93"
14499,5,23,,,2025-03-24 22:41:21,Income,Cash,Playstation Incomes,"7,88"
14500,4,9,,2.0,2025-03-24 18:04:46,Income,Cash,Member Transactions,"10,53"
14501,3,2,,,2025-03-24 23:56:40,Income,Cash,Computer Incomes,"4,95"
14502,1,24,,,2025-03-24 17:36:33,Income,Cash,Playstation Incomes,"11,17"
14503,3,2,,,2025-03-24 18:39:43,Income,Cash,Computer Incomes,"12,06"
14504,5,8,,,2025-03-24 18:19:48,Income,Cash,Computer Incomes,"10,41"
14505,5,6,31.0,,2025-03-24 11:02:39,Income,Cash,Order Incomes,"3,55"
14506,1,9,,,2025-03-24 19:02:43,Income,Credit Card,Computer Incomes,"8,63"
14507,4,16,,,2025-03-24 13:04:47,Income,Cash,Computer Incomes,"12,18"
14508,4,12,,,2025-03-24 11:02:51,Income,Cash,Computer Incomes,"12,31"
14509,4,3,,,2025-03-24 12:00:45,Income,Credit Card,Computer Incomes,"9,01"
14510,3,6,,,2025-03-24 14:25:36,Income,Cash,Computer Incomes,"7,49"
14511,5,14,,,2025-03-24 19:56:36,Income,Cash,Computer Incomes,"10,03"
14512,4,16,,,2025-03-24 21:47:47,Income,Cash,Computer Incomes,"2,53"
14513,1,13,,,2025-03-24 23:21:15,Income,Credit Card,Computer Incomes,"4,44"
14514,3,13,,,2025-03-24 12:07:33,Income,Cash,Computer Incomes,"4,57"
14515,5,2,,,2025-03-25 21:51:35,Income,Cash,Computer Incomes,"16,65"
14516,5,3,,,2025-03-25 10:44:51,Income,Cash,Computer Incomes,"2,87"
14517,4,12,,63.0,2025-03-25 17:15:52,Income,Cash,Member Transactions,"7,55"
14518,4,9,35.0,,2025-03-25 17:13:55,Income,Credit Card,Order Incomes,"24,46"
14519,2,8,34.0,,2025-03-25 22:33:22,Income,Cash,Order Incomes,"16,91"
14520,3,2,,,2025-03-25 21:34:30,Income,Cash,Computer Incomes,"14,05"
14521,2,7,,14.0,2025-03-25 22:45:28,Income,Cash,Member Transactions,"17,43"
14522,2,23,,,2025-03-25 10:30:44,Income,Credit Card,Playstation Incomes,"12,75"
14523,5,7,,,2025-03-25 20:30:00,Income,Cash,Computer Incomes,"25,76"
14524,3,12,,,2025-03-25 09:47:30,Income,Credit Card,Computer Incomes,"20,56"
14525,4,13,,,2025-03-25 21:56:56,Income,Credit Card,Computer Incomes,"17,16"
14526,4,24,,,2025-03-25 15:57:56,Income,Cash,Playstation Incomes,"5,20"
14527,5,6,,,2025-03-25 18:40:25,Income,Cash,Computer Incomes,"24,97"
14528,3,11,,,2025-03-25 23:52:22,Income,Cash,Computer Incomes,"7,54"
14529,1,16,,,2025-03-25 17:21:57,Income,Cash,Computer Incomes,"4,68"
14530,5,1,,,2025-03-25 16:28:41,Income,Cash,Computer Incomes,"23,93"
14531,5,14,,,2025-03-25 22:29:09,Income,Credit Card,Computer Incomes,"22,37"
14532,3,14,18.0,,2025-03-25 23:03:50,Income,Cash,Order Incomes,"5,46"
14533,1,23,,,2025-03-25 13:38:49,Income,Cash,Playstation Incomes,"3,64"
14534,2,24,,,2025-03-25 13:40:30,Income,Cash,Playstation Incomes,"9,36"
14535,5,23,,,2025-03-25 20:07:06,Income,Cash,Playstation Incomes,"6,76"
14536,4,24,,,2025-03-26 12:13:09,Income,Cash,Playstation Incomes,"20,99"
14537,3,11,,,2025-03-26 11:50:06,Income,Cash,Computer Incomes,"18,37"
14538,5,6,,,2025-03-26 11:55:01,Income,Cash,Computer Incomes,"16,93"
14539,5,23,,,2025-03-26 17:27:53,Income,Cash,Playstation Incomes,"5,73"
14540,3,14,,,2025-03-26 09:45:55,Income,Cash,Computer Incomes,"15,98"
14541,1,24,,,2025-03-26 16:14:15,Income,Cash,Playstation Incomes,"23,13"
14542,2,3,,,2025-03-26 16:10:11,Income,Cash,Computer Incomes,"23,61"
14543,4,23,,,2025-03-26 23:22:07,Income,Cash,Playstation Incomes,"15,27"
14544,1,1,20.0,,2025-03-26 21:47:21,Income,Cash,Order Incomes,"3,58"
14545,2,8,,,2025-03-26 16:04:06,Income,Cash,Computer Incomes,"3,09"
14546,4,24,,,2025-03-26 16:16:35,Income,Cash,Playstation Incomes,"22,41"
14547,2,8,,,2025-03-26 09:24:12,Income,Cash,Computer Incomes,"20,26"
14548,1,3,,,2025-03-26 23:11:32,Income,Cash,Computer Incomes,"10,73"
14549,2,15,,,2025-03-26 15:17:33,Income,Cash,Computer Incomes,"20,98"
14550,4,14,,,2025-03-26 21:19:40,Income,Cash,Computer Incomes,"5,24"
14551,5,3,,,2025-03-26 14:18:06,Income,Cash,Computer Incomes,"19,31"
14552,4,2,,,2025-03-26 22:47:04,Income,Cash,Computer Incomes,"17,88"
14553,5,3,,,2025-03-26 21:39:42,Income,Cash,Computer Incomes,"5,24"
14554,2,23,,,2025-03-26 21:48:25,Income,Credit Card,Playstation Incomes,"10,49"
14555,2,6,,,2025-03-26 23:38:57,Income,Cash,Computer Incomes,"4,53"
14556,3,13,44.0,,2025-03-27 10:30:52,Income,Cash,Order Incomes,"3,85"
14557,4,3,,,2025-03-27 18:36:11,Income,Cash,Computer Incomes,"6,67"
14558,3,24,,,2025-03-27 14:20:55,Income,Cash,Playstation Incomes,"4,11"
14559,3,16,,,2025-03-27 23:28:34,Income,Cash,Computer Incomes,"12,69"
14560,1,12,,,2025-03-27 10:32:14,Income,Cash,Computer Incomes,"9,87"
14561,4,23,,,2025-03-27 21:53:59,Income,Cash,Playstation Incomes,"2,95"
14562,2,8,,,2025-03-27 22:50:42,Income,Cash,Computer Incomes,"6,03"
14563,3,24,,,2025-03-27 16:00:09,Income,Cash,Playstation Incomes,"6,28"
14564,3,23,,,2025-03-27 16:57:25,Income,Cash,Playstation Incomes,"9,10"
14565,4,8,27.0,,2025-03-27 20:44:33,Income,Credit Card,Order Incomes,"12,56"
14566,4,15,,,2025-03-27 17:36:02,Income,Cash,Computer Incomes,"2,70"
14567,5,24,,,2025-03-27 17:56:25,Income,Cash,Playstation Incomes,"12,56"
14568,2,2,,,2025-03-27 22:07:09,Income,Cash,Computer Incomes,"3,33"
14569,3,13,46.0,,2025-03-27 23:51:54,Income,Cash,Order Incomes,"10,63"
14570,4,23,,,2025-03-27 23:44:38,Income,Cash,Playstation Incomes,"6,53"
14571,2,6,,8.0,2025-03-27 13:05:12,Income,Cash,Member Transactions,"6,40"
14572,1,24,,,2025-03-27 17:15:24,Income,Cash,Playstation Incomes,"6,66"
14573,5,11,,,2025-03-27 20:29:04,Income,Cash,Computer Incomes,"6,27"
14574,5,23,,,2025-03-27 16:25:06,Income,Cash,Playstation Incomes,"2,17"
14575,1,12,,,2025-03-27 17:08:53,Income,Cash,Computer Incomes,"6,15"
14576,5,24,,,2025-03-27 11:45:39,Income,Cash,Playstation Incomes,"6,91"
14577,5,14,,27.0,2025-03-27 15:24:55,Income,Cash,Member Transactions,"9,61"
14578,2,8,,,2025-03-27 15:20:39,Income,Credit Card,Computer Incomes,"4,74"
14579,4,7,,,2025-03-27 22:50:09,Income,Cash,Computer Incomes,"10,76"
14580,1,15,37.0,,2025-03-28 21:46:33,Income,Cash,Order Incomes,"14,00"
14581,3,5,,,2025-03-28 09:30:39,Income,Cash,Computer Incomes,"2,80"
14582,5,8,,40.0,2025-03-28 18:46:41,Income,Cash,Member Transactions,"6,83"
14583,1,12,,,2025-03-28 13:18:30,Income,Cash,Computer Incomes,"5,25"
14584,3,12,,7.0,2025-03-28 18:35:13,Income,Cash,Member Transactions,"11,73"
14585,4,8,22.0,,2025-03-28 22:05:40,Income,Cash,Order Incomes,"7,53"
14586,4,11,,,2025-03-28 13:49:31,Income,Cash,Computer Incomes,"13,65"
14587,3,23,,,2025-03-28 15:53:58,Income,Cash,Playstation Incomes,"1,75"
14588,2,24,,,2025-03-28 16:12:10,Income,Credit Card,Playstation Incomes,"3,33"
14589,3,14,25.0,,2025-03-28 18:14:28,Income,Cash,Order Incomes,"12,95"
14590,2,15,28.0,,2025-03-28 22:18:17,Income,Cash,Order Incomes,"14,52"
14591,1,23,,,2025-03-28 12:50:02,Income,Cash,Playstation Incomes,"15,40"
14592,2,12,40.0,,2025-03-28 22:58:38,Income,Cash,Order Incomes,"4,73"
14593,1,3,,,2025-03-28 21:12:10,Income,Cash,Computer Incomes,"11,55"
14594,4,4,,,2025-03-28 21:35:06,Income,Cash,Computer Incomes,"11,20"
14595,4,5,,28.0,2025-03-28 15:55:50,Income,Cash,Member Transactions,"12,25"
14596,1,9,,,2025-03-28 20:26:30,Income,Cash,Computer Incomes,"4,73"
14597,5,13,,,2025-03-28 23:25:08,Income,Credit Card,Computer Incomes,"15,57"
14598,5,24,,,2025-03-28 22:32:58,Income,Cash,Playstation Incomes,"10,85"
14599,2,1,,,2025-03-28 13:59:52,Income,Cash,Computer Incomes,"15,92"
14600,1,6,,,2025-03-28 20:58:16,Income,Cash,Computer Incomes,"15,75"
14601,2,3,,,2025-03-28 09:48:37,Income,Credit Card,Computer Incomes,"4,55"
14602,2,23,,,2025-03-28 16:53:59,Income,Cash,Playstation Incomes,"2,63"
14603,1,8,,,2025-03-28 10:41:46,Income,Credit Card,Computer Incomes,"13,30"
14604,1,24,,,2025-03-28 17:45:42,Income,Cash,Playstation Incomes,"12,41"
14605,5,4,31.0,,2025-03-28 23:59:30,Income,Cash,Order Incomes,"12,41"
14606,5,12,5.0,,2025-03-28 21:26:57,Income,Cash,Order Incomes,"5,24"
14607,5,15,,,2025-03-28 23:49:49,Income,Cash,Computer Incomes,"14,69"
14608,5,12,,,2025-03-28 23:19:05,Income,Cash,Computer Incomes,"16,09"
14609,1,2,,,2025-03-28 09:16:10,Income,Cash,Computer Incomes,"16,09"
14610,2,12,,,2025-03-28 17:02:06,Income,Cash,Computer Incomes,"6,29"
14611,1,23,,,2025-03-28 11:20:38,Income,Cash,Playstation Incomes,"3,67"
14612,1,4,,,2025-03-28 12:33:50,Income,Credit Card,Computer Incomes,"12,06"
14613,3,3,,,2025-03-28 18:27:11,Income,Cash,Computer Incomes,"9,62"
14614,5,6,,,2025-03-28 18:02:50,Income,Credit Card,Computer Incomes,"2,27"
14615,5,24,,,2025-03-28 11:24:56,Income,Cash,Playstation Incomes,"12,76"
14616,1,12,,,2025-03-28 09:53:01,Income,Cash,Computer Incomes,"12,76"
14617,1,23,,,2025-03-28 12:19:38,Income,Cash,Playstation Incomes,"3,49"
14618,5,24,,,2025-03-28 17:31:23,Income,Credit Card,Playstation Incomes,"1,92"
14619,2,4,,,2025-03-28 14:40:41,Income,Cash,Computer Incomes,"8,04"
14620,5,14,23.0,,2025-03-28 16:14:50,Income,Credit Card,Order Incomes,"2,79"
14621,4,23,,,2025-03-28 11:18:19,Income,Cash,Playstation Incomes,"4,02"
14622,2,2,44.0,,2025-03-28 18:30:04,Income,Cash,Order Incomes,"8,22"
14623,4,24,,,2025-03-29 21:06:35,Income,Cash,Playstation Incomes,"12,17"
14624,5,7,,,2025-03-29 17:10:54,Income,Cash,Computer Incomes,"14,87"
14625,2,23,,,2025-03-29 22:06:06,Income,Cash,Playstation Incomes,"15,88"
14626,4,13,,,2025-03-29 11:17:45,Income,Cash,Computer Incomes,"11,83"
14627,3,24,,,2025-03-29 16:38:26,Income,Cash,Playstation Incomes,"5,41"
14628,4,5,,,2025-03-29 18:24:55,Income,Cash,Computer Incomes,"9,46"
14629,5,23,,,2025-03-29 10:51:04,Income,Cash,Playstation Incomes,"3,38"
14630,2,15,,,2025-03-29 09:47:45,Income,Cash,Computer Incomes,"3,72"
14631,5,15,,,2025-03-29 10:41:25,Income,Cash,Computer Incomes,"16,90"
14632,4,8,39.0,,2025-03-29 12:46:17,Income,Cash,Order Incomes,"8,11"
14633,3,24,,,2025-03-29 18:43:24,Income,Cash,Playstation Incomes,"2,88"
14634,1,4,31.0,,2025-03-29 10:11:09,Income,Cash,Order Incomes,"7,61"
14635,5,23,,,2025-03-29 18:34:57,Income,Cash,Playstation Incomes,"13,52"
14636,1,10,,,2025-03-29 12:38:37,Income,Cash,Computer Incomes,"4,57"
14637,2,8,,,2025-03-29 23:28:29,Income,Cash,Computer Incomes,"7,27"
14638,2,14,,,2025-03-29 12:38:19,Income,Cash,Computer Incomes,"10,31"
14639,5,13,40.0,,2025-03-29 12:48:57,Income,Cash,Order Incomes,"11,66"
14640,3,3,,,2025-03-29 13:18:31,Income,Cash,Computer Incomes,"1,86"
14641,4,1,,,2025-03-29 09:52:32,Income,Cash,Computer Incomes,"1,86"
14642,5,2,,,2025-03-29 16:57:52,Income,Credit Card,Computer Incomes,"5,75"
14643,2,24,,,2025-03-29 15:13:03,Income,Cash,Playstation Incomes,"16,05"
14644,3,6,,,2025-03-29 10:22:24,Income,Cash,Computer Incomes,"3,21"
14645,4,4,,,2025-03-29 13:36:24,Income,Cash,Computer Incomes,"12,67"
14646,2,2,,,2025-03-29 17:47:02,Income,Cash,Computer Incomes,"16,22"
14647,1,5,,,2025-03-29 14:33:28,Income,Cash,Computer Incomes,"15,04"
14648,5,1,,,2025-03-29 11:20:32,Income,Credit Card,Computer Incomes,"13,17"
14649,5,13,,,2025-03-29 16:55:05,Income,Cash,Computer Incomes,"12,66"
14650,3,8,,,2025-03-29 21:35:18,Income,Cash,Computer Incomes,"5,57"
14651,1,23,,,2025-03-29 13:40:51,Income,Cash,Playstation Incomes,"16,72"
14652,1,4,,1.0,2025-03-29 21:31:32,Income,Cash,Member Transactions,"15,37"
14653,4,1,,,2025-03-29 13:49:02,Income,Cash,Computer Incomes,"10,81"
14654,1,5,,,2025-03-29 15:23:06,Income,Cash,Computer Incomes,"3,20"
14655,5,9,,,2025-03-29 22:17:58,Income,Cash,Computer Incomes,"3,04"
14656,2,8,,,2025-03-29 12:21:09,Income,Cash,Computer Incomes,"11,82"
14657,1,5,,,2025-03-29 23:41:03,Income,Cash,Computer Incomes,"11,31"
14658,3,9,,,2025-03-29 11:31:11,Income,Cash,Computer Incomes,"10,30"
14659,5,24,,,2025-03-29 19:42:59,Income,Cash,Playstation Incomes,"13,17"
14660,4,23,,,2025-03-29 22:43:34,Income,Credit Card,Playstation Incomes,"4,56"
14661,2,12,,,2025-03-29 18:49:23,Income,Cash,Computer Incomes,"7,09"
14662,5,24,,,2025-03-29 22:32:04,Income,Cash,Playstation Incomes,"7,26"
14663,1,3,,,2025-03-29 09:00:25,Income,Cash,Computer Incomes,"6,92"
14664,5,10,1.0,,2025-03-29 12:29:42,Income,Credit Card,Order Incomes,"14,18"
14665,5,23,,,2025-03-29 16:31:02,Income,Cash,Playstation Incomes,"11,82"
14666,5,8,,,2025-03-29 11:03:52,Income,Cash,Computer Incomes,"12,83"
14667,3,6,,,2025-03-30 22:28:32,Income,Cash,Computer Incomes,"15,20"
14668,1,24,,,2025-03-30 13:22:11,Income,Cash,Playstation Incomes,"5,12"
14669,3,16,9.0,,2025-03-30 11:25:00,Income,Credit Card,Order Incomes,"15,52"
14670,2,23,,,2025-03-30 17:42:55,Income,Cash,Playstation Incomes,"2,88"
14671,4,4,,,2025-03-30 15:13:05,Income,Cash,Computer Incomes,"5,12"
14672,2,8,,,2025-03-30 12:21:25,Income,Cash,Computer Incomes,"7,68"
14673,1,24,,,2025-03-30 19:19:11,Income,Cash,Playstation Incomes,"4,48"
14674,5,13,,,2025-03-30 14:08:04,Income,Cash,Computer Incomes,"14,24"
14675,3,23,,,2025-03-30 16:12:54,Income,Cash,Playstation Incomes,"11,20"
14676,4,8,,8.0,2025-03-30 10:21:11,Income,Cash,Member Transactions,"4,80"
14677,2,5,,,2025-03-30 09:27:55,Income,Cash,Computer Incomes,"11,20"
14678,2,15,,,2025-03-30 12:28:15,Income,Credit Card,Computer Incomes,"2,56"
14679,1,6,,,2025-03-30 22:04:12,Income,Cash,Computer Incomes,"9,60"
14680,1,11,,,2025-03-30 22:44:03,Income,Cash,Computer Incomes,"8,00"
14681,3,4,,,2025-03-30 22:32:24,Income,Credit Card,Computer Incomes,"15,19"
14682,4,6,,,2025-03-30 19:49:17,Income,Cash,Computer Incomes,"14,87"
14683,4,24,,,2025-03-30 14:21:36,Income,Cash,Playstation Incomes,"8,31"
14684,2,7,,,2025-03-30 22:04:49,Income,Cash,Computer Incomes,"13,11"
14685,4,14,,,2025-03-30 16:07:45,Income,Cash,Computer Incomes,"4,47"
14686,3,11,24.0,,2025-03-31 12:40:05,Income,Cash,Order Incomes,"16,30"
14687,3,8,,,2025-03-31 22:07:41,Income,Cash,Computer Incomes,"21,39"
14688,1,23,,,2025-03-31 13:29:10,Income,Cash,Playstation Incomes,"33,27"
14689,1,11,,,2025-03-31 23:13:44,Income,Cash,Computer Incomes,"7,81"
14690,3,16,,,2025-03-31 10:39:56,Income,Cash,Computer Incomes,"32,25"
14691,4,24,,,2025-03-31 15:13:15,Income,Cash,Playstation Incomes,"24,78"
14692,4,2,,,2025-03-31 14:18:46,Income,Credit Card,Computer Incomes,"10,87"
14693,5,7,,19.0,2025-03-31 21:10:35,Income,Cash,Member Transactions,"11,21"
14694,4,7,,,2025-03-31 13:42:49,Income,Cash,Computer Incomes,"3,74"
14695,5,8,,53.0,2025-03-31 16:45:24,Income,Cash,Member Transactions,"14,60"
14696,3,11,,,2025-03-31 21:35:55,Income,Cash,Computer Incomes,"11,20"
14697,5,14,,,2025-03-31 23:33:08,Income,Cash,Computer Incomes,"9,16"
14698,1,15,,,2025-03-31 09:01:30,Income,Credit Card,Computer Incomes,"9,84"
14699,4,5,,33.0,2025-03-31 12:39:35,Income,Cash,Member Transactions,"24,09"
14700,4,11,,,2025-03-31 22:51:19,Income,Cash,Computer Incomes,"22,06"
14701,2,9,1.0,,2025-03-31 19:59:01,Income,Cash,Order Incomes,"5,09"
14702,5,2,,,2025-03-31 21:16:35,Income,Cash,Computer Incomes,"15,95"
14703,3,23,,,2025-03-31 13:58:40,Income,Cash,Playstation Incomes,"19,34"
14704,2,24,,,2025-03-31 15:55:06,Income,Credit Card,Playstation Incomes,"20,02"
14705,2,10,11.0,,2025-03-31 15:23:39,Income,Cash,Order Incomes,"11,88"
14706,5,13,,,2025-03-31 23:16:10,Income,Cash,Computer Incomes,"24,77"
14707,3,13,22.0,,2025-03-31 10:09:41,Income,Cash,Order Incomes,"4,75"
14708,1,23,,,2025-04-01 15:46:32,Income,Cash,Playstation Incomes,"6,25"
14709,1,16,26.0,,2025-04-01 10:04:50,Income,Credit Card,Order Incomes,"34,33"
14710,4,1,,65.0,2025-04-01 10:35:37,Income,Cash,Member Transactions,"21,50"
14711,4,5,,,2025-04-01 19:52:49,Income,Cash,Computer Incomes,"18,73"
14712,1,16,,,2025-04-01 19:14:01,Income,Cash,Computer Incomes,"24,28"
14713,3,24,,,2025-04-01 16:33:41,Income,Credit Card,Playstation Incomes,"29,13"
14714,4,2,,,2025-04-01 09:48:06,Income,Credit Card,Computer Incomes,"11,78"
14715,1,3,,,2025-04-01 19:20:34,Income,Cash,Computer Incomes,"14,91"
14716,2,15,,,2025-04-01 11:07:42,Income,Cash,Computer Incomes,"18,03"
14717,1,3,44.0,,2025-04-01 12:59:42,Income,Cash,Order Incomes,"25,65"
14718,2,6,,17.0,2025-04-01 19:10:45,Income,Cash,Member Transactions,"14,56"
14719,2,12,2.0,,2025-04-01 21:59:36,Income,Cash,Order Incomes,"14,91"
14720,5,15,,,2025-04-01 13:07:18,Income,Cash,Computer Incomes,"13,52"
14721,1,13,17.0,,2025-04-01 17:27:09,Income,Cash,Order Incomes,"10,40"
14722,4,7,,,2025-04-02 15:08:10,Income,Cash,Computer Incomes,"21,21"
14723,5,5,,,2025-04-02 23:06:25,Income,Cash,Computer Incomes,"18,48"
14724,2,23,,,2025-04-02 10:01:24,Income,Cash,Playstation Incomes,"29,99"
14725,5,2,,,2025-04-02 23:24:02,Income,Cash,Computer Incomes,"23,63"
14726,4,10,,,2025-04-02 18:28:45,Income,Cash,Computer Incomes,"26,66"
14727,4,24,,,2025-04-02 12:47:29,Income,Cash,Playstation Incomes,"26,66"
14728,3,2,45.0,,2025-04-02 22:31:33,Income,Cash,Order Incomes,"26,36"
14729,1,2,,,2025-04-02 19:43:41,Income,Cash,Computer Incomes,"28,48"
14730,1,1,,,2025-04-02 13:12:36,Income,Cash,Computer Incomes,"9,38"
14731,2,2,,,2025-04-02 22:56:06,Income,Cash,Computer Incomes,"18,17"
14732,2,23,,,2025-04-02 22:17:28,Income,Cash,Playstation Incomes,"15,75"
14733,4,6,,,2025-04-02 14:12:40,Income,Cash,Computer Incomes,"28,16"
14734,1,24,,,2025-04-02 16:04:47,Income,Cash,Playstation Incomes,"26,04"
14735,3,9,,,2025-04-02 09:59:22,Income,Credit Card,Computer Incomes,"9,69"
14736,1,11,13.0,,2025-04-02 09:32:52,Income,Cash,Order Incomes,"29,68"
14737,4,12,,,2025-04-02 15:48:35,Income,Cash,Computer Incomes,"14,84"
14738,5,16,,,2025-04-03 16:56:03,Income,Cash,Computer Incomes,"18,93"
14739,2,10,37.0,,2025-04-03 20:02:05,Income,Cash,Order Incomes,"6,31"
14740,2,23,,,2025-04-03 22:54:19,Income,Cash,Playstation Incomes,"27,69"
14741,4,24,,,2025-04-03 10:06:18,Income,Cash,Playstation Incomes,"7,72"
14742,1,15,,,2025-04-03 20:22:00,Income,Credit Card,Computer Incomes,"34,70"
14743,5,23,,,2025-04-03 18:23:33,Income,Cash,Playstation Incomes,"15,07"
14744,5,6,,,2025-04-03 12:58:10,Income,Cash,Computer Incomes,"31,55"
14745,1,9,,3.0,2025-04-03 09:29:26,Income,Cash,Member Transactions,"14,72"
14746,2,8,,,2025-04-03 15:50:34,Income,Cash,Computer Incomes,"18,93"
14747,4,15,,,2025-04-03 10:51:03,Income,Credit Card,Computer Incomes,"16,12"
14748,4,6,,,2025-04-03 10:29:06,Income,Cash,Computer Incomes,"7,35"
14749,5,24,,,2025-04-03 22:41:56,Income,Cash,Playstation Incomes,"32,59"
14750,4,23,,,2025-04-03 15:21:45,Income,Credit Card,Playstation Incomes,"8,76"
14751,5,15,,,2025-04-03 13:02:37,Income,Cash,Computer Incomes,"14,71"
14752,2,8,,,2025-04-03 23:17:37,Income,Cash,Computer Incomes,"34,34"
14753,3,12,,,2025-04-03 16:36:01,Income,Cash,Computer Incomes,"26,63"
14754,5,24,,,2025-04-03 16:49:52,Income,Cash,Playstation Incomes,"30,13"
14755,1,10,,,2025-04-03 16:30:05,Income,Cash,Computer Incomes,"23,13"
14756,2,14,,,2025-04-04 23:04:33,Income,Cash,Computer Incomes,"10,44"
14757,1,23,,,2025-04-04 20:44:03,Income,Credit Card,Playstation Incomes,"25,29"
14758,3,2,,,2025-04-04 23:01:42,Income,Cash,Computer Incomes,"30,67"
14759,5,24,,,2025-04-04 14:07:15,Income,Cash,Playstation Incomes,"13,91"
14760,2,23,,,2025-04-04 14:49:26,Income,Cash,Playstation Incomes,"28,45"
14761,2,11,,,2025-04-04 15:13:03,Income,Cash,Computer Incomes,"11,38"
14762,1,24,,,2025-04-04 11:18:18,Income,Cash,Playstation Incomes,"5,06"
14763,5,9,,,2025-04-04 16:01:21,Income,Cash,Computer Incomes,"28,77"
14764,1,5,,27.0,2025-04-04 15:55:04,Income,Cash,Member Transactions,"6,33"
14765,1,9,,,2025-04-04 10:31:24,Income,Cash,Computer Incomes,"31,61"
14766,1,8,,,2025-04-04 14:21:38,Income,Cash,Computer Incomes,"26,56"
14767,3,10,,,2025-04-04 22:42:15,Income,Credit Card,Computer Incomes,"9,49"
14768,2,14,,,2025-04-04 16:09:19,Income,Cash,Computer Incomes,"15,18"
14769,1,1,,,2025-04-04 17:32:55,Income,Credit Card,Computer Incomes,"24,03"
14770,2,23,,,2025-04-04 22:15:26,Income,Cash,Playstation Incomes,"18,02"
14771,3,9,,,2025-04-04 21:53:00,Income,Cash,Computer Incomes,"6,96"
14772,5,13,,,2025-04-04 17:21:21,Income,Cash,Computer Incomes,"3,48"
14773,5,7,,,2025-04-04 17:48:40,Income,Cash,Computer Incomes,"16,12"
14774,2,2,,,2025-04-04 14:48:48,Income,Cash,Computer Incomes,"3,79"
14775,1,24,,,2025-04-04 16:57:11,Income,Cash,Playstation Incomes,"21,49"
14776,2,15,,,2025-04-04 21:29:47,Income,Cash,Computer Incomes,"10,11"
14777,5,7,,54.0,2025-04-04 09:05:45,Income,Cash,Member Transactions,"7,58"
14778,4,23,,,2025-04-04 13:30:47,Income,Cash,Playstation Incomes,"5,37"
14779,4,16,,,2025-04-04 10:41:18,Income,Cash,Computer Incomes,"19,91"
14780,4,24,,,2025-04-04 17:27:06,Income,Cash,Playstation Incomes,"11,06"
14781,5,5,,,2025-04-04 12:47:13,Income,Cash,Computer Incomes,"13,27"
14782,3,11,,,2025-04-04 16:59:53,Income,Cash,Computer Incomes,"9,79"
14783,2,10,,,2025-04-04 20:31:10,Income,Cash,Computer Incomes,"31,60"
14784,3,4,,,2025-04-04 13:39:05,Income,Cash,Computer Incomes,"15,48"
14785,5,3,14.0,,2025-04-04 10:42:28,Income,Cash,Order Incomes,"10,11"
14786,2,14,,,2025-04-04 13:18:35,Income,Cash,Computer Incomes,"15,17"
14787,4,15,,,2025-04-04 20:01:26,Income,Cash,Computer Incomes,"14,53"
14788,3,15,,,2025-04-04 19:37:53,Income,Cash,Computer Incomes,"29,71"
14789,3,14,44.0,,2025-04-04 19:48:54,Income,Cash,Order Incomes,"17,70"
14790,1,7,,,2025-04-04 21:07:01,Income,Cash,Computer Incomes,"12,95"
14791,5,3,,,2025-04-05 10:43:23,Income,Cash,Computer Incomes,"14,61"
14792,5,7,,,2025-04-05 11:20:44,Income,Cash,Computer Incomes,"8,63"
14793,3,7,,,2025-04-05 18:37:54,Income,Cash,Computer Incomes,"8,45"
14794,3,16,,,2025-04-05 23:39:14,Income,Cash,Computer Incomes,"13,03"
14795,4,8,,,2025-04-05 20:58:56,Income,Cash,Computer Incomes,"2,64"
14796,5,1,,,2025-04-05 23:52:51,Income,Cash,Computer Incomes,"17,25"
14797,1,9,,,2025-04-05 22:08:19,Income,Credit Card,Computer Incomes,"16,02"
14798,4,9,16.0,,2025-04-05 10:34:05,Income,Cash,Order Incomes,"6,69"
14799,4,14,38.0,,2025-04-05 12:42:55,Income,Cash,Order Incomes,"12,15"
14800,4,16,3.0,,2025-04-05 15:00:12,Income,Cash,Order Incomes,"7,92"
14801,2,5,,,2025-04-05 17:28:51,Income,Cash,Computer Incomes,"4,05"
14802,4,4,48.0,,2025-04-05 14:26:32,Income,Cash,Order Incomes,"14,26"
14803,2,1,,,2025-04-05 22:49:27,Income,Credit Card,Computer Incomes,"10,74"
14804,2,14,,58.0,2025-04-05 23:43:10,Income,Cash,Member Transactions,"14,26"
14805,5,8,,,2025-04-05 12:11:46,Income,Credit Card,Computer Incomes,"14,26"
14806,2,15,,,2025-04-05 13:03:03,Income,Cash,Computer Incomes,"14,96"
14807,4,6,,,2025-04-05 15:43:54,Income,Credit Card,Computer Incomes,"5,64"
14808,4,23,,,2025-04-05 18:38:49,Income,Cash,Playstation Incomes,"4,40"
14809,4,4,,,2025-04-05 10:15:42,Income,Cash,Computer Incomes,"3,88"
14810,5,6,,,2025-04-05 17:47:02,Income,Cash,Computer Incomes,"5,81"
14811,4,8,,,2025-04-05 15:43:23,Income,Cash,Computer Incomes,"17,59"
14812,2,6,,57.0,2025-04-05 17:41:44,Income,Cash,Member Transactions,"9,85"
14813,2,24,,,2025-04-05 11:31:01,Income,Cash,Playstation Incomes,"10,55"
14814,4,15,29.0,,2025-04-05 22:55:19,Income,Cash,Order Incomes,"12,67"
14815,5,14,,11.0,2025-04-05 14:46:04,Income,Credit Card,Member Transactions,"4,57"
14816,4,16,,,2025-04-05 18:46:35,Income,Cash,Computer Incomes,"10,20"
14817,1,9,,17.0,2025-04-05 20:22:22,Income,Credit Card,Member Transactions,"2,63"
14818,3,23,,,2025-04-05 22:25:42,Income,Credit Card,Playstation Incomes,"16,54"
14819,3,24,,,2025-04-05 10:42:30,Income,Cash,Playstation Incomes,"7,39"
14820,3,13,,,2025-04-05 18:44:26,Income,Cash,Computer Incomes,"10,03"
14821,1,23,,,2025-04-05 18:57:08,Income,Cash,Playstation Incomes,"7,03"
14822,2,7,,,2025-04-06 19:32:47,Income,Cash,Computer Incomes,"28,93"
14823,4,14,,,2025-04-06 21:13:25,Income,Cash,Computer Incomes,"28,04"
14824,3,5,,,2025-04-06 21:08:26,Income,Credit Card,Computer Incomes,"4,73"
14825,5,3,,,2025-04-06 19:05:43,Income,Cash,Computer Incomes,"25,98"
14826,5,14,,52.0,2025-04-06 16:42:26,Income,Cash,Member Transactions,"16,53"
14827,2,3,43.0,,2025-04-06 10:54:02,Income,Cash,Order Incomes,"13,29"
14828,1,12,,,2025-04-06 16:12:29,Income,Cash,Computer Incomes,"21,84"
14829,4,24,,,2025-04-06 12:09:24,Income,Cash,Playstation Incomes,"23,32"
14830,5,14,22.0,,2025-04-06 15:33:18,Income,Cash,Order Incomes,"3,25"
14831,3,9,,,2025-04-06 18:37:36,Income,Cash,Computer Incomes,"17,12"
14832,5,6,38.0,,2025-04-06 19:31:49,Income,Cash,Order Incomes,"18,88"
14833,3,23,,,2025-04-06 20:22:21,Income,Cash,Playstation Incomes,"7,96"
14834,5,24,,,2025-04-06 20:15:17,Income,Cash,Playstation Incomes,"8,85"
14835,4,10,,,2025-04-06 20:56:47,Income,Cash,Computer Incomes,"4,13"
14836,1,8,,,2025-04-06 16:29:09,Income,Cash,Computer Incomes,"12,09"
14837,5,11,22.0,,2025-04-06 09:19:44,Income,Cash,Order Incomes,"12,69"
14838,2,16,,,2025-04-06 20:29:04,Income,Cash,Computer Incomes,"12,09"
14839,2,23,,,2025-04-06 10:07:55,Income,Cash,Playstation Incomes,"20,65"
14840,1,13,,,2025-04-06 23:53:43,Income,Cash,Computer Incomes,"14,46"
14841,1,24,,,2025-04-06 18:44:50,Income,Cash,Playstation Incomes,"19,77"
14842,3,23,,,2025-04-06 14:39:23,Income,Cash,Playstation Incomes,"25,97"
14843,4,11,,,2025-04-06 20:18:07,Income,Cash,Computer Incomes,"12,98"
14844,1,24,,,2025-04-07 23:42:13,Income,Cash,Playstation Incomes,"26,27"
14845,2,10,10.0,,2025-04-07 19:36:14,Income,Cash,Order Incomes,"19,22"
14846,3,13,,30.0,2025-04-07 19:58:24,Income,Cash,Member Transactions,"16,34"
14847,3,23,,,2025-04-07 16:56:07,Income,Cash,Playstation Incomes,"16,02"
14848,2,12,,,2025-04-07 20:43:36,Income,Cash,Computer Incomes,"6,41"
14849,4,2,,,2025-04-07 22:18:29,Income,Cash,Computer Incomes,"25,63"
14850,3,13,,,2025-04-07 14:50:46,Income,Cash,Computer Incomes,"14,42"
14851,5,12,,,2025-04-07 16:51:51,Income,Cash,Computer Incomes,"28,51"
14852,3,7,,,2025-04-07 15:56:59,Income,Cash,Computer Incomes,"22,41"
14853,2,11,,,2025-04-07 10:09:02,Income,Cash,Computer Incomes,"17,61"
14854,5,9,,,2025-04-07 09:05:36,Income,Cash,Computer Incomes,"9,28"
14855,4,24,,,2025-04-07 09:54:42,Income,Cash,Playstation Incomes,"9,60"
14856,1,14,,,2025-04-07 10:01:43,Income,Cash,Computer Incomes,"24,97"
14857,1,8,,,2025-04-07 20:33:11,Income,Cash,Computer Incomes,"3,84"
14858,2,23,,,2025-04-07 19:27:45,Income,Cash,Playstation Incomes,"19,53"
14859,3,5,,,2025-04-07 15:54:50,Income,Cash,Computer Incomes,"12,81"
14860,5,6,,,2025-04-07 21:16:41,Income,Cash,Computer Incomes,"5,12"
14861,4,7,,,2025-04-07 09:50:13,Income,Credit Card,Computer Incomes,"16,33"
14862,2,1,,,2025-04-07 22:43:42,Income,Cash,Computer Incomes,"7,68"
14863,4,24,,,2025-04-07 12:58:24,Income,Credit Card,Playstation Incomes,"15,69"
14864,3,9,,,2025-04-08 12:49:53,Income,Cash,Computer Incomes,"4,94"
14865,4,7,,,2025-04-08 09:15:18,Income,Cash,Computer Incomes,"17,18"
14866,3,13,,,2025-04-08 10:32:43,Income,Cash,Computer Incomes,"18,56"
14867,2,8,,,2025-04-08 22:37:17,Income,Cash,Computer Incomes,"12,25"
14868,4,11,22.0,,2025-04-08 13:25:14,Income,Cash,Order Incomes,"14,22"
14869,3,11,,,2025-04-08 09:04:41,Income,Credit Card,Computer Incomes,"13,63"
14870,2,6,,,2025-04-08 17:49:59,Income,Credit Card,Computer Incomes,"13,23"
14871,1,12,,,2025-04-08 23:47:35,Income,Credit Card,Computer Incomes,"18,17"
14872,1,16,,,2025-04-08 23:37:39,Income,Cash,Computer Incomes,"17,38"
14873,2,15,,,2025-04-08 20:53:20,Income,Credit Card,Computer Incomes,"2,37"
14874,1,23,,,2025-04-08 12:35:18,Income,Credit Card,Playstation Incomes,"3,56"
14875,2,5,,,2025-04-08 11:43:57,Income,Credit Card,Computer Incomes,"5,73"
14876,3,10,,,2025-04-08 19:52:45,Income,Cash,Computer Incomes,"10,67"
14877,4,12,,17.0,2025-04-08 11:14:18,Income,Cash,Member Transactions,"18,55"
14878,3,7,,,2025-04-08 22:36:22,Income,Cash,Computer Incomes,"8,09"
14879,1,12,,,2025-04-08 13:28:00,Income,Cash,Computer Incomes,"5,92"
14880,3,12,,,2025-04-08 15:39:57,Income,Cash,Computer Incomes,"2,56"
14881,1,10,,,2025-04-08 19:29:42,Income,Cash,Computer Incomes,"3,94"
14882,1,24,,,2025-04-08 13:48:27,Income,Cash,Playstation Incomes,"9,67"
14883,3,2,,,2025-04-08 14:14:01,Income,Cash,Computer Incomes,"18,55"
14884,5,12,17.0,,2025-04-08 16:00:28,Income,Cash,Order Incomes,"14,41"
14885,3,2,,,2025-04-08 11:11:14,Income,Cash,Computer Incomes,"9,47"
14886,5,3,,,2025-04-08 14:03:11,Income,Cash,Computer Incomes,"9,27"
14887,2,7,,,2025-04-08 19:46:04,Income,Credit Card,Computer Incomes,"18,55"
14888,5,9,,,2025-04-09 18:54:49,Income,Cash,Computer Incomes,"16,34"
14889,5,5,,,2025-04-09 19:02:27,Income,Cash,Computer Incomes,"37,99"
14890,2,11,45.0,,2025-04-09 09:17:42,Income,Cash,Order Incomes,"32,68"
14891,1,23,,,2025-04-09 14:48:39,Income,Cash,Playstation Incomes,"27,78"
14892,2,7,26.0,,2025-04-09 16:29:11,Income,Cash,Order Incomes,"24,51"
14893,5,7,42.0,,2025-04-09 17:26:07,Income,Cash,Order Incomes,"31,86"
14894,3,2,,,2025-04-09 15:54:12,Income,Cash,Computer Incomes,"28,60"
14895,5,24,,,2025-04-09 16:10:17,Income,Cash,Playstation Incomes,"5,71"
14896,2,23,,,2025-04-09 22:07:13,Income,Credit Card,Playstation Incomes,"40,43"
14897,1,24,,,2025-04-09 17:26:57,Income,Cash,Playstation Incomes,"15,52"
14898,4,7,,,2025-04-09 20:54:40,Income,Cash,Computer Incomes,"6,12"
14899,4,6,,,2025-04-09 23:59:53,Income,Cash,Computer Incomes,"32,26"
14900,4,14,27.0,,2025-04-09 17:11:51,Income,Credit Card,Order Incomes,"12,25"
14901,5,23,,,2025-04-09 19:27:10,Income,Cash,Playstation Incomes,"4,90"
14902,5,24,,,2025-04-09 19:28:17,Income,Cash,Playstation Incomes,"21,64"
14903,2,15,24.0,,2025-04-10 22:02:11,Income,Cash,Order Incomes,"23,18"
14904,2,14,,,2025-04-10 17:48:12,Income,Cash,Computer Incomes,"6,70"
14905,1,11,,,2025-04-10 14:01:16,Income,Cash,Computer Incomes,"23,18"
14906,2,4,,,2025-04-10 17:32:17,Income,Credit Card,Computer Incomes,"19,84"
14907,1,15,,,2025-04-10 18:06:44,Income,Credit Card,Computer Incomes,"22,47"
14908,1,11,37.0,,2025-04-10 13:25:21,Income,Cash,Order Incomes,"15,06"
14909,4,5,38.0,,2025-04-10 09:44:41,Income,Cash,Order Incomes,"4,07"
14910,3,2,,,2025-04-10 22:01:45,Income,Credit Card,Computer Incomes,"2,39"
14911,4,8,,,2025-04-10 16:19:10,Income,Cash,Computer Incomes,"11,24"
14912,2,12,,,2025-04-10 19:45:02,Income,Cash,Computer Incomes,"10,76"
14913,4,8,,,2025-04-10 19:57:23,Income,Cash,Computer Incomes,"12,18"
14914,2,23,,,2025-04-10 13:34:00,Income,Cash,Playstation Incomes,"9,31"
14915,3,5,,,2025-04-10 16:54:37,Income,Cash,Computer Incomes,"11,46"
14916,1,16,,,2025-04-10 11:35:37,Income,Cash,Computer Incomes,"17,92"
14917,1,15,,,2025-04-10 18:53:30,Income,Credit Card,Computer Incomes,"17,68"
14918,3,24,,,2025-04-10 09:49:04,Income,Credit Card,Playstation Incomes,"5,01"
14919,3,16,,,2025-04-10 20:54:41,Income,Cash,Computer Incomes,"10,51"
14920,3,6,,,2025-04-10 12:27:47,Income,Cash,Computer Incomes,"10,99"
14921,2,23,,,2025-04-10 14:58:01,Income,Cash,Playstation Incomes,"6,21"
14922,2,11,6.0,,2025-04-10 21:19:04,Income,Credit Card,Order Incomes,"2,62"
14923,1,24,,,2025-04-10 12:49:38,Income,Cash,Playstation Incomes,"19,35"
14924,2,23,,,2025-04-10 11:34:06,Income,Cash,Playstation Incomes,"8,84"
14925,5,24,,,2025-04-10 15:20:32,Income,Cash,Playstation Incomes,"21,74"
14926,2,5,,,2025-04-11 13:47:44,Income,Cash,Computer Incomes,"13,46"
14927,2,13,,,2025-04-11 23:18:55,Income,Cash,Computer Incomes,"19,81"
14928,3,14,,,2025-04-11 23:11:43,Income,Cash,Computer Incomes,"3,31"
14929,2,23,,,2025-04-11 18:24:05,Income,Cash,Playstation Incomes,"24,38"
14930,3,5,,,2025-04-11 19:26:05,Income,Cash,Computer Incomes,"21,08"
14931,3,24,,,2025-04-11 22:09:40,Income,Cash,Playstation Incomes,"5,59"
14932,4,12,,,2025-04-11 15:50:14,Income,Cash,Computer Incomes,"11,68"
14933,1,11,,66.0,2025-04-11 21:33:16,Income,Cash,Member Transactions,"13,46"
14934,1,3,,,2025-04-11 13:59:31,Income,Cash,Computer Incomes,"17,27"
14935,5,9,47.0,,2025-04-11 17:14:36,Income,Cash,Order Incomes,"4,58"
14936,3,13,,,2025-04-11 12:48:02,Income,Cash,Computer Incomes,"17,52"
14937,2,23,,,2025-04-11 22:15:43,Income,Cash,Playstation Incomes,"13,21"
14938,2,16,,,2025-04-11 19:21:34,Income,Cash,Computer Incomes,"2,54"
14939,2,16,33.0,,2025-04-11 20:59:31,Income,Cash,Order Incomes,"18,29"
14940,2,2,,,2025-04-11 16:10:12,Income,Cash,Computer Incomes,"22,60"
14941,2,15,,,2025-04-11 13:50:47,Income,Cash,Computer Incomes,"5,84"
14942,2,3,,,2025-04-11 16:26:21,Income,Cash,Computer Incomes,"19,05"
14943,4,2,,,2025-04-11 09:40:28,Income,Cash,Computer Incomes,"17,77"
14944,4,7,7.0,,2025-04-11 16:44:38,Income,Credit Card,Order Incomes,"11,93"
14945,4,7,,,2025-04-11 19:31:24,Income,Cash,Computer Incomes,"6,34"
14946,2,2,,,2025-04-11 16:07:05,Income,Cash,Computer Incomes,"12,18"
14947,1,14,,,2025-04-11 19:52:25,Income,Cash,Computer Incomes,"6,85"
14948,3,1,,,2025-04-11 14:09:57,Income,Cash,Computer Incomes,"22,34"
14949,5,13,,,2025-04-11 23:21:15,Income,Cash,Computer Incomes,"6,60"
14950,1,14,,,2025-04-11 13:43:26,Income,Credit Card,Computer Incomes,"25,39"
14951,2,24,,,2025-04-11 10:42:46,Income,Credit Card,Playstation Incomes,"20,82"
14952,4,4,,,2025-04-11 20:12:34,Income,Cash,Computer Incomes,"6,85"
14953,5,1,,,2025-04-11 14:19:52,Income,Cash,Computer Incomes,"14,47"
14954,3,23,,,2025-04-11 11:26:54,Income,Credit Card,Playstation Incomes,"15,74"
14955,1,13,,,2025-04-11 17:26:42,Income,Cash,Computer Incomes,"19,04"
14956,1,4,15.0,,2025-04-11 19:20:13,Income,Cash,Order Incomes,"24,37"
14957,5,6,,50.0,2025-04-11 17:22:57,Income,Credit Card,Member Transactions,"6,85"
14958,2,7,13.0,,2025-04-11 12:00:17,Income,Cash,Order Incomes,"16,75"
14959,5,10,,,2025-04-11 14:57:26,Income,Cash,Computer Incomes,"22,08"
14960,2,13,,,2025-04-11 17:40:32,Income,Cash,Computer Incomes,"14,72"
14961,3,7,,,2025-04-12 10:27:56,Income,Cash,Computer Incomes,"13,23"
14962,1,24,,,2025-04-12 20:29:49,Income,Cash,Playstation Incomes,"4,61"
14963,4,16,,,2025-04-12 20:54:48,Income,Cash,Computer Incomes,"5,65"
14964,4,2,,,2025-04-12 23:46:49,Income,Cash,Computer Incomes,"14,86"
14965,5,4,,,2025-04-12 13:46:22,Income,Cash,Computer Incomes,"12,63"
14966,5,8,,,2025-04-12 15:43:28,Income,Credit Card,Computer Incomes,"4,46"
14967,1,4,,14.0,2025-04-12 20:28:17,Income,Cash,Member Transactions,"14,71"
14968,1,23,,,2025-04-12 12:26:21,Income,Cash,Playstation Incomes,"4,91"
14969,2,7,,,2025-04-12 13:02:03,Income,Cash,Computer Incomes,"6,99"
14970,1,14,,,2025-04-12 19:45:14,Income,Cash,Computer Incomes,"9,07"
14971,2,15,,54.0,2025-04-12 11:32:08,Income,Credit Card,Member Transactions,"12,93"
14972,2,8,,,2025-04-12 10:31:08,Income,Cash,Computer Incomes,"14,27"
14973,2,9,,61.0,2025-04-12 16:38:08,Income,Cash,Member Transactions,"5,65"
14974,4,4,,,2025-04-12 10:33:26,Income,Cash,Computer Incomes,"4,16"
14975,4,5,,,2025-04-12 18:51:08,Income,Cash,Computer Incomes,"7,14"
14976,5,13,,,2025-04-12 21:40:12,Income,Cash,Computer Incomes,"8,32"
14977,5,4,,,2025-04-12 21:14:57,Income,Cash,Computer Incomes,"2,98"
14978,3,14,,,2025-04-12 16:57:24,Income,Cash,Computer Incomes,"14,56"
14979,1,4,,,2025-04-12 18:28:19,Income,Cash,Computer Incomes,"4,46"
14980,5,10,,,2025-04-12 19:35:07,Income,Cash,Computer Incomes,"8,91"
14981,4,14,45.0,,2025-04-12 09:07:07,Income,Cash,Order Incomes,"1,63"
14982,3,16,,,2025-04-12 14:25:18,Income,Cash,Computer Incomes,"10,54"
14983,4,4,,,2025-04-12 22:16:25,Income,Cash,Computer Incomes,"12,03"
14984,4,11,,,2025-04-12 11:06:53,Income,Cash,Computer Incomes,"13,81"
14985,5,24,,,2025-04-12 22:02:42,Income,Cash,Playstation Incomes,"9,35"
14986,1,7,27.0,,2025-04-12 15:07:30,Income,Cash,Order Incomes,"4,01"
14987,4,11,,,2025-04-12 11:25:18,Income,Cash,Computer Incomes,"13,66"
14988,5,3,,,2025-04-12 11:43:38,Income,Credit Card,Computer Incomes,"14,11"
14989,5,8,,,2025-04-12 18:57:48,Income,Cash,Computer Incomes,"10,39"
14990,2,15,,,2025-04-12 13:04:37,Income,Cash,Computer Incomes,"7,57"
14991,1,8,,,2025-04-12 20:28:01,Income,Cash,Computer Incomes,"9,95"
14992,2,11,6.0,,2025-04-12 10:23:44,Income,Cash,Order Incomes,"14,55"
14993,1,16,43.0,,2025-04-12 17:36:59,Income,Cash,Order Incomes,"6,68"
14994,3,2,,,2025-04-12 20:56:56,Income,Cash,Computer Incomes,"6,09"
14995,3,23,,,2025-04-12 15:40:54,Income,Cash,Playstation Incomes,"13,22"
14996,2,1,,,2025-04-12 23:33:50,Income,Cash,Computer Incomes,"3,11"
14997,3,1,,,2025-04-12 15:08:32,Income,Cash,Computer Incomes,"7,13"
14998,1,5,13.0,,2025-04-12 20:04:22,Income,Credit Card,Order Incomes,"8,02"
14999,3,24,,,2025-04-12 22:40:21,Income,Credit Card,Playstation Incomes,"12,32"
15000,5,11,,,2025-04-12 14:06:25,Income,Credit Card,Computer Incomes,"8,31"
15001,4,23,,,2025-04-12 13:23:28,Income,Cash,Playstation Incomes,"10,39"
15002,2,3,,,2025-04-12 14:47:52,Income,Cash,Computer Incomes,"3,86"
15003,4,7,,,2025-04-12 19:04:15,Income,Credit Card,Computer Incomes,"8,02"
15004,2,24,,,2025-04-13 10:53:43,Income,Cash,Playstation Incomes,"18,60"
15005,5,4,,,2025-04-13 12:52:33,Income,Cash,Computer Incomes,"18,60"
15006,3,3,8.0,,2025-04-13 14:15:16,Income,Cash,Order Incomes,"4,31"
15007,3,9,,,2025-04-13 11:05:42,Income,Cash,Computer Incomes,"7,44"
15008,3,11,,,2025-04-13 10:58:52,Income,Cash,Computer Incomes,"6,86"
15009,1,6,,,2025-04-13 21:58:12,Income,Cash,Computer Incomes,"16,45"
15010,5,23,,,2025-04-13 18:29:35,Income,Credit Card,Playstation Incomes,"4,90"
15011,4,10,,8.0,2025-04-13 14:10:35,Income,Cash,Member Transactions,"16,06"
15012,3,14,31.0,,2025-04-13 21:53:43,Income,Credit Card,Order Incomes,"10,77"
15013,5,5,,,2025-04-13 17:19:50,Income,Cash,Computer Incomes,"4,90"
15014,2,10,,,2025-04-13 18:55:13,Income,Credit Card,Computer Incomes,"15,67"
15015,2,6,,,2025-04-13 10:32:26,Income,Credit Card,Computer Incomes,"5,10"
15016,1,15,,,2025-04-13 09:32:17,Income,Cash,Computer Incomes,"3,53"
15017,3,24,,,2025-04-13 23:35:19,Income,Cash,Playstation Incomes,"19,18"
15018,3,6,22.0,,2025-04-13 12:08:25,Income,Cash,Order Incomes,"19,18"
15019,3,10,,,2025-04-13 21:10:48,Income,Cash,Computer Incomes,"11,15"
15020,1,2,,,2025-04-13 18:34:17,Income,Cash,Computer Incomes,"3,13"
15021,1,23,,,2025-04-13 21:53:31,Income,Cash,Playstation Incomes,"11,94"
15022,4,7,,,2025-04-13 18:42:29,Income,Cash,Computer Incomes,"2,15"
15023,5,7,,,2025-04-13 16:31:56,Income,Credit Card,Computer Incomes,"6,26"
15024,3,13,,,2025-04-13 13:28:08,Income,Cash,Computer Incomes,"19,57"
15025,2,14,,,2025-04-13 14:24:12,Income,Cash,Computer Incomes,"5,48"
15026,4,8,,,2025-04-13 20:48:08,Income,Cash,Computer Incomes,"10,76"
15027,4,10,,,2025-04-14 20:40:41,Income,Cash,Computer Incomes,"5,57"
15028,2,24,,,2025-04-14 12:51:20,Income,Cash,Playstation Incomes,"18,18"
15029,3,2,48.0,,2025-04-14 16:30:20,Income,Cash,Order Incomes,"12,32"
15030,3,1,10.0,,2025-04-14 14:33:38,Income,Cash,Order Incomes,"27,85"
15031,4,2,,,2025-04-14 10:04:04,Income,Cash,Computer Incomes,"23,75"
15032,5,5,47.0,,2025-04-14 18:54:56,Income,Cash,Order Incomes,"4,69"
15033,5,4,29.0,,2025-04-14 11:57:54,Income,Cash,Order Incomes,"23,75"
15034,3,15,,,2025-04-14 11:28:43,Income,Cash,Computer Incomes,"15,83"
15035,2,12,,,2025-04-14 17:09:59,Income,Credit Card,Computer Incomes,"27,55"
15036,4,14,,,2025-04-14 12:21:59,Income,Cash,Computer Incomes,"29,01"
15037,4,23,,,2025-04-14 21:45:25,Income,Cash,Playstation Incomes,"11,43"
15038,1,15,,,2025-04-14 14:36:27,Income,Cash,Computer Incomes,"11,72"
15039,2,16,,,2025-04-14 11:04:29,Income,Cash,Computer Incomes,"7,91"
15040,3,2,,,2025-04-14 16:57:41,Income,Cash,Computer Incomes,"21,10"
15041,1,13,,,2025-04-14 12:33:11,Income,Cash,Computer Incomes,"14,65"
15042,3,7,,13.0,2025-04-15 15:16:03,Income,Credit Card,Member Transactions,"17,61"
15043,1,1,23.0,,2025-04-15 19:45:35,Income,Cash,Order Incomes,"10,26"
15044,2,9,,,2025-04-15 17:53:41,Income,Cash,Computer Incomes,"10,52"
15045,4,16,,,2025-04-15 16:35:53,Income,Credit Card,Computer Incomes,"9,99"
15046,5,6,,,2025-04-15 10:31:28,Income,Cash,Computer Incomes,"15,77"
15047,1,1,,,2025-04-15 16:43:27,Income,Cash,Computer Incomes,"5,52"
15048,5,24,,,2025-04-15 23:04:33,Income,Cash,Playstation Incomes,"14,46"
15049,1,23,,,2025-04-15 19:38:26,Income,Cash,Playstation Incomes,"10,25"
15050,2,24,,,2025-04-15 09:35:48,Income,Cash,Playstation Incomes,"21,81"
15051,5,8,37.0,,2025-04-15 09:34:11,Income,Cash,Order Incomes,"26,28"
15052,4,5,27.0,,2025-04-15 19:25:28,Income,Cash,Order Incomes,"16,03"
15053,3,23,,,2025-04-15 13:05:31,Income,Cash,Playstation Incomes,"21,81"
15054,3,24,,,2025-04-15 19:03:42,Income,Cash,Playstation Incomes,"4,46"
15055,5,5,,24.0,2025-04-15 13:17:51,Income,Cash,Member Transactions,"11,82"
15056,1,14,,,2025-04-16 18:42:36,Income,Credit Card,Computer Incomes,"43,14"
15057,5,16,,,2025-04-16 16:32:34,Income,Cash,Computer Incomes,"17,26"
15058,4,5,,,2025-04-16 19:30:57,Income,Credit Card,Computer Incomes,"21,14"
15059,2,12,,,2025-04-16 10:49:45,Income,Cash,Computer Incomes,"6,04"
15060,2,5,,,2025-04-16 17:48:31,Income,Cash,Computer Incomes,"17,26"
15061,3,23,,,2025-04-16 13:15:20,Income,Cash,Playstation Incomes,"39,25"
15062,3,12,11.0,,2025-04-16 13:52:19,Income,Cash,Order Incomes,"40,55"
15063,3,7,,,2025-04-16 15:18:17,Income,Cash,Computer Incomes,"9,49"
15064,4,13,,,2025-04-16 18:34:00,Income,Cash,Computer Incomes,"5,18"
15065,3,24,,,2025-04-16 22:06:32,Income,Credit Card,Playstation Incomes,"8,19"
15066,1,6,,28.0,2025-04-16 18:03:30,Income,Credit Card,Member Transactions,"37,95"
15067,3,23,,,2025-04-16 17:49:57,Income,Cash,Playstation Incomes,"31,91"
15068,1,10,,,2025-04-16 15:09:07,Income,Cash,Computer Incomes,"32,78"
15069,2,3,,,2025-04-16 14:30:11,Income,Cash,Computer Incomes,"28,89"
15070,4,24,,,2025-04-16 12:19:20,Income,Cash,Playstation Incomes,"35,36"
15071,4,23,,,2025-04-16 11:55:13,Income,Cash,Playstation Incomes,"9,05"
15072,2,16,,,2025-04-17 11:41:08,Income,Credit Card,Computer Incomes,"18,72"
15073,5,12,,,2025-04-17 22:40:21,Income,Cash,Computer Incomes,"16,04"
15074,3,6,,,2025-04-17 09:41:13,Income,Cash,Computer Incomes,"16,23"
15075,1,24,,,2025-04-17 21:32:57,Income,Credit Card,Playstation Incomes,"4,59"
15076,1,10,,,2025-04-17 23:45:08,Income,Cash,Computer Incomes,"7,83"
15077,3,2,,,2025-04-17 15:24:09,Income,Cash,Computer Incomes,"10,70"
15078,2,10,,,2025-04-17 12:06:28,Income,Cash,Computer Incomes,"15,47"
15079,3,23,,,2025-04-17 22:30:29,Income,Cash,Playstation Incomes,"4,40"
15080,3,13,47.0,,2025-04-17 20:47:57,Income,Credit Card,Order Incomes,"15,47"
15081,5,5,,,2025-04-17 20:01:34,Income,Credit Card,Computer Incomes,"17,19"
15082,3,10,,,2025-04-17 14:11:36,Income,Cash,Computer Incomes,"16,99"
15083,3,24,,,2025-04-17 11:33:38,Income,Cash,Playstation Incomes,"18,71"
15084,4,23,,,2025-04-17 09:09:25,Income,Credit Card,Playstation Incomes,"8,78"
15085,4,7,,50.0,2025-04-17 21:46:09,Income,Cash,Member Transactions,"2,29"
15086,2,24,,,2025-04-17 10:22:17,Income,Cash,Playstation Incomes,"15,27"
15087,4,8,,,2025-04-17 21:00:30,Income,Cash,Computer Incomes,"16,99"
15088,1,23,,,2025-04-17 20:41:26,Income,Cash,Playstation Incomes,"9,16"
15089,3,24,,,2025-04-17 11:28:20,Income,Cash,Playstation Incomes,"15,46"
15090,1,4,,,2025-04-17 18:04:11,Income,Cash,Computer Incomes,"7,25"
15091,1,23,,,2025-04-17 12:59:56,Income,Cash,Playstation Incomes,"17,18"
15092,2,6,,,2025-04-17 19:20:29,Income,Credit Card,Computer Incomes,"15,84"
15093,4,24,,,2025-04-17 21:20:43,Income,Cash,Playstation Incomes,"10,11"
15094,4,7,34.0,,2025-04-17 10:44:31,Income,Cash,Order Incomes,"18,90"
15095,1,10,,,2025-04-18 09:14:20,Income,Cash,Computer Incomes,"2,68"
15096,1,23,,,2025-04-18 11:44:04,Income,Credit Card,Playstation Incomes,"5,35"
15097,1,13,27.0,,2025-04-18 09:45:45,Income,Cash,Order Incomes,"7,88"
15098,5,15,,,2025-04-18 14:22:12,Income,Credit Card,Computer Incomes,"5,07"
15099,1,24,,,2025-04-18 16:03:56,Income,Cash,Playstation Incomes,"10,41"
15100,3,13,17.0,,2025-04-18 15:12:49,Income,Cash,Order Incomes,"13,08"
15101,4,9,,,2025-04-18 17:36:45,Income,Cash,Computer Incomes,"3,94"
15102,4,10,,,2025-04-18 21:54:30,Income,Cash,Computer Incomes,"6,33"
15103,1,13,,,2025-04-18 21:45:43,Income,Cash,Computer Incomes,"11,82"
15104,2,1,,,2025-04-18 18:07:40,Income,Credit Card,Computer Incomes,"6,33"
15105,1,23,,,2025-04-18 16:44:04,Income,Cash,Playstation Incomes,"1,97"
15106,4,24,,,2025-04-18 13:28:05,Income,Cash,Playstation Incomes,"11,82"
15107,2,12,,,2025-04-18 23:47:24,Income,Cash,Computer Incomes,"7,74"
15108,2,16,11.0,,2025-04-18 21:36:47,Income,Cash,Order Incomes,"12,10"
15109,5,16,,,2025-04-18 19:58:33,Income,Cash,Computer Incomes,"2,54"
15110,5,3,,,2025-04-18 22:11:33,Income,Cash,Computer Incomes,"12,10"
15111,2,1,,55.0,2025-04-18 21:27:49,Income,Cash,Member Transactions,"8,72"
15112,3,8,,,2025-04-18 20:25:14,Income,Cash,Computer Incomes,"8,72"
15113,5,10,,,2025-04-18 14:54:47,Income,Cash,Computer Incomes,"3,38"
15114,2,7,,65.0,2025-04-18 12:18:36,Income,Credit Card,Member Transactions,"9,15"
15115,1,23,,,2025-04-18 14:24:55,Income,Cash,Playstation Incomes,"12,51"
15116,5,5,,64.0,2025-04-18 11:59:09,Income,Cash,Member Transactions,"6,46"
15117,2,24,,,2025-04-18 11:07:45,Income,Cash,Playstation Incomes,"5,06"
15118,1,23,,,2025-04-18 18:15:32,Income,Cash,Playstation Incomes,"13,78"
15119,3,1,,,2025-04-18 12:00:55,Income,Cash,Computer Incomes,"7,17"
15120,5,12,,,2025-04-18 15:03:53,Income,Cash,Computer Incomes,"8,71"
15121,1,6,,,2025-04-18 14:50:33,Income,Cash,Computer Incomes,"10,96"
15122,5,7,20.0,,2025-04-18 09:14:10,Income,Cash,Order Incomes,"10,12"
15123,1,12,,,2025-04-18 15:49:55,Income,Cash,Computer Incomes,"7,31"
15124,3,7,31.0,,2025-04-18 14:49:37,Income,Cash,Order Incomes,"9,70"
15125,3,24,,,2025-04-18 15:25:25,Income,Cash,Playstation Incomes,"9,56"
15126,5,10,,,2025-04-18 13:21:51,Income,Cash,Computer Incomes,"7,31"
15127,5,23,,,2025-04-18 10:28:52,Income,Cash,Playstation Incomes,"10,68"
15128,1,16,,,2025-04-18 23:30:16,Income,Cash,Computer Incomes,"7,03"
15129,2,10,,,2025-04-18 17:52:54,Income,Cash,Computer Incomes,"13,35"
15130,5,3,,,2025-04-18 15:10:43,Income,Credit Card,Computer Incomes,"2,53"
15131,2,24,,,2025-04-18 11:19:41,Income,Cash,Playstation Incomes,"7,87"
15132,1,1,,9.0,2025-04-18 15:31:19,Income,Cash,Member Transactions,"8,57"
15133,4,11,,,2025-04-18 14:54:05,Income,Cash,Computer Incomes,"10,54"
15134,4,8,,,2025-04-18 10:59:49,Income,Cash,Computer Incomes,"8,71"
15135,5,16,,,2025-04-19 15:54:27,Income,Cash,Computer Incomes,"15,18"
15136,3,12,,,2025-04-19 22:39:25,Income,Cash,Computer Incomes,"2,99"
15137,1,5,29.0,,2025-04-19 14:44:28,Income,Cash,Order Incomes,"7,47"
15138,4,5,,,2025-04-19 13:36:43,Income,Credit Card,Computer Incomes,"6,97"
15139,4,2,,,2025-04-19 22:19:02,Income,Credit Card,Computer Incomes,"13,68"
15140,4,10,,,2025-04-19 19:34:11,Income,Cash,Computer Incomes,"12,19"
15141,3,1,,,2025-04-19 15:29:47,Income,Credit Card,Computer Incomes,"19,65"
15142,2,23,,,2025-04-19 23:16:53,Income,Cash,Playstation Incomes,"13,44"
15143,1,24,,,2025-04-19 12:08:41,Income,Cash,Playstation Incomes,"10,95"
15144,1,16,,18.0,2025-04-19 18:21:19,Income,Cash,Member Transactions,"7,71"
15145,3,4,,23.0,2025-04-19 21:59:35,Income,Cash,Member Transactions,"21,64"
15146,1,1,,,2025-04-19 20:21:49,Income,Cash,Computer Incomes,"20,15"
15147,5,14,,,2025-04-19 23:38:11,Income,Cash,Computer Incomes,"9,95"
15148,4,11,,,2025-04-19 21:30:14,Income,Cash,Computer Incomes,"9,70"
15149,4,2,,,2025-04-19 13:23:56,Income,Cash,Computer Incomes,"6,47"
15150,4,5,12.0,,2025-04-19 10:50:19,Income,Cash,Order Incomes,"9,21"
15151,4,15,,,2025-04-19 10:39:04,Income,Cash,Computer Incomes,"14,93"
15152,2,23,,,2025-04-19 21:27:18,Income,Cash,Playstation Incomes,"18,16"
15153,2,12,45.0,,2025-04-19 18:06:40,Income,Cash,Order Incomes,"23,13"
15154,4,11,,,2025-04-19 11:50:14,Income,Cash,Computer Incomes,"7,22"
15155,4,16,,,2025-04-19 13:47:19,Income,Cash,Computer Incomes,"6,97"
15156,5,24,,,2025-04-19 22:14:33,Income,Cash,Playstation Incomes,"2,48"
15157,1,2,,,2025-04-19 14:08:26,Income,Cash,Computer Incomes,"17,65"
15158,1,7,11.0,,2025-04-19 09:23:36,Income,Credit Card,Order Incomes,"23,62"
15159,3,3,13.0,,2025-04-19 15:35:57,Income,Cash,Order Incomes,"5,22"
15160,5,9,,,2025-04-19 18:11:44,Income,Cash,Computer Incomes,"5,47"
15161,5,10,,,2025-04-19 17:05:07,Income,Cash,Computer Incomes,"11,93"
15162,5,23,,,2025-04-19 16:29:26,Income,Credit Card,Playstation Incomes,"6,21"
15163,4,3,,,2025-04-19 14:48:43,Income,Cash,Computer Incomes,"8,95"
15164,4,9,,,2025-04-19 21:49:06,Income,Cash,Computer Incomes,"18,15"
15165,4,24,,,2025-04-19 19:59:23,Income,Cash,Playstation Incomes,"14,67"
15166,1,5,,,2025-04-19 23:56:25,Income,Credit Card,Computer Incomes,"15,17"
15167,3,12,,,2025-04-19 11:47:00,Income,Cash,Computer Incomes,"19,89"
15168,4,1,,,2025-04-19 15:16:05,Income,Cash,Computer Incomes,"8,70"
15169,3,4,,,2025-04-19 09:08:39,Income,Cash,Computer Incomes,"9,94"
15170,2,8,5.0,,2025-04-19 13:33:10,Income,Cash,Order Incomes,"11,68"
15171,3,7,,,2025-04-19 13:11:27,Income,Credit Card,Computer Incomes,"20,64"
15172,4,9,,,2025-04-19 09:45:22,Income,Cash,Computer Incomes,"6,21"
15173,1,8,49.0,,2025-04-20 22:25:05,Income,Cash,Order Incomes,"21,84"
15174,2,8,,,2025-04-20 11:18:34,Income,Cash,Computer Incomes,"2,96"
15175,3,15,35.0,,2025-04-20 11:13:15,Income,Cash,Order Incomes,"7,74"
15176,3,2,,,2025-04-20 23:09:50,Income,Cash,Computer Incomes,"6,37"
15177,3,10,41.0,,2025-04-20 16:04:02,Income,Cash,Order Incomes,"2,51"
15178,1,10,,,2025-04-20 19:18:30,Income,Cash,Computer Incomes,"15,70"
15179,2,2,,,2025-04-20 15:14:18,Income,Cash,Computer Incomes,"20,93"
15180,3,2,,53.0,2025-04-20 18:08:45,Income,Credit Card,Member Transactions,"19,34"
15181,3,8,,31.0,2025-04-20 13:55:48,Income,Cash,Member Transactions,"16,15"
15182,4,23,,,2025-04-20 17:52:06,Income,Cash,Playstation Incomes,"12,96"
15183,4,11,,,2025-04-20 18:49:01,Income,Cash,Computer Incomes,"5,00"
15184,4,8,,44.0,2025-04-20 19:05:24,Income,Credit Card,Member Transactions,"8,41"
15185,3,5,,23.0,2025-04-20 18:59:42,Income,Credit Card,Member Transactions,"14,55"
15186,4,1,8.0,,2025-04-20 10:18:51,Income,Cash,Order Incomes,"13,64"
15187,4,15,,,2025-04-20 14:54:24,Income,Cash,Computer Incomes,"4,77"
15188,5,1,,,2025-04-20 11:22:03,Income,Cash,Computer Incomes,"15,69"
15189,1,5,35.0,,2025-04-20 22:30:42,Income,Cash,Order Incomes,"22,28"
15190,4,15,,,2025-04-20 22:04:47,Income,Cash,Computer Incomes,"7,95"
15191,1,12,,,2025-04-20 11:24:25,Income,Cash,Computer Incomes,"8,64"
15192,1,12,44.0,,2025-04-20 11:03:12,Income,Credit Card,Order Incomes,"22,74"
15193,5,24,,,2025-04-20 22:05:34,Income,Credit Card,Playstation Incomes,"11,59"
15194,4,7,,,2025-04-20 18:51:32,Income,Cash,Computer Incomes,"3,41"
15195,4,23,,,2025-04-20 11:48:42,Income,Credit Card,Playstation Incomes,"15,46"
15196,2,14,,,2025-04-21 19:41:41,Income,Cash,Computer Incomes,"41,97"
15197,2,12,,,2025-04-21 23:53:51,Income,Cash,Computer Incomes,"30,69"
15198,5,4,,,2025-04-21 15:36:30,Income,Cash,Computer Incomes,"13,09"
15199,3,24,,,2025-04-21 14:28:37,Income,Credit Card,Playstation Incomes,"5,87"
15200,5,7,,,2025-04-21 17:45:46,Income,Cash,Computer Incomes,"4,97"
15201,4,5,,,2025-04-21 15:25:42,Income,Cash,Computer Incomes,"37,01"
15202,4,10,8.0,,2025-04-21 16:36:53,Income,Cash,Order Incomes,"12,19"
15203,5,12,23.0,,2025-04-21 22:46:32,Income,Credit Card,Order Incomes,"27,98"
15204,1,23,,,2025-04-21 22:57:46,Income,Cash,Playstation Incomes,"30,69"
15205,2,24,,,2025-04-21 17:32:27,Income,Cash,Playstation Incomes,"8,57"
15206,5,23,,,2025-04-21 22:25:46,Income,Cash,Playstation Incomes,"12,63"
15207,4,24,,,2025-04-21 20:06:43,Income,Cash,Playstation Incomes,"29,78"
15208,3,5,,,2025-04-21 20:55:30,Income,Credit Card,Computer Incomes,"36,10"
15209,4,23,,,2025-04-21 17:56:48,Income,Cash,Playstation Incomes,"11,28"
15210,5,4,,,2025-04-21 17:46:10,Income,Cash,Computer Incomes,"4,96"
15211,2,14,,,2025-04-21 21:01:37,Income,Cash,Computer Incomes,"8,12"
15212,3,7,,,2025-04-21 18:53:28,Income,Cash,Computer Incomes,"5,41"
15213,4,16,24.0,,2025-04-21 18:43:12,Income,Cash,Order Incomes,"11,28"
15214,5,24,,,2025-04-21 13:48:09,Income,Credit Card,Playstation Incomes,"16,24"
15215,1,1,13.0,,2025-04-22 11:01:32,Income,Cash,Order Incomes,"10,23"
15216,2,14,,,2025-04-22 19:21:35,Income,Cash,Computer Incomes,"9,77"
15217,3,15,46.0,,2025-04-22 12:42:16,Income,Cash,Order Incomes,"10,38"
15218,3,14,,,2025-04-22 13:47:07,Income,Cash,Computer Incomes,"11,60"
15219,3,9,,,2025-04-22 16:46:44,Income,Cash,Computer Incomes,"9,46"
15220,5,12,,,2025-04-22 17:26:29,Income,Cash,Computer Incomes,"5,96"
15221,1,23,,,2025-04-22 11:23:55,Income,Cash,Playstation Incomes,"3,51"
15222,3,13,,,2025-04-22 19:43:39,Income,Cash,Computer Incomes,"10,07"
15223,5,24,,,2025-04-22 23:15:24,Income,Cash,Playstation Incomes,"3,97"
15224,1,23,,,2025-04-22 11:03:25,Income,Cash,Playstation Incomes,"12,97"
15225,1,16,,,2025-04-22 21:01:06,Income,Credit Card,Computer Incomes,"13,43"
15226,3,13,,,2025-04-22 13:47:48,Income,Cash,Computer Incomes,"14,50"
15227,1,7,,,2025-04-22 11:50:00,Income,Cash,Computer Incomes,"14,65"
15228,4,4,,,2025-04-22 21:42:48,Income,Credit Card,Computer Incomes,"8,84"
15229,3,24,,,2025-04-22 12:28:35,Income,Cash,Playstation Incomes,"3,20"
15230,4,23,,,2025-04-22 13:21:21,Income,Cash,Playstation Incomes,"9,61"
15231,4,24,,,2025-04-22 11:58:02,Income,Cash,Playstation Incomes,"9,00"
15232,1,7,10.0,,2025-04-22 16:24:57,Income,Credit Card,Order Incomes,"8,84"
15233,2,23,,,2025-04-22 19:37:35,Income,Cash,Playstation Incomes,"10,98"
15234,2,7,,65.0,2025-04-22 10:16:00,Income,Cash,Member Transactions,"12,35"
15235,1,15,,,2025-04-22 23:02:47,Income,Cash,Computer Incomes,"8,84"
15236,5,16,,,2025-04-22 23:17:30,Income,Cash,Computer Incomes,"9,00"
15237,1,8,,,2025-04-22 11:31:26,Income,Cash,Computer Incomes,"14,03"
15238,3,12,,,2025-04-22 17:28:49,Income,Cash,Computer Incomes,"7,17"
15239,5,24,,,2025-04-23 18:34:39,Income,Cash,Playstation Incomes,"17,34"
15240,1,12,,,2025-04-23 16:45:13,Income,Cash,Computer Incomes,"26,17"
15241,5,10,,,2025-04-23 18:13:39,Income,Cash,Computer Incomes,"17,97"
15242,3,23,,,2025-04-23 17:19:31,Income,Cash,Playstation Incomes,"23,33"
15243,5,10,,,2025-04-23 23:01:07,Income,Cash,Computer Incomes,"29,00"
15244,1,3,,,2025-04-23 16:14:27,Income,Cash,Computer Incomes,"17,97"
15245,4,6,,,2025-04-23 18:38:09,Income,Cash,Computer Incomes,"19,55"
15246,3,10,,,2025-04-23 12:10:29,Income,Credit Card,Computer Incomes,"14,18"
15247,4,10,,,2025-04-23 14:08:04,Income,Credit Card,Computer Incomes,"11,97"
15248,1,2,,,2025-04-23 15:32:22,Income,Cash,Computer Incomes,"10,08"
15249,2,3,,,2025-04-23 22:39:03,Income,Cash,Computer Incomes,"7,87"
15250,3,3,,,2025-04-23 12:55:13,Income,Credit Card,Computer Incomes,"10,71"
15251,4,3,,,2025-04-23 11:43:41,Income,Cash,Computer Incomes,"14,18"
15252,3,11,,,2025-04-23 17:04:02,Income,Cash,Computer Incomes,"24,90"
15253,4,9,,,2025-04-24 21:15:21,Income,Credit Card,Computer Incomes,"28,58"
15254,4,24,,,2025-04-24 21:03:31,Income,Cash,Playstation Incomes,"30,09"
15255,3,6,,20.0,2025-04-24 11:03:12,Income,Credit Card,Member Transactions,"37,61"
15256,4,23,,,2025-04-24 19:40:43,Income,Cash,Playstation Incomes,"9,78"
15257,1,24,,,2025-04-24 10:37:07,Income,Cash,Playstation Incomes,"37,61"
15258,3,10,,,2025-04-24 11:31:47,Income,Cash,Computer Incomes,"24,07"
15259,2,6,,,2025-04-24 10:05:06,Income,Cash,Computer Incomes,"6,02"
15260,5,4,,,2025-04-24 10:57:49,Income,Cash,Computer Incomes,"8,64"
15261,5,16,,,2025-04-24 20:42:56,Income,Cash,Computer Incomes,"23,31"
15262,1,23,,,2025-04-24 23:40:10,Income,Credit Card,Playstation Incomes,"34,97"
15263,4,5,,35.0,2025-04-24 17:18:37,Income,Cash,Member Transactions,"24,44"
15264,1,8,,,2025-04-24 11:38:12,Income,Cash,Computer Incomes,"13,53"
15265,5,6,8.0,,2025-04-24 12:25:40,Income,Cash,Order Incomes,"31,96"
15266,3,9,,,2025-04-24 22:33:31,Income,Cash,Computer Incomes,"32,33"
15267,3,24,,,2025-04-25 23:05:15,Income,Cash,Playstation Incomes,"9,03"
15268,1,23,,,2025-04-25 18:57:56,Income,Credit Card,Playstation Incomes,"5,94"
15269,2,4,27.0,,2025-04-25 17:44:51,Income,Cash,Order Incomes,"8,08"
15270,3,4,,,2025-04-25 17:37:29,Income,Credit Card,Computer Incomes,"13,78"
15271,5,24,,,2025-04-25 18:05:24,Income,Cash,Playstation Incomes,"14,02"
15272,1,16,,,2025-04-25 21:46:43,Income,Cash,Computer Incomes,"2,86"
15273,1,8,44.0,,2025-04-25 09:14:20,Income,Cash,Order Incomes,"7,37"
15274,3,23,,,2025-04-25 17:22:30,Income,Cash,Playstation Incomes,"3,57"
15275,4,5,,,2025-04-25 13:57:42,Income,Cash,Computer Incomes,"15,92"
15276,5,3,,,2025-04-25 11:21:53,Income,Cash,Computer Incomes,"21,14"
15277,1,3,,,2025-04-25 22:50:29,Income,Cash,Computer Incomes,"19,48"
15278,1,24,,,2025-04-25 18:46:32,Income,Cash,Playstation Incomes,"13,07"
15279,1,7,,18.0,2025-04-25 21:20:08,Income,Cash,Member Transactions,"14,73"
15280,1,9,,,2025-04-25 14:59:21,Income,Cash,Computer Incomes,"17,34"
15281,5,23,,,2025-04-25 09:18:39,Income,Cash,Playstation Incomes,"22,57"
15282,2,15,,61.0,2025-04-25 16:12:57,Income,Cash,Member Transactions,"11,87"
15283,2,12,,,2025-04-25 19:15:46,Income,Cash,Computer Incomes,"22,56"
15284,1,7,22.0,,2025-04-25 12:01:35,Income,Credit Card,Order Incomes,"20,42"
15285,5,13,,,2025-04-25 10:13:59,Income,Cash,Computer Incomes,"4,27"
15286,4,9,,,2025-04-25 13:51:00,Income,Credit Card,Computer Incomes,"4,75"
15287,5,8,,,2025-04-25 17:01:07,Income,Cash,Computer Incomes,"5,93"
15288,2,8,,,2025-04-25 22:31:17,Income,Credit Card,Computer Incomes,"9,26"
15289,3,9,23.0,,2025-04-25 10:29:24,Income,Cash,Order Incomes,"21,13"
15290,5,12,,,2025-04-25 16:06:15,Income,Credit Card,Computer Incomes,"8,78"
15291,1,12,,,2025-04-25 17:09:51,Income,Credit Card,Computer Incomes,"10,21"
15292,3,14,30.0,,2025-04-25 10:37:16,Income,Cash,Order Incomes,"20,18"
15293,4,12,38.0,,2025-04-25 10:39:53,Income,Cash,Order Incomes,"8,78"
15294,1,9,,,2025-04-25 11:23:54,Income,Cash,Computer Incomes,"7,60"
15295,2,11,,,2025-04-25 20:36:50,Income,Cash,Computer Incomes,"7,12"
15296,2,2,26.0,,2025-04-25 12:15:23,Income,Cash,Order Incomes,"18,76"
15297,4,6,,,2025-04-26 16:45:40,Income,Cash,Computer Incomes,"4,09"
15298,2,24,,,2025-04-26 20:28:14,Income,Cash,Playstation Incomes,"11,34"
15299,1,6,,,2025-04-26 19:41:11,Income,Cash,Computer Incomes,"3,72"
15300,5,2,,,2025-04-26 11:23:10,Income,Credit Card,Computer Incomes,"12,27"
15301,5,9,,,2025-04-26 11:44:26,Income,Cash,Computer Incomes,"1,86"
15302,1,8,,,2025-04-26 22:19:09,Income,Cash,Computer Incomes,"11,34"
15303,1,9,,53.0,2025-04-26 12:40:54,Income,Cash,Member Transactions,"13,95"
15304,3,12,,,2025-04-26 21:56:32,Income,Cash,Computer Incomes,"11,72"
15305,2,16,,,2025-04-26 15:09:20,Income,Cash,Computer Incomes,"2,05"
15306,4,8,,42.0,2025-04-26 18:56:33,Income,Cash,Member Transactions,"7,44"
15307,2,5,,,2025-04-26 18:16:19,Income,Cash,Computer Incomes,"12,83"
15308,2,3,,63.0,2025-04-26 12:44:52,Income,Cash,Member Transactions,"16,18"
15309,3,23,,,2025-04-26 09:33:42,Income,Cash,Playstation Incomes,"13,58"
15310,2,3,,47.0,2025-04-26 12:47:19,Income,Cash,Member Transactions,"18,41"
15311,3,14,,,2025-04-26 10:22:47,Income,Cash,Computer Incomes,"12,83"
15312,3,4,,,2025-04-26 12:38:48,Income,Cash,Computer Incomes,"16,74"
15313,5,3,,,2025-04-26 17:47:49,Income,Cash,Computer Incomes,"12,27"
15314,5,1,,6.0,2025-04-26 15:44:26,Income,Credit Card,Member Transactions,"15,81"
15315,3,15,,,2025-04-26 13:03:13,Income,Credit Card,Computer Incomes,"2,05"
15316,3,24,,,2025-04-26 12:45:33,Income,Cash,Playstation Incomes,"6,51"
15317,1,23,,,2025-04-26 11:48:01,Income,Cash,Playstation Incomes,"5,01"
15318,2,7,35.0,,2025-04-26 17:20:45,Income,Cash,Order Incomes,"13,94"
15319,1,14,,,2025-04-26 14:19:23,Income,Cash,Computer Incomes,"15,98"
15320,1,24,,,2025-04-26 14:44:38,Income,Cash,Playstation Incomes,"13,57"
15321,5,9,11.0,,2025-04-26 16:13:42,Income,Cash,Order Incomes,"6,32"
15322,2,9,42.0,,2025-04-26 10:00:11,Income,Credit Card,Order Incomes,"11,15"
15323,1,10,,,2025-04-26 13:03:25,Income,Cash,Computer Incomes,"2,97"
15324,1,11,,,2025-04-26 11:42:05,Income,Credit Card,Computer Incomes,"18,59"
15325,5,2,,,2025-04-26 10:44:41,Income,Cash,Computer Incomes,"4,46"
15326,4,12,,,2025-04-26 09:55:22,Income,Credit Card,Computer Incomes,"2,78"
15327,2,1,,,2025-04-26 21:57:09,Income,Cash,Computer Incomes,"15,61"
15328,2,6,,,2025-04-26 17:55:19,Income,Cash,Computer Incomes,"3,53"
15329,3,16,18.0,,2025-04-26 13:38:52,Income,Credit Card,Order Incomes,"4,27"
15330,4,1,,,2025-04-26 19:05:20,Income,Credit Card,Computer Incomes,"14,31"
15331,5,9,,,2025-04-26 14:31:13,Income,Cash,Computer Incomes,"10,22"
15332,2,8,,,2025-04-26 09:14:19,Income,Cash,Computer Incomes,"16,17"
15333,2,23,,,2025-04-26 11:09:59,Income,Cash,Playstation Incomes,"15,42"
15334,1,24,,,2025-04-26 11:51:53,Income,Cash,Playstation Incomes,"2,60"
15335,5,23,,,2025-04-26 12:15:37,Income,Credit Card,Playstation Incomes,"18,03"
15336,5,13,,,2025-04-26 23:38:19,Income,Credit Card,Computer Incomes,"16,73"
15337,3,6,4.0,,2025-04-26 12:28:32,Income,Cash,Order Incomes,"9,85"
15338,1,16,,,2025-04-27 10:02:18,Income,Cash,Computer Incomes,"34,62"
15339,3,12,,,2025-04-27 13:19:22,Income,Cash,Computer Incomes,"13,70"
15340,4,12,,,2025-04-27 21:57:03,Income,Cash,Computer Incomes,"22,45"
15341,2,24,,,2025-04-27 14:45:23,Income,Cash,Playstation Incomes,"37,29"
15342,5,23,,,2025-04-27 09:34:53,Income,Cash,Playstation Incomes,"27,01"
15343,2,7,42.0,,2025-04-27 21:14:33,Income,Credit Card,Order Incomes,"25,87"
15344,4,3,,,2025-04-27 23:51:31,Income,Cash,Computer Incomes,"32,34"
15345,2,13,,,2025-04-27 21:44:38,Income,Cash,Computer Incomes,"14,08"
15346,4,3,,,2025-04-27 22:19:32,Income,Cash,Computer Incomes,"37,29"
15347,3,12,,44.0,2025-04-27 15:20:28,Income,Cash,Member Transactions,"17,87"
15348,4,24,,,2025-04-27 18:56:33,Income,Cash,Playstation Incomes,"13,31"
15349,4,16,,23.0,2025-04-27 16:27:49,Income,Cash,Member Transactions,"33,09"
15350,2,23,,,2025-04-27 16:38:43,Income,Cash,Playstation Incomes,"4,94"
15351,2,16,,,2025-04-27 22:13:04,Income,Cash,Computer Incomes,"22,06"
15352,1,24,,,2025-04-27 19:34:57,Income,Cash,Playstation Incomes,"9,12"
15353,2,23,,,2025-04-27 21:25:51,Income,Cash,Playstation Incomes,"27,38"
15354,3,1,,,2025-04-28 09:33:34,Income,Cash,Computer Incomes,"4,45"
15355,5,24,,,2025-04-28 11:03:20,Income,Cash,Playstation Incomes,"18,60"
15356,5,23,,,2025-04-28 10:03:10,Income,Cash,Playstation Incomes,"12,13"
15357,4,3,,,2025-04-28 15:37:19,Income,Cash,Computer Incomes,"16,18"
15358,4,8,,,2025-04-28 19:08:43,Income,Cash,Computer Incomes,"10,32"
15359,2,6,,,2025-04-28 21:09:42,Income,Cash,Computer Incomes,"16,99"
15360,4,24,,,2025-04-28 10:52:34,Income,Cash,Playstation Incomes,"13,95"
15361,1,9,,,2025-04-28 10:27:58,Income,Cash,Computer Incomes,"8,50"
15362,1,12,,,2025-04-28 18:01:05,Income,Cash,Computer Incomes,"8,09"
15363,2,23,,,2025-04-28 09:25:07,Income,Cash,Playstation Incomes,"10,92"
15364,5,9,,,2025-04-28 15:40:21,Income,Cash,Computer Incomes,"15,37"
15365,3,10,10.0,,2025-04-28 23:38:17,Income,Cash,Order Incomes,"15,77"
15366,3,15,,12.0,2025-04-28 18:55:41,Income,Cash,Member Transactions,"9,51"
15367,1,24,,,2025-04-28 20:00:02,Income,Cash,Playstation Incomes,"18,80"
15368,4,1,,,2025-04-28 20:56:51,Income,Cash,Computer Incomes,"19,81"
15369,2,13,,,2025-04-28 09:16:28,Income,Cash,Computer Incomes,"11,52"
15370,2,6,,13.0,2025-04-28 16:39:29,Income,Cash,Member Transactions,"19,40"
15371,3,23,,,2025-04-28 13:48:24,Income,Cash,Playstation Incomes,"6,46"
15372,4,24,,,2025-04-28 22:56:11,Income,Cash,Playstation Incomes,"6,26"
15373,2,10,,,2025-04-28 22:02:06,Income,Cash,Computer Incomes,"11,92"
15374,4,10,,,2025-04-28 22:52:40,Income,Cash,Computer Incomes,"5,05"
15375,3,13,,,2025-04-28 20:15:26,Income,Cash,Computer Incomes,"10,91"
15376,4,23,,,2025-04-28 10:22:30,Income,Cash,Playstation Incomes,"11,11"
15377,4,15,,,2025-04-28 11:16:56,Income,Cash,Computer Incomes,"5,45"
15378,1,24,,,2025-04-29 20:18:01,Income,Cash,Playstation Incomes,"13,31"
15379,4,5,,,2025-04-29 11:12:18,Income,Cash,Computer Incomes,"10,41"
15380,3,5,,,2025-04-29 10:03:58,Income,Cash,Computer Incomes,"23,95"
15381,1,12,,,2025-04-29 15:23:21,Income,Cash,Computer Incomes,"19,84"
15382,1,23,,,2025-04-29 18:12:11,Income,Cash,Playstation Incomes,"2,91"
15383,3,4,,,2025-04-29 16:21:00,Income,Credit Card,Computer Incomes,"15,49"
15384,5,15,,,2025-04-29 23:06:59,Income,Cash,Computer Incomes,"18,63"
15385,2,8,,,2025-04-29 12:20:09,Income,Cash,Computer Incomes,"9,68"
15386,3,4,5.0,,2025-04-29 17:02:34,Income,Credit Card,Order Incomes,"8,96"
15387,3,24,,,2025-04-29 16:23:31,Income,Cash,Playstation Incomes,"4,84"
15388,5,1,,,2025-04-29 11:14:45,Income,Cash,Computer Incomes,"21,77"
15389,3,12,,,2025-04-29 20:09:38,Income,Cash,Computer Incomes,"8,95"
15390,3,10,,,2025-04-29 11:14:25,Income,Cash,Computer Incomes,"15,48"
15391,3,23,,,2025-04-29 10:39:03,Income,Credit Card,Playstation Incomes,"19,11"
15392,4,8,,,2025-04-29 20:17:51,Income,Cash,Computer Incomes,"11,36"
15393,2,24,,,2025-04-29 12:00:37,Income,Cash,Playstation Incomes,"9,91"
15394,3,3,,,2025-04-29 14:43:47,Income,Cash,Computer Incomes,"9,67"
15395,3,12,,,2025-04-29 10:24:27,Income,Cash,Computer Incomes,"20,32"
15396,4,7,,,2025-04-29 18:25:17,Income,Cash,Computer Incomes,"7,98"
15397,5,2,,,2025-04-29 14:40:55,Income,Cash,Computer Incomes,"22,73"
15398,1,10,,,2025-04-29 13:23:34,Income,Cash,Computer Incomes,"7,98"
15399,2,10,,,2025-04-29 12:57:20,Income,Cash,Computer Incomes,"17,17"
15400,2,16,,,2025-04-30 18:22:21,Income,Cash,Computer Incomes,"24,89"
15401,1,5,,,2025-04-30 15:39:09,Income,Cash,Computer Incomes,"4,48"
15402,5,16,,,2025-04-30 12:17:02,Income,Cash,Computer Incomes,"9,96"
15403,1,1,,,2025-04-30 16:24:11,Income,Cash,Computer Incomes,"5,48"
15404,5,15,,,2025-04-30 19:52:11,Income,Cash,Computer Incomes,"6,23"
15405,5,5,15.0,,2025-04-30 12:22:31,Income,Cash,Order Incomes,"11,45"
15406,5,6,27.0,,2025-04-30 11:31:56,Income,Cash,Order Incomes,"9,46"
15407,2,7,,,2025-04-30 18:22:47,Income,Cash,Computer Incomes,"21,16"
15408,5,12,,61.0,2025-04-30 09:38:28,Income,Cash,Member Transactions,"7,72"
15409,5,5,,,2025-04-30 15:48:50,Income,Cash,Computer Incomes,"9,46"
15410,5,16,,,2025-04-30 18:11:40,Income,Credit Card,Computer Incomes,"13,94"
15411,2,23,,,2025-04-30 18:58:20,Income,Cash,Playstation Incomes,"14,68"
15412,2,8,,,2025-04-30 12:36:40,Income,Cash,Computer Incomes,"18,16"
15413,4,9,,,2025-04-30 23:17:54,Income,Cash,Computer Incomes,"22,89"
15414,2,11,,,2025-04-30 22:02:02,Income,Cash,Computer Incomes,"23,39"
15415,4,14,,,2025-04-30 16:24:27,Income,Cash,Computer Incomes,"16,67"
15416,3,6,,,2025-04-30 18:57:22,Income,Cash,Computer Incomes,"17,41"
15417,5,11,,,2025-04-30 14:26:07,Income,Cash,Computer Incomes,"19,90"
15418,2,4,,,2025-04-30 11:35:31,Income,Cash,Computer Incomes,"5,22"
15419,3,8,,,2025-04-30 17:57:49,Income,Credit Card,Computer Incomes,"6,46"
15420,4,24,,,2025-04-30 11:36:44,Income,Cash,Playstation Incomes,"14,43"
15421,3,3,,,2025-04-30 22:18:15,Income,Cash,Computer Incomes,"22,64"
15422,3,9,,,2025-04-30 13:41:34,Income,Cash,Computer Incomes,"17,66"
15423,4,1,,,2025-05-01 17:52:09,Income,Cash,Computer Incomes,"13,04"
15424,3,14,,,2025-05-01 09:08:18,Income,Cash,Computer Incomes,"20,64"
15425,2,12,,,2025-05-01 22:22:00,Income,Cash,Computer Incomes,"4,89"
15426,1,4,,,2025-05-01 13:42:27,Income,Cash,Computer Incomes,"19,83"
15427,4,23,,,2025-05-01 22:00:15,Income,Cash,Playstation Incomes,"6,25"
15428,1,4,,,2025-05-01 15:53:12,Income,Cash,Computer Incomes,"5,71"
15429,4,24,,,2025-05-01 18:02:08,Income,Cash,Playstation Incomes,"11,68"
15430,1,15,,,2025-05-01 11:14:43,Income,Cash,Computer Incomes,"23,36"
15431,4,8,3.0,,2025-05-01 21:18:29,Income,Cash,Order Incomes,"22,27"
15432,3,2,,,2025-05-01 21:16:13,Income,Cash,Computer Incomes,"15,47"
15433,1,1,,,2025-05-01 13:33:50,Income,Cash,Computer Incomes,"20,09"
15434,5,5,,,2025-05-01 23:00:07,Income,Cash,Computer Incomes,"19,00"
15435,3,10,,,2025-05-01 19:37:20,Income,Cash,Computer Incomes,"7,05"
15436,2,23,,,2025-05-01 15:47:21,Income,Cash,Playstation Incomes,"4,07"
15437,5,4,,,2025-05-01 18:37:14,Income,Cash,Computer Incomes,"16,83"
15438,4,5,,13.0,2025-05-01 12:12:10,Income,Cash,Member Transactions,"8,68"
15439,2,14,,,2025-05-01 14:37:29,Income,Cash,Computer Incomes,"16,02"
15440,2,6,,,2025-05-01 12:35:02,Income,Cash,Computer Incomes,"10,31"
15441,4,5,,,2025-05-02 23:20:53,Income,Credit Card,Computer Incomes,"3,39"
15442,1,24,,,2025-05-02 15:28:31,Income,Cash,Playstation Incomes,"18,15"
15443,5,7,,,2025-05-02 11:10:57,Income,Credit Card,Computer Incomes,"11,86"
15444,4,23,,,2025-05-02 13:16:28,Income,Cash,Playstation Incomes,"19,36"
15445,2,2,,,2025-05-02 21:47:47,Income,Cash,Computer Incomes,"5,81"
15446,4,1,,,2025-05-02 13:19:05,Income,Cash,Computer Incomes,"7,75"
15447,2,24,,,2025-05-02 20:03:35,Income,Cash,Playstation Incomes,"15,73"
15448,5,23,,,2025-05-02 10:27:16,Income,Cash,Playstation Incomes,"15,49"
15449,4,8,,,2025-05-02 13:55:20,Income,Credit Card,Computer Incomes,"6,05"
15450,1,24,,,2025-05-02 17:33:33,Income,Cash,Playstation Incomes,"14,76"
15451,2,6,,,2025-05-02 21:19:33,Income,Cash,Computer Incomes,"13,31"
15452,4,2,,,2025-05-02 17:49:15,Income,Cash,Computer Incomes,"7,99"
15453,3,14,,,2025-05-02 15:35:10,Income,Cash,Computer Incomes,"21,29"
15454,1,23,,,2025-05-02 23:05:11,Income,Cash,Playstation Incomes,"7,99"
15455,5,10,,,2025-05-02 09:07:22,Income,Cash,Computer Incomes,"24,20"
15456,5,6,,,2025-05-02 11:54:57,Income,Cash,Computer Incomes,"7,26"
15457,2,2,,,2025-05-02 14:41:26,Income,Cash,Computer Incomes,"17,67"
15458,2,1,,,2025-05-02 17:12:49,Income,Cash,Computer Incomes,"2,67"
15459,1,9,,61.0,2025-05-02 22:03:15,Income,Cash,Member Transactions,"4,60"
15460,2,1,,,2025-05-02 19:10:45,Income,Cash,Computer Incomes,"3,14"
15461,3,24,,,2025-05-02 16:11:59,Income,Cash,Playstation Incomes,"12,09"
15462,2,14,,,2025-05-02 13:24:25,Income,Cash,Computer Incomes,"13,79"
15463,4,12,,,2025-05-02 09:33:04,Income,Cash,Computer Incomes,"11,61"
15464,5,8,,,2025-05-02 18:43:05,Income,Cash,Computer Incomes,"15,96"
15465,3,7,,,2025-05-02 21:03:16,Income,Cash,Computer Incomes,"14,75"
15466,5,10,,,2025-05-02 14:41:14,Income,Cash,Computer Incomes,"12,58"
15467,3,8,,,2025-05-02 21:40:55,Income,Cash,Computer Incomes,"9,91"
15468,4,14,,,2025-05-02 18:20:53,Income,Credit Card,Computer Incomes,"8,46"
15469,2,5,,,2025-05-02 12:55:58,Income,Cash,Computer Incomes,"5,56"
15470,5,2,,,2025-05-02 20:52:40,Income,Cash,Computer Incomes,"19,11"
15471,1,9,,,2025-05-02 20:04:47,Income,Credit Card,Computer Incomes,"6,29"
15472,3,8,15.0,,2025-05-02 11:33:04,Income,Cash,Order Incomes,"5,80"
15473,3,7,,,2025-05-02 14:13:29,Income,Cash,Computer Incomes,"17,41"
15474,3,23,,,2025-05-02 21:46:54,Income,Cash,Playstation Incomes,"10,88"
15475,2,16,,,2025-05-02 23:37:05,Income,Credit Card,Computer Incomes,"2,41"
15476,2,24,,,2025-05-02 19:18:24,Income,Cash,Playstation Incomes,"22,01"
15477,2,11,,,2025-05-03 22:14:59,Income,Cash,Computer Incomes,"9,88"
15478,3,13,,6.0,2025-05-03 11:42:21,Income,Cash,Member Transactions,"18,62"
15479,1,23,,,2025-05-03 10:47:45,Income,Cash,Playstation Incomes,"3,11"
15480,2,15,,,2025-05-03 19:52:46,Income,Cash,Computer Incomes,"5,65"
15481,3,24,,,2025-05-03 10:28:50,Income,Cash,Playstation Incomes,"18,62"
15482,5,23,,,2025-05-03 10:50:15,Income,Credit Card,Playstation Incomes,"9,31"
15483,4,10,,,2025-05-03 21:10:00,Income,Cash,Computer Incomes,"5,65"
15484,4,12,,,2025-05-03 17:16:55,Income,Cash,Computer Incomes,"11,29"
15485,1,14,,,2025-05-03 10:36:56,Income,Cash,Computer Incomes,"12,98"
15486,1,9,,,2025-05-03 19:22:41,Income,Cash,Computer Incomes,"8,75"
15487,5,10,,,2025-05-03 17:13:51,Income,Cash,Computer Incomes,"13,26"
15488,3,24,,,2025-05-03 15:22:04,Income,Credit Card,Playstation Incomes,"15,80"
15489,5,3,,,2025-05-03 14:15:56,Income,Cash,Computer Incomes,"7,90"
15490,1,8,,,2025-05-03 13:45:56,Income,Cash,Computer Incomes,"27,92"
15491,3,14,,,2025-05-03 10:58:23,Income,Cash,Computer Incomes,"27,07"
15492,1,23,,,2025-05-03 22:25:04,Income,Cash,Playstation Incomes,"3,94"
15493,4,24,,,2025-05-03 11:59:31,Income,Cash,Playstation Incomes,"19,74"
15494,4,5,,,2025-05-03 21:18:53,Income,Cash,Computer Incomes,"24,53"
15495,3,1,,,2025-05-03 21:48:46,Income,Cash,Computer Incomes,"14,94"
15496,2,4,,,2025-05-03 18:01:51,Income,Cash,Computer Incomes,"23,12"
15497,1,7,,,2025-05-03 10:29:08,Income,Cash,Computer Incomes,"19,74"
15498,3,5,,,2025-05-03 21:35:56,Income,Credit Card,Computer Incomes,"3,38"
15499,5,23,,,2025-05-03 14:06:48,Income,Cash,Playstation Incomes,"15,51"
15500,3,24,,,2025-05-03 17:08:25,Income,Cash,Playstation Incomes,"19,46"
15501,2,16,,,2025-05-03 15:03:56,Income,Cash,Computer Incomes,"18,33"
15502,2,13,,,2025-05-03 15:34:19,Income,Cash,Computer Incomes,"12,69"
15503,2,15,35.0,,2025-05-03 14:46:25,Income,Cash,Order Incomes,"23,40"
15504,5,23,,,2025-05-03 12:06:29,Income,Cash,Playstation Incomes,"25,10"
15505,3,15,,,2025-05-03 20:01:31,Income,Cash,Computer Incomes,"10,71"
15506,3,13,,,2025-05-03 19:57:34,Income,Cash,Computer Incomes,"15,51"
15507,1,1,,,2025-05-03 12:35:56,Income,Credit Card,Computer Incomes,"10,99"
15508,4,24,,,2025-05-03 10:21:12,Income,Cash,Playstation Incomes,"4,23"
15509,1,6,,,2025-05-03 23:55:23,Income,Cash,Computer Incomes,"22,56"
15510,3,15,,,2025-05-03 17:51:09,Income,Cash,Computer Incomes,"20,30"
15511,2,23,,,2025-05-03 09:25:11,Income,Cash,Playstation Incomes,"4,23"
15512,3,2,17.0,,2025-05-03 14:13:09,Income,Cash,Order Incomes,"11,28"
15513,3,4,,,2025-05-03 19:52:16,Income,Cash,Computer Incomes,"7,05"
15514,1,14,,29.0,2025-05-04 16:58:01,Income,Credit Card,Member Transactions,"9,40"
15515,2,15,,51.0,2025-05-04 13:59:59,Income,Cash,Member Transactions,"18,80"
15516,2,24,,,2025-05-04 16:47:57,Income,Cash,Playstation Incomes,"44,32"
15517,4,23,,,2025-05-04 13:40:42,Income,Cash,Playstation Incomes,"21,04"
15518,1,4,,,2025-05-04 11:33:24,Income,Cash,Computer Incomes,"5,82"
15519,1,2,,,2025-05-04 21:35:03,Income,Credit Card,Computer Incomes,"22,38"
15520,4,24,,,2025-05-04 22:41:08,Income,Cash,Playstation Incomes,"12,54"
15521,2,2,,,2025-05-04 09:29:53,Income,Credit Card,Computer Incomes,"14,33"
15522,4,4,,,2025-05-04 14:03:45,Income,Credit Card,Computer Incomes,"9,40"
15523,1,8,7.0,,2025-05-04 22:23:13,Income,Credit Card,Order Incomes,"4,93"
15524,1,16,,,2025-05-04 22:10:55,Income,Credit Card,Computer Incomes,"12,09"
15525,2,6,,,2025-05-04 21:09:10,Income,Cash,Computer Incomes,"19,69"
15526,5,13,,,2025-05-04 19:47:30,Income,Cash,Computer Incomes,"8,95"
15527,2,2,,,2025-05-04 14:22:42,Income,Credit Card,Computer Incomes,"15,21"
15528,2,23,,,2025-05-04 15:43:25,Income,Credit Card,Playstation Incomes,"23,72"
15529,4,9,,,2025-05-04 20:46:21,Income,Cash,Computer Incomes,"21,48"
15530,2,24,,,2025-05-04 18:16:14,Income,Cash,Playstation Incomes,"12,53"
15531,5,23,,,2025-05-04 14:31:19,Income,Cash,Playstation Incomes,"19,69"
15532,5,12,,,2025-05-04 13:48:15,Income,Cash,Computer Incomes,"24,61"
15533,3,24,,,2025-05-04 15:12:32,Income,Cash,Playstation Incomes,"5,81"
15534,3,3,,,2025-05-05 19:27:17,Income,Cash,Computer Incomes,"12,75"
15535,3,4,,,2025-05-05 09:13:09,Income,Cash,Computer Incomes,"22,68"
15536,1,10,35.0,,2025-05-05 10:39:36,Income,Cash,Order Incomes,"22,94"
15537,1,23,,,2025-05-05 11:22:27,Income,Credit Card,Playstation Incomes,"25,49"
15538,2,14,,,2025-05-05 10:20:00,Income,Credit Card,Computer Incomes,"24,72"
15539,5,24,,,2025-05-05 17:41:15,Income,Cash,Playstation Incomes,"19,12"
15540,3,23,,,2025-05-05 11:07:18,Income,Cash,Playstation Incomes,"7,90"
15541,3,10,11.0,,2025-05-05 16:42:44,Income,Cash,Order Incomes,"24,72"
15542,4,5,,,2025-05-05 11:33:36,Income,Cash,Computer Incomes,"17,08"
15543,1,15,,,2025-05-05 22:39:30,Income,Cash,Computer Incomes,"12,23"
15544,1,1,,,2025-05-05 12:30:49,Income,Cash,Computer Incomes,"21,40"
15545,3,5,,,2025-05-05 12:37:57,Income,Cash,Computer Incomes,"2,54"
15546,1,24,,,2025-05-05 17:26:29,Income,Cash,Playstation Incomes,"8,91"
15547,5,12,,,2025-05-05 09:11:30,Income,Credit Card,Computer Incomes,"21,91"
15548,3,2,41.0,,2025-05-05 18:22:29,Income,Cash,Order Incomes,"11,21"
15549,4,8,,,2025-05-05 12:44:02,Income,Cash,Computer Incomes,"11,21"
15550,5,6,,,2025-05-05 09:50:11,Income,Cash,Computer Incomes,"19,11"
15551,3,3,,,2025-05-05 13:53:55,Income,Cash,Computer Incomes,"22,42"
15552,4,3,,,2025-05-05 17:10:46,Income,Cash,Computer Incomes,"18,34"
15553,2,23,,,2025-05-05 23:15:38,Income,Cash,Playstation Incomes,"19,36"
15554,5,6,,35.0,2025-05-05 11:21:08,Income,Cash,Member Transactions,"22,93"
15555,4,8,,,2025-05-05 16:48:08,Income,Cash,Computer Incomes,"13,50"
15556,5,24,,,2025-05-05 16:29:02,Income,Cash,Playstation Incomes,"3,56"
15557,4,10,25.0,,2025-05-06 21:32:25,Income,Cash,Order Incomes,"26,18"
15558,4,15,,,2025-05-06 22:08:03,Income,Cash,Computer Incomes,"3,67"
15559,3,1,,,2025-05-06 11:14:26,Income,Cash,Computer Incomes,"25,39"
15560,3,10,,,2025-05-06 14:17:54,Income,Cash,Computer Incomes,"22,52"
15561,4,16,,,2025-05-06 19:30:13,Income,Cash,Computer Incomes,"6,29"
15562,1,9,48.0,,2025-05-06 12:22:13,Income,Cash,Order Incomes,"17,28"
15563,2,5,,,2025-05-06 18:32:37,Income,Cash,Computer Incomes,"14,14"
15564,3,3,,,2025-05-06 22:11:03,Income,Cash,Computer Incomes,"23,29"
15565,4,12,,,2025-05-06 11:28:14,Income,Cash,Computer Incomes,"3,40"
15566,5,7,,,2025-05-06 11:06:02,Income,Cash,Computer Incomes,"15,18"
15567,1,4,,,2025-05-06 21:25:27,Income,Cash,Computer Incomes,"24,86"
15568,2,15,28.0,,2025-05-06 18:29:14,Income,Cash,Order Incomes,"6,02"
15569,3,14,,,2025-05-06 23:02:09,Income,Cash,Computer Incomes,"7,85"
15570,4,6,,,2025-05-06 22:38:44,Income,Cash,Computer Incomes,"3,40"
15571,1,23,,,2025-05-06 21:25:16,Income,Cash,Playstation Incomes,"9,68"
15572,3,9,,,2025-05-06 15:34:20,Income,Cash,Computer Incomes,"2,87"
15573,1,24,,,2025-05-06 20:49:08,Income,Cash,Playstation Incomes,"5,23"
15574,2,7,,6.0,2025-05-06 23:37:12,Income,Cash,Member Transactions,"12,30"
15575,4,8,,,2025-05-07 19:03:48,Income,Credit Card,Computer Incomes,"26,42"
15576,1,3,,,2025-05-07 15:00:45,Income,Cash,Computer Incomes,"16,73"
15577,1,9,,,2025-05-07 12:19:17,Income,Cash,Computer Incomes,"7,49"
15578,4,12,,,2025-05-07 13:35:34,Income,Cash,Computer Incomes,"25,10"
15579,2,3,49.0,,2025-05-07 10:00:47,Income,Cash,Order Incomes,"41,39"
15580,3,5,,,2025-05-07 21:19:51,Income,Cash,Computer Incomes,"14,09"
15581,4,11,,,2025-05-07 10:09:10,Income,Cash,Computer Incomes,"42,27"
15582,4,6,,25.0,2025-05-07 09:48:03,Income,Cash,Member Transactions,"43,58"
15583,1,23,,,2025-05-07 21:08:51,Income,Cash,Playstation Incomes,"32,13"
15584,3,5,,,2025-05-07 11:21:15,Income,Cash,Computer Incomes,"16,28"
15585,1,24,,,2025-05-07 16:04:34,Income,Cash,Playstation Incomes,"21,13"
15586,4,5,,,2025-05-07 23:00:26,Income,Cash,Computer Incomes,"10,12"
15587,4,14,,18.0,2025-05-07 09:58:43,Income,Credit Card,Member Transactions,"13,20"
15588,3,13,,,2025-05-07 21:26:08,Income,Cash,Computer Incomes,"37,85"
15589,5,16,,6.0,2025-05-07 11:20:56,Income,Credit Card,Member Transactions,"40,05"
15590,3,6,31.0,,2025-05-08 13:25:50,Income,Credit Card,Order Incomes,"22,40"
15591,2,2,,,2025-05-08 13:02:51,Income,Cash,Computer Incomes,"18,77"
15592,1,15,,,2025-05-08 12:54:28,Income,Cash,Computer Incomes,"21,19"
15593,2,23,,,2025-05-08 17:14:11,Income,Cash,Playstation Incomes,"19,98"
15594,4,12,,,2025-05-08 23:52:01,Income,Cash,Computer Incomes,"28,45"
15595,5,8,,,2025-05-08 17:11:01,Income,Cash,Computer Incomes,"13,02"
15596,3,5,,,2025-05-08 10:58:06,Income,Cash,Computer Incomes,"6,66"
15597,3,5,,,2025-05-08 11:23:54,Income,Cash,Computer Incomes,"16,33"
15598,4,10,,,2025-05-08 14:23:03,Income,Cash,Computer Incomes,"18,15"
15599,1,24,,,2025-05-08 09:47:29,Income,Cash,Playstation Incomes,"13,61"
15600,2,15,7.0,,2025-05-08 12:41:11,Income,Cash,Order Incomes,"15,43"
15601,3,8,25.0,,2025-05-08 23:25:34,Income,Credit Card,Order Incomes,"24,81"
15602,4,13,,,2025-05-08 11:53:47,Income,Credit Card,Computer Incomes,"17,54"
15603,1,8,,,2025-05-08 20:03:06,Income,Cash,Computer Incomes,"26,02"
15604,1,23,,,2025-05-08 20:02:39,Income,Cash,Playstation Incomes,"28,14"
15605,5,14,,,2025-05-08 16:55:40,Income,Cash,Computer Incomes,"29,04"
15606,4,16,25.0,,2025-05-08 18:39:41,Income,Cash,Order Incomes,"13,31"
15607,4,24,,,2025-05-08 15:55:02,Income,Cash,Playstation Incomes,"28,74"
15608,3,12,,,2025-05-08 20:53:38,Income,Credit Card,Computer Incomes,"6,35"
15609,4,9,,43.0,2025-05-09 23:47:14,Income,Cash,Member Transactions,"12,10"
15610,2,14,,,2025-05-09 19:11:42,Income,Cash,Computer Incomes,"4,84"
15611,3,11,40.0,,2025-05-09 13:35:27,Income,Cash,Order Incomes,"7,99"
15612,2,23,,,2025-05-09 11:39:44,Income,Credit Card,Playstation Incomes,"3,63"
15613,5,24,,,2025-05-09 15:08:30,Income,Credit Card,Playstation Incomes,"5,57"
15614,3,23,,,2025-05-09 12:57:58,Income,Cash,Playstation Incomes,"11,86"
15615,3,24,,,2025-05-09 19:53:42,Income,Cash,Playstation Incomes,"6,05"
15616,4,16,26.0,,2025-05-09 11:44:48,Income,Cash,Order Incomes,"23,24"
15617,4,5,,,2025-05-09 21:00:21,Income,Credit Card,Computer Incomes,"13,07"
15618,5,7,,,2025-05-09 20:37:44,Income,Cash,Computer Incomes,"17,91"
15619,3,16,,,2025-05-09 17:02:40,Income,Cash,Computer Incomes,"7,99"
15620,4,12,,55.0,2025-05-09 11:15:33,Income,Cash,Member Transactions,"11,62"
15621,3,5,9.0,,2025-05-09 13:27:12,Income,Cash,Order Incomes,"7,51"
15622,1,11,47.0,,2025-05-09 23:20:34,Income,Cash,Order Incomes,"3,39"
15623,3,6,11.0,,2025-05-09 14:31:49,Income,Credit Card,Order Incomes,"5,09"
15624,3,3,,,2025-05-09 11:30:54,Income,Cash,Computer Incomes,"3,39"
15625,1,6,,,2025-05-09 23:10:36,Income,Cash,Computer Incomes,"14,04"
15626,5,12,23.0,,2025-05-09 11:33:56,Income,Credit Card,Order Incomes,"6,78"
15627,4,11,,,2025-05-09 21:34:06,Income,Credit Card,Computer Incomes,"23,72"
15628,2,1,,,2025-05-09 21:52:55,Income,Cash,Computer Incomes,"24,19"
15629,1,15,,17.0,2025-05-09 22:06:31,Income,Cash,Member Transactions,"14,76"
15630,2,1,,,2025-05-09 16:09:35,Income,Cash,Computer Incomes,"6,04"
15631,4,11,35.0,,2025-05-09 09:00:44,Income,Cash,Order Incomes,"4,59"
15632,2,1,,,2025-05-09 09:07:02,Income,Cash,Computer Incomes,"15,72"
15633,2,13,,57.0,2025-05-09 16:14:30,Income,Cash,Member Transactions,"17,90"
15634,4,7,44.0,,2025-05-09 18:31:09,Income,Cash,Order Incomes,"7,25"
15635,5,9,,,2025-05-09 13:12:58,Income,Cash,Computer Incomes,"14,76"
15636,3,4,,,2025-05-09 18:03:27,Income,Cash,Computer Incomes,"14,27"
15637,1,3,,,2025-05-10 13:05:13,Income,Cash,Computer Incomes,"9,13"
15638,5,10,,,2025-05-10 18:58:13,Income,Cash,Computer Incomes,"15,98"
15639,4,8,13.0,,2025-05-10 14:22:31,Income,Cash,Order Incomes,"16,18"
15640,5,14,,,2025-05-10 19:58:41,Income,Cash,Computer Incomes,"4,15"
15641,3,23,,,2025-05-10 20:35:34,Income,Cash,Playstation Incomes,"6,23"
15642,1,8,,43.0,2025-05-10 10:51:33,Income,Cash,Member Transactions,"12,24"
15643,2,6,,,2025-05-10 11:28:10,Income,Cash,Computer Incomes,"17,43"
15644,3,4,,,2025-05-10 21:07:40,Income,Credit Card,Computer Incomes,"10,79"
15645,5,4,,51.0,2025-05-10 13:46:18,Income,Credit Card,Member Transactions,"3,12"
15646,3,24,,,2025-05-10 18:18:17,Income,Cash,Playstation Incomes,"12,24"
15647,3,9,,,2025-05-10 23:54:20,Income,Cash,Computer Incomes,"10,79"
15648,1,23,,,2025-05-10 13:42:51,Income,Cash,Playstation Incomes,"20,12"
15649,5,3,,4.0,2025-05-10 13:36:28,Income,Cash,Member Transactions,"8,09"
15650,1,6,,,2025-05-10 16:49:58,Income,Cash,Computer Incomes,"6,02"
15651,2,6,,,2025-05-10 19:05:05,Income,Cash,Computer Incomes,"6,85"
15652,3,7,,,2025-05-10 14:36:49,Income,Credit Card,Computer Incomes,"7,88"
15653,2,3,,,2025-05-10 22:53:36,Income,Cash,Computer Incomes,"4,56"
15654,5,24,,,2025-05-10 18:08:48,Income,Cash,Playstation Incomes,"14,72"
15655,4,23,,,2025-05-10 23:08:49,Income,Credit Card,Playstation Incomes,"13,06"
15656,5,14,13.0,,2025-05-10 10:22:52,Income,Cash,Order Incomes,"4,56"
15657,5,7,,49.0,2025-05-10 18:54:51,Income,Cash,Member Transactions,"15,76"
15658,2,1,,,2025-05-10 16:11:27,Income,Cash,Computer Incomes,"18,45"
15659,3,8,,,2025-05-10 13:12:42,Income,Cash,Computer Incomes,"13,06"
15660,2,24,,,2025-05-10 10:41:21,Income,Cash,Playstation Incomes,"11,40"
15661,2,23,,,2025-05-10 13:25:33,Income,Cash,Playstation Incomes,"5,60"
15662,1,13,26.0,,2025-05-10 10:00:41,Income,Cash,Order Incomes,"17,21"
15663,3,16,,,2025-05-10 18:35:25,Income,Cash,Computer Incomes,"4,56"
15664,1,24,,,2025-05-10 21:03:13,Income,Credit Card,Playstation Incomes,"15,76"
15665,4,4,,19.0,2025-05-10 22:55:16,Income,Cash,Member Transactions,"8,50"
15666,1,5,25.0,,2025-05-10 18:32:35,Income,Cash,Order Incomes,"4,56"
15667,2,23,,,2025-05-11 21:00:44,Income,Cash,Playstation Incomes,"8,56"
15668,2,12,,,2025-05-11 10:56:04,Income,Cash,Computer Incomes,"9,27"
15669,1,24,,,2025-05-11 15:56:17,Income,Cash,Playstation Incomes,"24,60"
15670,4,12,,,2025-05-11 22:22:23,Income,Cash,Computer Incomes,"34,93"
15671,4,23,,,2025-05-11 16:28:29,Income,Cash,Playstation Incomes,"27,81"
15672,2,5,,,2025-05-11 19:18:28,Income,Cash,Computer Incomes,"18,18"
15673,2,24,,,2025-05-11 15:40:33,Income,Cash,Playstation Incomes,"3,56"
15674,3,14,,,2025-05-11 20:55:07,Income,Credit Card,Computer Incomes,"32,79"
15675,1,5,8.0,,2025-05-11 13:31:12,Income,Credit Card,Order Incomes,"3,92"
15676,4,5,,,2025-05-11 23:51:12,Income,Cash,Computer Incomes,"12,83"
15677,3,4,,,2025-05-11 09:38:10,Income,Cash,Computer Incomes,"14,96"
15678,3,11,,,2025-05-11 14:07:18,Income,Cash,Computer Incomes,"14,25"
15679,1,10,,,2025-05-11 18:53:18,Income,Cash,Computer Incomes,"18,53"
15680,2,12,,,2025-05-11 10:26:13,Income,Cash,Computer Incomes,"24,59"
15681,2,9,,,2025-05-12 12:43:42,Income,Credit Card,Computer Incomes,"21,06"
15682,3,23,,,2025-05-12 17:26:28,Income,Cash,Playstation Incomes,"20,17"
15683,5,14,,,2025-05-12 22:29:11,Income,Cash,Computer Incomes,"10,87"
15684,5,7,12.0,,2025-05-12 09:03:55,Income,Cash,Order Incomes,"15,96"
15685,1,2,,,2025-05-12 10:45:33,Income,Credit Card,Computer Incomes,"5,10"
15686,1,13,,,2025-05-12 23:35:24,Income,Cash,Computer Incomes,"4,44"
15687,5,13,,,2025-05-12 19:35:34,Income,Cash,Computer Incomes,"9,98"
15688,5,14,,,2025-05-12 19:26:40,Income,Cash,Computer Incomes,"18,40"
15689,5,24,,,2025-05-12 09:38:09,Income,Credit Card,Playstation Incomes,"4,22"
15690,1,4,,,2025-05-12 15:59:58,Income,Cash,Computer Incomes,"10,64"
15691,3,12,,,2025-05-12 23:18:47,Income,Cash,Computer Incomes,"11,75"
15692,1,4,,,2025-05-12 17:21:06,Income,Cash,Computer Incomes,"20,39"
15693,3,23,,,2025-05-12 21:38:39,Income,Cash,Playstation Incomes,"7,31"
15694,2,6,,54.0,2025-05-12 19:36:16,Income,Cash,Member Transactions,"9,75"
15695,5,14,11.0,,2025-05-12 11:42:28,Income,Cash,Order Incomes,"4,43"
15696,4,15,,8.0,2025-05-12 19:39:06,Income,Cash,Member Transactions,"10,63"
15697,4,3,,,2025-05-12 09:48:25,Income,Cash,Computer Incomes,"4,65"
15698,5,16,,,2025-05-12 13:03:31,Income,Credit Card,Computer Incomes,"19,72"
15699,5,13,,,2025-05-12 21:58:07,Income,Credit Card,Computer Incomes,"3,10"
15700,5,15,,,2025-05-12 22:15:57,Income,Cash,Computer Incomes,"10,19"
15701,5,13,,,2025-05-12 23:39:42,Income,Cash,Computer Incomes,"22,16"
15702,1,24,,,2025-05-12 23:18:23,Income,Cash,Playstation Incomes,"20,16"
15703,4,1,,,2025-05-12 11:57:15,Income,Cash,Computer Incomes,"17,06"
15704,2,3,2.0,,2025-05-13 13:38:40,Income,Cash,Order Incomes,"17,23"
15705,5,4,,,2025-05-13 22:37:51,Income,Cash,Computer Incomes,"6,96"
15706,2,23,,,2025-05-13 16:46:18,Income,Cash,Playstation Incomes,"13,60"
15707,4,5,8.0,,2025-05-13 10:01:24,Income,Cash,Order Incomes,"24,48"
15708,2,9,,,2025-05-13 09:56:31,Income,Credit Card,Computer Incomes,"16,63"
15709,5,10,,,2025-05-13 13:45:17,Income,Cash,Computer Incomes,"14,21"
15710,5,2,,,2025-05-13 12:44:12,Income,Cash,Computer Incomes,"12,39"
15711,3,6,,,2025-05-13 12:09:15,Income,Cash,Computer Incomes,"13,60"
15712,2,24,,,2025-05-13 11:43:30,Income,Cash,Playstation Incomes,"11,79"
15713,1,2,,,2025-05-13 15:10:47,Income,Cash,Computer Incomes,"9,06"
15714,2,13,,,2025-05-13 18:24:46,Income,Cash,Computer Incomes,"14,80"
15715,2,4,21.0,,2025-05-13 21:20:34,Income,Cash,Order Incomes,"23,26"
15716,2,2,,,2025-05-13 13:21:02,Income,Credit Card,Computer Incomes,"17,22"
15717,4,11,,49.0,2025-05-13 15:03:02,Income,Cash,Member Transactions,"17,22"
15718,4,13,,,2025-05-13 22:55:37,Income,Cash,Computer Incomes,"14,50"
15719,4,14,,,2025-05-13 12:58:21,Income,Cash,Computer Incomes,"27,49"
15720,1,10,,,2025-05-14 14:03:15,Income,Cash,Computer Incomes,"6,36"
15721,4,6,37.0,,2025-05-14 10:30:59,Income,Cash,Order Incomes,"19,86"
15722,2,8,,,2025-05-14 21:12:41,Income,Cash,Computer Incomes,"4,24"
15723,4,23,,,2025-05-14 10:29:19,Income,Cash,Playstation Incomes,"21,19"
15724,5,24,,,2025-05-14 13:31:55,Income,Cash,Playstation Incomes,"18,01"
15725,4,6,,,2025-05-14 21:10:20,Income,Cash,Computer Incomes,"13,50"
15726,4,23,,,2025-05-14 12:05:55,Income,Cash,Playstation Incomes,"16,94"
15727,1,14,,31.0,2025-05-14 15:03:00,Income,Cash,Member Transactions,"12,97"
15728,3,24,,,2025-05-14 09:04:42,Income,Cash,Playstation Incomes,"13,50"
15729,1,6,,,2025-05-14 13:39:02,Income,Cash,Computer Incomes,"22,50"
15730,3,12,,,2025-05-14 20:27:49,Income,Cash,Computer Incomes,"15,35"
15731,1,9,,,2025-05-14 23:13:03,Income,Cash,Computer Incomes,"18,00"
15732,4,5,40.0,,2025-05-14 14:14:10,Income,Cash,Order Incomes,"14,03"
15733,4,2,,,2025-05-14 18:15:51,Income,Cash,Computer Incomes,"18,00"
15734,2,9,2.0,,2025-05-15 22:06:21,Income,Cash,Order Incomes,"28,18"
15735,1,7,,,2025-05-15 13:59:59,Income,Credit Card,Computer Incomes,"22,27"
15736,2,12,,,2025-05-15 21:24:53,Income,Cash,Computer Incomes,"10,71"
15737,5,12,,,2025-05-15 15:31:20,Income,Cash,Computer Incomes,"25,65"
15738,3,23,,,2025-05-15 16:59:53,Income,Cash,Playstation Incomes,"6,77"
15739,3,24,,,2025-05-15 20:36:55,Income,Cash,Playstation Incomes,"21,14"
15740,2,7,,21.0,2025-05-15 10:35:25,Income,Cash,Member Transactions,"8,74"
15741,2,2,37.0,,2025-05-15 13:45:00,Income,Cash,Order Incomes,"23,39"
15742,3,5,,,2025-05-15 22:07:47,Income,Cash,Computer Incomes,"3,10"
15743,2,23,,,2025-05-15 12:30:27,Income,Cash,Playstation Incomes,"21,14"
15744,5,7,,,2025-05-15 10:57:28,Income,Cash,Computer Incomes,"27,62"
15745,1,14,,,2025-05-15 23:51:28,Income,Cash,Computer Incomes,"10,98"
15746,5,4,,,2025-05-15 21:30:15,Income,Cash,Computer Incomes,"7,60"
15747,2,3,,,2025-05-15 14:48:37,Income,Cash,Computer Incomes,"13,52"
15748,4,24,,,2025-05-15 17:06:58,Income,Cash,Playstation Incomes,"8,17"
15749,1,8,,,2025-05-15 13:14:42,Income,Cash,Computer Incomes,"8,73"
15750,1,4,,41.0,2025-05-15 09:35:36,Income,Cash,Member Transactions,"24,51"
15751,4,23,,,2025-05-15 21:01:37,Income,Cash,Playstation Incomes,"21,69"
15752,2,24,,,2025-05-16 21:51:55,Income,Cash,Playstation Incomes,"13,44"
15753,1,23,,,2025-05-16 17:23:11,Income,Cash,Playstation Incomes,"18,81"
15754,4,11,,,2025-05-16 22:54:56,Income,Cash,Computer Incomes,"18,40"
15755,4,12,,,2025-05-16 18:42:01,Income,Cash,Computer Incomes,"9,92"
15756,2,15,,,2025-05-16 13:13:18,Income,Cash,Computer Incomes,"6,00"
15757,1,8,,,2025-05-16 12:01:22,Income,Cash,Computer Incomes,"18,40"
15758,5,7,,39.0,2025-05-16 19:35:12,Income,Cash,Member Transactions,"8,48"
15759,2,24,,,2025-05-16 16:00:32,Income,Cash,Playstation Incomes,"13,64"
15760,3,23,,,2025-05-16 09:52:38,Income,Cash,Playstation Incomes,"7,65"
15761,5,24,,,2025-05-16 09:31:28,Income,Cash,Playstation Incomes,"10,75"
15762,3,7,,,2025-05-16 17:33:25,Income,Cash,Computer Incomes,"2,07"
15763,4,5,,,2025-05-16 20:18:26,Income,Credit Card,Computer Incomes,"15,50"
15764,2,1,,,2025-05-16 14:12:15,Income,Cash,Computer Incomes,"3,72"
15765,5,4,34.0,,2025-05-16 10:17:44,Income,Cash,Order Incomes,"14,26"
15766,3,23,,,2025-05-16 15:57:18,Income,Cash,Playstation Incomes,"5,79"
15767,1,24,,,2025-05-16 18:10:56,Income,Cash,Playstation Incomes,"2,48"
15768,5,23,,,2025-05-16 19:23:55,Income,Cash,Playstation Incomes,"13,23"
15769,5,15,,,2025-05-16 21:00:22,Income,Cash,Computer Incomes,"11,37"
15770,3,7,,,2025-05-16 22:08:41,Income,Cash,Computer Incomes,"16,33"
15771,4,3,,,2025-05-16 21:28:02,Income,Cash,Computer Incomes,"4,55"
15772,2,11,,,2025-05-16 09:16:23,Income,Credit Card,Computer Incomes,"17,57"
15773,1,14,,,2025-05-16 22:57:02,Income,Credit Card,Computer Incomes,"6,00"
15774,4,11,,,2025-05-16 22:22:29,Income,Cash,Computer Incomes,"20,05"
15775,2,24,,,2025-05-16 22:26:02,Income,Cash,Playstation Incomes,"15,71"
15776,2,23,,,2025-05-16 10:57:43,Income,Cash,Playstation Incomes,"16,54"
15777,2,16,,,2025-05-16 23:05:31,Income,Credit Card,Computer Incomes,"5,78"
15778,3,3,,,2025-05-16 09:10:34,Income,Cash,Computer Incomes,"12,19"
15779,3,16,,,2025-05-16 20:05:43,Income,Cash,Computer Incomes,"4,54"
15780,3,24,,,2025-05-16 13:03:05,Income,Cash,Playstation Incomes,"12,19"
15781,1,15,,,2025-05-16 09:06:05,Income,Cash,Computer Incomes,"11,57"
15782,4,12,,,2025-05-16 13:39:01,Income,Cash,Computer Incomes,"19,21"
15783,3,23,,,2025-05-16 18:24:21,Income,Cash,Playstation Incomes,"15,91"
15784,3,24,,,2025-05-16 19:23:18,Income,Cash,Playstation Incomes,"16,73"
15785,3,11,45.0,,2025-05-16 10:51:49,Income,Cash,Order Incomes,"6,61"
15786,4,4,7.0,,2025-05-16 16:31:49,Income,Credit Card,Order Incomes,"11,77"
15787,4,4,22.0,,2025-05-16 10:38:03,Income,Credit Card,Order Incomes,"11,98"
15788,1,6,,,2025-05-16 10:45:58,Income,Cash,Computer Incomes,"5,16"
15789,3,8,,,2025-05-16 20:20:40,Income,Cash,Computer Incomes,"20,04"
15790,2,8,1.0,,2025-05-16 17:42:09,Income,Cash,Order Incomes,"3,30"
15791,3,9,,16.0,2025-05-16 17:20:39,Income,Cash,Member Transactions,"3,71"
15792,2,12,37.0,,2025-05-16 11:11:52,Income,Credit Card,Order Incomes,"16,32"
15793,5,2,,,2025-05-16 22:36:44,Income,Cash,Computer Incomes,"17,97"
15794,4,11,,41.0,2025-05-16 13:32:28,Income,Credit Card,Member Transactions,"16,94"
15795,2,23,,,2025-05-16 09:37:43,Income,Cash,Playstation Incomes,"9,29"
15796,3,24,,,2025-05-17 11:41:31,Income,Cash,Playstation Incomes,"9,26"
15797,3,9,,,2025-05-17 10:16:38,Income,Credit Card,Computer Incomes,"3,01"
15798,1,9,13.0,,2025-05-17 20:06:50,Income,Cash,Order Incomes,"9,72"
15799,2,1,,,2025-05-17 22:28:47,Income,Cash,Computer Incomes,"15,51"
15800,3,6,,,2025-05-17 22:12:28,Income,Cash,Computer Incomes,"3,24"
15801,3,7,,,2025-05-17 09:44:06,Income,Cash,Computer Incomes,"8,33"
15802,1,11,31.0,,2025-05-17 18:21:38,Income,Cash,Order Incomes,"15,97"
15803,3,4,,,2025-05-17 14:47:49,Income,Cash,Computer Incomes,"18,75"
15804,1,23,,,2025-05-17 17:58:45,Income,Cash,Playstation Incomes,"13,42"
15805,4,24,,,2025-05-17 12:07:50,Income,Cash,Playstation Incomes,"12,96"
15806,1,23,,,2025-05-17 18:50:15,Income,Credit Card,Playstation Incomes,"15,28"
15807,3,24,,,2025-05-17 21:17:41,Income,Cash,Playstation Incomes,"21,99"
15808,3,23,,,2025-05-17 14:31:11,Income,Cash,Playstation Incomes,"6,02"
15809,1,9,4.0,,2025-05-17 21:58:02,Income,Cash,Order Incomes,"6,95"
15810,3,5,,,2025-05-17 21:24:37,Income,Credit Card,Computer Incomes,"11,34"
15811,2,1,,61.0,2025-05-17 19:44:40,Income,Cash,Member Transactions,"4,40"
15812,3,4,,,2025-05-17 14:56:02,Income,Cash,Computer Incomes,"19,90"
15813,4,7,,,2025-05-17 19:05:15,Income,Cash,Computer Incomes,"8,33"
15814,3,24,,,2025-05-17 11:33:22,Income,Cash,Playstation Incomes,"8,10"
15815,5,14,,,2025-05-17 23:01:40,Income,Credit Card,Computer Incomes,"18,04"
15816,1,23,,,2025-05-17 13:47:27,Income,Cash,Playstation Incomes,"12,03"
15817,4,6,,61.0,2025-05-17 15:35:57,Income,Cash,Member Transactions,"10,18"
15818,3,9,,,2025-05-17 14:52:22,Income,Cash,Computer Incomes,"4,39"
15819,1,16,,,2025-05-17 19:13:05,Income,Cash,Computer Incomes,"16,19"
15820,3,24,,,2025-05-17 10:53:10,Income,Cash,Playstation Incomes,"13,88"
15821,4,12,,4.0,2025-05-17 17:08:51,Income,Cash,Member Transactions,"20,59"
15822,3,23,,,2025-05-17 16:41:29,Income,Cash,Playstation Incomes,"2,77"
15823,2,24,,,2025-05-17 15:00:06,Income,Credit Card,Playstation Incomes,"12,95"
15824,2,10,4.0,,2025-05-17 17:13:11,Income,Cash,Order Incomes,"18,74"
15825,4,10,7.0,,2025-05-17 19:55:34,Income,Cash,Order Incomes,"4,62"
15826,2,23,,,2025-05-17 15:49:46,Income,Cash,Playstation Incomes,"6,24"
15827,4,7,34.0,,2025-05-17 20:38:34,Income,Credit Card,Order Incomes,"10,64"
15828,1,7,,,2025-05-17 09:45:54,Income,Cash,Computer Incomes,"14,11"
15829,5,15,,,2025-05-17 18:43:05,Income,Credit Card,Computer Incomes,"18,04"
15830,1,24,,,2025-05-17 23:36:42,Income,Cash,Playstation Incomes,"5,32"
15831,1,16,,,2025-05-17 21:25:50,Income,Credit Card,Computer Incomes,"23,13"
15832,5,14,,,2025-05-17 17:39:38,Income,Cash,Computer Incomes,"13,41"
15833,1,16,28.0,,2025-05-18 14:17:25,Income,Credit Card,Order Incomes,"17,52"
15834,3,4,46.0,,2025-05-18 16:58:42,Income,Cash,Order Incomes,"21,42"
15835,4,7,,,2025-05-18 17:42:01,Income,Cash,Computer Incomes,"6,33"
15836,4,23,,,2025-05-18 09:59:34,Income,Cash,Playstation Incomes,"2,44"
15837,4,24,,,2025-05-18 12:36:12,Income,Cash,Playstation Incomes,"3,90"
15838,4,9,,,2025-05-18 11:27:44,Income,Cash,Computer Incomes,"24,34"
15839,1,11,,,2025-05-18 12:01:30,Income,Cash,Computer Incomes,"20,44"
15840,2,11,,,2025-05-18 23:09:19,Income,Cash,Computer Incomes,"10,95"
15841,4,2,49.0,,2025-05-18 18:34:29,Income,Cash,Order Incomes,"23,85"
15842,5,23,,,2025-05-18 21:40:20,Income,Cash,Playstation Incomes,"6,56"
15843,3,24,,,2025-05-18 10:59:55,Income,Cash,Playstation Incomes,"2,67"
15844,1,5,,,2025-05-18 22:40:03,Income,Cash,Computer Incomes,"15,81"
15845,4,11,,,2025-05-18 22:42:44,Income,Cash,Computer Incomes,"9,73"
15846,1,23,,,2025-05-18 14:10:20,Income,Credit Card,Playstation Incomes,"11,92"
15847,4,16,,,2025-05-18 14:56:02,Income,Cash,Computer Incomes,"14,11"
15848,4,24,,,2025-05-18 22:41:48,Income,Cash,Playstation Incomes,"16,30"
15849,4,8,14.0,,2025-05-19 11:16:08,Income,Cash,Order Incomes,"6,95"
15850,3,11,,,2025-05-19 16:32:24,Income,Credit Card,Computer Incomes,"7,78"
15851,3,23,,,2025-05-19 19:51:32,Income,Cash,Playstation Incomes,"11,40"
15852,3,5,,17.0,2025-05-19 22:23:44,Income,Credit Card,Member Transactions,"11,67"
15853,3,6,,,2025-05-19 14:26:57,Income,Credit Card,Computer Incomes,"11,95"
15854,3,11,,,2025-05-19 21:26:08,Income,Credit Card,Computer Incomes,"3,48"
15855,1,24,,,2025-05-19 15:03:00,Income,Cash,Playstation Incomes,"1,53"
15856,5,14,,,2025-05-19 10:06:41,Income,Credit Card,Computer Incomes,"2,78"
15857,5,3,,,2025-05-19 10:44:39,Income,Cash,Computer Incomes,"10,84"
15858,3,3,,,2025-05-19 13:43:09,Income,Cash,Computer Incomes,"6,39"
15859,2,23,,,2025-05-19 20:10:45,Income,Cash,Playstation Incomes,"11,67"
15860,5,1,,6.0,2025-05-19 19:08:22,Income,Cash,Member Transactions,"8,62"
15861,5,11,,,2025-05-19 11:48:40,Income,Cash,Computer Incomes,"6,38"
15862,3,11,,,2025-05-19 14:21:51,Income,Cash,Computer Incomes,"6,11"
15863,3,24,,,2025-05-19 13:06:29,Income,Cash,Playstation Incomes,"5,13"
15864,4,1,33.0,,2025-05-19 23:33:08,Income,Cash,Order Incomes,"2,36"
15865,5,4,,,2025-05-19 17:28:29,Income,Cash,Computer Incomes,"11,39"
15866,3,7,,,2025-05-19 23:09:17,Income,Cash,Computer Incomes,"13,89"
15867,3,12,,46.0,2025-05-19 16:32:43,Income,Cash,Member Transactions,"8,75"
15868,1,1,5.0,,2025-05-19 17:59:56,Income,Cash,Order Incomes,"2,63"
15869,3,10,36.0,,2025-05-19 21:45:33,Income,Cash,Order Incomes,"5,97"
15870,5,11,,9.0,2025-05-19 14:19:34,Income,Cash,Member Transactions,"12,77"
15871,2,14,10.0,,2025-05-20 11:24:34,Income,Cash,Order Incomes,"10,14"
15872,2,13,,,2025-05-20 10:24:11,Income,Cash,Computer Incomes,"10,14"
15873,3,23,,,2025-05-20 13:39:44,Income,Cash,Playstation Incomes,"15,38"
15874,2,13,,,2025-05-20 12:44:14,Income,Cash,Computer Incomes,"17,13"
15875,3,1,,42.0,2025-05-20 17:58:20,Income,Cash,Member Transactions,"7,34"
15876,5,4,,,2025-05-20 14:54:15,Income,Cash,Computer Incomes,"29,01"
15877,4,8,,,2025-05-20 11:30:22,Income,Cash,Computer Incomes,"27,26"
15878,1,24,,,2025-05-20 20:57:25,Income,Cash,Playstation Incomes,"11,89"
15879,4,12,,33.0,2025-05-20 18:54:00,Income,Cash,Member Transactions,"33,19"
15880,2,3,43.0,,2025-05-20 17:11:49,Income,Credit Card,Order Incomes,"26,55"
15881,5,23,,,2025-05-20 15:33:43,Income,Cash,Playstation Incomes,"30,05"
15882,2,5,,,2025-05-20 23:18:12,Income,Cash,Computer Incomes,"24,81"
15883,2,6,,,2025-05-20 19:23:47,Income,Cash,Computer Incomes,"15,72"
15884,3,4,,,2025-05-20 09:16:48,Income,Credit Card,Computer Incomes,"23,76"
15885,2,13,3.0,,2025-05-20 15:38:14,Income,Cash,Order Incomes,"7,33"
15886,5,3,,,2025-05-21 19:05:21,Income,Credit Card,Computer Incomes,"11,71"
15887,1,4,,,2025-05-21 12:09:11,Income,Cash,Computer Incomes,"23,95"
15888,4,4,,,2025-05-21 16:48:57,Income,Cash,Computer Incomes,"5,33"
15889,1,24,,,2025-05-21 15:02:11,Income,Cash,Playstation Incomes,"35,66"
15890,5,3,44.0,,2025-05-21 20:51:00,Income,Cash,Order Incomes,"6,39"
15891,2,9,33.0,,2025-05-21 21:29:41,Income,Cash,Order Incomes,"15,44"
15892,1,23,,,2025-05-21 16:47:53,Income,Credit Card,Playstation Incomes,"52,69"
15893,5,14,,,2025-05-21 16:01:58,Income,Credit Card,Computer Incomes,"14,89"
15894,4,2,,3.0,2025-05-21 14:31:09,Income,Cash,Member Transactions,"20,75"
15895,3,6,15.0,,2025-05-21 20:25:23,Income,Credit Card,Order Incomes,"34,05"
15896,4,11,,,2025-05-21 13:02:29,Income,Cash,Computer Incomes,"37,78"
15897,3,10,,,2025-05-21 10:57:13,Income,Credit Card,Computer Incomes,"23,41"
15898,5,12,,,2025-05-21 10:25:11,Income,Cash,Computer Incomes,"11,17"
15899,5,15,,,2025-05-21 23:05:03,Income,Cash,Computer Incomes,"22,34"
15900,3,11,,,2025-05-21 13:30:34,Income,Cash,Computer Incomes,"31,92"
15901,1,24,,,2025-05-21 13:44:41,Income,Cash,Playstation Incomes,"50,55"
15902,3,14,,,2025-05-22 13:40:11,Income,Cash,Computer Incomes,"30,29"
15903,2,12,30.0,,2025-05-22 22:40:32,Income,Cash,Order Incomes,"8,80"
15904,2,3,,,2025-05-22 10:27:02,Income,Cash,Computer Incomes,"16,94"
15905,3,23,,,2025-05-22 15:32:14,Income,Cash,Playstation Incomes,"13,03"
15906,3,13,43.0,,2025-05-22 09:19:07,Income,Cash,Order Incomes,"18,57"
15907,1,15,,,2025-05-22 19:23:06,Income,Cash,Computer Incomes,"27,36"
15908,3,2,,,2025-05-22 22:54:48,Income,Cash,Computer Incomes,"17,59"
15909,3,8,,,2025-05-22 14:20:49,Income,Cash,Computer Incomes,"5,87"
15910,2,6,,,2025-05-22 20:48:28,Income,Cash,Computer Incomes,"9,45"
15911,1,2,,,2025-05-22 09:34:16,Income,Cash,Computer Incomes,"14,00"
15912,3,6,4.0,,2025-05-22 12:14:20,Income,Cash,Order Incomes,"13,35"
15913,3,6,,,2025-05-22 10:06:19,Income,Cash,Computer Incomes,"9,44"
15914,3,1,,,2025-05-22 09:46:12,Income,Cash,Computer Incomes,"19,53"
15915,2,15,,,2025-05-22 10:28:56,Income,Credit Card,Computer Incomes,"9,11"
15916,4,24,,,2025-05-22 18:23:45,Income,Credit Card,Playstation Incomes,"9,44"
15917,4,2,,,2025-05-22 16:07:25,Income,Cash,Computer Incomes,"27,68"
15918,2,12,5.0,,2025-05-22 14:11:34,Income,Cash,Order Incomes,"21,49"
15919,3,23,,,2025-05-22 15:10:57,Income,Cash,Playstation Incomes,"29,96"
15920,2,9,,,2025-05-22 17:49:56,Income,Cash,Computer Incomes,"22,47"
15921,4,2,,,2025-05-22 15:53:21,Income,Cash,Computer Incomes,"28,98"
15922,3,13,,45.0,2025-05-22 10:32:22,Income,Cash,Member Transactions,"17,25"
15923,2,15,,,2025-05-22 22:28:55,Income,Cash,Computer Incomes,"21,49"
15924,4,24,,,2025-05-23 22:20:04,Income,Credit Card,Playstation Incomes,"19,06"
15925,3,4,,,2025-05-23 09:48:32,Income,Cash,Computer Incomes,"26,91"
15926,2,8,,,2025-05-23 19:59:58,Income,Cash,Computer Incomes,"19,43"
15927,3,14,,,2025-05-23 11:25:16,Income,Cash,Computer Incomes,"13,08"
15928,1,10,,,2025-05-23 10:17:58,Income,Cash,Computer Incomes,"8,22"
15929,2,5,24.0,,2025-05-23 11:08:02,Income,Cash,Order Incomes,"6,73"
15930,2,23,,,2025-05-23 10:29:38,Income,Cash,Playstation Incomes,"13,83"
15931,3,2,,,2025-05-23 13:31:35,Income,Credit Card,Computer Incomes,"36,99"
15932,3,16,,,2025-05-23 14:22:43,Income,Credit Card,Computer Incomes,"12,33"
15933,3,9,,53.0,2025-05-23 22:54:37,Income,Cash,Member Transactions,"19,06"
15934,5,24,,,2025-05-23 20:52:47,Income,Cash,Playstation Incomes,"28,77"
15935,2,23,,,2025-05-23 10:36:48,Income,Cash,Playstation Incomes,"31,02"
15936,2,14,,,2025-05-23 13:46:34,Income,Cash,Computer Incomes,"22,42"
15937,2,8,,,2025-05-23 15:50:25,Income,Cash,Computer Incomes,"15,32"
15938,4,15,,,2025-05-23 22:27:22,Income,Cash,Computer Incomes,"10,84"
15939,5,24,,,2025-05-23 20:32:04,Income,Cash,Playstation Incomes,"16,07"
15940,3,1,,,2025-05-23 10:53:50,Income,Cash,Computer Incomes,"13,08"
15941,3,23,,,2025-05-23 12:51:40,Income,Cash,Playstation Incomes,"12,70"
15942,1,10,,,2025-05-23 19:17:30,Income,Cash,Computer Incomes,"24,28"
15943,4,24,,,2025-05-23 19:55:18,Income,Cash,Playstation Incomes,"10,83"
15944,4,14,,,2025-05-23 09:48:45,Income,Cash,Computer Incomes,"27,64"
15945,3,23,,,2025-05-23 12:14:59,Income,Cash,Playstation Incomes,"21,29"
15946,2,5,,,2025-05-23 11:52:58,Income,Cash,Computer Incomes,"27,27"
15947,3,5,33.0,,2025-05-23 11:11:09,Income,Cash,Order Incomes,"11,20"
15948,5,24,,,2025-05-23 14:44:40,Income,Cash,Playstation Incomes,"35,86"
15949,4,1,,,2025-05-23 10:55:15,Income,Cash,Computer Incomes,"10,83"
15950,3,12,,,2025-05-23 13:55:28,Income,Cash,Computer Incomes,"25,40"
15951,5,13,,,2025-05-23 19:18:55,Income,Cash,Computer Incomes,"16,06"
15952,2,9,,,2025-05-24 09:48:45,Income,Cash,Computer Incomes,"6,57"
15953,2,3,,,2025-05-24 13:31:49,Income,Cash,Computer Incomes,"5,80"
15954,3,6,,,2025-05-24 11:34:33,Income,Cash,Computer Incomes,"3,87"
15955,1,14,,,2025-05-24 09:41:37,Income,Cash,Computer Incomes,"30,13"
15956,5,11,,60.0,2025-05-24 11:22:34,Income,Cash,Member Transactions,"23,56"
15957,4,2,,35.0,2025-05-24 09:02:33,Income,Cash,Member Transactions,"13,52"
15958,1,23,,,2025-05-24 14:23:48,Income,Cash,Playstation Incomes,"6,18"
15959,5,24,,,2025-05-24 18:23:45,Income,Cash,Playstation Incomes,"5,03"
15960,3,2,,60.0,2025-05-24 10:08:18,Income,Cash,Member Transactions,"32,44"
15961,5,14,,,2025-05-24 17:54:10,Income,Cash,Computer Incomes,"16,61"
15962,5,23,,,2025-05-24 10:36:32,Income,Cash,Playstation Incomes,"23,17"
15963,1,5,35.0,,2025-05-24 14:30:09,Income,Cash,Order Incomes,"22,02"
15964,1,6,,,2025-05-24 22:16:52,Income,Cash,Computer Incomes,"20,46"
15965,1,24,,,2025-05-24 10:45:03,Income,Cash,Playstation Incomes,"9,26"
15966,1,23,,,2025-05-24 18:05:45,Income,Cash,Playstation Incomes,"18,53"
15967,3,10,,,2025-05-24 21:18:32,Income,Cash,Computer Incomes,"35,14"
15968,5,1,,,2025-05-24 17:42:07,Income,Cash,Computer Incomes,"36,29"
15969,2,24,,,2025-05-24 14:29:51,Income,Credit Card,Playstation Incomes,"10,04"
15970,4,5,,,2025-05-24 11:58:19,Income,Credit Card,Computer Incomes,"31,27"
15971,3,9,27.0,,2025-05-24 15:22:04,Income,Cash,Order Incomes,"18,14"
15972,1,3,,,2025-05-24 10:21:00,Income,Credit Card,Computer Incomes,"22,01"
15973,2,10,,,2025-05-24 18:15:01,Income,Cash,Computer Incomes,"28,96"
15974,5,23,,,2025-05-24 09:14:49,Income,Cash,Playstation Incomes,"23,55"
15975,1,24,,,2025-05-24 21:32:23,Income,Cash,Playstation Incomes,"37,84"
15976,2,2,,,2025-05-24 09:42:47,Income,Cash,Computer Incomes,"30,12"
15977,3,23,,,2025-05-24 23:59:35,Income,Cash,Playstation Incomes,"15,83"
15978,4,1,,,2025-05-24 11:09:53,Income,Cash,Computer Incomes,"22,01"
15979,1,24,,,2025-05-24 19:56:00,Income,Credit Card,Playstation Incomes,"17,76"
15980,3,9,,,2025-05-25 12:30:18,Income,Cash,Computer Incomes,"11,67"
15981,4,23,,,2025-05-25 11:45:18,Income,Cash,Playstation Incomes,"15,46"
15982,4,8,,,2025-05-25 18:19:20,Income,Cash,Computer Incomes,"8,17"
15983,3,5,,,2025-05-25 18:15:55,Income,Cash,Computer Incomes,"10,21"
15984,5,24,,,2025-05-25 20:21:53,Income,Credit Card,Playstation Incomes,"7,88"
15985,3,1,7.0,,2025-05-25 12:09:14,Income,Cash,Order Incomes,"2,92"
15986,3,1,,,2025-05-25 12:57:42,Income,Cash,Computer Incomes,"5,55"
15987,4,5,39.0,,2025-05-25 09:00:24,Income,Cash,Order Incomes,"19,55"
15988,4,23,,,2025-05-25 19:16:58,Income,Cash,Playstation Incomes,"27,13"
15989,3,15,,,2025-05-25 19:47:40,Income,Cash,Computer Incomes,"21,88"
15990,4,2,,,2025-05-25 17:32:48,Income,Cash,Computer Incomes,"21,00"
15991,4,4,,3.0,2025-05-25 16:34:05,Income,Cash,Member Transactions,"18,08"
15992,2,11,,,2025-05-25 22:58:30,Income,Cash,Computer Incomes,"13,70"
15993,4,6,,,2025-05-25 12:11:05,Income,Cash,Computer Incomes,"13,70"
15994,1,11,,,2025-05-25 21:42:17,Income,Cash,Computer Incomes,"23,33"
15995,4,10,,,2025-05-25 21:48:02,Income,Cash,Computer Incomes,"8,45"
15996,1,7,,,2025-05-25 15:26:41,Income,Cash,Computer Incomes,"18,66"
15997,4,24,,,2025-05-25 11:56:15,Income,Cash,Playstation Incomes,"27,41"
15998,3,9,,,2025-05-25 21:49:43,Income,Cash,Computer Incomes,"5,25"
15999,4,7,13.0,,2025-05-26 12:08:32,Income,Cash,Order Incomes,"31,70"
16000,3,8,34.0,,2025-05-26 17:30:38,Income,Cash,Order Incomes,"21,25"
16001,4,3,37.0,,2025-05-26 18:52:06,Income,Credit Card,Order Incomes,"31,03"
16002,3,23,,,2025-05-26 14:54:19,Income,Cash,Playstation Incomes,"30,69"
16003,2,10,12.0,,2025-05-26 15:32:39,Income,Credit Card,Order Incomes,"5,06"
16004,3,11,19.0,,2025-05-26 17:51:37,Income,Cash,Order Incomes,"21,92"
16005,5,14,,,2025-05-26 15:07:04,Income,Cash,Computer Incomes,"29,68"
16006,4,12,,,2025-05-26 20:03:06,Income,Cash,Computer Incomes,"20,57"
16007,5,11,,,2025-05-26 20:06:46,Income,Cash,Computer Incomes,"31,69"
16008,1,15,,45.0,2025-05-26 09:31:22,Income,Credit Card,Member Transactions,"14,83"
16009,4,7,,,2025-05-26 11:44:02,Income,Cash,Computer Incomes,"10,45"
16010,1,9,,50.0,2025-05-26 12:24:42,Income,Cash,Member Transactions,"28,66"
16011,1,2,,,2025-05-26 21:25:24,Income,Cash,Computer Incomes,"4,72"
16012,4,10,,,2025-05-26 18:27:03,Income,Cash,Computer Incomes,"8,09"
16013,3,8,,,2025-05-26 21:10:17,Income,Credit Card,Computer Incomes,"7,41"
16014,3,6,,,2025-05-27 15:51:34,Income,Cash,Computer Incomes,"29,39"
16015,5,13,,,2025-05-27 09:18:43,Income,Cash,Computer Incomes,"11,11"
16016,3,15,20.0,,2025-05-27 15:51:16,Income,Cash,Order Incomes,"6,81"
16017,4,13,,,2025-05-27 23:29:20,Income,Cash,Computer Incomes,"16,85"
16018,2,24,,,2025-05-27 18:40:13,Income,Cash,Playstation Incomes,"26,16"
16019,5,10,,,2025-05-27 13:30:12,Income,Cash,Computer Incomes,"24,01"
16020,4,5,,,2025-05-27 19:02:03,Income,Cash,Computer Incomes,"28,31"
16021,1,2,,,2025-05-27 15:19:00,Income,Cash,Computer Incomes,"7,53"
16022,2,3,,10.0,2025-05-27 19:17:02,Income,Cash,Member Transactions,"29,39"
16023,3,1,,,2025-05-27 21:34:19,Income,Cash,Computer Incomes,"9,31"
16024,1,10,43.0,,2025-05-27 19:14:55,Income,Cash,Order Incomes,"30,81"
16025,3,16,,,2025-05-27 22:23:51,Income,Cash,Computer Incomes,"33,68"
16026,2,12,,,2025-05-27 16:26:01,Income,Cash,Computer Incomes,"20,78"
16027,5,23,,,2025-05-27 18:53:26,Income,Cash,Playstation Incomes,"24,00"
16028,4,6,1.0,,2025-05-27 11:07:08,Income,Credit Card,Order Incomes,"16,48"
16029,4,4,,31.0,2025-05-27 19:33:42,Income,Cash,Member Transactions,"12,90"
16030,4,4,,,2025-05-27 20:54:50,Income,Cash,Computer Incomes,"31,89"
16031,1,11,,,2025-05-28 19:32:02,Income,Credit Card,Computer Incomes,"2,78"
16032,3,3,,,2025-05-28 09:39:24,Income,Cash,Computer Incomes,"16,83"
16033,3,6,,,2025-05-28 09:08:48,Income,Cash,Computer Incomes,"5,21"
16034,4,15,23.0,,2025-05-28 18:54:51,Income,Cash,Order Incomes,"2,43"
16035,4,3,,,2025-05-28 16:47:32,Income,Cash,Computer Incomes,"7,98"
16036,5,5,41.0,,2025-05-28 18:45:23,Income,Cash,Order Incomes,"14,40"
16037,2,11,27.0,,2025-05-28 23:48:36,Income,Cash,Order Incomes,"15,44"
16038,5,24,,,2025-05-28 19:17:11,Income,Cash,Playstation Incomes,"8,16"
16039,3,4,,,2025-05-28 09:05:32,Income,Cash,Computer Incomes,"5,38"
16040,2,6,,,2025-05-28 13:08:02,Income,Cash,Computer Incomes,"2,77"
16041,4,7,17.0,,2025-05-28 20:07:28,Income,Credit Card,Order Incomes,"7,97"
16042,5,8,,,2025-05-28 19:13:50,Income,Cash,Computer Incomes,"8,32"
16043,1,10,,,2025-05-28 12:23:07,Income,Cash,Computer Incomes,"7,28"
16044,2,23,,,2025-05-28 12:49:05,Income,Cash,Playstation Incomes,"15,26"
16045,4,3,,,2025-05-28 19:01:42,Income,Cash,Computer Incomes,"5,02"
16046,2,24,,,2025-05-28 13:11:43,Income,Credit Card,Playstation Incomes,"13,18"
16047,2,2,,2.0,2025-05-28 14:31:02,Income,Cash,Member Transactions,"14,91"
16048,4,10,21.0,,2025-05-28 16:47:40,Income,Cash,Order Incomes,"12,66"
16049,1,1,,,2025-05-29 21:35:58,Income,Cash,Computer Incomes,"18,54"
16050,5,6,,,2025-05-29 17:00:26,Income,Credit Card,Computer Incomes,"19,07"
16051,2,13,,,2025-05-29 22:58:39,Income,Cash,Computer Incomes,"18,01"
16052,3,9,5.0,,2025-05-29 22:21:13,Income,Cash,Order Incomes,"3,71"
16053,4,23,,,2025-05-29 20:01:20,Income,Cash,Playstation Incomes,"21,45"
16054,4,13,,,2025-05-29 14:39:43,Income,Cash,Computer Incomes,"14,04"
16055,4,24,,,2025-05-29 17:05:20,Income,Cash,Playstation Incomes,"23,04"
16056,4,1,,,2025-05-29 15:08:10,Income,Cash,Computer Incomes,"8,21"
16057,4,23,,,2025-05-29 20:48:56,Income,Cash,Playstation Incomes,"21,98"
16058,3,24,,,2025-05-29 21:59:57,Income,Credit Card,Playstation Incomes,"4,77"
16059,1,6,,,2025-05-29 19:31:37,Income,Cash,Computer Incomes,"7,15"
16060,5,13,,,2025-05-29 20:04:16,Income,Cash,Computer Incomes,"25,94"
16061,1,2,,,2025-05-29 19:20:43,Income,Cash,Computer Incomes,"14,29"
16062,2,5,,,2025-05-29 14:04:38,Income,Cash,Computer Incomes,"2,64"
16063,5,4,42.0,,2025-05-29 13:14:05,Income,Cash,Order Incomes,"9,26"
16064,1,8,,,2025-05-29 11:47:22,Income,Cash,Computer Incomes,"9,79"
16065,2,4,,,2025-05-29 14:56:10,Income,Cash,Computer Incomes,"21,44"
16066,4,23,,,2025-05-29 18:05:09,Income,Cash,Playstation Incomes,"15,08"
16067,5,8,,19.0,2025-05-29 19:07:15,Income,Credit Card,Member Transactions,"17,20"
16068,4,14,29.0,,2025-05-29 22:56:41,Income,Cash,Order Incomes,"8,73"
16069,5,13,,,2025-05-29 11:27:42,Income,Cash,Computer Incomes,"6,88"
16070,1,14,,,2025-05-29 11:56:43,Income,Credit Card,Computer Incomes,"15,88"
16071,5,13,,,2025-05-29 23:08:16,Income,Cash,Computer Incomes,"25,41"
16072,3,2,24.0,,2025-05-29 15:22:52,Income,Cash,Order Incomes,"12,97"
16073,4,15,,,2025-05-30 15:34:30,Income,Cash,Computer Incomes,"23,60"
16074,2,7,,,2025-05-30 12:42:56,Income,Cash,Computer Incomes,"4,89"
16075,4,15,,11.0,2025-05-30 11:20:28,Income,Cash,Member Transactions,"15,19"
16076,1,12,,,2025-05-30 15:15:59,Income,Credit Card,Computer Incomes,"11,67"
16077,5,3,,,2025-05-30 14:56:48,Income,Cash,Computer Incomes,"8,14"
16078,4,10,,,2025-05-30 14:10:00,Income,Cash,Computer Incomes,"16,28"
16079,1,11,18.0,,2025-05-30 22:02:04,Income,Cash,Order Incomes,"15,73"
16080,4,10,,,2025-05-30 21:30:38,Income,Cash,Computer Incomes,"26,85"
16081,3,1,,,2025-05-30 23:15:25,Income,Credit Card,Computer Incomes,"5,70"
16082,2,9,21.0,,2025-05-30 10:22:44,Income,Cash,Order Incomes,"23,33"
16083,1,15,,,2025-05-30 16:44:40,Income,Cash,Computer Incomes,"15,19"
16084,5,24,,,2025-05-30 14:22:49,Income,Cash,Playstation Incomes,"23,60"
16085,4,13,,,2025-05-30 16:04:26,Income,Cash,Computer Incomes,"2,72"
16086,4,4,,,2025-05-30 17:05:19,Income,Cash,Computer Incomes,"21,43"
16087,4,23,,,2025-05-30 11:27:48,Income,Cash,Playstation Incomes,"8,14"
16088,4,9,,,2025-05-30 22:25:01,Income,Cash,Computer Incomes,"16,01"
16089,4,4,,,2025-05-30 16:41:22,Income,Credit Card,Computer Incomes,"21,97"
16090,1,24,,,2025-05-30 15:29:53,Income,Cash,Playstation Incomes,"11,67"
16091,4,6,4.0,,2025-05-30 20:56:32,Income,Cash,Order Incomes,"18,17"
16092,2,7,,,2025-05-30 14:30:05,Income,Cash,Computer Incomes,"12,74"
16093,1,2,,,2025-05-30 10:18:00,Income,Cash,Computer Incomes,"9,76"
16094,1,23,,,2025-05-30 19:27:18,Income,Cash,Playstation Incomes,"7,86"
16095,1,8,,,2025-05-30 22:38:50,Income,Credit Card,Computer Incomes,"11,93"
16096,2,6,46.0,,2025-05-30 13:54:12,Income,Cash,Order Incomes,"25,22"
16097,4,9,,22.0,2025-05-30 17:08:58,Income,Cash,Member Transactions,"8,13"
16098,1,4,,,2025-05-30 11:02:40,Income,Cash,Computer Incomes,"10,03"
16099,2,10,13.0,,2025-05-30 21:12:52,Income,Cash,Order Incomes,"13,55"
16100,5,15,,,2025-05-30 11:55:32,Income,Cash,Computer Incomes,"14,91"
16101,2,2,,,2025-05-30 23:01:17,Income,Cash,Computer Incomes,"26,03"
16102,5,15,,,2025-05-30 20:28:29,Income,Cash,Computer Incomes,"21,96"
16103,4,14,,,2025-05-30 21:45:49,Income,Cash,Computer Incomes,"15,72"
16104,4,12,,52.0,2025-05-30 20:00:21,Income,Cash,Member Transactions,"5,69"
16105,2,5,,45.0,2025-05-30 14:18:48,Income,Cash,Member Transactions,"17,08"
16106,1,24,,,2025-05-30 10:22:48,Income,Cash,Playstation Incomes,"4,88"
16107,3,16,40.0,,2025-05-30 17:35:42,Income,Cash,Order Incomes,"24,67"
16108,4,1,,,2025-05-30 19:19:54,Income,Cash,Computer Incomes,"7,86"
16109,4,2,,,2025-05-30 13:52:40,Income,Cash,Computer Incomes,"20,61"
16110,1,23,,,2025-05-30 15:35:37,Income,Cash,Playstation Incomes,"13,28"
16111,5,2,,,2025-05-30 14:24:27,Income,Cash,Computer Incomes,"15,72"
16112,2,24,,,2025-05-30 18:39:22,Income,Cash,Playstation Incomes,"18,44"
16113,4,23,,,2025-05-31 14:19:47,Income,Credit Card,Playstation Incomes,"2,91"
16114,4,16,13.0,,2025-05-31 14:05:56,Income,Cash,Order Incomes,"4,84"
16115,4,9,,,2025-05-31 18:12:57,Income,Cash,Computer Incomes,"10,40"
16116,4,10,,54.0,2025-05-31 17:38:52,Income,Credit Card,Member Transactions,"16,93"
16117,2,16,22.0,,2025-05-31 11:02:47,Income,Cash,Order Incomes,"23,22"
16118,4,16,,,2025-05-31 13:53:31,Income,Cash,Computer Incomes,"18,86"
16119,5,12,,,2025-05-31 15:27:25,Income,Cash,Computer Incomes,"23,94"
16120,2,8,,,2025-05-31 13:00:18,Income,Cash,Computer Incomes,"19,59"
16121,1,5,,,2025-05-31 23:49:10,Income,Cash,Computer Incomes,"17,66"
16122,3,4,,,2025-05-31 11:46:45,Income,Cash,Computer Incomes,"16,93"
16123,1,15,,,2025-05-31 17:05:04,Income,Cash,Computer Incomes,"6,78"
16124,1,2,,,2025-05-31 09:55:23,Income,Credit Card,Computer Incomes,"14,03"
16125,1,1,,,2025-05-31 14:03:15,Income,Cash,Computer Incomes,"20,32"
16126,3,24,,,2025-05-31 23:41:53,Income,Credit Card,Playstation Incomes,"18,14"
16127,4,16,36.0,,2025-05-31 10:07:24,Income,Cash,Order Incomes,"18,86"
16128,3,8,,,2025-05-31 20:31:11,Income,Cash,Computer Incomes,"14,26"
16129,5,13,,,2025-05-31 13:36:09,Income,Credit Card,Computer Incomes,"15,23"
16130,1,4,,,2025-05-31 19:57:19,Income,Credit Card,Computer Incomes,"5,07"
16131,1,1,,,2025-05-31 12:57:33,Income,Cash,Computer Incomes,"21,51"
16132,3,13,,,2025-05-31 11:35:26,Income,Credit Card,Computer Incomes,"7,25"
16133,5,8,5.0,,2025-05-31 19:51:40,Income,Cash,Order Incomes,"21,51"
16134,2,2,,,2025-05-31 17:15:04,Income,Cash,Computer Incomes,"4,59"
16135,2,3,,,2025-05-31 19:26:51,Income,Credit Card,Computer Incomes,"13,29"
16136,5,10,,,2025-05-31 11:51:33,Income,Credit Card,Computer Incomes,"17,89"
16137,1,12,13.0,,2025-05-31 10:53:08,Income,Cash,Order Incomes,"13,78"
16138,5,23,,,2025-05-31 18:20:25,Income,Cash,Playstation Incomes,"6,52"
16139,2,3,,,2025-05-31 22:11:44,Income,Cash,Computer Incomes,"8,46"
16140,1,1,14.0,,2025-05-31 22:06:13,Income,Cash,Order Incomes,"4,35"
16141,2,9,,,2025-05-31 23:50:43,Income,Cash,Computer Incomes,"2,41"
16142,2,16,31.0,,2025-05-31 16:30:57,Income,Cash,Order Incomes,"13,29"
16143,3,12,,,2025-05-31 13:08:45,Income,Cash,Computer Incomes,"7,25"
16144,4,7,,,2026-05-01 11:16:21,Income,Cash,Computer Incomes,"10,28"
16145,1,8,,,2026-05-01 09:26:28,Income,Cash,Computer Incomes,"16,79"
16146,1,12,,,2026-05-01 22:50:46,Income,Cash,Computer Incomes,"13,71"
16147,2,14,,18.0,2026-05-01 22:28:59,Income,Cash,Member Transactions,"8,40"
16148,1,24,,,2026-05-01 13:49:06,Income,Cash,Playstation Incomes,"13,37"
16149,4,5,,,2026-05-01 19:42:30,Income,Cash,Computer Incomes,"3,77"
16150,5,23,,,2026-05-01 15:43:11,Income,Cash,Playstation Incomes,"15,76"
16151,5,11,,,2026-05-01 19:46:25,Income,Cash,Computer Incomes,"13,02"
16152,2,13,,54.0,2026-05-01 23:59:46,Income,Credit Card,Member Transactions,"3,60"
16153,5,15,,,2026-05-01 11:55:56,Income,Cash,Computer Incomes,"7,88"
16154,2,24,,,2026-05-01 15:02:16,Income,Cash,Playstation Incomes,"9,25"
16155,4,8,4.0,,2026-05-01 09:45:02,Income,Cash,Order Incomes,"5,31"
16156,3,4,,,2026-05-01 16:45:40,Income,Credit Card,Computer Incomes,"10,62"
16157,2,1,,,2026-05-01 14:50:10,Income,Cash,Computer Incomes,"15,59"
16158,1,12,,26.0,2026-05-01 15:07:06,Income,Cash,Member Transactions,"4,63"
16159,3,11,27.0,,2026-05-01 18:09:54,Income,Cash,Order Incomes,"4,12"
16160,5,8,,,2026-05-01 12:50:59,Income,Cash,Computer Incomes,"13,54"
16161,3,3,,,2026-05-01 12:52:14,Income,Cash,Computer Incomes,"2,57"
16162,2,4,,,2026-05-01 18:14:34,Income,Credit Card,Computer Incomes,"7,20"
16163,3,5,7.0,,2026-05-01 18:55:00,Income,Credit Card,Order Incomes,"6,33"
16164,3,2,,,2026-05-01 12:09:43,Income,Credit Card,Computer Incomes,"3,93"
16165,2,7,,,2026-05-01 21:20:34,Income,Cash,Computer Incomes,"8,56"
16166,5,1,,,2026-05-01 16:47:25,Income,Cash,Computer Incomes,"11,99"
16167,3,1,,,2026-05-01 22:55:07,Income,Cash,Computer Incomes,"12,67"
16168,5,5,,,2026-05-01 14:32:57,Income,Cash,Computer Incomes,"7,19"
16169,1,8,,,2026-05-01 11:28:14,Income,Cash,Computer Incomes,"1,71"
16170,1,23,,,2026-05-01 17:46:39,Income,Cash,Playstation Incomes,"9,59"
16171,4,7,,,2026-05-01 16:32:48,Income,Cash,Computer Incomes,"17,12"
16172,4,9,,,2026-05-01 18:42:13,Income,Cash,Computer Incomes,"14,38"
16173,3,16,,,2026-05-01 15:11:50,Income,Cash,Computer Incomes,"9,93"
16174,4,9,,,2026-05-01 13:52:13,Income,Cash,Computer Incomes,"16,95"
16175,3,5,43.0,,2026-05-01 14:18:47,Income,Cash,Order Incomes,"3,42"
16176,4,10,43.0,,2026-05-02 12:26:09,Income,Cash,Order Incomes,"2,45"
16177,3,24,,,2026-05-02 18:57:02,Income,Cash,Playstation Incomes,"13,22"
16178,3,3,,11.0,2026-05-02 11:11:43,Income,Cash,Member Transactions,"6,90"
16179,1,23,,,2026-05-02 17:54:14,Income,Cash,Playstation Incomes,"3,60"
16180,1,2,,,2026-05-02 13:53:26,Income,Cash,Computer Incomes,"12,65"
16181,1,8,,,2026-05-02 15:46:18,Income,Cash,Computer Incomes,"9,49"
16182,5,11,,,2026-05-02 12:57:57,Income,Credit Card,Computer Incomes,"13,94"
16183,5,24,,,2026-05-02 15:00:54,Income,Cash,Playstation Incomes,"5,47"
16184,4,23,,,2026-05-02 21:52:17,Income,Cash,Playstation Incomes,"6,90"
16185,4,1,1.0,,2026-05-02 18:00:04,Income,Cash,Order Incomes,"7,91"
16186,2,24,,,2026-05-02 18:40:39,Income,Credit Card,Playstation Incomes,"8,63"
16187,1,23,,,2026-05-02 12:14:10,Income,Cash,Playstation Incomes,"14,23"
16188,4,10,6.0,,2026-05-02 20:53:47,Income,Cash,Order Incomes,"9,35"
16189,5,6,48.0,,2026-05-02 15:56:24,Income,Cash,Order Incomes,"12,51"
16190,1,24,,,2026-05-02 16:22:24,Income,Credit Card,Playstation Incomes,"4,46"
16191,5,9,,,2026-05-02 13:36:28,Income,Cash,Computer Incomes,"9,92"
16192,4,5,,33.0,2026-05-02 12:45:07,Income,Cash,Member Transactions,"11,50"
16193,2,11,,,2026-05-02 11:29:38,Income,Cash,Computer Incomes,"14,37"
16194,3,6,,,2026-05-02 13:37:18,Income,Cash,Computer Incomes,"2,88"
16195,5,10,,,2026-05-02 13:07:15,Income,Cash,Computer Incomes,"2,30"
16196,4,9,,66.0,2026-05-02 13:43:31,Income,Cash,Member Transactions,"5,60"
16197,2,10,,,2026-05-02 16:45:29,Income,Cash,Computer Incomes,"10,05"
16198,4,15,,,2026-05-02 09:51:43,Income,Credit Card,Computer Incomes,"13,36"
16199,3,7,,,2026-05-02 21:17:15,Income,Cash,Computer Incomes,"8,04"
16200,1,13,,,2026-05-02 18:51:48,Income,Cash,Computer Incomes,"8,62"
16201,4,5,,15.0,2026-05-02 11:53:09,Income,Cash,Member Transactions,"2,58"
16202,4,23,,,2026-05-02 18:33:02,Income,Credit Card,Playstation Incomes,"8,76"
16203,3,12,,66.0,2026-05-02 14:52:44,Income,Cash,Member Transactions,"13,93"
16204,4,13,,,2026-05-02 10:53:20,Income,Cash,Computer Incomes,"10,05"
16205,3,9,,,2026-05-02 12:59:11,Income,Credit Card,Computer Incomes,"14,36"
16206,5,14,,2.0,2026-05-02 18:08:15,Income,Credit Card,Member Transactions,"8,90"
16207,5,7,,35.0,2026-05-02 21:55:35,Income,Cash,Member Transactions,"10,63"
16208,2,13,,35.0,2026-05-02 22:17:23,Income,Cash,Member Transactions,"5,60"
16209,1,24,,,2026-05-02 15:38:44,Income,Cash,Playstation Incomes,"12,50"
16210,5,23,,,2026-05-02 14:59:26,Income,Cash,Playstation Incomes,"7,75"
16211,3,3,,,2026-05-02 12:32:23,Income,Credit Card,Computer Incomes,"5,02"
16212,4,13,,,2026-05-02 18:57:34,Income,Cash,Computer Incomes,"4,31"
16213,4,13,,39.0,2026-05-02 10:08:00,Income,Cash,Member Transactions,"3,16"
16214,2,24,,,2026-05-03 14:33:20,Income,Cash,Playstation Incomes,"19,07"
16215,3,1,,,2026-05-03 16:41:27,Income,Cash,Computer Incomes,"2,42"
16216,4,3,,,2026-05-03 14:09:00,Income,Cash,Computer Incomes,"17,10"
16217,4,6,,,2026-05-03 11:39:51,Income,Cash,Computer Incomes,"19,29"
16218,3,13,5.0,,2026-05-03 16:30:28,Income,Cash,Order Incomes,"15,56"
16219,5,6,,56.0,2026-05-03 13:40:03,Income,Cash,Member Transactions,"9,21"
16220,5,7,,48.0,2026-05-03 13:04:42,Income,Cash,Member Transactions,"17,09"
16221,5,16,,,2026-05-03 14:48:32,Income,Credit Card,Computer Incomes,"17,31"
16222,4,16,,38.0,2026-05-03 16:15:02,Income,Cash,Member Transactions,"3,28"
16223,2,13,,,2026-05-03 23:40:56,Income,Cash,Computer Incomes,"13,14"
16224,5,2,,,2026-05-03 19:20:15,Income,Cash,Computer Incomes,"14,46"
16225,3,23,,,2026-05-03 14:14:15,Income,Cash,Playstation Incomes,"2,84"
16226,5,24,,,2026-05-03 14:12:51,Income,Cash,Playstation Incomes,"15,77"
16227,1,23,,,2026-05-03 14:30:19,Income,Cash,Playstation Incomes,"3,06"
16228,2,6,,,2026-05-03 23:45:33,Income,Cash,Computer Incomes,"19,06"
16229,3,8,,,2026-05-04 23:40:57,Income,Cash,Computer Incomes,"22,31"
16230,4,12,,,2026-05-04 18:39:52,Income,Cash,Computer Incomes,"3,87"
16231,3,8,,,2026-05-04 19:00:08,Income,Cash,Computer Incomes,"10,02"
16232,5,24,,,2026-05-04 22:39:42,Income,Cash,Playstation Incomes,"11,61"
16233,2,23,,,2026-05-04 12:07:44,Income,Credit Card,Playstation Incomes,"12,30"
16234,3,24,,,2026-05-04 20:29:38,Income,Credit Card,Playstation Incomes,"20,04"
16235,5,9,,,2026-05-04 10:14:11,Income,Cash,Computer Incomes,"4,10"
16236,5,23,,,2026-05-04 19:53:40,Income,Cash,Playstation Incomes,"15,03"
16237,3,5,,,2026-05-04 23:38:49,Income,Cash,Computer Incomes,"11,84"
16238,1,15,,,2026-05-04 20:12:19,Income,Cash,Computer Incomes,"2,27"
16239,2,2,,,2026-05-04 19:19:51,Income,Cash,Computer Incomes,"20,25"
16240,4,10,,,2026-05-04 23:08:54,Income,Credit Card,Computer Incomes,"17,52"
16241,2,2,,,2026-05-04 19:20:39,Income,Cash,Computer Incomes,"5,69"
16242,2,2,,,2026-05-04 17:59:18,Income,Cash,Computer Incomes,"17,75"
16243,5,24,,,2026-05-05 22:20:12,Income,Cash,Playstation Incomes,"32,39"
16244,5,16,26.0,,2026-05-05 21:35:28,Income,Cash,Order Incomes,"39,04"
16245,5,13,,49.0,2026-05-05 13:34:34,Income,Cash,Member Transactions,"14,64"
16246,4,12,,,2026-05-05 11:59:17,Income,Cash,Computer Incomes,"24,40"
16247,4,8,,,2026-05-05 20:49:28,Income,Cash,Computer Incomes,"42,15"
16248,1,2,29.0,,2026-05-05 14:10:44,Income,Cash,Order Incomes,"8,43"
16249,5,16,,,2026-05-05 15:01:14,Income,Cash,Computer Incomes,"6,22"
16250,3,23,,,2026-05-05 22:44:34,Income,Cash,Playstation Incomes,"16,42"
16251,1,24,,,2026-05-05 22:19:46,Income,Cash,Playstation Incomes,"40,36"
16252,4,7,,,2026-05-05 10:47:58,Income,Cash,Computer Incomes,"36,37"
16253,4,6,,,2026-05-05 13:32:32,Income,Credit Card,Computer Incomes,"11,08"
16254,1,1,21.0,,2026-05-05 15:59:44,Income,Cash,Order Incomes,"24,84"
16255,5,4,,,2026-05-05 14:40:42,Income,Cash,Computer Incomes,"39,47"
16256,5,23,,,2026-05-05 18:12:35,Income,Cash,Playstation Incomes,"19,96"
16257,3,3,,,2026-05-05 11:13:58,Income,Credit Card,Computer Incomes,"20,84"
16258,2,24,,,2026-05-06 11:00:48,Income,Credit Card,Playstation Incomes,"35,20"
16259,3,10,,51.0,2026-05-06 15:27:52,Income,Cash,Member Transactions,"23,94"
16260,5,14,,,2026-05-06 23:02:20,Income,Credit Card,Computer Incomes,"19,72"
16261,2,2,,,2026-05-06 10:25:01,Income,Cash,Computer Incomes,"41,30"
16262,3,23,,,2026-05-06 11:03:51,Income,Cash,Playstation Incomes,"33,80"
16263,4,7,,,2026-05-06 20:34:15,Income,Cash,Computer Incomes,"30,51"
16264,2,11,,,2026-05-06 22:01:39,Income,Cash,Computer Incomes,"31,92"
16265,4,24,,,2026-05-06 20:51:28,Income,Cash,Playstation Incomes,"18,78"
16266,2,8,27.0,,2026-05-06 13:58:15,Income,Credit Card,Order Incomes,"14,54"
16267,1,13,,,2026-05-06 16:48:49,Income,Cash,Computer Incomes,"10,32"
16268,5,13,,,2026-05-06 17:09:43,Income,Cash,Computer Incomes,"28,15"
16269,4,8,,,2026-05-06 11:20:35,Income,Cash,Computer Incomes,"4,69"
16270,5,7,,,2026-05-06 20:18:06,Income,Credit Card,Computer Incomes,"12,67"
16271,3,1,,,2026-05-06 12:12:29,Income,Cash,Computer Incomes,"19,71"
16272,1,23,,,2026-05-06 21:02:49,Income,Cash,Playstation Incomes,"8,91"
16273,5,3,,,2026-05-06 14:25:11,Income,Cash,Computer Incomes,"24,87"
16274,5,8,,,2026-05-06 11:13:46,Income,Cash,Computer Incomes,"20,64"
16275,5,4,,,2026-05-07 16:33:56,Income,Credit Card,Computer Incomes,"5,32"
16276,4,24,,,2026-05-07 12:22:46,Income,Cash,Playstation Incomes,"12,40"
16277,1,10,,,2026-05-07 16:34:36,Income,Cash,Computer Incomes,"11,74"
16278,5,23,,,2026-05-07 17:35:29,Income,Credit Card,Playstation Incomes,"21,26"
16279,4,13,,,2026-05-07 12:52:20,Income,Credit Card,Computer Incomes,"16,17"
16280,2,10,,43.0,2026-05-07 20:08:34,Income,Cash,Member Transactions,"13,51"
16281,1,8,,,2026-05-07 11:32:08,Income,Cash,Computer Incomes,"15,28"
16282,3,4,,,2026-05-07 17:48:56,Income,Credit Card,Computer Incomes,"11,74"
16283,3,2,,,2026-05-07 23:46:43,Income,Cash,Computer Incomes,"4,65"
16284,3,24,,,2026-05-07 14:27:59,Income,Cash,Playstation Incomes,"13,51"
16285,2,12,,,2026-05-07 22:27:56,Income,Credit Card,Computer Incomes,"9,52"
16286,4,23,,,2026-05-07 21:55:55,Income,Credit Card,Playstation Incomes,"10,62"
16287,3,24,,,2026-05-07 09:52:58,Income,Credit Card,Playstation Incomes,"6,19"
16288,1,14,,45.0,2026-05-07 12:28:12,Income,Cash,Member Transactions,"7,30"
16289,3,3,,,2026-05-07 09:16:09,Income,Cash,Computer Incomes,"15,49"
16290,3,11,,,2026-05-07 18:16:34,Income,Credit Card,Computer Incomes,"21,69"
16291,3,11,,,2026-05-07 17:33:36,Income,Cash,Computer Incomes,"21,03"
16292,5,23,,,2026-05-07 20:37:11,Income,Cash,Playstation Incomes,"21,25"
16293,3,14,,,2026-05-07 15:55:26,Income,Cash,Computer Incomes,"4,20"
16294,2,5,,,2026-05-07 21:06:10,Income,Cash,Computer Incomes,"15,49"
16295,4,24,,,2026-05-07 09:04:37,Income,Cash,Playstation Incomes,"19,48"
16296,1,11,,21.0,2026-05-07 17:26:01,Income,Credit Card,Member Transactions,"7,52"
16297,1,10,6.0,,2026-05-08 21:21:27,Income,Cash,Order Incomes,"14,63"
16298,3,15,40.0,,2026-05-08 13:37:56,Income,Cash,Order Incomes,"15,27"
16299,4,23,,,2026-05-08 12:50:25,Income,Cash,Playstation Incomes,"15,91"
16300,1,9,,8.0,2026-05-08 10:46:35,Income,Cash,Member Transactions,"15,75"
16301,4,10,,,2026-05-08 18:15:18,Income,Cash,Computer Incomes,"15,75"
16302,5,13,,,2026-05-08 14:21:54,Income,Credit Card,Computer Incomes,"7,56"
16303,2,6,,31.0,2026-05-08 20:32:02,Income,Cash,Member Transactions,"6,75"
16304,1,13,,,2026-05-08 15:27:55,Income,Cash,Computer Incomes,"10,77"
16305,3,12,31.0,,2026-05-08 09:58:48,Income,Cash,Order Incomes,"13,50"
16306,5,24,,,2026-05-08 16:12:58,Income,Cash,Playstation Incomes,"3,38"
16307,1,10,,,2026-05-08 16:43:26,Income,Cash,Computer Incomes,"5,47"
16308,3,12,,,2026-05-08 17:00:08,Income,Cash,Computer Incomes,"4,99"
16309,3,6,,,2026-05-08 11:18:30,Income,Cash,Computer Incomes,"4,02"
16310,2,3,,,2026-05-08 20:16:47,Income,Cash,Computer Incomes,"4,02"
16311,5,6,,,2026-05-08 19:08:25,Income,Cash,Computer Incomes,"13,50"
16312,2,13,,,2026-05-08 23:58:12,Income,Cash,Computer Incomes,"6,91"
16313,1,23,,,2026-05-08 09:17:30,Income,Cash,Playstation Incomes,"10,93"
16314,2,10,,,2026-05-08 21:51:02,Income,Cash,Computer Incomes,"2,42"
16315,1,12,,,2026-05-08 15:59:08,Income,Cash,Computer Incomes,"14,31"
16316,4,14,,,2026-05-08 16:42:09,Income,Credit Card,Computer Incomes,"4,65"
16317,4,9,,9.0,2026-05-08 11:53:21,Income,Cash,Member Transactions,"10,44"
16318,4,16,,,2026-05-08 15:31:20,Income,Cash,Computer Incomes,"6,74"
16319,5,24,,,2026-05-08 10:30:18,Income,Cash,Playstation Incomes,"3,05"
16320,3,3,30.0,,2026-05-08 23:53:23,Income,Credit Card,Order Incomes,"15,74"
16321,3,8,,,2026-05-08 13:41:02,Income,Cash,Computer Incomes,"11,56"
16322,4,5,,,2026-05-08 19:04:04,Income,Cash,Computer Incomes,"1,60"
16323,5,10,,,2026-05-08 18:06:49,Income,Cash,Computer Incomes,"5,94"
16324,1,1,,,2026-05-08 13:27:20,Income,Cash,Computer Incomes,"8,51"
16325,2,1,,,2026-05-08 09:26:22,Income,Cash,Computer Incomes,"9,96"
16326,2,23,,,2026-05-08 13:53:39,Income,Cash,Playstation Incomes,"6,42"
16327,3,4,9.0,,2026-05-08 15:18:26,Income,Cash,Order Incomes,"1,92"
16328,2,5,,18.0,2026-05-08 16:27:11,Income,Cash,Member Transactions,"15,10"
16329,5,15,,,2026-05-08 15:44:52,Income,Cash,Computer Incomes,"13,33"
16330,5,2,,,2026-05-08 14:23:45,Income,Cash,Computer Incomes,"13,81"
16331,2,11,,,2026-05-08 20:19:38,Income,Cash,Computer Incomes,"4,17"
16332,1,1,,,2026-05-08 13:49:34,Income,Cash,Computer Incomes,"2,89"
16333,3,16,,,2026-05-09 11:51:55,Income,Cash,Computer Incomes,"7,64"
16334,2,24,,,2026-05-09 10:49:09,Income,Cash,Playstation Incomes,"6,57"
16335,3,1,,,2026-05-09 19:03:21,Income,Cash,Computer Incomes,"14,21"
16336,4,4,,,2026-05-09 09:47:38,Income,Cash,Computer Incomes,"6,57"
16337,4,23,,,2026-05-09 22:10:33,Income,Cash,Playstation Incomes,"10,24"
16338,1,10,8.0,,2026-05-09 19:02:06,Income,Cash,Order Incomes,"8,10"
16339,1,5,,,2026-05-09 20:44:54,Income,Cash,Computer Incomes,"7,95"
16340,4,24,,,2026-05-09 13:01:37,Income,Cash,Playstation Incomes,"14,51"
16341,5,10,,,2026-05-09 21:51:53,Income,Cash,Computer Incomes,"9,93"
16342,4,23,,,2026-05-09 22:36:57,Income,Cash,Playstation Incomes,"8,56"
16343,4,2,,,2026-05-09 09:36:14,Income,Cash,Computer Incomes,"12,22"
16344,3,2,,,2026-05-09 14:12:54,Income,Cash,Computer Incomes,"2,30"
16345,2,5,,5.0,2026-05-09 09:03:17,Income,Credit Card,Member Transactions,"9,17"
16346,5,4,,22.0,2026-05-09 11:57:29,Income,Cash,Member Transactions,"4,74"
16347,4,9,,,2026-05-09 13:27:27,Income,Cash,Computer Incomes,"15,28"
16348,2,4,,57.0,2026-05-09 13:13:32,Income,Cash,Member Transactions,"15,28"
16349,2,24,,,2026-05-09 11:22:46,Income,Cash,Playstation Incomes,"10,24"
16350,1,2,37.0,,2026-05-09 22:55:40,Income,Cash,Order Incomes,"2,75"
16351,1,23,,,2026-05-09 22:59:58,Income,Cash,Playstation Incomes,"2,60"
16352,2,11,7.0,,2026-05-09 14:26:43,Income,Cash,Order Incomes,"2,29"
16353,3,24,,,2026-05-09 15:56:45,Income,Cash,Playstation Incomes,"11,60"
16354,3,14,,,2026-05-09 23:30:31,Income,Cash,Computer Incomes,"6,41"
16355,2,23,,,2026-05-09 23:32:55,Income,Credit Card,Playstation Incomes,"4,27"
16356,5,16,,,2026-05-09 20:40:10,Income,Cash,Computer Incomes,"5,80"
16357,5,5,,,2026-05-09 22:53:13,Income,Cash,Computer Incomes,"10,38"
16358,1,3,,,2026-05-09 16:30:56,Income,Cash,Computer Incomes,"11,91"
16359,4,12,,,2026-05-09 21:43:51,Income,Cash,Computer Incomes,"14,96"
16360,3,24,,,2026-05-09 19:34:17,Income,Cash,Playstation Incomes,"10,07"
16361,4,2,,,2026-05-09 13:13:44,Income,Credit Card,Computer Incomes,"7,33"
16362,3,16,,24.0,2026-05-09 18:35:46,Income,Cash,Member Transactions,"4,58"
16363,4,8,,,2026-05-09 14:43:30,Income,Cash,Computer Incomes,"8,70"
16364,3,14,,,2026-05-09 21:51:39,Income,Cash,Computer Incomes,"4,27"
16365,5,23,,,2026-05-09 20:51:53,Income,Cash,Playstation Incomes,"7,78"
16366,5,24,,,2026-05-09 21:13:25,Income,Cash,Playstation Incomes,"5,34"
16367,3,5,11.0,,2026-05-09 11:03:07,Income,Cash,Order Incomes,"3,05"
16368,3,9,,43.0,2026-05-09 20:22:11,Income,Cash,Member Transactions,"7,17"
16369,2,8,,,2026-05-09 10:09:56,Income,Cash,Computer Incomes,"4,27"
16370,4,6,,,2026-05-09 22:02:40,Income,Cash,Computer Incomes,"5,19"
16371,4,12,8.0,,2026-05-09 15:36:41,Income,Cash,Order Incomes,"4,58"
16372,5,8,,,2026-05-09 16:06:55,Income,Cash,Computer Incomes,"9,16"
16373,5,23,,,2026-05-09 15:40:08,Income,Cash,Playstation Incomes,"14,81"
16374,2,5,,,2026-05-09 19:22:41,Income,Cash,Computer Incomes,"9,16"
16375,5,8,,,2026-05-09 14:51:00,Income,Cash,Computer Incomes,"1,98"
16376,2,24,,,2026-05-09 14:55:04,Income,Cash,Playstation Incomes,"12,98"
16377,4,14,,,2026-05-10 14:47:31,Income,Credit Card,Computer Incomes,"5,34"
16378,3,2,17.0,,2026-05-10 10:44:10,Income,Cash,Order Incomes,"23,14"
16379,5,10,28.0,,2026-05-10 10:12:35,Income,Cash,Order Incomes,"8,14"
16380,3,23,,,2026-05-10 11:27:36,Income,Credit Card,Playstation Incomes,"3,31"
16381,2,10,,,2026-05-10 13:37:36,Income,Cash,Computer Incomes,"12,97"
16382,2,10,,,2026-05-10 18:05:35,Income,Cash,Computer Incomes,"15,51"
16383,1,24,,,2026-05-10 14:22:27,Income,Cash,Playstation Incomes,"12,21"
16384,2,7,,,2026-05-10 17:20:30,Income,Cash,Computer Incomes,"24,65"
16385,1,2,,,2026-05-10 23:48:46,Income,Cash,Computer Incomes,"6,86"
16386,3,12,,,2026-05-10 23:49:51,Income,Cash,Computer Incomes,"5,33"
16387,3,23,,,2026-05-10 13:21:34,Income,Cash,Playstation Incomes,"15,25"
16388,3,7,,,2026-05-10 16:07:17,Income,Cash,Computer Incomes,"13,98"
16389,2,4,,13.0,2026-05-10 19:27:52,Income,Cash,Member Transactions,"2,54"
16390,5,24,,,2026-05-10 09:41:02,Income,Cash,Playstation Incomes,"15,75"
16391,1,14,8.0,,2026-05-10 15:00:56,Income,Cash,Order Incomes,"15,25"
16392,3,5,,,2026-05-10 11:22:22,Income,Cash,Computer Incomes,"12,96"
16393,2,23,,,2026-05-10 23:53:16,Income,Cash,Playstation Incomes,"19,57"
16394,2,10,,,2026-05-10 15:49:54,Income,Credit Card,Computer Incomes,"19,82"
16395,2,5,,,2026-05-10 19:51:14,Income,Cash,Computer Incomes,"18,30"
16396,4,24,,,2026-05-11 18:17:54,Income,Cash,Playstation Incomes,"10,01"
16397,1,2,,,2026-05-11 22:55:30,Income,Cash,Computer Incomes,"20,29"
16398,5,16,45.0,,2026-05-11 10:59:50,Income,Cash,Order Incomes,"15,43"
16399,1,23,,,2026-05-11 15:35:50,Income,Cash,Playstation Incomes,"9,43"
16400,3,5,,,2026-05-11 23:14:16,Income,Credit Card,Computer Incomes,"6,58"
16401,1,4,31.0,,2026-05-11 21:52:32,Income,Cash,Order Incomes,"10,58"
16402,1,7,,,2026-05-11 14:35:26,Income,Cash,Computer Incomes,"21,15"
16403,5,3,,,2026-05-11 23:12:41,Income,Cash,Computer Incomes,"12,29"
16404,4,2,13.0,,2026-05-11 21:00:56,Income,Cash,Order Incomes,"4,58"
16405,2,2,43.0,,2026-05-11 13:29:34,Income,Cash,Order Incomes,"28,29"
16406,1,14,,,2026-05-11 16:51:31,Income,Cash,Computer Incomes,"26,29"
16407,1,9,21.0,,2026-05-11 21:01:52,Income,Cash,Order Incomes,"28,28"
16408,4,24,,,2026-05-11 12:32:17,Income,Cash,Playstation Incomes,"28,00"
16409,2,16,45.0,,2026-05-11 13:31:02,Income,Cash,Order Incomes,"16,57"
16410,3,9,,,2026-05-11 14:43:10,Income,Cash,Computer Incomes,"18,28"
16411,2,8,7.0,,2026-05-11 21:17:53,Income,Cash,Order Incomes,"10,57"
16412,4,5,12.0,,2026-05-11 23:25:47,Income,Cash,Order Incomes,"11,71"
16413,3,12,,,2026-05-11 15:14:48,Income,Cash,Computer Incomes,"3,42"
16414,3,12,,,2026-05-11 23:38:24,Income,Cash,Computer Incomes,"17,71"
16415,4,8,,,2026-05-11 16:22:40,Income,Cash,Computer Incomes,"4,85"
16416,3,4,,,2026-05-11 12:35:49,Income,Cash,Computer Incomes,"13,14"
16417,5,5,,,2026-05-11 19:47:09,Income,Cash,Computer Incomes,"18,28"
16418,4,7,,,2026-05-11 20:11:06,Income,Cash,Computer Incomes,"23,71"
16419,5,11,42.0,,2026-05-11 16:18:11,Income,Cash,Order Incomes,"16,00"
16420,2,7,,,2026-05-12 10:52:16,Income,Cash,Computer Incomes,"29,37"
16421,2,5,,,2026-05-12 20:15:45,Income,Credit Card,Computer Incomes,"9,07"
16422,5,5,26.0,,2026-05-12 13:30:09,Income,Cash,Order Incomes,"4,72"
16423,2,23,,,2026-05-12 10:53:49,Income,Cash,Playstation Incomes,"33,72"
16424,2,6,,,2026-05-12 10:38:27,Income,Cash,Computer Incomes,"17,04"
16425,5,16,47.0,,2026-05-12 23:14:35,Income,Cash,Order Incomes,"9,79"
16426,2,15,,,2026-05-12 17:05:25,Income,Cash,Computer Incomes,"18,86"
16427,5,7,21.0,,2026-05-12 15:15:11,Income,Cash,Order Incomes,"10,88"
16428,4,11,,,2026-05-12 15:26:36,Income,Cash,Computer Incomes,"20,30"
16429,1,15,,,2026-05-12 16:16:10,Income,Cash,Computer Incomes,"6,16"
16430,3,24,,,2026-05-12 17:33:09,Income,Cash,Playstation Incomes,"8,70"
16431,3,10,,,2026-05-12 19:24:29,Income,Cash,Computer Incomes,"19,93"
16432,5,3,,,2026-05-12 10:34:07,Income,Cash,Computer Incomes,"19,57"
16433,5,16,,,2026-05-12 19:29:30,Income,Cash,Computer Incomes,"30,81"
16434,3,23,,,2026-05-12 11:05:16,Income,Cash,Playstation Incomes,"31,17"
16435,5,24,,,2026-05-12 11:07:42,Income,Cash,Playstation Incomes,"17,76"
16436,1,5,23.0,,2026-05-12 09:41:42,Income,Cash,Order Incomes,"13,41"
16437,4,23,,,2026-05-12 11:14:29,Income,Cash,Playstation Incomes,"26,46"
16438,5,3,,,2026-05-13 20:33:31,Income,Credit Card,Computer Incomes,"3,91"
16439,1,12,,,2026-05-13 10:22:02,Income,Credit Card,Computer Incomes,"2,17"
16440,2,16,38.0,,2026-05-13 13:57:35,Income,Cash,Order Incomes,"10,41"
16441,4,7,,28.0,2026-05-13 21:40:08,Income,Credit Card,Member Transactions,"18,01"
16442,4,4,30.0,,2026-05-13 09:19:36,Income,Cash,Order Incomes,"19,52"
16443,5,13,,,2026-05-13 15:59:42,Income,Cash,Computer Incomes,"16,92"
16444,1,24,,,2026-05-13 18:05:08,Income,Cash,Playstation Incomes,"10,20"
16445,5,6,,,2026-05-13 16:01:25,Income,Cash,Computer Incomes,"11,28"
16446,5,10,,,2026-05-13 20:47:07,Income,Cash,Computer Incomes,"17,57"
16447,2,2,,19.0,2026-05-13 11:53:52,Income,Cash,Member Transactions,"19,96"
16448,5,23,,,2026-05-13 16:42:53,Income,Cash,Playstation Incomes,"21,48"
16449,4,1,,,2026-05-13 21:58:30,Income,Cash,Computer Incomes,"18,86"
16450,5,24,,,2026-05-13 19:24:08,Income,Cash,Playstation Incomes,"20,81"
16451,2,11,35.0,,2026-05-13 16:45:12,Income,Cash,Order Incomes,"13,66"
16452,1,15,,,2026-05-13 15:16:13,Income,Cash,Computer Incomes,"17,13"
16453,1,23,,,2026-05-13 09:39:35,Income,Credit Card,Playstation Incomes,"9,97"
16454,2,11,48.0,,2026-05-13 19:20:07,Income,Cash,Order Incomes,"7,37"
16455,3,16,9.0,,2026-05-13 10:44:06,Income,Cash,Order Incomes,"13,66"
16456,4,4,,,2026-05-13 21:24:33,Income,Cash,Computer Incomes,"14,96"
16457,1,1,,,2026-05-13 20:53:50,Income,Cash,Computer Incomes,"2,38"
16458,4,4,,,2026-05-13 23:37:56,Income,Cash,Computer Incomes,"14,09"
16459,2,11,5.0,,2026-05-13 21:45:11,Income,Cash,Order Incomes,"8,02"
16460,5,14,,,2026-05-14 19:22:40,Income,Cash,Computer Incomes,"15,44"
16461,5,4,8.0,,2026-05-14 19:09:11,Income,Cash,Order Incomes,"13,24"
16462,5,7,,,2026-05-14 20:53:17,Income,Cash,Computer Incomes,"8,27"
16463,4,9,,,2026-05-14 17:34:51,Income,Cash,Computer Incomes,"15,44"
16464,5,24,,,2026-05-14 20:12:01,Income,Cash,Playstation Incomes,"6,99"
16465,3,4,,,2026-05-14 14:17:45,Income,Cash,Computer Incomes,"2,39"
16466,1,4,,,2026-05-14 15:42:37,Income,Cash,Computer Incomes,"11,95"
16467,1,8,23.0,,2026-05-14 21:09:03,Income,Cash,Order Incomes,"3,86"
16468,4,23,,,2026-05-14 23:08:41,Income,Cash,Playstation Incomes,"5,33"
16469,4,24,,,2026-05-14 15:43:35,Income,Cash,Playstation Incomes,"8,64"
16470,2,14,,,2026-05-14 09:01:37,Income,Cash,Computer Incomes,"10,66"
16471,1,23,,,2026-05-14 19:32:57,Income,Cash,Playstation Incomes,"12,13"
16472,4,24,,,2026-05-14 17:26:26,Income,Cash,Playstation Incomes,"13,97"
16473,1,4,,,2026-05-14 13:56:01,Income,Cash,Computer Incomes,"15,44"
16474,4,2,,,2026-05-14 21:57:55,Income,Cash,Computer Incomes,"11,03"
16475,1,2,,,2026-05-14 23:19:39,Income,Cash,Computer Incomes,"17,45"
16476,2,13,,,2026-05-14 12:51:10,Income,Cash,Computer Incomes,"6,61"
16477,3,15,,,2026-05-14 10:58:03,Income,Cash,Computer Incomes,"12,31"
16478,4,10,,,2026-05-14 11:26:14,Income,Cash,Computer Incomes,"12,86"
16479,2,4,,,2026-05-14 12:54:17,Income,Cash,Computer Incomes,"2,38"
16480,2,13,,9.0,2026-05-14 11:36:11,Income,Credit Card,Member Transactions,"5,32"
16481,4,3,,,2026-05-15 14:07:26,Income,Cash,Computer Incomes,"11,54"
16482,4,8,32.0,,2026-05-15 14:22:13,Income,Cash,Order Incomes,"26,10"
16483,3,11,,,2026-05-15 17:09:48,Income,Cash,Computer Incomes,"12,91"
16484,3,23,,,2026-05-15 23:39:11,Income,Cash,Playstation Incomes,"18,68"
16485,3,15,32.0,,2026-05-15 11:33:48,Income,Cash,Order Incomes,"20,33"
16486,4,13,,,2026-05-15 19:01:36,Income,Credit Card,Computer Incomes,"24,18"
16487,5,5,,7.0,2026-05-15 23:08:45,Income,Cash,Member Transactions,"3,30"
16488,1,13,,8.0,2026-05-15 17:17:08,Income,Credit Card,Member Transactions,"5,22"
16489,4,16,,,2026-05-15 19:14:38,Income,Cash,Computer Incomes,"24,45"
16490,3,6,,,2026-05-15 19:49:10,Income,Cash,Computer Incomes,"26,37"
16491,5,16,,,2026-05-15 23:55:01,Income,Cash,Computer Incomes,"24,73"
16492,5,7,,,2026-05-15 09:58:52,Income,Credit Card,Computer Incomes,"18,41"
16493,2,12,,,2026-05-15 16:34:27,Income,Cash,Computer Incomes,"19,78"
16494,4,13,,,2026-05-15 21:39:58,Income,Cash,Computer Incomes,"10,99"
16495,2,1,,66.0,2026-05-15 17:37:48,Income,Cash,Member Transactions,"15,11"
16496,1,6,,,2026-05-15 13:56:00,Income,Credit Card,Computer Incomes,"22,53"
16497,2,4,,,2026-05-15 16:42:51,Income,Cash,Computer Incomes,"19,78"
16498,5,11,33.0,,2026-05-15 17:54:04,Income,Cash,Order Incomes,"13,46"
16499,4,24,,,2026-05-15 20:52:57,Income,Cash,Playstation Incomes,"26,10"
16500,2,23,,,2026-05-15 22:53:07,Income,Cash,Playstation Incomes,"26,92"
16501,1,12,3.0,,2026-05-15 09:22:11,Income,Cash,Order Incomes,"13,45"
16502,1,2,36.0,,2026-05-15 23:33:19,Income,Credit Card,Order Incomes,"8,51"
16503,1,7,,,2026-05-15 11:30:54,Income,Cash,Computer Incomes,"9,61"
16504,3,24,,,2026-05-15 18:30:50,Income,Cash,Playstation Incomes,"21,97"
16505,5,6,,,2026-05-15 14:49:44,Income,Cash,Computer Incomes,"21,15"
16506,4,9,,,2026-05-15 15:25:23,Income,Cash,Computer Incomes,"12,08"
16507,5,15,,11.0,2026-05-15 20:22:02,Income,Cash,Member Transactions,"19,77"
16508,2,8,14.0,,2026-05-15 15:28:19,Income,Cash,Order Incomes,"16,48"
16509,3,23,,,2026-05-15 17:49:36,Income,Cash,Playstation Incomes,"22,79"
16510,3,9,,,2026-05-15 19:09:45,Income,Cash,Computer Incomes,"9,61"
16511,1,24,,,2026-05-15 18:38:05,Income,Credit Card,Playstation Incomes,"13,18"
16512,1,13,,,2026-05-15 20:53:13,Income,Cash,Computer Incomes,"8,78"
16513,4,11,26.0,,2026-05-15 12:08:25,Income,Cash,Order Incomes,"7,96"
16514,5,3,26.0,,2026-05-15 18:09:09,Income,Cash,Order Incomes,"21,42"
16515,5,13,,,2026-05-16 10:21:13,Income,Cash,Computer Incomes,"11,50"
16516,4,11,29.0,,2026-05-16 12:53:39,Income,Cash,Order Incomes,"13,00"
16517,2,23,,,2026-05-16 10:08:04,Income,Cash,Playstation Incomes,"6,17"
16518,1,13,,,2026-05-16 11:06:43,Income,Cash,Computer Incomes,"6,50"
16519,5,15,46.0,,2026-05-16 09:00:57,Income,Cash,Order Incomes,"13,17"
16520,2,10,,,2026-05-16 22:17:23,Income,Cash,Computer Incomes,"8,67"
16521,2,24,,,2026-05-16 14:11:48,Income,Credit Card,Playstation Incomes,"6,84"
16522,4,16,,,2026-05-16 16:30:04,Income,Cash,Computer Incomes,"8,50"
16523,3,5,,,2026-05-16 22:22:01,Income,Cash,Computer Incomes,"8,34"
16524,5,9,,,2026-05-16 20:19:12,Income,Cash,Computer Incomes,"14,34"
16525,5,10,,,2026-05-16 23:28:32,Income,Cash,Computer Incomes,"14,67"
16526,3,13,,,2026-05-16 18:26:17,Income,Cash,Computer Incomes,"10,84"
16527,1,16,,,2026-05-16 18:32:26,Income,Cash,Computer Incomes,"13,17"
16528,3,16,,,2026-05-16 19:49:45,Income,Cash,Computer Incomes,"4,84"
16529,5,12,,,2026-05-16 23:55:26,Income,Cash,Computer Incomes,"12,00"
16530,3,11,,58.0,2026-05-16 11:41:29,Income,Cash,Member Transactions,"12,84"
16531,1,8,,,2026-05-16 23:15:17,Income,Cash,Computer Incomes,"10,00"
16532,2,23,,,2026-05-16 20:08:32,Income,Cash,Playstation Incomes,"16,67"
16533,4,9,,,2026-05-16 12:04:03,Income,Credit Card,Computer Incomes,"2,50"
16534,1,5,6.0,,2026-05-16 18:59:01,Income,Cash,Order Incomes,"6,50"
16535,5,6,,,2026-05-16 23:12:18,Income,Cash,Computer Incomes,"7,33"
16536,5,9,25.0,,2026-05-16 13:15:57,Income,Credit Card,Order Incomes,"5,66"
16537,1,15,,,2026-05-16 10:30:14,Income,Cash,Computer Incomes,"10,33"
16538,4,9,,,2026-05-16 21:50:04,Income,Cash,Computer Incomes,"5,66"
16539,3,24,,,2026-05-16 21:44:22,Income,Cash,Playstation Incomes,"8,83"
16540,4,23,,,2026-05-16 19:31:20,Income,Credit Card,Playstation Incomes,"5,66"
16541,1,9,,,2026-05-16 21:39:06,Income,Cash,Computer Incomes,"16,33"
16542,1,9,,,2026-05-16 20:19:58,Income,Credit Card,Computer Incomes,"15,83"
16543,1,12,,,2026-05-16 18:54:17,Income,Cash,Computer Incomes,"7,83"
16544,2,3,,,2026-05-16 20:09:21,Income,Cash,Computer Incomes,"12,49"
16545,1,24,,,2026-05-16 20:45:31,Income,Cash,Playstation Incomes,"14,66"
16546,5,23,,,2026-05-16 20:15:24,Income,Cash,Playstation Incomes,"15,83"
16547,1,24,,,2026-05-16 11:27:28,Income,Credit Card,Playstation Incomes,"8,83"
16548,5,2,,,2026-05-16 15:01:51,Income,Cash,Computer Incomes,"11,99"
16549,1,12,,,2026-05-16 13:59:58,Income,Credit Card,Computer Incomes,"12,83"
16550,1,5,,,2026-05-16 14:41:08,Income,Cash,Computer Incomes,"14,49"
16551,1,2,,,2026-05-16 23:58:34,Income,Cash,Computer Incomes,"9,83"
16552,5,14,,9.0,2026-05-16 23:52:37,Income,Cash,Member Transactions,"4,16"
16553,4,13,,,2026-05-16 17:54:13,Income,Cash,Computer Incomes,"11,16"
16554,3,4,5.0,,2026-05-17 23:08:18,Income,Credit Card,Order Incomes,"19,72"
16555,1,23,,,2026-05-17 17:20:38,Income,Cash,Playstation Incomes,"21,72"
16556,1,9,,18.0,2026-05-17 10:50:07,Income,Credit Card,Member Transactions,"21,43"
16557,4,24,,,2026-05-17 22:33:10,Income,Credit Card,Playstation Incomes,"2,86"
16558,3,14,,,2026-05-17 18:34:14,Income,Credit Card,Computer Incomes,"10,29"
16559,1,5,,,2026-05-17 16:00:56,Income,Cash,Computer Incomes,"19,15"
16560,5,4,,,2026-05-17 12:12:47,Income,Cash,Computer Incomes,"24,56"
16561,2,23,,,2026-05-17 11:18:20,Income,Cash,Playstation Incomes,"19,14"
16562,5,8,,,2026-05-17 19:32:44,Income,Credit Card,Computer Incomes,"13,71"
16563,4,24,,,2026-05-17 16:13:27,Income,Cash,Playstation Incomes,"23,71"
16564,2,3,,,2026-05-17 10:27:24,Income,Cash,Computer Incomes,"17,14"
16565,2,10,,,2026-05-17 16:27:26,Income,Credit Card,Computer Incomes,"7,71"
16566,3,15,,,2026-05-17 18:12:39,Income,Cash,Computer Incomes,"23,14"
16567,1,6,42.0,,2026-05-17 16:23:43,Income,Cash,Order Incomes,"13,42"
16568,5,2,,,2026-05-17 13:44:08,Income,Cash,Computer Incomes,"9,42"
16569,2,7,,16.0,2026-05-17 14:06:34,Income,Cash,Member Transactions,"4,28"
16570,3,9,15.0,,2026-05-18 20:25:29,Income,Cash,Order Incomes,"10,78"
16571,4,14,,,2026-05-18 10:54:44,Income,Cash,Computer Incomes,"12,54"
16572,5,5,,7.0,2026-05-18 17:04:01,Income,Cash,Member Transactions,"10,28"
16573,2,23,,,2026-05-18 22:54:07,Income,Cash,Playstation Incomes,"10,78"
16574,3,12,10.0,,2026-05-18 11:07:42,Income,Credit Card,Order Incomes,"12,28"
16575,5,11,,,2026-05-18 20:42:27,Income,Cash,Computer Incomes,"21,56"
16576,5,7,,,2026-05-18 15:16:10,Income,Cash,Computer Incomes,"8,02"
16577,5,7,20.0,,2026-05-18 11:12:52,Income,Cash,Order Incomes,"23,80"
16578,4,24,,,2026-05-18 13:59:56,Income,Cash,Playstation Incomes,"21,30"
16579,1,13,,,2026-05-18 11:28:48,Income,Cash,Computer Incomes,"9,27"
16580,1,16,,,2026-05-18 15:33:30,Income,Credit Card,Computer Incomes,"24,81"
16581,5,2,34.0,,2026-05-18 15:16:19,Income,Cash,Order Incomes,"25,06"
16582,4,8,,,2026-05-18 17:38:08,Income,Credit Card,Computer Incomes,"11,77"
16583,1,6,,,2026-05-18 22:27:58,Income,Credit Card,Computer Incomes,"15,78"
16584,3,7,,,2026-05-19 18:06:46,Income,Cash,Computer Incomes,"11,98"
16585,5,3,33.0,,2026-05-19 12:27:02,Income,Credit Card,Order Incomes,"28,23"
16586,1,10,,,2026-05-19 12:40:23,Income,Cash,Computer Incomes,"9,98"
16587,5,9,,,2026-05-19 09:05:18,Income,Cash,Computer Incomes,"20,53"
16588,2,10,,,2026-05-19 23:29:14,Income,Credit Card,Computer Incomes,"20,81"
16589,3,5,5.0,,2026-05-19 17:37:09,Income,Cash,Order Incomes,"18,53"
16590,4,2,,59.0,2026-05-19 18:05:54,Income,Cash,Member Transactions,"28,51"
16591,3,2,,,2026-05-19 18:32:47,Income,Credit Card,Computer Incomes,"8,56"
16592,2,6,,,2026-05-19 19:29:09,Income,Cash,Computer Incomes,"26,23"
16593,1,7,,,2026-05-19 22:27:21,Income,Cash,Computer Incomes,"5,99"
16594,2,12,,,2026-05-19 11:57:41,Income,Cash,Computer Incomes,"25,94"
16595,4,23,,,2026-05-19 12:15:51,Income,Credit Card,Playstation Incomes,"10,83"
16596,5,11,,,2026-05-19 19:55:33,Income,Credit Card,Computer Incomes,"27,93"
16597,4,1,,,2026-05-19 10:20:58,Income,Cash,Computer Incomes,"13,96"
16598,1,2,,,2026-05-19 19:21:31,Income,Cash,Computer Incomes,"11,11"
16599,4,14,,,2026-05-19 23:25:58,Income,Cash,Computer Incomes,"17,67"
16600,3,24,,,2026-05-19 11:45:05,Income,Credit Card,Playstation Incomes,"5,70"
16601,5,11,33.0,,2026-05-19 19:56:21,Income,Cash,Order Incomes,"26,22"
16602,4,7,,,2026-05-19 23:23:47,Income,Cash,Computer Incomes,"16,24"
16603,1,23,,,2026-05-20 21:07:21,Income,Cash,Playstation Incomes,"8,46"
16604,2,3,,,2026-05-20 20:32:02,Income,Cash,Computer Incomes,"21,26"
16605,1,5,,,2026-05-20 18:47:16,Income,Cash,Computer Incomes,"8,46"
16606,4,10,41.0,,2026-05-20 23:28:34,Income,Cash,Order Incomes,"13,72"
16607,4,12,5.0,,2026-05-20 17:26:19,Income,Cash,Order Incomes,"3,66"
16608,2,10,33.0,,2026-05-20 14:25:33,Income,Cash,Order Incomes,"10,52"
16609,2,15,44.0,,2026-05-20 13:02:10,Income,Cash,Order Incomes,"19,89"
16610,5,8,,,2026-05-20 13:45:41,Income,Cash,Computer Incomes,"22,17"
16611,1,15,,34.0,2026-05-20 09:15:15,Income,Cash,Member Transactions,"4,34"
16612,4,24,,,2026-05-20 18:24:20,Income,Cash,Playstation Incomes,"18,05"
16613,5,23,,,2026-05-20 12:54:41,Income,Credit Card,Playstation Incomes,"9,60"
16614,4,13,,,2026-05-20 16:29:08,Income,Cash,Computer Incomes,"15,77"
16615,4,8,,,2026-05-20 13:47:33,Income,Cash,Computer Incomes,"7,08"
16616,1,24,,,2026-05-20 22:12:53,Income,Cash,Playstation Incomes,"12,57"
16617,4,7,14.0,,2026-05-21 18:14:15,Income,Cash,Order Incomes,"4,36"
16618,3,2,,12.0,2026-05-21 11:47:02,Income,Cash,Member Transactions,"28,13"
16619,4,23,,,2026-05-21 22:49:36,Income,Cash,Playstation Incomes,"26,45"
16620,1,6,,,2026-05-21 22:17:08,Income,Cash,Computer Incomes,"15,41"
16621,1,10,14.0,,2026-05-21 22:16:31,Income,Cash,Order Incomes,"5,70"
16622,1,24,,,2026-05-21 14:39:35,Income,Cash,Playstation Incomes,"11,05"
16623,4,15,,,2026-05-21 19:23:22,Income,Cash,Computer Incomes,"18,42"
16624,5,15,,,2026-05-21 15:33:31,Income,Cash,Computer Incomes,"26,12"
16625,1,8,,,2026-05-21 12:45:30,Income,Cash,Computer Incomes,"13,73"
16626,1,8,,,2026-05-21 10:08:04,Income,Cash,Computer Incomes,"27,45"
16627,1,15,,,2026-05-21 21:21:40,Income,Cash,Computer Incomes,"7,03"
16628,5,23,,,2026-05-21 09:50:18,Income,Credit Card,Playstation Incomes,"7,36"
16629,4,1,,,2026-05-21 09:28:47,Income,Credit Card,Computer Incomes,"17,07"
16630,5,14,,,2026-05-21 16:28:13,Income,Cash,Computer Incomes,"6,69"
16631,5,12,,,2026-05-21 19:33:12,Income,Cash,Computer Incomes,"9,70"
16632,1,7,,,2026-05-21 12:54:21,Income,Credit Card,Computer Incomes,"5,35"
16633,1,3,,,2026-05-21 12:53:23,Income,Cash,Computer Incomes,"15,73"
16634,5,11,,,2026-05-21 23:28:59,Income,Credit Card,Computer Incomes,"9,70"
16635,4,15,,,2026-05-21 18:50:53,Income,Cash,Computer Incomes,"33,47"
16636,5,14,,,2026-05-22 12:04:24,Income,Cash,Computer Incomes,"11,55"
16637,2,13,,,2026-05-22 13:58:59,Income,Credit Card,Computer Incomes,"12,73"
16638,3,8,,,2026-05-22 15:02:22,Income,Cash,Computer Incomes,"6,13"
16639,4,14,,,2026-05-22 19:48:47,Income,Credit Card,Computer Incomes,"21,22"
16640,2,6,,,2026-05-22 15:24:29,Income,Cash,Computer Incomes,"11,32"
16641,2,24,,,2026-05-22 13:26:32,Income,Cash,Playstation Incomes,"15,79"
16642,3,12,,62.0,2026-05-22 11:11:27,Income,Cash,Member Transactions,"8,25"
16643,4,12,,,2026-05-22 11:34:07,Income,Cash,Computer Incomes,"7,08"
16644,5,9,,,2026-05-22 17:19:33,Income,Cash,Computer Incomes,"12,73"
16645,3,23,,,2026-05-22 23:06:18,Income,Cash,Playstation Incomes,"6,37"
16646,3,15,,,2026-05-22 20:17:43,Income,Credit Card,Computer Incomes,"13,44"
16647,4,10,,,2026-05-22 09:05:43,Income,Credit Card,Computer Incomes,"12,97"
16648,2,24,,,2026-05-22 15:17:36,Income,Cash,Playstation Incomes,"5,43"
16649,5,23,,,2026-05-22 14:56:48,Income,Cash,Playstation Incomes,"18,39"
16650,2,4,,,2026-05-22 09:31:37,Income,Cash,Computer Incomes,"17,21"
16651,3,24,,,2026-05-22 09:31:09,Income,Cash,Playstation Incomes,"8,72"
16652,1,23,,,2026-05-22 22:41:55,Income,Cash,Playstation Incomes,"8,25"
16653,2,2,,,2026-05-22 10:16:23,Income,Credit Card,Computer Incomes,"16,27"
16654,3,2,,64.0,2026-05-22 10:08:50,Income,Cash,Member Transactions,"4,01"
16655,4,15,,60.0,2026-05-22 12:19:07,Income,Cash,Member Transactions,"7,31"
16656,2,3,,,2026-05-22 14:13:09,Income,Cash,Computer Incomes,"22,63"
16657,4,8,,,2026-05-22 15:12:15,Income,Cash,Computer Incomes,"22,85"
16658,5,8,,,2026-05-22 15:02:04,Income,Credit Card,Computer Incomes,"14,14"
16659,3,1,,,2026-05-22 10:53:53,Income,Cash,Computer Incomes,"10,36"
16660,1,5,,,2026-05-22 17:35:22,Income,Cash,Computer Incomes,"5,18"
16661,1,15,,,2026-05-22 11:43:20,Income,Cash,Computer Incomes,"10,13"
16662,5,14,,,2026-05-22 21:37:09,Income,Cash,Computer Incomes,"9,89"
16663,2,24,,,2026-05-22 11:44:37,Income,Cash,Playstation Incomes,"12,72"
16664,3,6,,,2026-05-22 10:01:20,Income,Credit Card,Computer Incomes,"13,90"
16665,4,11,,,2026-05-22 17:33:55,Income,Cash,Computer Incomes,"6,59"
16666,4,23,,,2026-05-22 17:13:44,Income,Credit Card,Playstation Incomes,"17,43"
16667,5,8,7.0,,2026-05-22 14:48:40,Income,Cash,Order Incomes,"19,79"
16668,2,2,46.0,,2026-05-22 15:41:49,Income,Cash,Order Incomes,"19,56"
16669,1,1,12.0,,2026-05-22 09:26:58,Income,Cash,Order Incomes,"14,61"
16670,2,24,,,2026-05-22 15:18:28,Income,Credit Card,Playstation Incomes,"8,01"
16671,1,5,,,2026-05-22 23:17:00,Income,Cash,Computer Incomes,"18,85"
16672,3,3,,,2026-05-22 12:15:01,Income,Credit Card,Computer Incomes,"2,35"
16673,4,16,,,2026-05-22 20:11:37,Income,Cash,Computer Incomes,"8,24"
16674,4,23,,,2026-05-22 12:44:05,Income,Cash,Playstation Incomes,"3,29"
16675,1,16,,6.0,2026-05-22 10:17:42,Income,Cash,Member Transactions,"6,59"
16676,1,7,,,2026-05-23 17:23:34,Income,Cash,Computer Incomes,"9,77"
16677,5,15,,,2026-05-23 09:00:11,Income,Cash,Computer Incomes,"13,74"
16678,1,14,,,2026-05-23 18:00:39,Income,Cash,Computer Incomes,"4,89"
16679,1,8,1.0,,2026-05-23 16:39:53,Income,Credit Card,Order Incomes,"19,53"
16680,5,4,6.0,,2026-05-23 11:45:51,Income,Cash,Order Incomes,"4,58"
16681,3,9,37.0,,2026-05-23 12:28:22,Income,Cash,Order Incomes,"22,28"
16682,4,10,,,2026-05-23 11:26:14,Income,Cash,Computer Incomes,"28,08"
16683,3,11,7.0,,2026-05-23 19:39:05,Income,Cash,Order Incomes,"28,99"
16684,5,24,,,2026-05-23 09:09:22,Income,Cash,Playstation Incomes,"10,99"
16685,5,3,,,2026-05-23 19:51:32,Income,Cash,Computer Incomes,"12,82"
16686,3,7,29.0,,2026-05-23 18:25:32,Income,Cash,Order Incomes,"13,12"
16687,1,11,,,2026-05-23 13:30:09,Income,Credit Card,Computer Incomes,"27,77"
16688,2,3,43.0,,2026-05-23 10:35:18,Income,Cash,Order Incomes,"15,87"
16689,1,14,,,2026-05-23 18:35:42,Income,Cash,Computer Incomes,"9,16"
16690,5,1,,,2026-05-23 21:19:25,Income,Cash,Computer Incomes,"7,02"
16691,3,11,1.0,,2026-05-23 14:59:30,Income,Cash,Order Incomes,"8,23"
16692,3,8,,,2026-05-23 15:41:21,Income,Cash,Computer Incomes,"10,67"
16693,1,14,,,2026-05-23 21:53:22,Income,Credit Card,Computer Incomes,"10,67"
16694,4,10,,,2026-05-23 14:14:49,Income,Cash,Computer Incomes,"17,08"
16695,3,5,,,2026-05-23 13:16:29,Income,Cash,Computer Incomes,"21,66"
16696,4,23,,,2026-05-23 19:52:28,Income,Cash,Playstation Incomes,"4,88"
16697,3,10,,,2026-05-23 10:13:02,Income,Cash,Computer Incomes,"23,49"
16698,1,3,,65.0,2026-05-23 10:05:19,Income,Cash,Member Transactions,"22,88"
16699,4,12,,21.0,2026-05-23 20:07:03,Income,Cash,Member Transactions,"5,49"
16700,3,5,16.0,,2026-05-23 19:31:49,Income,Cash,Order Incomes,"29,90"
16701,2,9,,,2026-05-23 18:50:21,Income,Credit Card,Computer Incomes,"4,57"
16702,4,14,,,2026-05-23 20:21:46,Income,Cash,Computer Incomes,"19,83"
16703,5,15,,,2026-05-23 09:11:40,Income,Cash,Computer Incomes,"18,30"
16704,5,3,,,2026-05-23 10:48:16,Income,Cash,Computer Incomes,"3,96"
16705,2,11,,,2026-05-23 22:00:12,Income,Cash,Computer Incomes,"30,20"
16706,3,1,,,2026-05-23 09:04:38,Income,Cash,Computer Incomes,"12,20"
16707,2,15,,25.0,2026-05-24 12:17:25,Income,Credit Card,Member Transactions,"3,30"
16708,4,24,,,2026-05-24 09:28:01,Income,Cash,Playstation Incomes,"6,34"
16709,3,7,,,2026-05-24 20:44:13,Income,Cash,Computer Incomes,"17,50"
16710,5,7,,,2026-05-24 15:56:20,Income,Cash,Computer Incomes,"23,84"
16711,5,23,,,2026-05-24 18:21:11,Income,Cash,Playstation Incomes,"3,81"
16712,2,9,,20.0,2026-05-24 21:30:28,Income,Cash,Member Transactions,"11,67"
16713,3,24,,,2026-05-24 20:31:36,Income,Cash,Playstation Incomes,"17,75"
16714,5,1,,,2026-05-24 16:03:03,Income,Cash,Computer Incomes,"23,58"
16715,4,5,,6.0,2026-05-24 18:29:46,Income,Credit Card,Member Transactions,"13,70"
16716,4,12,,,2026-05-24 18:07:39,Income,Cash,Computer Incomes,"17,75"
16717,5,13,,,2026-05-24 15:56:01,Income,Cash,Computer Incomes,"11,15"
16718,2,6,,,2026-05-24 09:06:49,Income,Credit Card,Computer Incomes,"13,94"
16719,3,11,,,2026-05-24 19:28:00,Income,Cash,Computer Incomes,"14,45"
16720,3,16,12.0,,2026-05-24 09:28:51,Income,Cash,Order Incomes,"11,40"
16721,5,5,,13.0,2026-05-24 14:40:56,Income,Cash,Member Transactions,"4,05"
16722,1,23,,,2026-05-24 22:29:51,Income,Cash,Playstation Incomes,"10,14"
16723,4,8,,,2026-05-24 23:54:26,Income,Cash,Computer Incomes,"16,22"
16724,5,24,,,2026-05-24 10:44:29,Income,Credit Card,Playstation Incomes,"16,73"
16725,4,16,,,2026-05-24 10:39:58,Income,Credit Card,Computer Incomes,"24,08"
16726,4,23,,,2026-05-24 09:29:29,Income,Cash,Playstation Incomes,"20,53"
16727,5,1,,9.0,2026-05-24 14:42:02,Income,Cash,Member Transactions,"20,78"
16728,3,24,,,2026-05-25 19:30:50,Income,Cash,Playstation Incomes,"16,16"
16729,3,23,,,2026-05-25 21:02:58,Income,Credit Card,Playstation Incomes,"18,41"
16730,5,14,,,2026-05-25 20:03:46,Income,Cash,Computer Incomes,"16,16"
16731,1,24,,,2026-05-25 16:12:55,Income,Cash,Playstation Incomes,"18,81"
16732,5,11,,,2026-05-25 17:23:02,Income,Cash,Computer Incomes,"18,20"
16733,5,23,,,2026-05-25 12:34:47,Income,Cash,Playstation Incomes,"18,00"
16734,3,5,,,2026-05-25 10:06:18,Income,Cash,Computer Incomes,"11,44"
16735,2,1,,,2026-05-25 16:34:48,Income,Cash,Computer Incomes,"20,03"
16736,1,24,,,2026-05-25 14:30:49,Income,Cash,Playstation Incomes,"3,47"
16737,5,8,4.0,,2026-05-25 17:03:50,Income,Cash,Order Incomes,"14,31"
16738,4,15,,,2026-05-25 21:11:45,Income,Cash,Computer Incomes,"19,01"
16739,1,23,,,2026-05-25 20:58:00,Income,Cash,Playstation Incomes,"7,15"
16740,3,24,,,2026-05-25 15:44:03,Income,Cash,Playstation Incomes,"7,97"
16741,5,4,,,2026-05-25 20:45:09,Income,Cash,Computer Incomes,"15,33"
16742,4,9,2.0,,2026-05-26 23:09:03,Income,Cash,Order Incomes,"14,91"
16743,3,3,,61.0,2026-05-26 13:57:35,Income,Credit Card,Member Transactions,"10,55"
16744,4,23,,,2026-05-26 21:18:41,Income,Cash,Playstation Incomes,"22,94"
16745,4,4,,,2026-05-26 16:32:23,Income,Cash,Computer Incomes,"11,01"
16746,5,24,,,2026-05-26 15:26:33,Income,Credit Card,Playstation Incomes,"7,57"
16747,3,2,,,2026-05-26 10:38:48,Income,Cash,Computer Incomes,"5,51"
16748,4,23,,,2026-05-26 15:19:24,Income,Cash,Playstation Incomes,"5,28"
16749,1,7,,,2026-05-26 23:25:30,Income,Cash,Computer Incomes,"9,64"
16750,2,5,16.0,,2026-05-26 14:02:05,Income,Cash,Order Incomes,"3,67"
16751,4,8,29.0,,2026-05-26 14:17:34,Income,Cash,Order Incomes,"5,05"
16752,5,1,11.0,,2026-05-26 11:53:44,Income,Cash,Order Incomes,"21,56"
16753,2,24,,,2026-05-26 09:23:57,Income,Cash,Playstation Incomes,"11,23"
16754,3,23,,,2026-05-26 16:31:32,Income,Credit Card,Playstation Incomes,"9,86"
16755,1,13,,38.0,2026-05-26 10:10:44,Income,Cash,Member Transactions,"11,46"
16756,2,4,,,2026-05-26 11:42:15,Income,Cash,Computer Incomes,"10,77"
16757,3,1,,,2026-05-26 20:40:13,Income,Cash,Computer Incomes,"15,13"
16758,1,3,,39.0,2026-05-26 22:36:23,Income,Cash,Member Transactions,"2,52"
16759,2,15,,,2026-05-26 16:07:37,Income,Cash,Computer Incomes,"6,19"
16760,2,15,,,2026-05-26 15:28:27,Income,Cash,Computer Incomes,"15,36"
16761,1,24,,,2026-05-26 22:07:35,Income,Cash,Playstation Incomes,"18,80"
16762,4,9,,,2026-05-26 11:13:15,Income,Credit Card,Computer Incomes,"16,05"
16763,5,1,,,2026-05-27 21:42:47,Income,Cash,Computer Incomes,"8,30"
16764,1,4,,,2026-05-27 12:24:55,Income,Cash,Computer Incomes,"30,85"
16765,3,8,48.0,,2026-05-27 12:05:16,Income,Cash,Order Incomes,"19,91"
16766,1,23,,,2026-05-27 13:07:16,Income,Cash,Playstation Incomes,"15,26"
16767,5,7,,,2026-05-27 21:34:19,Income,Cash,Computer Incomes,"19,24"
16768,2,3,,,2026-05-27 13:23:27,Income,Cash,Computer Incomes,"22,23"
16769,4,11,,11.0,2026-05-27 11:31:37,Income,Cash,Member Transactions,"13,27"
16770,3,12,,,2026-05-27 15:15:36,Income,Cash,Computer Incomes,"16,59"
16771,4,24,,,2026-05-27 22:09:37,Income,Cash,Playstation Incomes,"16,59"
16772,1,2,,,2026-05-27 10:52:23,Income,Cash,Computer Incomes,"32,51"
16773,4,23,,,2026-05-27 23:32:44,Income,Cash,Playstation Incomes,"3,32"
16774,1,1,,,2026-05-27 14:27:44,Income,Credit Card,Computer Incomes,"5,64"
16775,5,24,,,2026-05-27 20:58:54,Income,Cash,Playstation Incomes,"18,90"
16776,2,11,17.0,,2026-05-27 18:03:48,Income,Cash,Order Incomes,"29,19"
16777,1,2,,,2026-05-27 12:31:29,Income,Cash,Computer Incomes,"12,27"
16778,1,10,,,2026-05-27 16:09:08,Income,Cash,Computer Incomes,"14,26"
16779,3,12,,,2026-05-27 12:36:21,Income,Cash,Computer Incomes,"30,51"
16780,5,3,,,2026-05-27 23:46:03,Income,Cash,Computer Incomes,"15,59"
16781,3,11,,,2026-05-27 13:08:45,Income,Cash,Computer Incomes,"23,21"
16782,4,15,,,2026-05-27 23:25:40,Income,Cash,Computer Incomes,"16,91"
16783,1,13,,,2026-05-28 09:13:27,Income,Cash,Computer Incomes,"10,15"
16784,5,11,,,2026-05-28 19:22:03,Income,Cash,Computer Incomes,"11,76"
16785,3,4,,,2026-05-28 10:49:11,Income,Cash,Computer Incomes,"9,50"
16786,1,1,,,2026-05-28 17:49:42,Income,Cash,Computer Incomes,"10,95"
16787,5,1,45.0,,2026-05-28 13:54:43,Income,Cash,Order Incomes,"10,31"
16788,5,6,,,2026-05-28 22:34:33,Income,Credit Card,Computer Incomes,"2,58"
16789,1,12,,,2026-05-28 14:22:21,Income,Cash,Computer Incomes,"7,73"
16790,3,1,,46.0,2026-05-28 23:36:20,Income,Cash,Member Transactions,"9,02"
16791,2,10,,,2026-05-28 09:11:49,Income,Credit Card,Computer Incomes,"9,50"
16792,4,15,,,2026-05-28 11:42:12,Income,Credit Card,Computer Incomes,"3,54"
16793,4,2,,,2026-05-28 14:37:20,Income,Cash,Computer Incomes,"12,88"
16794,4,5,,,2026-05-28 18:08:16,Income,Credit Card,Computer Incomes,"9,98"
16795,1,4,,,2026-05-28 22:46:54,Income,Cash,Computer Incomes,"10,46"
16796,2,14,,,2026-05-28 13:29:42,Income,Cash,Computer Incomes,"3,05"
16797,1,23,,,2026-05-28 14:05:25,Income,Credit Card,Playstation Incomes,"9,98"
16798,1,5,,,2026-05-28 21:35:30,Income,Credit Card,Computer Incomes,"11,91"
16799,2,24,,,2026-05-28 09:57:58,Income,Credit Card,Playstation Incomes,"7,24"
16800,1,7,15.0,,2026-05-29 21:32:50,Income,Cash,Order Incomes,"4,91"
16801,2,10,,,2026-05-29 15:48:29,Income,Cash,Computer Incomes,"2,73"
16802,2,15,,57.0,2026-05-29 09:35:39,Income,Cash,Member Transactions,"15,63"
16803,5,23,,,2026-05-29 19:09:56,Income,Cash,Playstation Incomes,"14,18"
16804,5,9,,,2026-05-29 13:18:42,Income,Cash,Computer Incomes,"10,54"
16805,5,13,43.0,,2026-05-29 13:18:50,Income,Credit Card,Order Incomes,"11,09"
16806,2,16,,,2026-05-29 09:34:27,Income,Cash,Computer Incomes,"13,09"
16807,5,9,,,2026-05-29 12:46:15,Income,Credit Card,Computer Incomes,"12,54"
16808,4,24,,,2026-05-29 12:27:17,Income,Cash,Playstation Incomes,"10,00"
16809,5,13,,,2026-05-29 23:11:36,Income,Cash,Computer Incomes,"16,36"
16810,2,3,,,2026-05-29 18:13:14,Income,Cash,Computer Incomes,"2,00"
16811,4,11,,,2026-05-29 12:22:40,Income,Cash,Computer Incomes,"4,37"
16812,5,4,,,2026-05-29 14:52:36,Income,Cash,Computer Incomes,"1,82"
16813,5,10,,,2026-05-29 16:20:10,Income,Cash,Computer Incomes,"11,82"
16814,1,14,,,2026-05-29 17:10:03,Income,Cash,Computer Incomes,"4,18"
16815,2,14,,,2026-05-29 19:03:00,Income,Cash,Computer Incomes,"4,73"
16816,5,10,1.0,,2026-05-29 15:41:40,Income,Cash,Order Incomes,"7,82"
16817,3,23,,,2026-05-29 14:43:50,Income,Cash,Playstation Incomes,"15,81"
16818,4,12,,,2026-05-29 16:59:39,Income,Cash,Computer Incomes,"16,54"
16819,5,7,10.0,,2026-05-29 10:00:44,Income,Cash,Order Incomes,"6,54"
16820,3,7,,,2026-05-29 23:23:35,Income,Cash,Computer Incomes,"11,08"
16821,1,7,,,2026-05-29 17:52:00,Income,Cash,Computer Incomes,"7,45"
16822,3,16,,45.0,2026-05-29 13:11:08,Income,Cash,Member Transactions,"12,72"
16823,2,3,,,2026-05-29 12:41:44,Income,Cash,Computer Incomes,"4,54"
16824,4,4,9.0,,2026-05-29 13:15:32,Income,Cash,Order Incomes,"7,08"
16825,4,9,4.0,,2026-05-29 13:39:25,Income,Cash,Order Incomes,"8,54"
16826,1,12,,,2026-05-29 14:37:13,Income,Cash,Computer Incomes,"6,72"
16827,1,16,,,2026-05-29 10:37:43,Income,Cash,Computer Incomes,"10,90"
16828,4,24,,,2026-05-29 09:26:39,Income,Cash,Playstation Incomes,"15,80"
16829,5,7,17.0,,2026-05-29 20:34:08,Income,Credit Card,Order Incomes,"8,90"
16830,2,7,,,2026-05-29 20:59:20,Income,Cash,Computer Incomes,"7,63"
16831,2,23,,,2026-05-29 19:04:20,Income,Cash,Playstation Incomes,"15,44"
16832,5,3,,,2026-05-29 20:46:12,Income,Cash,Computer Incomes,"12,90"
16833,4,9,,,2026-05-29 21:26:23,Income,Cash,Computer Incomes,"7,81"
16834,3,12,,,2026-05-29 18:16:23,Income,Cash,Computer Incomes,"10,53"
16835,2,16,,,2026-05-29 21:16:32,Income,Cash,Computer Incomes,"10,72"
16836,4,9,,,2026-05-29 15:31:46,Income,Cash,Computer Incomes,"7,99"
16837,3,24,,,2026-05-29 10:24:02,Income,Cash,Playstation Incomes,"3,27"
16838,4,5,,,2026-05-29 16:06:40,Income,Cash,Computer Incomes,"16,35"
16839,1,14,,,2026-05-29 09:55:35,Income,Cash,Computer Incomes,"10,72"
16840,2,12,,,2026-05-29 15:39:07,Income,Cash,Computer Incomes,"4,90"
16841,5,1,,,2026-05-30 22:48:51,Income,Cash,Computer Incomes,"13,32"
16842,5,4,,,2026-05-30 23:25:34,Income,Cash,Computer Incomes,"8,15"
16843,3,10,,,2026-05-30 21:09:34,Income,Cash,Computer Incomes,"7,05"
16844,3,6,,,2026-05-30 10:42:40,Income,Cash,Computer Incomes,"8,62"
16845,5,23,,,2026-05-30 16:19:12,Income,Cash,Playstation Incomes,"3,45"
16846,4,6,,,2026-05-30 11:33:13,Income,Cash,Computer Incomes,"3,61"
16847,2,16,,,2026-05-30 09:35:05,Income,Cash,Computer Incomes,"10,65"
16848,5,10,,,2026-05-30 21:33:09,Income,Cash,Computer Incomes,"12,53"
16849,3,24,,,2026-05-30 12:08:44,Income,Cash,Playstation Incomes,"15,04"
16850,2,10,,40.0,2026-05-30 16:42:41,Income,Cash,Member Transactions,"6,27"
16851,3,16,,,2026-05-30 22:14:19,Income,Cash,Computer Incomes,"12,22"
16852,3,23,,,2026-05-30 17:40:14,Income,Cash,Playstation Incomes,"14,41"
16853,4,4,,54.0,2026-05-30 21:42:35,Income,Cash,Member Transactions,"1,57"
16854,2,7,,59.0,2026-05-30 12:56:38,Income,Cash,Member Transactions,"5,33"
16855,3,1,,,2026-05-30 20:51:24,Income,Cash,Computer Incomes,"5,02"
16856,2,12,,,2026-05-30 09:35:06,Income,Credit Card,Computer Incomes,"10,65"
16857,4,15,,,2026-05-30 10:00:54,Income,Cash,Computer Incomes,"11,44"
16858,1,10,20.0,,2026-05-30 21:27:49,Income,Cash,Order Incomes,"12,53"
16859,2,13,,,2026-05-30 13:54:15,Income,Cash,Computer Incomes,"13,32"
16860,2,1,,,2026-05-30 20:57:59,Income,Cash,Computer Incomes,"2,20"
16861,2,24,,,2026-05-30 15:52:57,Income,Cash,Playstation Incomes,"1,56"
16862,5,2,,,2026-05-30 10:51:07,Income,Cash,Computer Incomes,"11,58"
16863,3,9,23.0,,2026-05-30 15:34:28,Income,Cash,Order Incomes,"7,83"
16864,1,10,,,2026-05-30 10:39:44,Income,Cash,Computer Incomes,"11,90"
16865,1,8,25.0,,2026-05-30 17:31:33,Income,Cash,Order Incomes,"12,84"
16866,2,23,,,2026-05-30 16:21:10,Income,Credit Card,Playstation Incomes,"2,66"
16867,4,24,,,2026-05-30 11:44:24,Income,Cash,Playstation Incomes,"1,87"
16868,4,23,,,2026-05-30 20:32:52,Income,Cash,Playstation Incomes,"10,02"
16869,5,14,32.0,,2026-05-30 18:58:13,Income,Cash,Order Incomes,"7,67"
16870,1,10,,,2026-05-30 20:51:37,Income,Cash,Computer Incomes,"3,44"
16871,1,11,,,2026-05-30 09:54:34,Income,Cash,Computer Incomes,"12,99"
16872,2,24,,,2026-05-30 15:45:25,Income,Cash,Playstation Incomes,"8,92"
16873,4,23,,,2026-05-30 18:45:17,Income,Cash,Playstation Incomes,"11,43"
16874,1,12,34.0,,2026-05-30 19:42:30,Income,Cash,Order Incomes,"9,08"
16875,2,14,,,2026-05-30 17:05:02,Income,Cash,Computer Incomes,"9,86"
16876,3,24,,,2026-05-30 23:12:11,Income,Cash,Playstation Incomes,"2,81"
16877,2,23,,,2026-05-30 22:02:19,Income,Cash,Playstation Incomes,"12,84"
16878,5,15,,46.0,2026-05-31 16:31:29,Income,Cash,Member Transactions,"24,08"
16879,4,24,,,2026-05-31 18:03:34,Income,Cash,Playstation Incomes,"28,29"
16880,2,10,,,2026-05-31 17:17:54,Income,Cash,Computer Incomes,"18,06"
16881,1,4,,42.0,2026-05-31 14:30:35,Income,Credit Card,Member Transactions,"16,26"
16882,1,23,,,2026-05-31 14:23:07,Income,Cash,Playstation Incomes,"19,26"
16883,4,9,31.0,,2026-05-31 09:51:05,Income,Cash,Order Incomes,"28,29"
16884,4,15,,53.0,2026-05-31 23:02:20,Income,Cash,Member Transactions,"9,33"
16885,3,15,,,2026-05-31 21:37:48,Income,Cash,Computer Incomes,"12,64"
16886,3,1,,,2026-05-31 09:09:23,Income,Cash,Computer Incomes,"7,53"
16887,2,8,,,2026-05-31 22:07:59,Income,Cash,Computer Incomes,"23,48"
16888,5,13,,,2026-05-31 18:29:57,Income,Cash,Computer Incomes,"3,01"
16889,1,15,,,2026-05-31 17:38:08,Income,Cash,Computer Incomes,"12,64"
16890,4,14,1.0,,2026-05-31 14:14:29,Income,Cash,Order Incomes,"6,32"
16891,4,24,,,2026-05-31 22:23:26,Income,Cash,Playstation Incomes,"11,74"
16892,5,23,,,2026-05-31 18:22:03,Income,Cash,Playstation Incomes,"7,82"
16893,2,8,,,2026-05-31 23:39:31,Income,Cash,Computer Incomes,"13,54"
16894,3,2,,,2026-05-31 09:01:27,Income,Cash,Computer Incomes,"3,00"
16895,5,2,,,2026-05-31 21:29:07,Income,Cash,Computer Incomes,"7,82"
16896,5,9,6.0,,2026-05-31 15:17:09,Income,Cash,Order Incomes,"11,43"
16897,2,13,,26.0,2026-05-31 16:17:47,Income,Cash,Member Transactions,"22,26"
16898,3,24,,,2026-05-31 10:53:39,Income,Cash,Playstation Incomes,"18,35"
16899,4,10,,,2026-05-31 20:56:35,Income,Cash,Computer Incomes,"26,78"
16900,2,3,,,2026-05-31 23:27:48,Income,Cash,Computer Incomes,"23,17"
16901,3,23,,,2026-05-31 22:22:57,Income,Cash,Playstation Incomes,"5,11"
16902,1,7,,,2026-06-01 19:50:08,Income,Cash,Computer Incomes,"7,35"
16903,1,4,,,2026-06-01 21:28:33,Income,Cash,Computer Incomes,"9,94"
16904,3,13,,,2026-06-01 21:35:00,Income,Cash,Computer Incomes,"28,08"
16905,3,3,,28.0,2026-06-01 17:50:07,Income,Cash,Member Transactions,"19,88"
16906,1,14,,,2026-06-01 17:32:33,Income,Cash,Computer Incomes,"38,88"
16907,4,10,,24.0,2026-06-01 18:32:56,Income,Credit Card,Member Transactions,"29,38"
16908,1,24,,,2026-06-01 18:54:58,Income,Cash,Playstation Incomes,"29,38"
16909,4,23,,,2026-06-01 16:00:42,Income,Cash,Playstation Incomes,"14,26"
16910,2,16,,,2026-06-01 14:54:45,Income,Cash,Computer Incomes,"18,14"
16911,3,24,,,2026-06-01 11:33:47,Income,Cash,Playstation Incomes,"30,67"
16912,1,23,,,2026-06-01 13:10:49,Income,Cash,Playstation Incomes,"5,61"
16913,2,10,,6.0,2026-06-01 19:23:09,Income,Cash,Member Transactions,"35,42"
16914,3,24,,,2026-06-01 23:53:53,Income,Cash,Playstation Incomes,"19,87"
16915,3,6,,,2026-06-01 23:40:45,Income,Cash,Computer Incomes,"38,01"
16916,3,15,18.0,,2026-06-01 13:30:23,Income,Credit Card,Order Incomes,"34,55"
16917,2,13,,,2026-06-01 09:56:48,Income,Cash,Computer Incomes,"18,14"
16918,4,16,,,2026-06-01 22:53:05,Income,Cash,Computer Incomes,"9,07"
16919,1,8,,,2026-06-01 16:49:46,Income,Cash,Computer Incomes,"5,18"
16920,4,16,,,2026-06-02 09:15:06,Income,Cash,Computer Incomes,"12,07"
16921,3,23,,,2026-06-02 17:51:57,Income,Cash,Playstation Incomes,"10,73"
16922,3,15,,,2026-06-02 19:06:00,Income,Cash,Computer Incomes,"11,80"
16923,3,24,,,2026-06-02 16:27:36,Income,Cash,Playstation Incomes,"17,43"
16924,3,15,,,2026-06-02 23:29:28,Income,Cash,Computer Incomes,"3,49"
16925,2,13,,,2026-06-02 21:34:49,Income,Credit Card,Computer Incomes,"5,10"
16926,2,10,,,2026-06-02 18:41:56,Income,Credit Card,Computer Incomes,"19,84"
16927,1,23,,,2026-06-02 21:38:38,Income,Cash,Playstation Incomes,"18,24"
16928,4,15,,,2026-06-02 09:14:31,Income,Cash,Computer Incomes,"12,87"
16929,1,13,,,2026-06-02 15:21:59,Income,Cash,Computer Incomes,"21,45"
16930,3,5,,,2026-06-02 20:47:59,Income,Cash,Computer Incomes,"13,41"
16931,2,4,,59.0,2026-06-02 21:03:26,Income,Credit Card,Member Transactions,"22,52"
16932,1,9,,,2026-06-02 15:10:27,Income,Cash,Computer Incomes,"12,33"
16933,5,4,,26.0,2026-06-02 09:05:16,Income,Cash,Member Transactions,"5,89"
16934,1,7,,,2026-06-02 19:25:33,Income,Credit Card,Computer Incomes,"12,60"
16935,4,11,,,2026-06-02 21:29:44,Income,Cash,Computer Incomes,"20,37"
16936,2,9,,,2026-06-02 19:50:12,Income,Cash,Computer Incomes,"24,12"
16937,3,1,,,2026-06-02 23:57:39,Income,Cash,Computer Incomes,"12,33"
16938,3,1,,,2026-06-02 20:39:37,Income,Cash,Computer Incomes,"4,82"
16939,5,24,,,2026-06-02 21:01:38,Income,Cash,Playstation Incomes,"26,80"
16940,1,7,,,2026-06-02 21:08:55,Income,Cash,Computer Incomes,"22,78"
16941,1,7,,,2026-06-02 09:38:02,Income,Credit Card,Computer Incomes,"17,96"
16942,5,23,,,2026-06-02 12:10:53,Income,Cash,Playstation Incomes,"10,72"
16943,5,24,,,2026-06-02 16:46:10,Income,Credit Card,Playstation Incomes,"5,36"
16944,2,23,,,2026-06-03 22:20:43,Income,Cash,Playstation Incomes,"10,12"
16945,4,7,,,2026-06-03 12:25:22,Income,Credit Card,Computer Incomes,"16,61"
16946,5,14,,,2026-06-03 10:52:09,Income,Credit Card,Computer Incomes,"12,41"
16947,4,4,14.0,,2026-06-03 13:54:05,Income,Cash,Order Incomes,"6,11"
16948,4,8,,51.0,2026-06-03 22:29:12,Income,Credit Card,Member Transactions,"12,99"
16949,5,1,,,2026-06-03 19:18:15,Income,Cash,Computer Incomes,"8,21"
16950,5,1,,,2026-06-03 15:11:12,Income,Cash,Computer Incomes,"15,47"
16951,2,6,,,2026-06-03 10:27:47,Income,Cash,Computer Incomes,"2,87"
16952,3,13,,,2026-06-03 14:59:55,Income,Cash,Computer Incomes,"15,85"
16953,1,9,,27.0,2026-06-03 10:41:29,Income,Cash,Member Transactions,"18,90"
16954,2,2,,,2026-06-03 14:21:38,Income,Cash,Computer Incomes,"2,87"
16955,4,24,,,2026-06-03 22:38:04,Income,Credit Card,Playstation Incomes,"3,63"
16956,1,1,,,2026-06-03 15:36:09,Income,Cash,Computer Incomes,"4,39"
16957,1,23,,,2026-06-03 16:13:46,Income,Cash,Playstation Incomes,"6,68"
16958,2,24,,,2026-06-03 18:53:08,Income,Cash,Playstation Incomes,"12,98"
16959,4,23,,,2026-06-03 18:44:50,Income,Cash,Playstation Incomes,"18,51"
16960,2,5,,,2026-06-03 21:54:49,Income,Cash,Computer Incomes,"13,55"
16961,3,9,,,2026-06-03 19:00:16,Income,Cash,Computer Incomes,"12,59"
16962,1,5,,,2026-06-03 11:32:44,Income,Cash,Computer Incomes,"18,51"
16963,2,8,,,2026-06-03 16:05:15,Income,Cash,Computer Incomes,"14,12"
16964,3,6,11.0,,2026-06-03 09:26:32,Income,Cash,Order Incomes,"4,00"
16965,2,9,,,2026-06-03 14:18:29,Income,Credit Card,Computer Incomes,"10,88"
16966,2,13,31.0,,2026-06-03 23:31:45,Income,Cash,Order Incomes,"11,26"
16967,1,11,,,2026-06-04 12:36:28,Income,Cash,Computer Incomes,"9,49"
16968,5,15,,,2026-06-04 21:33:27,Income,Cash,Computer Incomes,"15,93"
16969,3,13,,,2026-06-04 19:21:27,Income,Cash,Computer Incomes,"12,89"
16970,1,10,,,2026-06-04 22:03:32,Income,Cash,Computer Incomes,"11,45"
16971,1,16,,,2026-06-04 18:35:30,Income,Cash,Computer Incomes,"14,14"
16972,2,9,,,2026-06-04 09:11:17,Income,Cash,Computer Incomes,"12,89"
16973,3,24,,,2026-06-04 09:03:20,Income,Cash,Playstation Incomes,"11,99"
16974,4,11,,,2026-06-04 21:28:48,Income,Credit Card,Computer Incomes,"8,06"
16975,5,23,,,2026-06-04 10:05:47,Income,Cash,Playstation Incomes,"9,48"
16976,5,4,,,2026-06-04 23:13:35,Income,Cash,Computer Incomes,"13,59"
16977,4,1,,,2026-06-04 19:15:24,Income,Cash,Computer Incomes,"5,72"
16978,3,24,,,2026-06-04 16:56:40,Income,Cash,Playstation Incomes,"14,13"
16979,2,11,23.0,,2026-06-04 17:35:46,Income,Credit Card,Order Incomes,"10,91"
16980,1,23,,,2026-06-04 18:03:59,Income,Cash,Playstation Incomes,"12,88"
16981,1,9,,33.0,2026-06-04 10:35:58,Income,Cash,Member Transactions,"17,17"
16982,5,13,,65.0,2026-06-04 12:03:30,Income,Cash,Member Transactions,"11,62"
16983,3,24,,,2026-06-04 18:22:02,Income,Cash,Playstation Incomes,"7,51"
16984,4,11,,,2026-06-04 09:41:43,Income,Cash,Computer Incomes,"14,66"
16985,5,7,,7.0,2026-06-04 18:29:00,Income,Cash,Member Transactions,"3,22"
16986,5,14,,,2026-06-04 15:25:03,Income,Cash,Computer Incomes,"16,63"
16987,2,2,6.0,,2026-06-05 18:58:18,Income,Cash,Order Incomes,"7,67"
16988,1,23,,,2026-06-05 09:04:44,Income,Cash,Playstation Incomes,"10,81"
16989,2,12,,,2026-06-05 22:36:33,Income,Cash,Computer Incomes,"5,93"
16990,1,24,,,2026-06-05 12:10:10,Income,Cash,Playstation Incomes,"1,92"
16991,2,12,,,2026-06-05 21:40:52,Income,Credit Card,Computer Incomes,"15,33"
16992,5,23,,,2026-06-05 17:23:21,Income,Cash,Playstation Incomes,"7,32"
16993,3,24,,,2026-06-05 18:44:54,Income,Cash,Playstation Incomes,"5,93"
16994,1,1,,,2026-06-05 14:30:22,Income,Cash,Computer Incomes,"11,50"
16995,1,23,,,2026-06-05 10:41:09,Income,Cash,Playstation Incomes,"15,16"
16996,4,5,,,2026-06-05 18:37:27,Income,Cash,Computer Incomes,"15,86"
16997,5,13,,,2026-06-05 13:03:26,Income,Cash,Computer Incomes,"6,97"
16998,3,9,,13.0,2026-06-05 14:34:59,Income,Cash,Member Transactions,"11,33"
16999,3,2,,,2026-06-05 11:11:22,Income,Cash,Computer Incomes,"9,41"
17000,2,6,,,2026-06-05 19:12:55,Income,Cash,Computer Incomes,"13,59"
17001,2,12,,,2026-06-05 12:14:47,Income,Credit Card,Computer Incomes,"4,88"
17002,2,16,27.0,,2026-06-05 23:58:18,Income,Cash,Order Incomes,"5,06"
17003,4,24,,,2026-06-05 11:46:56,Income,Cash,Playstation Incomes,"3,14"
17004,1,23,,,2026-06-05 12:34:02,Income,Credit Card,Playstation Incomes,"13,77"
17005,5,14,,,2026-06-05 22:00:49,Income,Cash,Computer Incomes,"10,28"
17006,4,24,,,2026-06-05 10:23:55,Income,Cash,Playstation Incomes,"8,37"
17007,1,6,,,2026-06-05 21:58:53,Income,Cash,Computer Incomes,"5,05"
17008,2,23,,,2026-06-05 17:04:10,Income,Cash,Playstation Incomes,"5,40"
17009,3,2,,,2026-06-05 17:02:51,Income,Cash,Computer Incomes,"4,00"
17010,1,24,,,2026-06-05 09:12:20,Income,Cash,Playstation Incomes,"5,92"
17011,1,4,,,2026-06-05 21:51:20,Income,Cash,Computer Incomes,"16,54"
17012,1,13,,48.0,2026-06-05 18:20:05,Income,Cash,Member Transactions,"8,01"
17013,3,7,,,2026-06-05 11:13:58,Income,Cash,Computer Incomes,"3,83"
17014,2,23,,,2026-06-05 10:31:27,Income,Cash,Playstation Incomes,"8,71"
17015,3,3,,33.0,2026-06-05 14:50:17,Income,Credit Card,Member Transactions,"13,76"
17016,3,2,,,2026-06-05 17:41:32,Income,Cash,Computer Incomes,"3,13"
17017,5,14,,,2026-06-05 18:16:19,Income,Cash,Computer Incomes,"2,26"
17018,3,12,,,2026-06-05 09:54:10,Income,Cash,Computer Incomes,"9,05"
17019,4,6,,,2026-06-05 19:12:26,Income,Cash,Computer Incomes,"8,53"
17020,4,10,,,2026-06-05 19:20:00,Income,Cash,Computer Incomes,"9,92"
17021,3,16,29.0,,2026-06-05 15:36:04,Income,Credit Card,Order Incomes,"15,15"
17022,4,24,,,2026-06-05 13:36:11,Income,Cash,Playstation Incomes,"8,88"
17023,1,7,,,2026-06-05 18:25:29,Income,Cash,Computer Incomes,"8,18"
17024,2,11,,,2026-06-05 18:05:01,Income,Cash,Computer Incomes,"3,13"
17025,5,23,,,2026-06-05 10:15:00,Income,Cash,Playstation Incomes,"10,80"
17026,3,13,,,2026-06-05 17:57:30,Income,Cash,Computer Incomes,"2,96"
17027,1,8,,,2026-06-05 20:04:28,Income,Credit Card,Computer Incomes,"14,63"
17028,1,5,,,2026-06-05 12:40:53,Income,Cash,Computer Incomes,"8,53"
17029,2,16,,,2026-06-06 16:50:30,Income,Cash,Computer Incomes,"15,98"
17030,2,3,,,2026-06-06 15:21:04,Income,Cash,Computer Incomes,"15,55"
17031,5,8,,,2026-06-06 23:19:47,Income,Cash,Computer Incomes,"11,51"
17032,5,24,,,2026-06-06 11:56:18,Income,Cash,Playstation Incomes,"2,99"
17033,5,5,,,2026-06-06 10:05:26,Income,Cash,Computer Incomes,"21,09"
17034,1,5,,,2026-06-06 11:05:23,Income,Credit Card,Computer Incomes,"18,53"
17035,3,23,,,2026-06-06 14:09:59,Income,Cash,Playstation Incomes,"18,96"
17036,5,24,,,2026-06-06 09:28:01,Income,Cash,Playstation Incomes,"2,56"
17037,1,4,18.0,,2026-06-06 13:35:49,Income,Cash,Order Incomes,"2,56"
17038,3,23,,,2026-06-06 09:21:38,Income,Cash,Playstation Incomes,"18,53"
17039,3,13,,,2026-06-06 18:10:09,Income,Cash,Computer Incomes,"18,75"
17040,2,6,,,2026-06-06 15:09:13,Income,Cash,Computer Incomes,"7,46"
17041,3,24,,,2026-06-06 17:33:59,Income,Cash,Playstation Incomes,"11,29"
17042,4,2,,,2026-06-06 14:59:22,Income,Cash,Computer Incomes,"19,81"
17043,2,23,,,2026-06-06 09:49:21,Income,Cash,Playstation Incomes,"16,40"
17044,4,12,,,2026-06-06 12:34:50,Income,Cash,Computer Incomes,"20,24"
17045,2,2,,,2026-06-06 21:31:57,Income,Credit Card,Computer Incomes,"20,24"
17046,3,24,,,2026-06-06 17:10:52,Income,Cash,Playstation Incomes,"2,35"
17047,2,5,,,2026-06-06 15:21:55,Income,Cash,Computer Incomes,"6,18"
17048,2,15,,,2026-06-06 14:36:55,Income,Cash,Computer Incomes,"20,24"
17049,5,11,,,2026-06-06 22:58:11,Income,Cash,Computer Incomes,"15,13"
17050,3,1,,,2026-06-06 11:15:17,Income,Cash,Computer Incomes,"15,13"
17051,1,23,,,2026-06-06 21:33:36,Income,Cash,Playstation Incomes,"18,52"
17052,5,2,,,2026-06-06 11:38:59,Income,Cash,Computer Incomes,"8,51"
17053,2,24,,,2026-06-06 20:45:57,Income,Cash,Playstation Incomes,"16,39"
17054,2,8,,19.0,2026-06-06 19:19:48,Income,Cash,Member Transactions,"15,97"
17055,2,13,,,2026-06-06 12:49:17,Income,Cash,Computer Incomes,"17,46"
17056,4,5,,,2026-06-06 13:22:21,Income,Cash,Computer Incomes,"11,07"
17057,4,8,,,2026-06-06 22:07:37,Income,Cash,Computer Incomes,"6,38"
17058,2,15,,,2026-06-06 23:53:17,Income,Cash,Computer Incomes,"14,69"
17059,1,6,,,2026-06-06 10:32:22,Income,Cash,Computer Incomes,"20,87"
17060,5,16,,,2026-06-06 21:34:17,Income,Cash,Computer Incomes,"2,34"
17061,3,12,,,2026-06-06 15:22:07,Income,Cash,Computer Incomes,"14,48"
17062,3,7,,,2026-06-06 22:30:14,Income,Cash,Computer Incomes,"18,31"
17063,5,6,,,2026-06-06 20:43:27,Income,Cash,Computer Incomes,"5,96"
17064,5,6,,,2026-06-06 21:16:35,Income,Credit Card,Computer Incomes,"13,41"
17065,4,13,,,2026-06-06 09:05:33,Income,Cash,Computer Incomes,"9,58"
17066,1,23,,,2026-06-06 23:10:54,Income,Cash,Playstation Incomes,"11,71"
17067,3,2,,,2026-06-06 09:15:51,Income,Cash,Computer Incomes,"20,02"
17068,4,6,,,2026-06-06 18:04:59,Income,Cash,Computer Incomes,"20,44"
17069,2,8,,,2026-06-06 20:28:06,Income,Cash,Computer Incomes,"2,98"
17070,2,24,,,2026-06-06 21:56:32,Income,Cash,Playstation Incomes,"10,43"
17071,1,23,,,2026-06-06 13:34:37,Income,Credit Card,Playstation Incomes,"14,90"
17072,3,24,,,2026-06-06 09:46:39,Income,Cash,Playstation Incomes,"3,83"
17073,4,10,,,2026-06-07 17:44:13,Income,Cash,Computer Incomes,"14,36"
17074,5,23,,,2026-06-07 12:25:25,Income,Cash,Playstation Incomes,"16,47"
17075,4,14,44.0,,2026-06-07 17:14:08,Income,Credit Card,Order Incomes,"17,11"
17076,3,1,,,2026-06-07 17:00:34,Income,Cash,Computer Incomes,"17,74"
17077,3,3,,,2026-06-07 11:24:45,Income,Cash,Computer Incomes,"10,35"
17078,4,14,,49.0,2026-06-07 18:03:46,Income,Cash,Member Transactions,"19,01"
17079,3,15,,,2026-06-07 14:30:23,Income,Cash,Computer Incomes,"11,62"
17080,2,14,,,2026-06-07 15:35:19,Income,Cash,Computer Incomes,"19,63"
17081,1,24,,,2026-06-07 10:19:01,Income,Cash,Playstation Incomes,"14,56"
17082,5,15,5.0,,2026-06-07 18:02:51,Income,Cash,Order Incomes,"10,34"
17083,5,10,,,2026-06-07 16:58:43,Income,Cash,Computer Incomes,"7,81"
17084,4,1,,,2026-06-07 20:24:55,Income,Cash,Computer Incomes,"12,03"
17085,3,23,,,2026-06-07 11:02:44,Income,Cash,Playstation Incomes,"10,97"
17086,1,14,,,2026-06-07 14:14:15,Income,Cash,Computer Incomes,"5,70"
17087,3,8,,,2026-06-07 11:32:18,Income,Cash,Computer Incomes,"11,61"
17088,4,24,,,2026-06-07 16:31:14,Income,Cash,Playstation Incomes,"19,84"
17089,2,23,,,2026-06-07 10:38:09,Income,Cash,Playstation Incomes,"11,40"
17090,5,12,,,2026-06-08 11:02:42,Income,Cash,Computer Incomes,"6,79"
17091,3,9,,27.0,2026-06-08 20:44:21,Income,Credit Card,Member Transactions,"22,73"
17092,3,7,,,2026-06-08 20:12:41,Income,Cash,Computer Incomes,"21,25"
17093,4,10,13.0,,2026-06-08 15:30:39,Income,Cash,Order Incomes,"29,22"
17094,5,12,,,2026-06-08 18:51:23,Income,Credit Card,Computer Incomes,"22,14"
17095,3,15,40.0,,2026-06-08 15:10:08,Income,Cash,Order Incomes,"8,56"
17096,3,24,,,2026-06-08 19:29:58,Income,Cash,Playstation Incomes,"12,10"
17097,2,2,,,2026-06-08 13:43:29,Income,Cash,Computer Incomes,"4,43"
17098,2,15,,,2026-06-08 09:18:15,Income,Cash,Computer Incomes,"20,96"
17099,2,23,,,2026-06-08 20:49:54,Income,Cash,Playstation Incomes,"3,25"
17100,5,6,,33.0,2026-06-08 17:13:47,Income,Cash,Member Transactions,"3,54"
17101,5,24,,,2026-06-08 09:09:40,Income,Cash,Playstation Incomes,"21,24"
17102,3,23,,,2026-06-08 15:57:05,Income,Cash,Playstation Incomes,"23,60"
17103,5,24,,,2026-06-08 19:46:07,Income,Cash,Playstation Incomes,"11,50"
17104,4,15,,,2026-06-08 09:22:59,Income,Cash,Computer Incomes,"22,72"
17105,2,5,18.0,,2026-06-08 15:54:17,Income,Cash,Order Incomes,"22,13"
17106,4,14,,,2026-06-08 21:39:31,Income,Cash,Computer Incomes,"9,73"
17107,4,3,29.0,,2026-06-09 14:25:01,Income,Cash,Order Incomes,"5,16"
17108,2,4,19.0,,2026-06-09 19:20:48,Income,Cash,Order Incomes,"17,02"
17109,3,23,,,2026-06-09 15:33:37,Income,Cash,Playstation Incomes,"9,03"
17110,4,2,,,2026-06-09 19:26:52,Income,Cash,Computer Incomes,"24,50"
17111,1,24,,,2026-06-09 11:20:48,Income,Cash,Playstation Incomes,"11,61"
17112,5,10,,,2026-06-09 10:25:45,Income,Cash,Computer Incomes,"22,95"
17113,1,5,,,2026-06-09 23:25:08,Income,Cash,Computer Incomes,"18,04"
17114,1,16,,56.0,2026-06-09 13:03:23,Income,Cash,Member Transactions,"8,50"
17115,5,10,15.0,,2026-06-09 12:16:50,Income,Cash,Order Incomes,"15,72"
17116,2,10,19.0,,2026-06-09 14:34:10,Income,Cash,Order Incomes,"23,97"
17117,1,13,,,2026-06-09 21:40:07,Income,Cash,Computer Incomes,"12,63"
17118,4,4,47.0,,2026-06-09 19:57:03,Income,Credit Card,Order Incomes,"13,14"
17119,2,23,,,2026-06-09 12:08:33,Income,Cash,Playstation Incomes,"10,31"
17120,5,10,,27.0,2026-06-09 23:21:27,Income,Cash,Member Transactions,"4,38"
17121,3,24,,,2026-06-10 12:37:56,Income,Cash,Playstation Incomes,"7,59"
17122,4,16,49.0,,2026-06-10 11:41:46,Income,Cash,Order Incomes,"4,66"
17123,5,16,24.0,,2026-06-10 17:07:39,Income,Cash,Order Incomes,"5,39"
17124,5,11,,,2026-06-10 21:53:07,Income,Cash,Computer Incomes,"6,13"
17125,1,3,,,2026-06-10 19:08:27,Income,Cash,Computer Incomes,"4,90"
17126,2,23,,,2026-06-10 21:53:15,Income,Cash,Playstation Incomes,"9,80"
17127,3,24,,,2026-06-10 09:05:50,Income,Cash,Playstation Incomes,"9,31"
17128,5,11,,,2026-06-10 12:36:11,Income,Cash,Computer Incomes,"6,85"
17129,4,23,,,2026-06-10 14:04:30,Income,Cash,Playstation Incomes,"17,87"
17130,2,15,,,2026-06-10 09:39:03,Income,Credit Card,Computer Incomes,"16,89"
17131,5,10,,,2026-06-10 12:40:56,Income,Cash,Computer Incomes,"18,85"
17132,4,24,,,2026-06-10 18:03:13,Income,Cash,Playstation Incomes,"19,83"
17133,1,6,13.0,,2026-06-10 11:54:27,Income,Cash,Order Incomes,"19,83"
17134,5,13,,,2026-06-10 14:58:23,Income,Cash,Computer Incomes,"19,09"
17135,4,3,,,2026-06-10 18:12:26,Income,Cash,Computer Incomes,"6,36"
17136,4,5,,,2026-06-10 16:44:55,Income,Cash,Computer Incomes,"10,03"
17137,3,16,,,2026-06-10 20:56:33,Income,Cash,Computer Incomes,"4,65"
17138,5,11,,,2026-06-10 22:01:27,Income,Cash,Computer Incomes,"4,16"
17139,5,12,,,2026-06-10 21:15:46,Income,Cash,Computer Incomes,"11,75"
17140,5,4,7.0,,2026-06-10 11:08:54,Income,Credit Card,Order Incomes,"6,61"
17141,1,23,,,2026-06-11 20:12:25,Income,Cash,Playstation Incomes,"11,94"
17142,3,14,,,2026-06-11 10:40:10,Income,Cash,Computer Incomes,"12,36"
17143,1,10,31.0,,2026-06-11 19:34:43,Income,Cash,Order Incomes,"8,15"
17144,3,1,,,2026-06-11 19:36:37,Income,Cash,Computer Incomes,"8,29"
17145,1,2,,,2026-06-11 19:02:46,Income,Cash,Computer Incomes,"10,54"
17146,1,9,,,2026-06-11 13:31:27,Income,Credit Card,Computer Incomes,"12,36"
17147,4,2,,,2026-06-11 15:28:23,Income,Credit Card,Computer Incomes,"11,94"
17148,4,24,,,2026-06-11 18:07:55,Income,Cash,Playstation Incomes,"7,87"
17149,2,13,,,2026-06-11 20:54:41,Income,Cash,Computer Incomes,"2,39"
17150,4,3,,,2026-06-11 18:53:09,Income,Cash,Computer Incomes,"8,85"
17151,1,3,,25.0,2026-06-11 09:32:38,Income,Cash,Member Transactions,"4,21"
17152,1,1,,,2026-06-11 13:35:31,Income,Cash,Computer Incomes,"4,21"
17153,5,1,,,2026-06-11 23:21:24,Income,Cash,Computer Incomes,"8,42"
17154,1,7,,41.0,2026-06-11 14:37:23,Income,Cash,Member Transactions,"12,49"
17155,5,16,,,2026-06-11 12:35:59,Income,Cash,Computer Incomes,"8,70"
17156,5,6,,,2026-06-11 09:01:06,Income,Cash,Computer Incomes,"9,96"
17157,3,3,,,2026-06-11 15:58:31,Income,Cash,Computer Incomes,"6,03"
17158,5,9,,,2026-06-11 10:11:34,Income,Cash,Computer Incomes,"8,28"
17159,2,15,,,2026-06-11 18:33:54,Income,Cash,Computer Incomes,"2,38"
17160,4,16,,,2026-06-11 21:51:46,Income,Cash,Computer Incomes,"3,93"
17161,2,16,,,2026-06-11 21:20:25,Income,Credit Card,Computer Incomes,"9,26"
17162,5,2,,,2026-06-11 16:11:16,Income,Cash,Computer Incomes,"1,82"
17163,5,5,,,2026-06-12 18:38:00,Income,Cash,Computer Incomes,"4,93"
17164,4,1,,,2026-06-12 11:31:50,Income,Cash,Computer Incomes,"20,33"
17165,1,6,43.0,,2026-06-12 22:08:06,Income,Cash,Order Incomes,"28,34"
17166,2,3,,,2026-06-12 19:05:51,Income,Cash,Computer Incomes,"4,93"
17167,1,15,,,2026-06-12 13:06:17,Income,Cash,Computer Incomes,"29,27"
17168,3,13,,,2026-06-12 22:25:22,Income,Cash,Computer Incomes,"30,81"
17169,1,2,,42.0,2026-06-12 09:44:18,Income,Cash,Member Transactions,"13,87"
17170,2,2,,,2026-06-12 23:29:50,Income,Cash,Computer Incomes,"4,01"
17171,2,23,,,2026-06-12 09:47:21,Income,Cash,Playstation Incomes,"28,03"
17172,5,24,,,2026-06-12 18:05:35,Income,Cash,Playstation Incomes,"23,72"
17173,5,10,,,2026-06-12 09:36:42,Income,Cash,Computer Incomes,"8,63"
17174,2,11,,,2026-06-12 10:11:05,Income,Cash,Computer Incomes,"8,32"
17175,1,23,,,2026-06-12 09:03:50,Income,Cash,Playstation Incomes,"26,80"
17176,5,16,5.0,,2026-06-12 22:02:39,Income,Cash,Order Incomes,"4,93"
17177,1,14,42.0,,2026-06-12 18:03:54,Income,Credit Card,Order Incomes,"20,03"
17178,3,8,,,2026-06-12 15:33:49,Income,Cash,Computer Incomes,"14,16"
17179,1,4,,11.0,2026-06-12 10:38:30,Income,Credit Card,Member Transactions,"13,86"
17180,2,13,26.0,,2026-06-12 23:21:37,Income,Cash,Order Incomes,"20,94"
17181,3,11,19.0,,2026-06-12 20:30:21,Income,Cash,Order Incomes,"15,40"
17182,2,2,,,2026-06-12 22:20:01,Income,Cash,Computer Incomes,"26,48"
17183,2,5,,,2026-06-12 19:40:53,Income,Credit Card,Computer Incomes,"6,16"
17184,4,5,,24.0,2026-06-12 15:50:36,Income,Credit Card,Member Transactions,"27,41"
17185,4,24,,,2026-06-12 15:53:07,Income,Cash,Playstation Incomes,"25,25"
17186,3,13,,,2026-06-12 14:27:33,Income,Cash,Computer Incomes,"20,63"
17187,4,10,,21.0,2026-06-12 12:58:52,Income,Cash,Member Transactions,"29,87"
17188,2,13,,,2026-06-12 16:27:39,Income,Cash,Computer Incomes,"11,08"
17189,1,2,,,2026-06-12 21:51:29,Income,Cash,Computer Incomes,"7,39"
17190,5,23,,,2026-06-12 14:30:55,Income,Cash,Playstation Incomes,"23,71"
17191,5,24,,,2026-06-12 17:53:59,Income,Cash,Playstation Incomes,"12,01"
17192,5,23,,,2026-06-12 22:22:59,Income,Cash,Playstation Incomes,"12,93"
17193,4,24,,,2026-06-12 09:39:29,Income,Cash,Playstation Incomes,"13,55"
17194,4,23,,,2026-06-13 09:08:51,Income,Cash,Playstation Incomes,"6,35"
17195,5,8,,,2026-06-13 11:30:10,Income,Cash,Computer Incomes,"11,51"
17196,2,1,43.0,,2026-06-13 22:07:35,Income,Cash,Order Incomes,"6,58"
17197,5,24,,,2026-06-13 20:50:08,Income,Cash,Playstation Incomes,"10,81"
17198,5,16,4.0,,2026-06-13 23:38:38,Income,Cash,Order Incomes,"7,52"
17199,3,23,,,2026-06-13 16:17:41,Income,Cash,Playstation Incomes,"14,33"
17200,4,4,,,2026-06-13 14:05:23,Income,Cash,Computer Incomes,"8,93"
17201,2,24,,,2026-06-13 13:35:23,Income,Cash,Playstation Incomes,"14,80"
17202,1,5,,46.0,2026-06-13 13:47:06,Income,Credit Card,Member Transactions,"15,74"
17203,2,23,,,2026-06-13 13:00:56,Income,Cash,Playstation Incomes,"11,98"
17204,5,9,,,2026-06-13 18:08:58,Income,Cash,Computer Incomes,"3,76"
17205,5,8,,,2026-06-13 17:54:58,Income,Cash,Computer Incomes,"15,98"
17206,5,24,,,2026-06-13 16:11:41,Income,Credit Card,Playstation Incomes,"2,59"
17207,2,1,,,2026-06-13 10:57:18,Income,Cash,Computer Incomes,"12,22"
17208,1,7,,,2026-06-13 09:28:22,Income,Cash,Computer Incomes,"16,68"
17209,5,5,,,2026-06-13 20:13:36,Income,Cash,Computer Incomes,"20,67"
17210,2,3,,,2026-06-13 12:44:55,Income,Cash,Computer Incomes,"6,82"
17211,3,3,,16.0,2026-06-13 14:54:27,Income,Credit Card,Member Transactions,"4,23"
17212,2,23,,,2026-06-13 23:31:38,Income,Credit Card,Playstation Incomes,"9,87"
17213,3,24,,,2026-06-13 22:10:42,Income,Cash,Playstation Incomes,"4,69"
17214,1,23,,,2026-06-13 18:48:32,Income,Credit Card,Playstation Incomes,"3,05"
17215,2,9,,,2026-06-13 17:51:50,Income,Cash,Computer Incomes,"17,61"
17216,3,24,,,2026-06-13 23:00:39,Income,Cash,Playstation Incomes,"22,54"
17217,1,23,,,2026-06-13 23:19:27,Income,Cash,Playstation Incomes,"18,78"
17218,4,24,,,2026-06-13 19:59:05,Income,Cash,Playstation Incomes,"4,93"
17219,4,13,39.0,,2026-06-13 15:22:29,Income,Cash,Order Incomes,"8,45"
17220,1,9,,,2026-06-13 19:29:47,Income,Cash,Computer Incomes,"10,80"
17221,5,6,,36.0,2026-06-13 16:54:05,Income,Cash,Member Transactions,"2,34"
17222,4,11,,,2026-06-13 18:42:13,Income,Cash,Computer Incomes,"21,84"
17223,1,11,,,2026-06-13 15:26:52,Income,Cash,Computer Incomes,"2,81"
17224,1,7,,,2026-06-13 09:57:41,Income,Credit Card,Computer Incomes,"22,07"
17225,1,10,,,2026-06-13 21:44:38,Income,Cash,Computer Incomes,"11,50"
17226,3,23,,,2026-06-13 09:31:42,Income,Cash,Playstation Incomes,"8,92"
17227,4,6,15.0,,2026-06-13 21:05:09,Income,Cash,Order Incomes,"11,27"
17228,2,8,,,2026-06-13 23:34:00,Income,Cash,Computer Incomes,"7,51"
17229,1,11,18.0,,2026-06-13 18:46:17,Income,Cash,Order Incomes,"21,13"
17230,3,2,44.0,,2026-06-14 14:35:04,Income,Cash,Order Incomes,"12,43"
17231,3,5,,,2026-06-14 17:11:22,Income,Credit Card,Computer Incomes,"12,89"
17232,1,24,,,2026-06-14 20:55:36,Income,Cash,Playstation Incomes,"13,36"
17233,4,5,,,2026-06-14 13:36:24,Income,Credit Card,Computer Incomes,"5,75"
17234,4,13,,,2026-06-14 14:28:19,Income,Cash,Computer Incomes,"11,81"
17235,1,11,,,2026-06-14 17:28:40,Income,Cash,Computer Incomes,"7,92"
17236,4,16,,,2026-06-14 18:40:45,Income,Cash,Computer Incomes,"11,65"
17237,3,7,,,2026-06-14 17:59:38,Income,Cash,Computer Incomes,"9,79"
17238,4,10,23.0,,2026-06-14 10:20:53,Income,Cash,Order Incomes,"6,53"
17239,3,23,,,2026-06-14 21:26:02,Income,Cash,Playstation Incomes,"4,82"
17240,1,24,,,2026-06-14 15:39:17,Income,Cash,Playstation Incomes,"14,75"
17241,3,2,,,2026-06-14 16:30:29,Income,Cash,Computer Incomes,"6,21"
17242,5,14,,,2026-06-14 19:39:52,Income,Cash,Computer Incomes,"5,12"
17243,3,13,6.0,,2026-06-14 22:32:35,Income,Credit Card,Order Incomes,"10,86"
17244,5,13,,,2026-06-14 10:58:26,Income,Cash,Computer Incomes,"10,71"
17245,1,16,,,2026-06-14 22:43:44,Income,Cash,Computer Incomes,"2,63"
17246,3,23,,,2026-06-14 16:11:47,Income,Cash,Playstation Incomes,"12,57"
17247,1,2,,,2026-06-14 21:42:42,Income,Credit Card,Computer Incomes,"2,32"
17248,3,7,,,2026-06-14 13:30:11,Income,Cash,Computer Incomes,"10,71"
17249,3,2,,,2026-06-14 10:49:14,Income,Cash,Computer Incomes,"5,90"
17250,2,16,,,2026-06-14 09:57:13,Income,Cash,Computer Incomes,"8,69"
17251,3,14,,,2026-06-14 22:24:55,Income,Cash,Computer Incomes,"13,04"
17252,5,16,,,2026-06-15 21:32:26,Income,Cash,Computer Incomes,"14,61"
17253,3,3,,,2026-06-15 21:29:21,Income,Credit Card,Computer Incomes,"8,32"
17254,5,12,,64.0,2026-06-15 21:34:48,Income,Credit Card,Member Transactions,"10,70"
17255,2,24,,,2026-06-15 17:54:30,Income,Cash,Playstation Incomes,"5,95"
17256,3,23,,,2026-06-15 20:11:41,Income,Cash,Playstation Incomes,"10,36"
17257,5,16,,29.0,2026-06-15 16:53:04,Income,Cash,Member Transactions,"15,63"
17258,1,2,,,2026-06-15 11:35:19,Income,Cash,Computer Incomes,"3,23"
17259,5,1,,,2026-06-15 09:46:14,Income,Cash,Computer Incomes,"15,96"
17260,3,24,,,2026-06-15 19:23:48,Income,Cash,Playstation Incomes,"13,93"
17261,3,4,,39.0,2026-06-15 19:06:33,Income,Cash,Member Transactions,"6,80"
17262,5,5,,,2026-06-15 14:43:30,Income,Credit Card,Computer Incomes,"9,17"
17263,2,23,,,2026-06-15 12:04:40,Income,Cash,Playstation Incomes,"16,30"
17264,2,24,,,2026-06-15 21:25:38,Income,Cash,Playstation Incomes,"16,29"
17265,4,23,,,2026-06-15 20:47:03,Income,Cash,Playstation Incomes,"3,39"
17266,3,12,,,2026-06-15 18:49:30,Income,Cash,Computer Incomes,"13,58"
17267,5,16,,,2026-06-15 22:03:11,Income,Cash,Computer Incomes,"13,41"
17268,2,4,,,2026-06-15 21:02:56,Income,Cash,Computer Incomes,"6,45"
17269,5,7,,,2026-06-15 20:45:06,Income,Cash,Computer Incomes,"12,22"
17270,2,24,,,2026-06-15 22:36:21,Income,Cash,Playstation Incomes,"10,69"
17271,3,3,,,2026-06-15 19:32:44,Income,Cash,Computer Incomes,"8,65"
17272,3,23,,,2026-06-15 11:08:14,Income,Cash,Playstation Incomes,"8,48"
17273,3,10,,,2026-06-15 19:46:56,Income,Cash,Computer Incomes,"3,05"
17274,3,7,,,2026-06-16 14:03:40,Income,Cash,Computer Incomes,"22,91"
17275,1,1,14.0,,2026-06-16 12:35:06,Income,Cash,Order Incomes,"20,74"
17276,1,13,,,2026-06-16 19:31:32,Income,Cash,Computer Incomes,"17,65"
17277,2,14,,,2026-06-16 11:44:31,Income,Cash,Computer Incomes,"6,20"
17278,1,6,,,2026-06-16 11:51:59,Income,Credit Card,Computer Incomes,"29,72"
17279,5,16,,,2026-06-16 22:05:51,Income,Cash,Computer Incomes,"27,86"
17280,4,12,,,2026-06-16 12:44:09,Income,Cash,Computer Incomes,"26,93"
17281,1,6,,40.0,2026-06-16 09:52:45,Income,Cash,Member Transactions,"27,54"
17282,2,24,,,2026-06-16 09:32:01,Income,Cash,Playstation Incomes,"4,64"
17283,3,14,,,2026-06-16 13:04:30,Income,Cash,Computer Incomes,"16,71"
17284,1,23,,,2026-06-16 09:51:40,Income,Cash,Playstation Incomes,"6,49"
17285,3,10,,,2026-06-16 10:01:56,Income,Cash,Computer Incomes,"21,35"
17286,5,10,,,2026-06-16 13:13:38,Income,Cash,Computer Incomes,"3,09"
17287,4,11,47.0,,2026-06-16 16:50:06,Income,Cash,Order Incomes,"23,52"
17288,5,1,11.0,,2026-06-16 21:52:13,Income,Cash,Order Incomes,"30,02"
17289,1,13,42.0,,2026-06-17 13:23:14,Income,Cash,Order Incomes,"12,46"
17290,5,13,,,2026-06-17 15:05:25,Income,Cash,Computer Incomes,"26,85"
17291,3,1,,,2026-06-17 11:03:36,Income,Cash,Computer Incomes,"17,99"
17292,4,14,9.0,,2026-06-17 19:54:05,Income,Cash,Order Incomes,"8,31"
17293,4,5,,40.0,2026-06-17 16:30:07,Income,Cash,Member Transactions,"24,91"
17294,5,24,,,2026-06-17 17:58:17,Income,Cash,Playstation Incomes,"23,25"
17295,2,5,36.0,,2026-06-17 19:21:58,Income,Cash,Order Incomes,"21,04"
17296,3,16,5.0,,2026-06-17 21:38:24,Income,Cash,Order Incomes,"4,99"
17297,2,2,,,2026-06-17 10:19:46,Income,Cash,Computer Incomes,"19,93"
17298,1,23,,,2026-06-17 17:27:03,Income,Cash,Playstation Incomes,"21,58"
17299,4,15,,,2026-06-17 11:40:08,Income,Cash,Computer Incomes,"10,79"
17300,4,4,23.0,,2026-06-17 11:54:29,Income,Cash,Order Incomes,"20,20"
17301,5,6,,,2026-06-17 23:33:34,Income,Cash,Computer Incomes,"20,20"
17302,5,1,,,2026-06-17 12:47:23,Income,Cash,Computer Incomes,"8,02"
17303,2,11,4.0,,2026-06-17 10:01:11,Income,Cash,Order Incomes,"24,90"
17304,5,1,,,2026-06-17 11:33:10,Income,Cash,Computer Incomes,"20,75"
17305,2,9,13.0,,2026-06-18 20:29:08,Income,Cash,Order Incomes,"13,09"
17306,3,24,,,2026-06-18 16:26:32,Income,Cash,Playstation Incomes,"5,66"
17307,3,2,24.0,,2026-06-18 20:00:32,Income,Credit Card,Order Incomes,"2,98"
17308,2,4,,,2026-06-18 18:33:37,Income,Cash,Computer Incomes,"17,55"
17309,2,7,,25.0,2026-06-18 15:40:03,Income,Cash,Member Transactions,"23,21"
17310,3,2,,,2026-06-18 23:13:50,Income,Credit Card,Computer Incomes,"24,69"
17311,4,16,,,2026-06-18 09:11:30,Income,Cash,Computer Incomes,"9,23"
17312,1,5,,,2026-06-18 18:01:05,Income,Cash,Computer Incomes,"6,25"
17313,2,14,,,2026-06-18 16:16:48,Income,Cash,Computer Incomes,"3,87"
17314,4,23,,,2026-06-18 09:41:46,Income,Cash,Playstation Incomes,"16,66"
17315,5,16,,,2026-06-18 11:41:25,Income,Cash,Computer Incomes,"19,93"
17316,5,5,,,2026-06-18 11:05:16,Income,Credit Card,Computer Incomes,"16,06"
17317,4,10,,,2026-06-18 16:17:19,Income,Cash,Computer Incomes,"7,73"
17318,5,24,,,2026-06-18 18:12:38,Income,Cash,Playstation Incomes,"19,33"
17319,3,2,32.0,,2026-06-18 11:42:52,Income,Cash,Order Incomes,"14,87"
17320,3,9,,,2026-06-18 19:35:08,Income,Cash,Computer Incomes,"15,76"
17321,5,2,48.0,,2026-06-18 12:59:07,Income,Cash,Order Incomes,"6,54"
17322,4,7,,,2026-06-18 12:57:20,Income,Credit Card,Computer Incomes,"27,66"
17323,4,4,,,2026-06-18 20:31:50,Income,Cash,Computer Incomes,"14,57"
17324,1,6,,,2026-06-18 10:04:17,Income,Cash,Computer Incomes,"15,16"
17325,5,9,,4.0,2026-06-18 12:45:47,Income,Cash,Member Transactions,"20,82"
17326,3,3,,,2026-06-18 11:45:45,Income,Cash,Computer Incomes,"15,46"
17327,3,6,41.0,,2026-06-19 22:00:28,Income,Cash,Order Incomes,"13,74"
17328,4,3,,,2026-06-19 23:43:50,Income,Cash,Computer Incomes,"13,41"
17329,3,5,,,2026-06-19 19:21:09,Income,Cash,Computer Incomes,"28,12"
17330,1,23,,,2026-06-19 14:22:55,Income,Cash,Playstation Incomes,"23,22"
17331,4,1,,,2026-06-19 10:02:10,Income,Cash,Computer Incomes,"10,14"
17332,3,3,,,2026-06-19 09:10:59,Income,Cash,Computer Incomes,"10,47"
17333,5,5,,,2026-06-19 23:40:58,Income,Credit Card,Computer Incomes,"20,93"
17334,5,12,11.0,,2026-06-19 18:22:11,Income,Cash,Order Incomes,"15,37"
17335,4,10,,,2026-06-19 13:19:40,Income,Cash,Computer Incomes,"12,10"
17336,4,5,,,2026-06-19 22:10:35,Income,Cash,Computer Incomes,"6,87"
17337,4,9,16.0,,2026-06-19 23:42:51,Income,Cash,Order Incomes,"16,35"
17338,2,6,,22.0,2026-06-19 22:38:11,Income,Cash,Member Transactions,"32,37"
17339,4,14,,,2026-06-19 11:05:20,Income,Cash,Computer Incomes,"25,17"
17340,3,11,16.0,,2026-06-19 11:47:09,Income,Cash,Order Incomes,"13,07"
17341,3,10,,,2026-06-19 13:33:03,Income,Credit Card,Computer Incomes,"22,88"
17342,2,12,,,2026-06-19 13:10:04,Income,Credit Card,Computer Incomes,"22,55"
17343,5,10,,,2026-06-19 21:37:51,Income,Cash,Computer Incomes,"31,38"
17344,5,24,,,2026-06-19 15:31:46,Income,Cash,Playstation Incomes,"4,90"
17345,5,10,23.0,,2026-06-19 18:58:26,Income,Cash,Order Incomes,"16,99"
17346,3,10,,,2026-06-19 13:38:12,Income,Credit Card,Computer Incomes,"3,59"
17347,3,5,,4.0,2026-06-19 21:55:04,Income,Cash,Member Transactions,"13,07"
17348,5,23,,,2026-06-19 10:19:52,Income,Cash,Playstation Incomes,"12,42"
17349,2,7,,,2026-06-19 13:26:45,Income,Cash,Computer Incomes,"19,61"
17350,2,24,,,2026-06-19 12:38:27,Income,Cash,Playstation Incomes,"5,23"
17351,3,23,,,2026-06-19 11:45:03,Income,Cash,Playstation Incomes,"10,13"
17352,3,24,,,2026-06-19 18:21:51,Income,Cash,Playstation Incomes,"31,05"
17353,2,9,,,2026-06-19 15:17:23,Income,Cash,Computer Incomes,"30,73"
17354,5,13,,20.0,2026-06-19 15:22:32,Income,Credit Card,Member Transactions,"25,17"
17355,5,1,,58.0,2026-06-20 19:13:03,Income,Cash,Member Transactions,"7,91"
17356,3,6,,,2026-06-20 09:36:58,Income,Cash,Computer Incomes,"17,12"
17357,5,10,21.0,,2026-06-20 14:36:43,Income,Cash,Order Incomes,"9,60"
17358,5,13,,,2026-06-20 09:38:53,Income,Cash,Computer Incomes,"12,99"
17359,4,12,,,2026-06-20 19:57:50,Income,Cash,Computer Incomes,"15,81"
17360,4,23,,,2026-06-20 16:50:50,Income,Cash,Playstation Incomes,"6,78"
17361,5,4,,,2026-06-20 18:35:47,Income,Cash,Computer Incomes,"14,68"
17362,1,13,,,2026-06-20 19:15:46,Income,Cash,Computer Incomes,"16,56"
17363,4,5,,,2026-06-20 23:43:11,Income,Cash,Computer Incomes,"16,18"
17364,4,4,,,2026-06-20 15:41:49,Income,Cash,Computer Incomes,"7,53"
17365,4,16,47.0,,2026-06-20 20:46:56,Income,Cash,Order Incomes,"18,44"
17366,1,24,,,2026-06-20 21:56:39,Income,Cash,Playstation Incomes,"13,93"
17367,3,11,,,2026-06-20 20:47:51,Income,Cash,Computer Incomes,"16,56"
17368,3,16,,,2026-06-20 13:32:02,Income,Cash,Computer Incomes,"13,36"
17369,4,10,,,2026-06-20 17:53:20,Income,Cash,Computer Incomes,"18,82"
17370,4,5,20.0,,2026-06-20 12:41:40,Income,Cash,Order Incomes,"12,23"
17371,5,11,,,2026-06-20 23:04:16,Income,Cash,Computer Incomes,"9,60"
17372,3,15,,,2026-06-20 22:57:09,Income,Cash,Computer Incomes,"15,99"
17373,3,23,,,2026-06-20 18:49:16,Income,Cash,Playstation Incomes,"7,33"
17374,1,15,,,2026-06-20 22:36:38,Income,Cash,Computer Incomes,"11,47"
17375,2,24,,,2026-06-20 14:09:41,Income,Cash,Playstation Incomes,"18,24"
17376,5,5,,,2026-06-20 21:22:37,Income,Cash,Computer Incomes,"13,54"
17377,2,23,,,2026-06-20 10:29:55,Income,Cash,Playstation Incomes,"6,58"
17378,3,3,,,2026-06-20 10:15:57,Income,Cash,Computer Incomes,"11,28"
17379,4,24,,,2026-06-20 19:03:43,Income,Cash,Playstation Incomes,"16,93"
17380,3,14,,,2026-06-20 13:58:08,Income,Cash,Computer Incomes,"7,52"
17381,3,4,1.0,,2026-06-20 12:23:08,Income,Credit Card,Order Incomes,"8,46"
17382,4,5,,,2026-06-20 17:50:07,Income,Cash,Computer Incomes,"7,14"
17383,3,11,,53.0,2026-06-20 09:04:03,Income,Credit Card,Member Transactions,"6,20"
17384,5,3,,,2026-06-20 17:09:05,Income,Cash,Computer Incomes,"12,98"
17385,5,1,,,2026-06-20 10:33:55,Income,Cash,Computer Incomes,"15,23"
17386,1,13,,,2026-06-20 18:18:54,Income,Cash,Computer Incomes,"12,41"
17387,5,14,27.0,,2026-06-20 12:17:35,Income,Cash,Order Incomes,"8,46"
17388,3,16,,,2026-06-20 14:24:00,Income,Credit Card,Computer Incomes,"10,72"
17389,2,12,,,2026-06-20 21:03:04,Income,Cash,Computer Incomes,"3,76"
17390,2,23,,,2026-06-20 10:50:55,Income,Cash,Playstation Incomes,"13,35"
17391,5,13,18.0,,2026-06-20 12:27:48,Income,Cash,Order Incomes,"8,08"
17392,1,16,,,2026-06-21 19:47:18,Income,Credit Card,Computer Incomes,"20,19"
17393,3,13,,,2026-06-21 09:36:53,Income,Cash,Computer Incomes,"22,80"
17394,1,13,,,2026-06-21 14:15:21,Income,Cash,Computer Incomes,"36,63"
17395,4,12,,,2026-06-21 09:48:20,Income,Cash,Computer Incomes,"36,63"
17396,3,9,,,2026-06-21 14:43:46,Income,Cash,Computer Incomes,"9,35"
17397,1,8,,,2026-06-21 20:35:53,Income,Cash,Computer Incomes,"11,22"
17398,4,9,,,2026-06-21 19:39:14,Income,Cash,Computer Incomes,"33,27"
17399,4,3,,,2026-06-21 18:28:29,Income,Cash,Computer Incomes,"18,32"
17400,4,13,,,2026-06-21 13:55:11,Income,Cash,Computer Incomes,"26,90"
17401,1,24,,,2026-06-21 14:02:18,Income,Credit Card,Playstation Incomes,"28,03"
17402,1,23,,,2026-06-21 19:55:17,Income,Cash,Playstation Incomes,"31,76"
17403,1,24,,,2026-06-21 15:37:01,Income,Cash,Playstation Incomes,"6,35"
17404,2,15,,,2026-06-21 14:06:57,Income,Cash,Computer Incomes,"5,97"
17405,2,8,,,2026-06-21 14:25:59,Income,Cash,Computer Incomes,"24,66"
17406,1,23,,,2026-06-22 09:21:35,Income,Cash,Playstation Incomes,"3,01"
17407,1,24,,,2026-06-22 19:54:40,Income,Cash,Playstation Incomes,"13,74"
17408,2,11,,,2026-06-22 22:19:59,Income,Cash,Computer Incomes,"11,74"
17409,3,11,,,2026-06-22 11:48:23,Income,Cash,Computer Incomes,"7,59"
17410,1,23,,,2026-06-22 20:33:46,Income,Cash,Playstation Incomes,"11,31"
17411,3,14,,37.0,2026-06-22 18:24:19,Income,Credit Card,Member Transactions,"12,16"
17412,3,12,,,2026-06-22 20:23:42,Income,Cash,Computer Incomes,"6,87"
17413,2,1,,,2026-06-22 11:09:57,Income,Cash,Computer Incomes,"6,30"
17414,4,7,27.0,,2026-06-22 14:21:33,Income,Credit Card,Order Incomes,"10,44"
17415,5,8,,,2026-06-22 21:23:10,Income,Cash,Computer Incomes,"10,72"
17416,5,10,,,2026-06-22 17:38:18,Income,Cash,Computer Incomes,"7,29"
17417,1,14,,,2026-06-22 15:17:00,Income,Cash,Computer Incomes,"13,01"
17418,3,1,,,2026-06-22 13:02:18,Income,Cash,Computer Incomes,"11,44"
17419,5,5,2.0,,2026-06-22 15:27:58,Income,Cash,Order Incomes,"7,00"
17420,2,4,,,2026-06-22 14:13:39,Income,Cash,Computer Incomes,"14,16"
17421,4,15,,,2026-06-22 16:43:13,Income,Cash,Computer Incomes,"8,86"
17422,4,1,,,2026-06-23 19:51:31,Income,Credit Card,Computer Incomes,"6,98"
17423,4,1,,,2026-06-23 10:19:35,Income,Cash,Computer Incomes,"4,15"
17424,2,3,15.0,,2026-06-23 21:18:29,Income,Cash,Order Incomes,"9,59"
17425,5,4,,,2026-06-23 14:32:13,Income,Cash,Computer Incomes,"10,90"
17426,1,3,,,2026-06-23 10:15:33,Income,Cash,Computer Incomes,"4,36"
17427,4,2,,,2026-06-23 17:21:50,Income,Cash,Computer Incomes,"17,00"
17428,2,2,,,2026-06-23 13:55:10,Income,Cash,Computer Incomes,"4,58"
17429,3,7,,,2026-06-23 13:53:02,Income,Cash,Computer Incomes,"11,77"
17430,3,15,,,2026-06-23 18:32:01,Income,Cash,Computer Incomes,"2,40"
17431,5,5,8.0,,2026-06-23 13:19:55,Income,Cash,Order Incomes,"10,47"
17432,2,3,,,2026-06-23 22:50:56,Income,Credit Card,Computer Incomes,"8,50"
17433,4,5,,,2026-06-23 23:02:19,Income,Cash,Computer Incomes,"7,63"
17434,3,6,24.0,,2026-06-23 22:08:37,Income,Cash,Order Incomes,"11,55"
17435,3,3,,,2026-06-23 15:27:47,Income,Cash,Computer Incomes,"4,35"
17436,5,24,,,2026-06-23 16:13:32,Income,Cash,Playstation Incomes,"12,85"
17437,2,11,,,2026-06-23 09:28:20,Income,Credit Card,Computer Incomes,"15,69"
17438,2,14,29.0,,2026-06-23 13:52:15,Income,Cash,Order Incomes,"14,60"
17439,4,16,,,2026-06-23 21:55:30,Income,Cash,Computer Incomes,"18,30"
17440,4,12,17.0,,2026-06-23 09:20:04,Income,Cash,Order Incomes,"13,72"
17441,5,23,,,2026-06-23 17:28:47,Income,Cash,Playstation Incomes,"2,61"
17442,2,11,,,2026-06-23 17:24:02,Income,Cash,Computer Incomes,"18,52"
17443,4,8,,,2026-06-23 20:29:23,Income,Cash,Computer Incomes,"17,21"
17444,4,13,,,2026-06-24 19:54:00,Income,Cash,Computer Incomes,"11,61"
17445,5,24,,,2026-06-24 10:27:08,Income,Cash,Playstation Incomes,"4,79"
17446,5,4,22.0,,2026-06-24 20:12:59,Income,Cash,Order Incomes,"16,77"
17447,1,3,,,2026-06-24 10:01:20,Income,Credit Card,Computer Incomes,"17,14"
17448,2,13,,,2026-06-24 20:15:59,Income,Cash,Computer Incomes,"3,32"
17449,4,10,,,2026-06-24 09:36:40,Income,Cash,Computer Incomes,"11,43"
17450,5,1,,,2026-06-24 09:15:45,Income,Cash,Computer Incomes,"8,11"
17451,5,3,,,2026-06-24 09:20:00,Income,Cash,Computer Incomes,"14,19"
17452,1,6,,,2026-06-24 17:50:12,Income,Credit Card,Computer Incomes,"16,77"
17453,1,12,,,2026-06-24 10:07:27,Income,Cash,Computer Incomes,"4,42"
17454,4,16,,11.0,2026-06-24 17:21:09,Income,Cash,Member Transactions,"4,60"
17455,3,23,,,2026-06-24 10:14:50,Income,Cash,Playstation Incomes,"10,68"
17456,4,2,43.0,,2026-06-24 15:42:51,Income,Credit Card,Order Incomes,"16,57"
17457,5,14,,35.0,2026-06-24 11:04:30,Income,Cash,Member Transactions,"12,34"
17458,1,1,,,2026-06-24 20:22:06,Income,Cash,Computer Incomes,"2,02"
17459,3,5,,4.0,2026-06-24 18:58:27,Income,Cash,Member Transactions,"9,94"
17460,1,2,,,2026-06-24 22:52:09,Income,Cash,Computer Incomes,"9,57"
17461,2,24,,,2026-06-24 22:11:01,Income,Cash,Playstation Incomes,"8,28"
17462,4,23,,,2026-06-24 15:35:47,Income,Cash,Playstation Incomes,"3,13"
17463,5,24,,,2026-06-24 17:45:35,Income,Cash,Playstation Incomes,"11,23"
17464,4,23,,,2026-06-24 23:14:57,Income,Cash,Playstation Incomes,"14,73"
17465,1,13,,,2026-06-25 23:52:07,Income,Credit Card,Computer Incomes,"2,91"
17466,1,3,,12.0,2026-06-25 18:13:34,Income,Cash,Member Transactions,"25,54"
17467,2,15,,,2026-06-25 17:45:28,Income,Cash,Computer Incomes,"14,51"
17468,3,1,,,2026-06-25 22:38:27,Income,Cash,Computer Incomes,"22,06"
17469,1,9,,,2026-06-25 09:15:40,Income,Cash,Computer Incomes,"12,48"
17470,2,14,,,2026-06-25 15:51:47,Income,Cash,Computer Incomes,"26,12"
17471,2,4,41.0,,2026-06-25 13:30:39,Income,Cash,Order Incomes,"22,93"
17472,3,15,39.0,,2026-06-25 09:35:55,Income,Cash,Order Incomes,"27,57"
17473,2,6,,,2026-06-25 15:56:11,Income,Cash,Computer Incomes,"13,63"
17474,3,5,,,2026-06-25 14:44:15,Income,Cash,Computer Incomes,"6,96"
17475,3,24,,,2026-06-25 21:41:37,Income,Cash,Playstation Incomes,"24,95"
17476,2,3,,,2026-06-25 21:33:08,Income,Cash,Computer Incomes,"26,11"
17477,1,15,,,2026-06-25 10:06:57,Income,Cash,Computer Incomes,"24,08"
17478,5,23,,,2026-06-25 21:49:09,Income,Cash,Playstation Incomes,"14,21"
17479,3,7,,,2026-06-25 21:20:40,Income,Cash,Computer Incomes,"15,66"
17480,2,3,,,2026-06-25 12:41:29,Income,Cash,Computer Incomes,"16,24"
17481,5,13,,,2026-06-25 09:48:16,Income,Cash,Computer Incomes,"10,73"
17482,4,24,,,2026-06-25 13:31:45,Income,Cash,Playstation Incomes,"27,56"
17483,2,23,,,2026-06-25 14:24:45,Income,Cash,Playstation Incomes,"4,06"
17484,5,24,,,2026-06-26 15:53:46,Income,Cash,Playstation Incomes,"14,20"
17485,4,10,,,2026-06-26 09:06:12,Income,Cash,Computer Incomes,"11,95"
17486,2,23,,,2026-06-26 16:08:07,Income,Cash,Playstation Incomes,"5,64"
17487,2,4,,,2026-06-26 22:00:32,Income,Cash,Computer Incomes,"6,54"
17488,4,5,,,2026-06-26 13:44:02,Income,Cash,Computer Incomes,"9,24"
17489,1,9,,,2026-06-26 12:37:46,Income,Cash,Computer Incomes,"13,97"
17490,4,4,,,2026-06-26 17:33:42,Income,Cash,Computer Incomes,"16,45"
17491,4,14,,,2026-06-26 22:34:28,Income,Cash,Computer Incomes,"8,34"
17492,1,9,27.0,,2026-06-26 11:49:09,Income,Cash,Order Incomes,"14,20"
17493,1,15,,,2026-06-26 20:28:02,Income,Cash,Computer Incomes,"11,95"
17494,4,2,,,2026-06-26 22:43:22,Income,Credit Card,Computer Incomes,"3,16"
17495,2,2,,,2026-06-26 16:06:22,Income,Cash,Computer Incomes,"11,27"
17496,3,4,,63.0,2026-06-26 14:07:14,Income,Cash,Member Transactions,"10,37"
17497,3,24,,,2026-06-26 16:36:56,Income,Cash,Playstation Incomes,"19,83"
17498,5,7,,,2026-06-26 22:24:37,Income,Cash,Computer Incomes,"13,07"
17499,1,23,,,2026-06-26 09:37:55,Income,Cash,Playstation Incomes,"8,11"
17500,4,15,,,2026-06-26 15:28:54,Income,Cash,Computer Incomes,"10,36"
17501,5,24,,,2026-06-26 09:54:54,Income,Cash,Playstation Incomes,"13,06"
17502,4,7,,,2026-06-26 20:26:35,Income,Cash,Computer Incomes,"5,85"
17503,2,6,,,2026-06-26 15:26:24,Income,Credit Card,Computer Incomes,"22,30"
17504,2,11,,,2026-06-26 12:32:22,Income,Credit Card,Computer Incomes,"11,26"
17505,3,23,,,2026-06-26 23:15:07,Income,Cash,Playstation Incomes,"10,36"
17506,3,24,,,2026-06-26 21:36:43,Income,Cash,Playstation Incomes,"13,96"
17507,3,2,,,2026-06-26 22:34:08,Income,Cash,Computer Incomes,"15,09"
17508,1,8,,,2026-06-26 21:28:00,Income,Cash,Computer Incomes,"11,26"
17509,4,3,,,2026-06-26 14:49:29,Income,Cash,Computer Incomes,"4,50"
17510,5,5,,,2026-06-26 15:46:23,Income,Cash,Computer Incomes,"5,40"
17511,3,7,,20.0,2026-06-26 17:21:12,Income,Credit Card,Member Transactions,"2,47"
17512,3,1,,,2026-06-26 15:08:52,Income,Cash,Computer Incomes,"14,41"
17513,2,23,,,2026-06-26 16:58:23,Income,Cash,Playstation Incomes,"15,54"
17514,3,24,,,2026-06-26 23:37:05,Income,Cash,Playstation Incomes,"21,62"
17515,2,23,,,2026-06-27 12:37:39,Income,Credit Card,Playstation Incomes,"9,71"
17516,3,10,,,2026-06-27 12:06:30,Income,Cash,Computer Incomes,"14,22"
17517,1,6,,,2026-06-27 21:10:14,Income,Cash,Computer Incomes,"2,71"
17518,3,24,,,2026-06-27 20:11:47,Income,Cash,Playstation Incomes,"7,68"
17519,3,9,,,2026-06-27 19:25:24,Income,Cash,Computer Incomes,"11,51"
17520,1,13,,60.0,2026-06-27 22:23:33,Income,Cash,Member Transactions,"8,58"
17521,3,8,,,2026-06-27 20:44:07,Income,Cash,Computer Incomes,"8,13"
17522,1,23,,,2026-06-27 15:00:56,Income,Cash,Playstation Incomes,"11,29"
17523,3,11,,,2026-06-27 16:40:25,Income,Cash,Computer Incomes,"15,12"
17524,1,8,,,2026-06-27 22:45:06,Income,Cash,Computer Incomes,"16,25"
17525,3,2,,,2026-06-27 16:36:42,Income,Cash,Computer Incomes,"12,64"
17526,1,3,,,2026-06-27 20:35:32,Income,Cash,Computer Incomes,"21,22"
17527,2,24,,,2026-06-27 21:37:55,Income,Cash,Playstation Incomes,"10,38"
17528,2,2,,16.0,2026-06-27 09:11:15,Income,Cash,Member Transactions,"5,65"
17529,5,10,,,2026-06-27 11:53:54,Income,Cash,Computer Incomes,"12,19"
17530,4,2,,,2026-06-27 12:32:14,Income,Cash,Computer Incomes,"14,89"
17531,4,6,,,2026-06-27 10:02:54,Income,Cash,Computer Incomes,"5,41"
17532,1,10,,20.0,2026-06-27 12:56:23,Income,Credit Card,Member Transactions,"5,41"
17533,3,14,,,2026-06-27 14:41:00,Income,Cash,Computer Incomes,"21,21"
17534,2,3,,,2026-06-27 13:34:45,Income,Cash,Computer Incomes,"4,51"
17535,2,9,,,2026-06-27 14:56:11,Income,Credit Card,Computer Incomes,"2,48"
17536,5,15,,,2026-06-27 12:59:00,Income,Cash,Computer Incomes,"3,38"
17537,5,4,,,2026-06-27 10:24:39,Income,Cash,Computer Incomes,"9,70"
17538,4,1,43.0,,2026-06-27 22:04:18,Income,Cash,Order Incomes,"4,51"
17539,2,11,,,2026-06-27 11:48:54,Income,Cash,Computer Incomes,"20,30"
17540,3,10,,,2026-06-27 16:54:19,Income,Cash,Computer Incomes,"10,15"
17541,1,2,,,2026-06-27 16:08:03,Income,Cash,Computer Incomes,"12,18"
17542,2,16,19.0,,2026-06-27 11:06:24,Income,Cash,Order Incomes,"7,67"
17543,5,1,,54.0,2026-06-27 11:36:58,Income,Cash,Member Transactions,"13,08"
17544,3,5,,,2026-06-27 12:40:00,Income,Cash,Computer Incomes,"7,67"
17545,1,23,,,2026-06-27 22:39:39,Income,Credit Card,Playstation Incomes,"17,37"
17546,4,24,,,2026-06-27 22:02:08,Income,Cash,Playstation Incomes,"22,11"
17547,5,23,,,2026-06-27 18:10:40,Income,Cash,Playstation Incomes,"11,50"
17548,2,15,,,2026-06-27 21:14:53,Income,Cash,Computer Incomes,"21,88"
17549,1,10,29.0,,2026-06-28 13:39:06,Income,Cash,Order Incomes,"4,01"
17550,3,24,,,2026-06-28 22:54:10,Income,Cash,Playstation Incomes,"17,52"
17551,5,15,,,2026-06-28 10:58:03,Income,Cash,Computer Incomes,"13,09"
17552,3,2,28.0,,2026-06-28 22:49:31,Income,Cash,Order Incomes,"9,50"
17553,4,5,30.0,,2026-06-28 15:23:51,Income,Cash,Order Incomes,"5,91"
17554,3,23,,,2026-06-28 13:51:47,Income,Cash,Playstation Incomes,"18,15"
17555,3,11,,,2026-06-28 10:18:27,Income,Cash,Computer Incomes,"14,77"
17556,4,24,,,2026-06-28 21:43:44,Income,Cash,Playstation Incomes,"13,72"
17557,4,23,,,2026-06-28 12:21:42,Income,Cash,Playstation Incomes,"10,34"
17558,4,11,,,2026-06-28 09:43:58,Income,Cash,Computer Incomes,"17,72"
17559,3,9,,,2026-06-28 21:38:20,Income,Cash,Computer Incomes,"8,86"
17560,4,14,,,2026-06-28 16:34:24,Income,Cash,Computer Incomes,"4,00"
17561,1,24,,,2026-06-28 16:27:36,Income,Credit Card,Playstation Incomes,"17,72"
17562,5,4,,,2026-06-28 15:05:41,Income,Cash,Computer Incomes,"20,46"
17563,3,2,,,2026-06-28 21:07:02,Income,Cash,Computer Incomes,"21,09"
17564,4,8,,,2026-06-28 15:58:37,Income,Cash,Computer Incomes,"14,55"
17565,2,8,,,2026-06-28 11:04:58,Income,Credit Card,Computer Incomes,"6,32"
17566,4,5,,49.0,2026-06-29 11:59:06,Income,Cash,Member Transactions,"32,34"
17567,5,23,,,2026-06-29 23:18:59,Income,Cash,Playstation Incomes,"3,48"
17568,3,4,,,2026-06-29 15:41:54,Income,Cash,Computer Incomes,"9,74"
17569,4,24,,,2026-06-29 19:49:19,Income,Cash,Playstation Incomes,"20,17"
17570,2,2,,,2026-06-29 10:36:58,Income,Credit Card,Computer Incomes,"12,87"
17571,1,2,,,2026-06-29 16:23:46,Income,Cash,Computer Incomes,"25,74"
17572,2,23,,,2026-06-29 12:37:50,Income,Cash,Playstation Incomes,"32,00"
17573,5,2,,,2026-06-29 21:31:03,Income,Cash,Computer Incomes,"9,74"
17574,1,7,,,2026-06-29 17:51:42,Income,Cash,Computer Incomes,"10,78"
17575,1,24,,,2026-06-29 18:39:12,Income,Cash,Playstation Incomes,"4,53"
17576,5,2,,,2026-06-29 10:58:22,Income,Cash,Computer Incomes,"9,04"
17577,5,1,5.0,,2026-06-29 12:11:36,Income,Cash,Order Incomes,"17,03"
17578,2,11,,,2026-06-29 18:06:21,Income,Cash,Computer Incomes,"21,55"
17579,5,4,7.0,,2026-06-29 19:07:17,Income,Cash,Order Incomes,"7,65"
17580,1,12,,,2026-06-29 11:55:02,Income,Credit Card,Computer Incomes,"13,90"
17581,4,23,,,2026-06-29 10:04:36,Income,Cash,Playstation Incomes,"31,29"
17582,5,5,,,2026-06-29 09:42:55,Income,Cash,Computer Incomes,"23,29"
17583,4,8,,,2026-06-29 09:09:08,Income,Cash,Computer Incomes,"16,69"
17584,3,4,,,2026-06-30 14:23:47,Income,Cash,Computer Incomes,"40,87"
17585,4,6,,,2026-06-30 21:47:11,Income,Cash,Computer Incomes,"31,65"
17586,3,14,,,2026-06-30 10:54:00,Income,Cash,Computer Incomes,"30,33"
17587,3,24,,,2026-06-30 15:56:09,Income,Cash,Playstation Incomes,"36,04"
17588,3,23,,,2026-06-30 18:24:23,Income,Cash,Playstation Incomes,"36,92"
17589,2,15,,,2026-06-30 11:23:04,Income,Cash,Computer Incomes,"7,04"
17590,1,3,30.0,,2026-06-30 19:39:37,Income,Cash,Order Incomes,"25,49"
17591,2,11,,6.0,2026-06-30 16:37:44,Income,Cash,Member Transactions,"37,35"
17592,1,16,13.0,,2026-06-30 13:36:41,Income,Cash,Order Incomes,"32,95"
17593,1,24,,,2026-06-30 22:57:25,Income,Cash,Playstation Incomes,"8,78"
17594,4,5,6.0,,2026-06-30 15:38:10,Income,Cash,Order Incomes,"18,01"
17595,5,11,,,2026-06-30 11:48:26,Income,Cash,Computer Incomes,"21,09"
17596,2,1,,,2026-06-30 22:30:47,Income,Cash,Computer Incomes,"32,08"
17597,4,1,,,2026-06-30 21:06:49,Income,Cash,Computer Incomes,"16,26"
17598,5,16,,,2026-07-01 09:56:30,Income,Cash,Computer Incomes,"32,48"
17599,2,23,,,2026-07-01 10:52:44,Income,Cash,Playstation Incomes,"19,57"
17600,3,24,,,2026-07-01 09:23:03,Income,Cash,Playstation Incomes,"4,43"
17601,4,14,,,2026-07-01 19:35:24,Income,Cash,Computer Incomes,"9,23"
17602,2,9,49.0,,2026-07-01 13:13:01,Income,Cash,Order Incomes,"11,45"
17603,3,5,30.0,,2026-07-01 18:47:40,Income,Cash,Order Incomes,"23,63"
17604,1,8,,,2026-07-01 17:35:45,Income,Cash,Computer Incomes,"29,89"
17605,4,23,,,2026-07-01 11:18:09,Income,Credit Card,Playstation Incomes,"31,00"
17606,2,24,,,2026-07-01 14:55:59,Income,Cash,Playstation Incomes,"35,79"
17607,3,8,,,2026-07-01 09:35:42,Income,Credit Card,Computer Incomes,"20,29"
17608,3,23,,,2026-07-01 21:50:16,Income,Cash,Playstation Incomes,"11,44"
17609,3,24,,,2026-07-01 14:45:20,Income,Cash,Playstation Incomes,"29,52"
17610,2,8,15.0,,2026-07-01 16:44:06,Income,Cash,Order Incomes,"23,25"
17611,3,23,,,2026-07-01 20:50:02,Income,Credit Card,Playstation Incomes,"30,26"
17612,4,24,,,2026-07-02 09:27:26,Income,Cash,Playstation Incomes,"4,93"
17613,2,9,,,2026-07-02 22:59:49,Income,Cash,Computer Incomes,"12,71"
17614,4,11,,,2026-07-02 12:39:27,Income,Cash,Computer Incomes,"11,12"
17615,2,2,,,2026-07-02 13:42:52,Income,Cash,Computer Incomes,"13,50"
17616,2,2,,,2026-07-02 19:45:51,Income,Cash,Computer Incomes,"4,45"
17617,4,14,,,2026-07-02 19:55:04,Income,Cash,Computer Incomes,"3,50"
17618,2,12,18.0,,2026-07-02 17:58:22,Income,Cash,Order Incomes,"6,99"
17619,3,14,4.0,,2026-07-02 09:20:39,Income,Cash,Order Incomes,"4,45"
17620,4,9,,,2026-07-02 21:01:57,Income,Credit Card,Computer Incomes,"10,80"
17621,5,23,,,2026-07-02 12:52:47,Income,Cash,Playstation Incomes,"2,86"
17622,3,7,32.0,,2026-07-02 12:15:31,Income,Cash,Order Incomes,"1,58"
17623,3,15,,,2026-07-02 21:34:18,Income,Cash,Computer Incomes,"11,43"
17624,3,24,,,2026-07-02 20:00:05,Income,Cash,Playstation Incomes,"14,44"
17625,5,7,,,2026-07-02 19:20:35,Income,Cash,Computer Incomes,"10,16"
17626,5,15,,,2026-07-02 21:52:29,Income,Cash,Computer Incomes,"13,33"
17627,5,14,25.0,,2026-07-02 10:49:08,Income,Cash,Order Incomes,"15,71"
17628,2,23,,,2026-07-02 11:28:22,Income,Cash,Playstation Incomes,"8,09"
17629,4,24,,,2026-07-02 23:10:51,Income,Cash,Playstation Incomes,"9,04"
17630,3,7,,,2026-07-02 20:31:36,Income,Credit Card,Computer Incomes,"1,58"
17631,4,23,,,2026-07-02 15:39:37,Income,Credit Card,Playstation Incomes,"12,38"
17632,3,2,,,2026-07-02 15:27:20,Income,Cash,Computer Incomes,"8,57"
17633,5,24,,,2026-07-02 10:02:06,Income,Cash,Playstation Incomes,"7,93"
17634,2,23,,,2026-07-03 18:09:35,Income,Cash,Playstation Incomes,"12,33"
17635,2,24,,,2026-07-03 18:49:07,Income,Cash,Playstation Incomes,"20,90"
17636,3,13,,,2026-07-03 10:49:16,Income,Cash,Computer Incomes,"19,02"
17637,4,8,4.0,,2026-07-03 09:30:47,Income,Cash,Order Incomes,"2,09"
17638,4,23,,,2026-07-03 16:30:05,Income,Credit Card,Playstation Incomes,"11,08"
17639,2,13,,,2026-07-03 16:28:17,Income,Cash,Computer Incomes,"7,73"
17640,5,14,,27.0,2026-07-03 22:58:22,Income,Cash,Member Transactions,"4,81"
17641,5,12,,,2026-07-03 21:02:09,Income,Cash,Computer Incomes,"19,22"
17642,3,1,,,2026-07-03 23:40:20,Income,Cash,Computer Incomes,"14,42"
17643,2,13,,,2026-07-03 16:03:27,Income,Cash,Computer Incomes,"12,96"
17644,2,14,,,2026-07-03 19:02:25,Income,Cash,Computer Incomes,"8,57"
17645,2,16,,43.0,2026-07-03 17:28:19,Income,Cash,Member Transactions,"6,48"
17646,1,24,,,2026-07-03 10:37:54,Income,Credit Card,Playstation Incomes,"9,20"
17647,1,16,14.0,,2026-07-03 23:24:34,Income,Cash,Order Incomes,"15,05"
17648,1,9,,,2026-07-03 14:03:26,Income,Cash,Computer Incomes,"12,12"
17649,1,10,,,2026-07-03 12:14:25,Income,Cash,Computer Incomes,"13,36"
17650,1,23,,,2026-07-03 15:39:48,Income,Cash,Playstation Incomes,"10,02"
17651,3,7,16.0,,2026-07-03 20:02:38,Income,Cash,Order Incomes,"19,01"
17652,3,5,,,2026-07-03 13:11:41,Income,Cash,Computer Incomes,"4,17"
17653,5,16,,,2026-07-03 23:26:13,Income,Cash,Computer Incomes,"4,80"
17654,4,24,,,2026-07-03 21:03:50,Income,Cash,Playstation Incomes,"8,98"
17655,5,23,,,2026-07-03 09:59:28,Income,Cash,Playstation Incomes,"4,38"
17656,5,14,,,2026-07-03 20:13:17,Income,Cash,Computer Incomes,"20,26"
17657,2,13,,,2026-07-03 19:00:07,Income,Cash,Computer Incomes,"9,40"
17658,4,24,,,2026-07-03 17:58:19,Income,Cash,Playstation Incomes,"14,20"
17659,2,1,,51.0,2026-07-03 09:39:16,Income,Cash,Member Transactions,"14,83"
17660,3,12,,,2026-07-03 12:41:40,Income,Cash,Computer Incomes,"16,92"
17661,2,5,,,2026-07-03 20:51:44,Income,Cash,Computer Incomes,"9,19"
17662,3,9,,,2026-07-03 20:04:35,Income,Cash,Computer Incomes,"10,65"
17663,5,23,,,2026-07-03 13:55:45,Income,Cash,Playstation Incomes,"10,65"
17664,4,3,,,2026-07-03 14:16:38,Income,Cash,Computer Incomes,"2,29"
17665,5,12,,43.0,2026-07-03 19:35:56,Income,Cash,Member Transactions,"2,08"
17666,2,12,11.0,,2026-07-03 10:49:16,Income,Cash,Order Incomes,"13,99"
17667,2,3,,,2026-07-04 19:02:20,Income,Cash,Computer Incomes,"11,06"
17668,1,10,,,2026-07-04 13:29:16,Income,Credit Card,Computer Incomes,"12,93"
17669,1,2,48.0,,2026-07-04 19:48:36,Income,Cash,Order Incomes,"9,80"
17670,4,12,,,2026-07-04 19:07:42,Income,Cash,Computer Incomes,"12,52"
17671,5,12,48.0,,2026-07-04 20:06:22,Income,Cash,Order Incomes,"7,30"
17672,3,13,,,2026-07-04 10:17:51,Income,Cash,Computer Incomes,"3,13"
17673,3,16,44.0,,2026-07-04 11:57:06,Income,Cash,Order Incomes,"19,40"
17674,4,1,24.0,,2026-07-04 15:21:54,Income,Cash,Order Incomes,"4,59"
17675,2,24,,,2026-07-04 14:19:55,Income,Cash,Playstation Incomes,"19,40"
17676,5,4,,,2026-07-04 11:42:49,Income,Cash,Computer Incomes,"5,01"
17677,2,10,,,2026-07-04 18:24:35,Income,Cash,Computer Incomes,"16,69"
17678,3,23,,,2026-07-04 14:05:45,Income,Cash,Playstation Incomes,"5,43"
17679,2,10,,,2026-07-04 09:36:51,Income,Cash,Computer Incomes,"18,35"
17680,2,24,,,2026-07-04 23:45:29,Income,Cash,Playstation Incomes,"18,76"
17681,2,23,,,2026-07-04 12:20:51,Income,Cash,Playstation Incomes,"13,76"
17682,3,6,,,2026-07-04 12:27:13,Income,Credit Card,Computer Incomes,"10,42"
17683,5,2,,,2026-07-04 10:55:17,Income,Credit Card,Computer Incomes,"10,84"
17684,4,24,,,2026-07-04 21:40:34,Income,Cash,Playstation Incomes,"17,72"
17685,4,11,,,2026-07-04 09:57:46,Income,Cash,Computer Incomes,"17,51"
17686,3,13,,,2026-07-04 11:11:50,Income,Cash,Computer Incomes,"13,13"
17687,4,13,,,2026-07-04 17:37:08,Income,Cash,Computer Incomes,"6,25"
17688,2,15,37.0,,2026-07-04 11:18:40,Income,Credit Card,Order Incomes,"3,75"
17689,1,23,,,2026-07-04 11:27:07,Income,Cash,Playstation Incomes,"5,83"
17690,3,1,,,2026-07-04 19:19:43,Income,Cash,Computer Incomes,"7,29"
17691,5,24,,,2026-07-04 19:23:23,Income,Cash,Playstation Incomes,"8,34"
17692,5,6,,,2026-07-04 18:04:08,Income,Cash,Computer Incomes,"5,00"
17693,3,13,,,2026-07-04 22:32:51,Income,Cash,Computer Incomes,"7,71"
17694,5,6,,,2026-07-04 17:44:03,Income,Cash,Computer Incomes,"12,92"
17695,1,12,,,2026-07-04 23:11:47,Income,Cash,Computer Incomes,"16,05"
17696,1,8,,,2026-07-04 12:01:18,Income,Credit Card,Computer Incomes,"5,42"
17697,5,23,,,2026-07-04 18:38:40,Income,Cash,Playstation Incomes,"16,05"
17698,5,5,,41.0,2026-07-05 13:27:03,Income,Cash,Member Transactions,"18,07"
17699,3,1,39.0,,2026-07-05 21:09:50,Income,Cash,Order Incomes,"21,19"
17700,4,15,16.0,,2026-07-05 14:21:08,Income,Cash,Order Incomes,"31,27"
17701,2,5,,28.0,2026-07-05 23:38:44,Income,Cash,Member Transactions,"32,31"
17702,1,7,,,2026-07-05 11:17:32,Income,Cash,Computer Incomes,"7,99"
17703,4,11,,,2026-07-05 14:43:52,Income,Cash,Computer Incomes,"13,55"
17704,4,2,,,2026-07-05 20:41:59,Income,Cash,Computer Incomes,"17,37"
17705,5,1,39.0,,2026-07-05 21:07:44,Income,Cash,Order Incomes,"18,07"
17706,5,9,,,2026-07-05 10:36:40,Income,Credit Card,Computer Incomes,"29,52"
17707,1,2,,,2026-07-05 21:12:59,Income,Credit Card,Computer Incomes,"15,63"
17708,4,9,,,2026-07-05 15:38:21,Income,Cash,Computer Incomes,"14,24"
17709,2,15,,,2026-07-05 10:23:10,Income,Cash,Computer Incomes,"26,74"
17710,5,2,,,2026-07-05 21:15:04,Income,Credit Card,Computer Incomes,"7,98"
17711,4,9,,9.0,2026-07-05 14:01:46,Income,Credit Card,Member Transactions,"20,84"
17712,2,9,,,2026-07-05 23:46:11,Income,Cash,Computer Incomes,"32,30"
17713,2,4,,,2026-07-06 10:02:51,Income,Credit Card,Computer Incomes,"4,45"
17714,2,24,,,2026-07-06 22:09:00,Income,Cash,Playstation Incomes,"9,63"
17715,5,10,,,2026-07-06 11:52:35,Income,Cash,Computer Incomes,"17,29"
17716,2,23,,,2026-07-06 15:12:56,Income,Cash,Playstation Incomes,"13,34"
17717,2,15,,,2026-07-06 17:13:34,Income,Cash,Computer Incomes,"14,08"
17718,2,1,,,2026-07-06 14:46:07,Income,Cash,Computer Incomes,"11,11"
17719,4,3,,,2026-07-06 18:31:53,Income,Cash,Computer Incomes,"20,50"
17720,5,2,,,2026-07-06 22:19:14,Income,Cash,Computer Incomes,"2,47"
17721,2,13,,,2026-07-06 14:15:45,Income,Credit Card,Computer Incomes,"11,36"
17722,4,24,,,2026-07-06 14:05:38,Income,Cash,Playstation Incomes,"16,55"
17723,4,23,,,2026-07-06 18:21:22,Income,Cash,Playstation Incomes,"4,93"
17724,3,24,,,2026-07-06 12:05:05,Income,Cash,Playstation Incomes,"3,70"
17725,3,12,12.0,,2026-07-06 19:25:51,Income,Cash,Order Incomes,"17,28"
17726,1,9,,,2026-07-06 11:38:18,Income,Cash,Computer Incomes,"19,00"
17727,5,1,,,2026-07-06 17:39:42,Income,Cash,Computer Incomes,"8,39"
17728,3,9,,,2026-07-06 10:29:47,Income,Credit Card,Computer Incomes,"23,94"
17729,5,4,,,2026-07-06 15:51:07,Income,Cash,Computer Incomes,"3,70"
17730,5,15,39.0,,2026-07-06 14:33:27,Income,Cash,Order Incomes,"24,68"
17731,5,13,,,2026-07-06 21:13:08,Income,Credit Card,Computer Incomes,"22,95"
17732,4,1,,,2026-07-06 11:29:22,Income,Cash,Computer Incomes,"16,04"
17733,2,14,,,2026-07-06 10:12:14,Income,Cash,Computer Incomes,"18,51"
17734,5,5,,,2026-07-06 20:54:47,Income,Cash,Computer Incomes,"21,97"
17735,5,1,,,2026-07-07 14:16:37,Income,Credit Card,Computer Incomes,"13,54"
17736,2,13,,,2026-07-07 10:34:20,Income,Cash,Computer Incomes,"7,42"
17737,3,1,,,2026-07-07 22:41:59,Income,Cash,Computer Incomes,"27,39"
17738,5,15,,,2026-07-07 18:45:07,Income,Credit Card,Computer Incomes,"11,60"
17739,2,9,48.0,,2026-07-07 14:38:33,Income,Cash,Order Incomes,"9,03"
17740,5,23,,,2026-07-07 23:37:25,Income,Cash,Playstation Incomes,"6,13"
17741,1,2,,,2026-07-07 11:59:45,Income,Credit Card,Computer Incomes,"17,08"
17742,1,24,,,2026-07-07 23:27:58,Income,Credit Card,Playstation Incomes,"8,70"
17743,2,23,,,2026-07-07 11:48:23,Income,Cash,Playstation Incomes,"16,44"
17744,2,12,,51.0,2026-07-07 13:22:56,Income,Cash,Member Transactions,"29,97"
17745,4,8,,,2026-07-07 16:48:00,Income,Cash,Computer Incomes,"27,07"
17746,1,10,39.0,,2026-07-07 23:06:34,Income,Cash,Order Incomes,"29,00"
17747,2,9,21.0,,2026-07-07 16:04:09,Income,Cash,Order Incomes,"28,99"
17748,5,24,,,2026-07-07 10:28:33,Income,Cash,Playstation Incomes,"7,73"
17749,3,2,,,2026-07-07 23:24:46,Income,Cash,Computer Incomes,"6,76"
17750,1,2,,,2026-07-07 17:42:39,Income,Cash,Computer Incomes,"10,31"
17751,5,23,,,2026-07-07 22:07:57,Income,Cash,Playstation Incomes,"14,82"
17752,1,24,,,2026-07-07 09:27:59,Income,Credit Card,Playstation Incomes,"12,24"
17753,3,10,,,2026-07-07 18:52:50,Income,Credit Card,Computer Incomes,"23,52"
17754,1,10,,,2026-07-07 23:48:15,Income,Cash,Computer Incomes,"20,62"
17755,5,23,,,2026-07-07 19:10:31,Income,Credit Card,Playstation Incomes,"14,17"
17756,3,15,,10.0,2026-07-07 13:38:37,Income,Credit Card,Member Transactions,"26,09"
17757,2,6,,,2026-07-08 11:07:56,Income,Credit Card,Computer Incomes,"21,21"
17758,2,1,,,2026-07-08 18:48:45,Income,Cash,Computer Incomes,"18,31"
17759,5,8,,35.0,2026-07-08 19:34:24,Income,Cash,Member Transactions,"4,02"
17760,3,3,,,2026-07-08 13:34:46,Income,Cash,Computer Incomes,"21,43"
17761,3,13,,,2026-07-08 11:43:30,Income,Cash,Computer Incomes,"16,97"
17762,5,24,,,2026-07-08 16:57:21,Income,Credit Card,Playstation Incomes,"5,14"
17763,1,5,,,2026-07-08 17:04:22,Income,Cash,Computer Incomes,"13,84"
17764,4,1,,,2026-07-08 09:41:11,Income,Cash,Computer Incomes,"12,49"
17765,2,1,,39.0,2026-07-08 11:54:04,Income,Cash,Member Transactions,"17,18"
17766,4,13,14.0,,2026-07-08 19:27:58,Income,Cash,Order Incomes,"9,82"
17767,1,16,,62.0,2026-07-08 17:41:02,Income,Cash,Member Transactions,"4,91"
17768,1,8,,62.0,2026-07-08 15:54:49,Income,Credit Card,Member Transactions,"10,26"
17769,2,23,,,2026-07-08 18:34:18,Income,Cash,Playstation Incomes,"19,41"
17770,3,3,,,2026-07-08 11:18:04,Income,Cash,Computer Incomes,"5,57"
17771,3,24,,,2026-07-09 13:44:43,Income,Cash,Playstation Incomes,"2,17"
17772,3,5,24.0,,2026-07-09 22:07:25,Income,Cash,Order Incomes,"17,35"
17773,4,12,,,2026-07-09 23:10:22,Income,Cash,Computer Incomes,"14,75"
17774,1,4,,,2026-07-09 10:52:47,Income,Cash,Computer Incomes,"5,21"
17775,4,10,,,2026-07-09 18:24:02,Income,Cash,Computer Incomes,"3,26"
17776,5,23,,,2026-07-09 22:49:12,Income,Cash,Playstation Incomes,"14,32"
17777,5,6,26.0,,2026-07-09 19:05:14,Income,Cash,Order Incomes,"19,74"
17778,4,24,,,2026-07-09 21:50:16,Income,Cash,Playstation Incomes,"11,71"
17779,5,23,,,2026-07-09 22:20:14,Income,Credit Card,Playstation Incomes,"10,20"
17780,5,24,,,2026-07-09 14:36:27,Income,Cash,Playstation Incomes,"20,59"
17781,1,16,19.0,,2026-07-09 23:51:31,Income,Cash,Order Incomes,"18,86"
17782,2,3,,,2026-07-09 12:19:48,Income,Credit Card,Computer Incomes,"19,51"
17783,2,3,,,2026-07-09 17:09:43,Income,Cash,Computer Incomes,"21,03"
17784,4,9,,,2026-07-09 09:54:26,Income,Cash,Computer Incomes,"21,68"
17785,1,15,,,2026-07-09 20:16:33,Income,Credit Card,Computer Incomes,"14,52"
17786,4,5,,,2026-07-09 13:43:14,Income,Credit Card,Computer Incomes,"11,27"
17787,4,23,,,2026-07-09 16:29:46,Income,Credit Card,Playstation Incomes,"4,33"
17788,3,24,,,2026-07-09 22:12:22,Income,Cash,Playstation Incomes,"9,97"
17789,2,9,,,2026-07-09 16:55:24,Income,Cash,Computer Incomes,"21,46"
17790,5,1,,,2026-07-09 20:54:58,Income,Cash,Computer Incomes,"8,88"
17791,1,10,43.0,,2026-07-10 10:40:46,Income,Cash,Order Incomes,"8,11"
17792,1,23,,,2026-07-10 15:59:37,Income,Cash,Playstation Incomes,"17,84"
17793,2,24,,,2026-07-10 18:49:35,Income,Cash,Playstation Incomes,"2,03"
17794,5,13,,,2026-07-10 13:12:13,Income,Cash,Computer Incomes,"2,23"
17795,2,7,,,2026-07-10 11:29:20,Income,Cash,Computer Incomes,"8,52"
17796,2,7,,,2026-07-10 21:37:15,Income,Cash,Computer Incomes,"6,69"
17797,2,8,,,2026-07-10 18:42:45,Income,Cash,Computer Incomes,"3,86"
17798,1,15,,,2026-07-10 09:54:34,Income,Cash,Computer Incomes,"10,75"
17799,5,23,,,2026-07-10 20:11:13,Income,Cash,Playstation Incomes,"15,01"
17800,3,9,,,2026-07-10 13:38:32,Income,Cash,Computer Incomes,"19,87"
17801,1,10,,20.0,2026-07-10 11:04:28,Income,Cash,Member Transactions,"14,80"
17802,5,24,,,2026-07-10 15:03:22,Income,Cash,Playstation Incomes,"16,42"
17803,5,9,,,2026-07-10 18:50:26,Income,Credit Card,Computer Incomes,"19,26"
17804,4,23,,,2026-07-10 20:49:44,Income,Cash,Playstation Incomes,"9,73"
17805,5,24,,,2026-07-10 09:12:57,Income,Cash,Playstation Incomes,"2,84"
17806,2,1,,,2026-07-10 14:45:14,Income,Cash,Computer Incomes,"9,33"
17807,2,3,,,2026-07-10 10:42:50,Income,Credit Card,Computer Incomes,"5,07"
17808,4,2,,,2026-07-10 18:58:09,Income,Cash,Computer Incomes,"19,26"
17809,1,23,,,2026-07-10 17:51:24,Income,Cash,Playstation Incomes,"15,21"
17810,2,1,,,2026-07-10 12:36:43,Income,Cash,Computer Incomes,"12,57"
17811,2,10,,,2026-07-10 18:56:58,Income,Cash,Computer Incomes,"6,90"
17812,5,24,,,2026-07-10 22:44:37,Income,Cash,Playstation Incomes,"13,99"
17813,4,9,,63.0,2026-07-10 13:20:24,Income,Credit Card,Member Transactions,"11,36"
17814,1,3,,7.0,2026-07-10 15:35:47,Income,Cash,Member Transactions,"7,29"
17815,1,10,,,2026-07-10 20:29:55,Income,Credit Card,Computer Incomes,"9,32"
17816,2,1,,,2026-07-10 10:37:12,Income,Cash,Computer Incomes,"7,50"
17817,4,23,,,2026-07-10 15:50:18,Income,Cash,Playstation Incomes,"2,02"
17818,1,7,,,2026-07-10 15:30:37,Income,Cash,Computer Incomes,"18,85"
17819,4,10,3.0,,2026-07-10 22:26:08,Income,Cash,Order Incomes,"20,27"
17820,2,11,,,2026-07-10 19:04:58,Income,Cash,Computer Incomes,"4,86"
17821,5,24,,,2026-07-10 23:17:16,Income,Cash,Playstation Incomes,"14,39"
17822,2,1,,,2026-07-10 11:18:17,Income,Cash,Computer Incomes,"9,52"
17823,5,1,,,2026-07-10 21:04:09,Income,Cash,Computer Incomes,"9,72"
17824,3,23,,,2026-07-10 13:33:44,Income,Cash,Playstation Incomes,"6,68"
17825,4,10,42.0,,2026-07-10 12:30:40,Income,Credit Card,Order Incomes,"17,02"
17826,1,7,,35.0,2026-07-10 20:03:53,Income,Cash,Member Transactions,"2,22"
17827,3,2,,,2026-07-10 16:08:39,Income,Cash,Computer Incomes,"12,56"
17828,2,11,,,2026-07-10 11:25:31,Income,Cash,Computer Incomes,"11,95"
17829,1,15,,,2026-07-11 09:45:35,Income,Cash,Computer Incomes,"26,30"
17830,1,3,,,2026-07-11 14:35:33,Income,Cash,Computer Incomes,"17,76"
17831,4,14,,,2026-07-11 19:33:51,Income,Cash,Computer Incomes,"33,47"
17832,3,6,3.0,,2026-07-11 23:29:35,Income,Cash,Order Incomes,"26,98"
17833,3,3,26.0,,2026-07-11 19:00:11,Income,Cash,Order Incomes,"17,76"
17834,2,8,,,2026-07-11 20:11:36,Income,Cash,Computer Incomes,"14,35"
17835,3,1,,,2026-07-11 20:32:53,Income,Credit Card,Computer Incomes,"6,15"
17836,3,16,,,2026-07-11 23:00:53,Income,Credit Card,Computer Incomes,"27,32"
17837,1,1,,,2026-07-11 13:02:46,Income,Cash,Computer Incomes,"24,25"
17838,2,16,,,2026-07-11 21:00:39,Income,Credit Card,Computer Incomes,"30,05"
17839,5,11,,,2026-07-11 22:32:00,Income,Cash,Computer Incomes,"23,22"
17840,5,14,,,2026-07-11 14:26:56,Income,Credit Card,Computer Incomes,"32,10"
17841,2,14,,,2026-07-11 20:50:37,Income,Cash,Computer Incomes,"26,98"
17842,1,4,,,2026-07-11 20:51:41,Income,Cash,Computer Incomes,"27,65"
17843,3,24,,,2026-07-11 13:08:41,Income,Cash,Playstation Incomes,"17,41"
17844,4,5,,,2026-07-11 14:16:06,Income,Cash,Computer Incomes,"18,09"
17845,3,11,,,2026-07-11 09:31:59,Income,Cash,Computer Incomes,"4,09"
17846,2,3,,,2026-07-11 15:33:55,Income,Cash,Computer Incomes,"34,14"
17847,4,14,,,2026-07-11 22:27:58,Income,Cash,Computer Incomes,"9,21"
17848,5,3,,,2026-07-11 22:08:20,Income,Credit Card,Computer Incomes,"11,95"
17849,1,23,,,2026-07-11 10:26:19,Income,Cash,Playstation Incomes,"12,97"
17850,2,7,,,2026-07-11 10:51:54,Income,Cash,Computer Incomes,"31,41"
17851,3,24,,,2026-07-11 09:49:21,Income,Cash,Playstation Incomes,"10,58"
17852,5,23,,,2026-07-11 10:41:58,Income,Cash,Playstation Incomes,"19,80"
17853,1,7,,,2026-07-11 09:43:54,Income,Cash,Computer Incomes,"30,38"
17854,1,1,,,2026-07-11 14:34:37,Income,Cash,Computer Incomes,"5,46"
17855,5,13,2.0,,2026-07-11 20:20:57,Income,Cash,Order Incomes,"26,97"
17856,4,1,49.0,,2026-07-11 21:34:08,Income,Cash,Order Incomes,"10,92"
17857,2,24,,,2026-07-12 19:05:54,Income,Cash,Playstation Incomes,"8,58"
17858,1,12,37.0,,2026-07-12 17:39:16,Income,Cash,Order Incomes,"12,51"
17859,2,14,,,2026-07-12 18:45:19,Income,Cash,Computer Incomes,"9,65"
17860,5,11,,,2026-07-12 12:40:47,Income,Cash,Computer Incomes,"3,94"
17861,1,11,39.0,,2026-07-12 18:55:26,Income,Cash,Order Incomes,"14,30"
17862,5,23,,,2026-07-12 14:47:49,Income,Cash,Playstation Incomes,"25,02"
17863,4,24,,,2026-07-12 17:34:41,Income,Cash,Playstation Incomes,"9,30"
17864,3,23,,,2026-07-12 09:09:42,Income,Cash,Playstation Incomes,"13,58"
17865,2,4,,,2026-07-12 15:52:03,Income,Cash,Computer Incomes,"18,93"
17866,3,8,,,2026-07-12 13:22:17,Income,Cash,Computer Incomes,"30,01"
17867,5,2,,,2026-07-12 20:26:52,Income,Cash,Computer Incomes,"22,15"
17868,4,6,,,2026-07-12 21:19:33,Income,Cash,Computer Incomes,"32,15"
17869,5,6,,,2026-07-12 17:11:27,Income,Credit Card,Computer Incomes,"12,14"
17870,1,8,,,2026-07-12 20:33:41,Income,Cash,Computer Incomes,"7,86"
17871,1,24,,,2026-07-12 17:34:35,Income,Cash,Playstation Incomes,"10,00"
17872,1,23,,,2026-07-13 23:19:57,Income,Credit Card,Playstation Incomes,"3,98"
17873,1,11,,,2026-07-13 15:46:25,Income,Cash,Computer Incomes,"9,93"
17874,1,24,,,2026-07-13 21:39:12,Income,Cash,Playstation Incomes,"8,44"
17875,2,15,,,2026-07-13 12:38:36,Income,Cash,Computer Incomes,"19,86"
17876,4,14,22.0,,2026-07-13 21:38:19,Income,Cash,Order Incomes,"18,37"
17877,3,11,19.0,,2026-07-13 20:42:44,Income,Cash,Order Incomes,"13,89"
17878,5,2,,,2026-07-13 12:17:48,Income,Cash,Computer Incomes,"11,66"
17879,4,9,,,2026-07-13 13:04:38,Income,Cash,Computer Incomes,"20,10"
17880,4,12,,,2026-07-13 22:12:44,Income,Credit Card,Computer Incomes,"21,59"
17881,1,23,,,2026-07-13 13:48:13,Income,Cash,Playstation Incomes,"21,59"
17882,1,1,,,2026-07-13 10:11:03,Income,Cash,Computer Incomes,"10,42"
17883,2,3,,,2026-07-13 09:46:15,Income,Cash,Computer Incomes,"9,43"
17884,1,16,,,2026-07-13 23:52:32,Income,Cash,Computer Incomes,"19,85"
17885,5,4,,49.0,2026-07-13 18:38:12,Income,Cash,Member Transactions,"9,67"
17886,4,12,,,2026-07-14 18:19:27,Income,Cash,Computer Incomes,"13,20"
17887,3,8,,,2026-07-14 23:17:22,Income,Cash,Computer Incomes,"9,32"
17888,4,5,,,2026-07-14 11:55:04,Income,Credit Card,Computer Incomes,"4,66"
17889,5,24,,,2026-07-14 10:27:09,Income,Cash,Playstation Incomes,"1,95"
17890,5,12,,,2026-07-14 22:40:23,Income,Cash,Computer Incomes,"13,98"
17891,2,13,,,2026-07-14 21:28:49,Income,Cash,Computer Incomes,"19,02"
17892,2,23,,,2026-07-14 15:53:33,Income,Credit Card,Playstation Incomes,"2,72"
17893,1,5,,,2026-07-14 13:18:08,Income,Credit Card,Computer Incomes,"10,68"
17894,5,11,,,2026-07-14 23:55:32,Income,Credit Card,Computer Incomes,"14,37"
17895,2,24,,,2026-07-14 14:13:44,Income,Cash,Playstation Incomes,"7,57"
17896,4,23,,,2026-07-14 09:22:13,Income,Cash,Playstation Incomes,"9,51"
17897,1,11,,,2026-07-14 15:04:21,Income,Cash,Computer Incomes,"10,67"
17898,2,11,,,2026-07-14 22:09:56,Income,Cash,Computer Incomes,"5,82"
17899,2,10,,,2026-07-14 18:10:52,Income,Cash,Computer Incomes,"16,88"
17900,2,3,,,2026-07-14 09:48:19,Income,Cash,Computer Incomes,"6,98"
17901,2,3,,8.0,2026-07-14 13:48:34,Income,Cash,Member Transactions,"7,76"
17902,2,4,,,2026-07-14 17:04:53,Income,Cash,Computer Incomes,"9,70"
17903,4,5,33.0,,2026-07-14 10:32:22,Income,Cash,Order Incomes,"10,47"
17904,1,15,,,2026-07-14 14:05:43,Income,Cash,Computer Incomes,"14,16"
17905,1,4,6.0,,2026-07-14 14:38:30,Income,Cash,Order Incomes,"17,46"
17906,3,15,,,2026-07-14 22:39:08,Income,Cash,Computer Incomes,"5,62"
17907,5,9,,,2026-07-14 17:06:27,Income,Cash,Computer Incomes,"3,68"
17908,2,10,,,2026-07-14 21:30:26,Income,Cash,Computer Incomes,"5,82"
17909,1,24,,,2026-07-15 11:21:30,Income,Cash,Playstation Incomes,"11,57"
17910,2,6,,,2026-07-15 12:54:39,Income,Credit Card,Computer Incomes,"21,94"
17911,4,23,,,2026-07-15 14:22:45,Income,Cash,Playstation Incomes,"18,98"
17912,3,1,,,2026-07-15 12:25:15,Income,Cash,Computer Incomes,"5,04"
17913,1,6,,,2026-07-15 10:32:07,Income,Cash,Computer Incomes,"6,53"
17914,4,2,,,2026-07-15 09:20:58,Income,Cash,Computer Incomes,"15,72"
17915,2,24,,,2026-07-15 23:50:32,Income,Cash,Playstation Incomes,"18,98"
17916,5,6,,,2026-07-15 11:31:00,Income,Cash,Computer Incomes,"15,12"
17917,3,2,19.0,,2026-07-15 23:29:14,Income,Cash,Order Incomes,"16,90"
17918,3,4,,,2026-07-15 22:19:31,Income,Cash,Computer Incomes,"5,03"
17919,4,9,,,2026-07-15 13:41:22,Income,Credit Card,Computer Incomes,"27,27"
17920,5,8,,,2026-07-15 23:15:27,Income,Cash,Computer Incomes,"6,81"
17921,5,15,16.0,,2026-07-15 14:09:35,Income,Cash,Order Incomes,"13,93"
17922,3,23,,,2026-07-15 11:21:13,Income,Cash,Playstation Incomes,"13,33"
17923,4,16,29.0,,2026-07-15 23:09:17,Income,Cash,Order Incomes,"23,41"
17924,4,12,,,2026-07-15 15:44:28,Income,Cash,Computer Incomes,"13,63"
17925,1,7,32.0,,2026-07-15 23:01:49,Income,Credit Card,Order Incomes,"5,33"
17926,3,14,,,2026-07-16 10:10:52,Income,Cash,Computer Incomes,"3,14"
17927,1,7,,,2026-07-16 23:03:44,Income,Cash,Computer Incomes,"12,54"
17928,2,3,,,2026-07-16 19:19:25,Income,Cash,Computer Incomes,"9,57"
17929,1,4,,,2026-07-16 10:33:50,Income,Cash,Computer Incomes,"11,05"
17930,3,24,,,2026-07-16 20:15:52,Income,Cash,Playstation Incomes,"15,67"
17931,5,23,,,2026-07-16 19:35:25,Income,Cash,Playstation Incomes,"11,55"
17932,1,7,,,2026-07-16 10:05:23,Income,Cash,Computer Incomes,"14,35"
17933,3,24,,,2026-07-16 18:09:41,Income,Cash,Playstation Incomes,"5,78"
17934,1,16,,,2026-07-16 18:44:12,Income,Cash,Computer Incomes,"1,98"
17935,1,5,,63.0,2026-07-16 14:27:14,Income,Cash,Member Transactions,"15,67"
17936,5,23,,,2026-07-16 17:09:21,Income,Credit Card,Playstation Incomes,"2,97"
17937,2,11,,,2026-07-16 16:35:47,Income,Cash,Computer Incomes,"12,21"
17938,1,14,,15.0,2026-07-16 19:24:23,Income,Cash,Member Transactions,"9,72"
17939,5,24,,,2026-07-16 11:25:01,Income,Cash,Playstation Incomes,"4,94"
17940,2,8,,,2026-07-16 18:47:30,Income,Cash,Computer Incomes,"2,30"
17941,2,8,,,2026-07-16 17:50:42,Income,Cash,Computer Incomes,"14,34"
17942,2,4,,,2026-07-16 14:12:06,Income,Cash,Computer Incomes,"12,86"
17943,5,14,,,2026-07-16 20:45:32,Income,Cash,Computer Incomes,"9,89"
17944,5,4,,,2026-07-16 17:42:35,Income,Cash,Computer Incomes,"8,74"
17945,5,6,,,2026-07-16 12:23:06,Income,Cash,Computer Incomes,"5,11"
17946,1,5,,,2026-07-16 20:18:12,Income,Cash,Computer Incomes,"12,03"
17947,4,15,,,2026-07-17 09:34:46,Income,Cash,Computer Incomes,"4,97"
17948,1,14,,9.0,2026-07-17 19:38:12,Income,Cash,Member Transactions,"5,47"
17949,3,10,,,2026-07-17 10:56:41,Income,Cash,Computer Incomes,"4,47"
17950,5,23,,,2026-07-17 19:44:59,Income,Credit Card,Playstation Incomes,"8,44"
17951,3,24,,,2026-07-17 20:38:01,Income,Credit Card,Playstation Incomes,"1,83"
17952,2,23,,,2026-07-17 15:35:04,Income,Credit Card,Playstation Incomes,"7,62"
17953,5,1,,,2026-07-17 13:47:28,Income,Cash,Computer Incomes,"8,61"
17954,1,4,,,2026-07-17 09:21:51,Income,Cash,Computer Incomes,"8,11"
17955,1,1,,,2026-07-17 17:56:50,Income,Cash,Computer Incomes,"12,75"
17956,1,8,,,2026-07-17 20:33:22,Income,Cash,Computer Incomes,"6,46"
17957,1,8,,,2026-07-17 16:00:34,Income,Cash,Computer Incomes,"10,10"
17958,1,2,,,2026-07-17 12:57:58,Income,Cash,Computer Incomes,"15,23"
17959,4,16,,16.0,2026-07-17 17:17:44,Income,Cash,Member Transactions,"1,83"
17960,1,14,,,2026-07-17 11:33:23,Income,Cash,Computer Incomes,"9,44"
17961,2,2,,,2026-07-17 11:02:12,Income,Credit Card,Computer Incomes,"9,43"
17962,1,13,,,2026-07-17 19:41:07,Income,Cash,Computer Incomes,"16,05"
17963,5,10,,,2026-07-17 10:07:05,Income,Cash,Computer Incomes,"10,92"
17964,4,24,,,2026-07-17 17:24:46,Income,Credit Card,Playstation Incomes,"4,63"
17965,1,4,,,2026-07-17 21:08:16,Income,Cash,Computer Incomes,"16,38"
17966,4,3,,12.0,2026-07-17 20:39:55,Income,Cash,Member Transactions,"3,64"
17967,1,7,,,2026-07-17 12:34:11,Income,Cash,Computer Incomes,"5,95"
17968,4,10,,,2026-07-17 19:02:54,Income,Cash,Computer Incomes,"14,39"
17969,3,7,25.0,,2026-07-17 12:54:39,Income,Cash,Order Incomes,"7,61"
17970,4,23,,,2026-07-17 21:24:50,Income,Cash,Playstation Incomes,"2,15"
17971,2,24,,,2026-07-17 19:50:49,Income,Cash,Playstation Incomes,"6,78"
17972,1,4,,,2026-07-17 19:03:49,Income,Cash,Computer Incomes,"14,56"
17973,2,13,,,2026-07-17 09:30:05,Income,Credit Card,Computer Incomes,"5,62"
17974,2,16,,,2026-07-17 09:05:27,Income,Cash,Computer Incomes,"10,92"
17975,2,23,,,2026-07-17 21:10:28,Income,Credit Card,Playstation Incomes,"14,06"
17976,4,11,,,2026-07-17 22:09:44,Income,Cash,Computer Incomes,"4,46"
17977,1,13,,,2026-07-17 17:42:24,Income,Cash,Computer Incomes,"14,72"
17978,5,9,,,2026-07-17 11:41:39,Income,Credit Card,Computer Incomes,"4,13"
17979,2,14,,65.0,2026-07-17 22:21:00,Income,Cash,Member Transactions,"11,41"
17980,3,11,6.0,,2026-07-17 11:24:15,Income,Cash,Order Incomes,"16,21"
17981,4,4,,,2026-07-17 18:03:39,Income,Cash,Computer Incomes,"6,45"
17982,3,10,,,2026-07-17 10:57:57,Income,Cash,Computer Incomes,"12,40"
17983,4,16,45.0,,2026-07-17 15:13:18,Income,Cash,Order Incomes,"11,58"
17984,3,5,,,2026-07-17 12:47:20,Income,Credit Card,Computer Incomes,"5,79"
17985,4,10,,,2026-07-17 12:33:52,Income,Credit Card,Computer Incomes,"3,97"
17986,2,11,,,2026-07-17 22:09:48,Income,Cash,Computer Incomes,"12,90"
17987,5,2,,,2026-07-18 16:08:47,Income,Cash,Computer Incomes,"8,86"
17988,4,24,,,2026-07-18 22:04:32,Income,Cash,Playstation Incomes,"13,62"
17989,3,1,,,2026-07-18 14:05:32,Income,Cash,Computer Incomes,"6,59"
17990,5,2,,,2026-07-18 11:04:33,Income,Cash,Computer Incomes,"22,70"
17991,5,1,,,2026-07-18 10:44:48,Income,Cash,Computer Incomes,"17,48"
17992,5,11,,,2026-07-18 21:31:30,Income,Cash,Computer Incomes,"4,09"
17993,1,5,,,2026-07-18 21:00:48,Income,Cash,Computer Incomes,"6,59"
17994,3,2,20.0,,2026-07-18 12:12:08,Income,Cash,Order Incomes,"8,63"
17995,1,16,30.0,,2026-07-18 17:48:41,Income,Cash,Order Incomes,"12,49"
17996,4,13,,,2026-07-18 23:33:29,Income,Cash,Computer Incomes,"10,67"
17997,4,23,,,2026-07-18 23:47:27,Income,Cash,Playstation Incomes,"7,27"
17998,2,12,12.0,,2026-07-18 17:08:03,Income,Cash,Order Incomes,"13,17"
17999,4,24,,,2026-07-18 09:30:02,Income,Cash,Playstation Incomes,"5,45"
18000,2,2,16.0,,2026-07-18 13:17:31,Income,Cash,Order Incomes,"5,68"
18001,3,23,,,2026-07-18 21:52:03,Income,Cash,Playstation Incomes,"9,76"
18002,5,12,,,2026-07-18 11:06:36,Income,Credit Card,Computer Incomes,"17,25"
18003,5,15,,,2026-07-18 15:22:28,Income,Cash,Computer Incomes,"20,66"
18004,1,24,,,2026-07-18 21:16:03,Income,Cash,Playstation Incomes,"21,34"
18005,4,11,,,2026-07-18 16:15:12,Income,Credit Card,Computer Incomes,"7,49"
18006,4,15,8.0,,2026-07-18 15:24:34,Income,Cash,Order Incomes,"19,97"
18007,3,10,,,2026-07-18 17:15:51,Income,Cash,Computer Incomes,"14,07"
18008,1,15,31.0,,2026-07-18 18:10:26,Income,Cash,Order Incomes,"10,21"
18009,5,15,,,2026-07-18 18:51:51,Income,Cash,Computer Incomes,"6,12"
18010,4,1,,,2026-07-18 10:56:29,Income,Cash,Computer Incomes,"11,12"
18011,3,11,,,2026-07-18 11:20:55,Income,Credit Card,Computer Incomes,"4,08"
18012,5,8,,,2026-07-18 23:04:02,Income,Cash,Computer Incomes,"13,39"
18013,1,23,,,2026-07-18 21:22:49,Income,Cash,Playstation Incomes,"15,20"
18014,3,2,,,2026-07-18 15:37:06,Income,Cash,Computer Incomes,"2,95"
18015,4,14,41.0,,2026-07-18 20:02:47,Income,Cash,Order Incomes,"19,51"
18016,5,4,12.0,,2026-07-18 23:35:51,Income,Cash,Order Incomes,"2,26"
18017,4,6,,,2026-07-18 17:21:06,Income,Cash,Computer Incomes,"22,01"
18018,4,24,,,2026-07-18 18:53:41,Income,Cash,Playstation Incomes,"2,49"
18019,3,23,,,2026-07-18 22:31:25,Income,Cash,Playstation Incomes,"22,69"
18020,1,1,,,2026-07-18 20:13:21,Income,Cash,Computer Incomes,"3,17"
18021,3,8,,,2026-07-18 23:36:53,Income,Credit Card,Computer Incomes,"22,01"
18022,4,11,22.0,,2026-07-18 17:22:17,Income,Cash,Order Incomes,"19,29"
18023,1,10,,,2026-07-18 18:51:42,Income,Cash,Computer Incomes,"3,40"
18024,5,15,,,2026-07-18 21:02:56,Income,Cash,Computer Incomes,"9,53"
18025,1,8,,,2026-07-18 17:49:47,Income,Cash,Computer Incomes,"22,69"
18026,2,8,4.0,,2026-07-18 13:57:23,Income,Cash,Order Incomes,"14,52"
18027,1,11,,,2026-07-19 21:38:57,Income,Cash,Computer Incomes,"2,77"
18028,5,24,,,2026-07-19 20:47:01,Income,Cash,Playstation Incomes,"9,29"
18029,3,2,,42.0,2026-07-19 16:20:33,Income,Credit Card,Member Transactions,"9,09"
18030,2,4,,,2026-07-19 10:30:11,Income,Cash,Computer Incomes,"14,23"
18031,1,10,49.0,,2026-07-19 22:14:45,Income,Cash,Order Incomes,"18,38"
18032,4,4,,,2026-07-19 11:32:12,Income,Cash,Computer Incomes,"17,98"
18033,1,23,,,2026-07-19 12:00:38,Income,Cash,Playstation Incomes,"5,73"
18034,2,14,,,2026-07-19 15:54:00,Income,Cash,Computer Incomes,"9,88"
18035,1,13,,,2026-07-19 15:42:46,Income,Cash,Computer Incomes,"13,04"
18036,2,24,,,2026-07-19 14:44:55,Income,Cash,Playstation Incomes,"10,66"
18037,3,13,,,2026-07-19 23:48:38,Income,Cash,Computer Incomes,"2,76"
18038,5,12,2.0,,2026-07-19 21:10:10,Income,Cash,Order Incomes,"11,45"
18039,1,1,,,2026-07-19 21:28:03,Income,Cash,Computer Incomes,"3,35"
18040,1,6,,,2026-07-19 19:18:53,Income,Cash,Computer Incomes,"2,37"
18041,3,12,,,2026-07-19 19:01:56,Income,Cash,Computer Incomes,"13,23"
18042,5,5,,,2026-07-19 11:35:10,Income,Cash,Computer Incomes,"6,71"
18043,5,5,3.0,,2026-07-19 22:52:07,Income,Cash,Order Incomes,"9,48"
18044,4,4,,,2026-07-20 11:08:13,Income,Cash,Computer Incomes,"20,14"
18045,4,1,,,2026-07-20 15:27:16,Income,Cash,Computer Incomes,"15,04"
18046,3,12,22.0,,2026-07-20 16:04:50,Income,Cash,Order Incomes,"13,35"
18047,1,6,12.0,,2026-07-20 22:09:49,Income,Cash,Order Incomes,"23,05"
18048,4,15,,,2026-07-20 23:38:54,Income,Credit Card,Computer Incomes,"22,32"
18049,5,2,,,2026-07-20 15:54:14,Income,Cash,Computer Incomes,"14,56"
18050,4,5,,11.0,2026-07-20 15:53:40,Income,Cash,Member Transactions,"3,64"
18051,1,9,5.0,,2026-07-20 20:33:02,Income,Cash,Order Incomes,"23,78"
18052,1,5,,,2026-07-20 22:20:58,Income,Cash,Computer Incomes,"15,29"
18053,5,1,,,2026-07-20 23:35:00,Income,Cash,Computer Incomes,"20,87"
18054,2,23,,,2026-07-20 23:00:17,Income,Cash,Playstation Incomes,"13,10"
18055,1,2,,,2026-07-20 11:54:57,Income,Cash,Computer Incomes,"10,68"
18056,2,24,,,2026-07-20 21:59:01,Income,Cash,Playstation Incomes,"12,86"
18057,4,6,,3.0,2026-07-20 13:30:02,Income,Cash,Member Transactions,"17,95"
18058,2,7,,,2026-07-20 11:57:56,Income,Cash,Computer Incomes,"21,58"
18059,3,3,,,2026-07-20 21:33:42,Income,Cash,Computer Incomes,"10,91"
18060,3,23,,,2026-07-20 12:59:21,Income,Cash,Playstation Incomes,"22,07"
18061,3,9,29.0,,2026-07-20 09:53:14,Income,Cash,Order Incomes,"20,61"
18062,3,9,,,2026-07-20 18:22:39,Income,Cash,Computer Incomes,"19,16"
18063,5,6,,,2026-07-20 18:45:47,Income,Cash,Computer Incomes,"14,06"
18064,3,11,,,2026-07-20 10:35:45,Income,Cash,Computer Incomes,"6,54"
18065,5,10,,43.0,2026-07-20 21:35:06,Income,Credit Card,Member Transactions,"9,94"
18066,1,24,,,2026-07-20 16:26:00,Income,Credit Card,Playstation Incomes,"17,46"
18067,2,5,,,2026-07-21 21:08:12,Income,Cash,Computer Incomes,"7,19"
18068,3,15,,,2026-07-21 13:12:18,Income,Cash,Computer Incomes,"4,52"
18069,3,15,25.0,,2026-07-21 22:54:34,Income,Cash,Order Incomes,"3,51"
18070,1,3,,,2026-07-21 23:57:51,Income,Cash,Computer Incomes,"12,37"
18071,1,3,,,2026-07-21 12:41:56,Income,Cash,Computer Incomes,"4,35"
18072,5,6,,7.0,2026-07-21 09:48:26,Income,Cash,Member Transactions,"13,87"
18073,2,16,,,2026-07-21 09:44:25,Income,Cash,Computer Incomes,"2,01"
18074,5,13,,,2026-07-21 15:45:21,Income,Cash,Computer Incomes,"13,87"
18075,4,12,,,2026-07-21 23:14:50,Income,Cash,Computer Incomes,"11,03"
18076,3,11,,,2026-07-21 12:34:50,Income,Credit Card,Computer Incomes,"6,52"
18077,1,2,,,2026-07-21 09:24:04,Income,Cash,Computer Incomes,"3,18"
18078,5,23,,,2026-07-21 20:07:31,Income,Cash,Playstation Incomes,"15,87"
18079,1,11,,,2026-07-21 22:09:36,Income,Cash,Computer Incomes,"5,18"
18080,1,5,,,2026-07-21 19:05:51,Income,Cash,Computer Incomes,"14,70"
18081,2,24,,,2026-07-21 12:31:46,Income,Cash,Playstation Incomes,"2,00"
18082,2,2,,,2026-07-21 23:18:55,Income,Cash,Computer Incomes,"11,19"
18083,1,10,,,2026-07-21 14:56:20,Income,Cash,Computer Incomes,"12,69"
18084,3,7,,,2026-07-21 13:19:09,Income,Cash,Computer Incomes,"4,01"
18085,3,23,,,2026-07-21 15:59:32,Income,Cash,Playstation Incomes,"6,85"
18086,1,8,19.0,,2026-07-21 09:01:14,Income,Cash,Order Incomes,"1,67"
18087,5,16,,,2026-07-21 19:06:37,Income,Cash,Computer Incomes,"6,18"
18088,1,24,,,2026-07-21 11:07:35,Income,Credit Card,Playstation Incomes,"15,20"
18089,2,3,,,2026-07-22 13:25:37,Income,Cash,Computer Incomes,"13,96"
18090,2,23,,,2026-07-22 23:08:50,Income,Credit Card,Playstation Incomes,"5,47"
18091,4,5,,,2026-07-22 09:52:04,Income,Cash,Computer Incomes,"11,13"
18092,2,14,,,2026-07-22 19:34:02,Income,Cash,Computer Incomes,"16,59"
18093,5,2,,,2026-07-22 22:28:05,Income,Cash,Computer Incomes,"14,77"
18094,5,4,,60.0,2026-07-22 16:03:38,Income,Cash,Member Transactions,"14,57"
18095,4,13,,,2026-07-22 09:24:58,Income,Cash,Computer Incomes,"14,37"
18096,4,16,,,2026-07-22 09:00:47,Income,Cash,Computer Incomes,"2,43"
18097,2,15,,,2026-07-22 20:54:23,Income,Cash,Computer Incomes,"19,02"
18098,4,24,,,2026-07-22 10:09:46,Income,Cash,Playstation Incomes,"16,99"
18099,2,11,,,2026-07-22 10:04:41,Income,Cash,Computer Incomes,"18,60"
18100,4,23,,,2026-07-22 22:45:01,Income,Cash,Playstation Incomes,"6,47"
18101,3,12,,,2026-07-22 17:13:25,Income,Cash,Computer Incomes,"17,19"
18102,1,8,2.0,,2026-07-22 12:02:28,Income,Cash,Order Incomes,"4,44"
18103,4,14,,,2026-07-22 13:57:31,Income,Credit Card,Computer Incomes,"4,24"
18104,3,12,,,2026-07-22 12:18:08,Income,Cash,Computer Incomes,"16,78"
18105,3,7,32.0,,2026-07-22 14:10:26,Income,Cash,Order Incomes,"10,11"
18106,4,13,26.0,,2026-07-22 12:01:32,Income,Cash,Order Incomes,"5,86"
18107,4,4,,,2026-07-23 16:04:19,Income,Cash,Computer Incomes,"11,11"
18108,1,12,,,2026-07-23 14:00:00,Income,Cash,Computer Incomes,"12,70"
18109,2,13,27.0,,2026-07-23 18:24:25,Income,Cash,Order Incomes,"22,62"
18110,4,10,,,2026-07-23 15:54:35,Income,Cash,Computer Incomes,"25,40"
18111,5,24,,,2026-07-23 11:29:35,Income,Cash,Playstation Incomes,"23,81"
18112,1,10,22.0,,2026-07-23 13:12:37,Income,Cash,Order Incomes,"15,88"
18113,5,11,,,2026-07-23 18:54:10,Income,Credit Card,Computer Incomes,"35,71"
18114,4,14,,,2026-07-23 23:35:46,Income,Cash,Computer Incomes,"21,83"
18115,1,16,,,2026-07-23 19:54:51,Income,Cash,Computer Incomes,"30,94"
18116,1,1,,,2026-07-23 19:05:45,Income,Cash,Computer Incomes,"38,88"
18117,5,13,,,2026-07-23 09:09:13,Income,Cash,Computer Incomes,"33,72"
18118,3,14,46.0,,2026-07-23 22:03:57,Income,Cash,Order Incomes,"26,18"
18119,3,8,,,2026-07-23 16:41:08,Income,Cash,Computer Incomes,"36,50"
18120,5,23,,,2026-07-23 18:21:48,Income,Cash,Playstation Incomes,"16,26"
18121,1,9,,,2026-07-24 18:16:29,Income,Cash,Computer Incomes,"14,10"
18122,4,1,24.0,,2026-07-24 23:57:54,Income,Cash,Order Incomes,"5,85"
18123,1,7,,,2026-07-24 21:01:15,Income,Cash,Computer Incomes,"8,25"
18124,4,9,,,2026-07-24 10:17:15,Income,Cash,Computer Incomes,"16,22"
18125,5,1,9.0,,2026-07-24 11:22:37,Income,Cash,Order Incomes,"16,49"
18126,3,6,,,2026-07-24 09:43:43,Income,Cash,Computer Incomes,"9,31"
18127,1,2,,,2026-07-24 20:31:31,Income,Cash,Computer Incomes,"15,16"
18128,5,3,,,2026-07-24 15:40:20,Income,Cash,Computer Incomes,"4,26"
18129,1,8,,,2026-07-24 13:10:44,Income,Cash,Computer Incomes,"15,43"
18130,2,5,,,2026-07-24 19:42:32,Income,Cash,Computer Incomes,"21,28"
18131,1,24,,,2026-07-24 10:48:55,Income,Cash,Playstation Incomes,"15,96"
18132,5,23,,,2026-07-24 10:06:52,Income,Cash,Playstation Incomes,"22,61"
18133,2,3,,,2026-07-24 15:59:45,Income,Cash,Computer Incomes,"15,69"
18134,4,24,,,2026-07-24 21:03:40,Income,Credit Card,Playstation Incomes,"10,38"
18135,5,11,,,2026-07-24 11:46:17,Income,Credit Card,Computer Incomes,"11,97"
18136,2,6,,,2026-07-24 15:26:25,Income,Cash,Computer Incomes,"5,32"
18137,1,1,,,2026-07-24 09:13:56,Income,Cash,Computer Incomes,"12,50"
18138,4,4,,,2026-07-24 14:19:31,Income,Cash,Computer Incomes,"3,73"
18139,2,6,15.0,,2026-07-24 19:47:41,Income,Cash,Order Incomes,"5,58"
18140,2,6,,,2026-07-24 21:10:53,Income,Cash,Computer Incomes,"10,90"
18141,2,6,,,2026-07-24 20:21:54,Income,Cash,Computer Incomes,"10,10"
18142,5,1,32.0,,2026-07-24 10:18:15,Income,Cash,Order Incomes,"25,26"
18143,3,6,,65.0,2026-07-24 13:09:35,Income,Cash,Member Transactions,"10,63"
18144,5,11,3.0,,2026-07-24 10:44:06,Income,Cash,Order Incomes,"22,06"
18145,3,23,,,2026-07-24 14:32:43,Income,Cash,Playstation Incomes,"12,76"
18146,5,24,,,2026-07-24 11:49:40,Income,Cash,Playstation Incomes,"10,10"
18147,5,14,,,2026-07-24 14:03:03,Income,Cash,Computer Incomes,"23,93"
18148,4,23,,,2026-07-24 15:38:29,Income,Credit Card,Playstation Incomes,"3,45"
18149,2,9,,,2026-07-24 14:19:35,Income,Cash,Computer Incomes,"19,94"
18150,5,5,,,2026-07-24 19:37:28,Income,Credit Card,Computer Incomes,"23,66"
18151,1,3,,,2026-07-24 22:56:21,Income,Cash,Computer Incomes,"22,33"
18152,4,8,4.0,,2026-07-24 09:47:50,Income,Cash,Order Incomes,"6,64"
18153,4,6,,,2026-07-24 10:42:40,Income,Cash,Computer Incomes,"9,57"
18154,3,24,,,2026-07-24 11:43:59,Income,Credit Card,Playstation Incomes,"24,99"
18155,2,23,,,2026-07-24 10:09:42,Income,Cash,Playstation Incomes,"7,97"
18156,3,10,,,2026-07-24 21:18:47,Income,Cash,Computer Incomes,"7,44"
18157,1,15,,,2026-07-24 20:12:29,Income,Cash,Computer Incomes,"5,58"
18158,3,24,,,2026-07-24 17:07:43,Income,Cash,Playstation Incomes,"24,99"
18159,1,2,,,2026-07-24 23:51:46,Income,Cash,Computer Incomes,"26,32"
18160,4,3,5.0,,2026-07-25 09:07:32,Income,Cash,Order Incomes,"20,00"
18161,4,13,,53.0,2026-07-25 23:03:31,Income,Cash,Member Transactions,"18,46"
18162,5,4,,,2026-07-25 20:17:40,Income,Cash,Computer Incomes,"5,06"
18163,5,16,,38.0,2026-07-25 23:36:19,Income,Cash,Member Transactions,"15,60"
18164,4,4,,,2026-07-25 12:16:11,Income,Cash,Computer Incomes,"4,84"
18165,1,6,,,2026-07-25 18:16:34,Income,Credit Card,Computer Incomes,"7,69"
18166,2,1,,,2026-07-25 17:00:13,Income,Cash,Computer Incomes,"18,46"
18167,2,1,,,2026-07-25 14:56:29,Income,Cash,Computer Incomes,"8,57"
18168,1,8,,,2026-07-25 09:06:40,Income,Credit Card,Computer Incomes,"17,14"
18169,2,5,,,2026-07-25 20:53:51,Income,Cash,Computer Incomes,"16,70"
18170,5,23,,,2026-07-25 21:57:48,Income,Cash,Playstation Incomes,"20,87"
18171,5,24,,,2026-07-25 17:20:10,Income,Cash,Playstation Incomes,"20,43"
18172,5,12,,,2026-07-25 11:24:01,Income,Cash,Computer Incomes,"2,86"
18173,2,13,,,2026-07-25 19:50:07,Income,Cash,Computer Incomes,"10,33"
18174,3,23,,,2026-07-25 10:20:28,Income,Cash,Playstation Incomes,"20,65"
18175,1,24,,,2026-07-25 22:14:08,Income,Cash,Playstation Incomes,"4,40"
18176,4,23,,,2026-07-25 23:12:41,Income,Cash,Playstation Incomes,"9,44"
18177,2,6,,,2026-07-25 13:58:33,Income,Cash,Computer Incomes,"11,64"
18178,4,12,,,2026-07-25 15:18:37,Income,Cash,Computer Incomes,"4,83"
18179,4,24,,,2026-07-25 23:43:06,Income,Credit Card,Playstation Incomes,"13,18"
18180,5,2,16.0,,2026-07-25 17:51:10,Income,Cash,Order Incomes,"10,54"
18181,4,9,,,2026-07-25 18:31:43,Income,Cash,Computer Incomes,"9,44"
18182,4,23,,,2026-07-25 20:37:23,Income,Cash,Playstation Incomes,"12,52"
18183,2,13,,,2026-07-25 10:32:35,Income,Cash,Computer Incomes,"10,76"
18184,5,4,25.0,,2026-07-25 17:13:56,Income,Credit Card,Order Incomes,"16,03"
18185,5,10,,,2026-07-25 17:43:37,Income,Cash,Computer Incomes,"7,02"
18186,3,6,,,2026-07-25 11:41:59,Income,Cash,Computer Incomes,"11,86"
18187,1,24,,,2026-07-25 11:44:53,Income,Cash,Playstation Incomes,"12,52"
18188,4,10,,,2026-07-25 10:06:49,Income,Cash,Computer Incomes,"18,23"
18189,1,23,,,2026-07-25 11:58:18,Income,Cash,Playstation Incomes,"12,96"
18190,1,9,,,2026-07-25 15:30:22,Income,Cash,Computer Incomes,"13,40"
18191,3,24,,,2026-07-25 11:26:13,Income,Cash,Playstation Incomes,"5,93"
18192,4,16,47.0,,2026-07-25 10:18:05,Income,Cash,Order Incomes,"12,52"
18193,2,23,,,2026-07-25 18:33:33,Income,Cash,Playstation Incomes,"17,79"
18194,2,6,,,2026-07-25 11:08:21,Income,Credit Card,Computer Incomes,"17,57"
18195,2,4,,37.0,2026-07-25 22:42:41,Income,Cash,Member Transactions,"18,45"
18196,3,8,,,2026-07-25 14:56:05,Income,Credit Card,Computer Incomes,"21,08"
18197,1,7,44.0,,2026-07-26 20:32:37,Income,Cash,Order Incomes,"11,02"
18198,1,7,,,2026-07-26 16:50:33,Income,Cash,Computer Incomes,"22,83"
18199,3,24,,,2026-07-26 21:18:44,Income,Cash,Playstation Incomes,"16,01"
18200,1,1,,,2026-07-26 09:45:09,Income,Cash,Computer Incomes,"21,52"
18201,1,8,13.0,,2026-07-26 10:45:05,Income,Cash,Order Incomes,"9,19"
18202,4,23,,,2026-07-26 19:51:26,Income,Cash,Playstation Incomes,"11,02"
18203,1,10,,,2026-07-26 13:59:38,Income,Cash,Computer Incomes,"18,89"
18204,4,4,,,2026-07-26 09:39:23,Income,Cash,Computer Incomes,"16,53"
18205,3,24,,,2026-07-26 13:17:04,Income,Cash,Playstation Incomes,"11,81"
18206,1,23,,,2026-07-26 12:16:05,Income,Credit Card,Playstation Incomes,"13,37"
18207,2,4,,,2026-07-26 10:23:48,Income,Credit Card,Computer Incomes,"23,08"
18208,5,24,,,2026-07-26 18:44:44,Income,Credit Card,Playstation Incomes,"25,97"
18209,1,8,,,2026-07-26 17:20:34,Income,Cash,Computer Incomes,"6,03"
18210,1,5,,,2026-07-26 17:41:36,Income,Cash,Computer Incomes,"8,13"
18211,3,12,19.0,,2026-07-26 15:29:49,Income,Cash,Order Incomes,"24,39"
18212,4,13,40.0,,2026-07-26 11:49:33,Income,Cash,Order Incomes,"9,44"
18213,3,23,,,2026-07-27 17:15:22,Income,Cash,Playstation Incomes,"5,21"
18214,2,2,,,2026-07-27 16:14:05,Income,Cash,Computer Incomes,"13,18"
18215,1,1,,59.0,2026-07-27 17:11:02,Income,Cash,Member Transactions,"12,57"
18216,3,10,,,2026-07-27 12:32:46,Income,Cash,Computer Incomes,"20,54"
18217,4,10,15.0,,2026-07-27 11:02:20,Income,Cash,Order Incomes,"20,23"
18218,2,24,,,2026-07-27 11:43:12,Income,Cash,Playstation Incomes,"19,92"
18219,5,13,,,2026-07-27 15:58:05,Income,Cash,Computer Incomes,"11,96"
18220,4,7,38.0,,2026-07-27 17:31:25,Income,Cash,Order Incomes,"6,13"
18221,3,9,,,2026-07-27 12:59:12,Income,Cash,Computer Incomes,"18,39"
18222,4,23,,,2026-07-27 13:53:38,Income,Cash,Playstation Incomes,"20,54"
18223,5,6,,,2026-07-27 13:22:18,Income,Credit Card,Computer Incomes,"5,83"
18224,4,24,,,2026-07-27 17:40:11,Income,Cash,Playstation Incomes,"17,46"
18225,3,1,38.0,,2026-07-27 20:23:25,Income,Cash,Order Incomes,"27,58"
18226,3,23,,,2026-07-27 16:18:40,Income,Cash,Playstation Incomes,"29,41"
18227,5,12,,,2026-07-27 21:01:15,Income,Cash,Computer Incomes,"23,90"
18228,5,6,,,2026-07-27 16:19:58,Income,Cash,Computer Incomes,"16,24"
18229,3,24,,,2026-07-27 11:19:59,Income,Cash,Playstation Incomes,"11,95"
18230,2,9,,,2026-07-27 23:56:17,Income,Cash,Computer Incomes,"13,17"
18231,1,23,,,2026-07-27 19:26:34,Income,Cash,Playstation Incomes,"26,96"
18232,1,2,44.0,,2026-07-27 13:10:13,Income,Cash,Order Incomes,"26,66"
18233,5,10,,,2026-07-27 16:12:50,Income,Cash,Computer Incomes,"20,83"
18234,5,24,,,2026-07-28 21:42:45,Income,Credit Card,Playstation Incomes,"8,10"
18235,4,4,,,2026-07-28 18:06:17,Income,Cash,Computer Incomes,"1,97"
18236,5,1,,14.0,2026-07-28 18:48:57,Income,Cash,Member Transactions,"1,54"
18237,4,23,,,2026-07-28 20:51:15,Income,Credit Card,Playstation Incomes,"10,07"
18238,2,9,14.0,,2026-07-28 20:32:02,Income,Cash,Order Incomes,"3,29"
18239,5,24,,,2026-07-28 19:19:29,Income,Cash,Playstation Incomes,"10,07"
18240,2,16,,,2026-07-28 13:08:57,Income,Cash,Computer Incomes,"10,72"
18241,5,11,,,2026-07-28 12:55:37,Income,Credit Card,Computer Incomes,"9,74"
18242,3,23,,,2026-07-28 21:08:09,Income,Cash,Playstation Incomes,"10,72"
18243,3,2,34.0,,2026-07-28 21:47:10,Income,Cash,Order Incomes,"10,07"
18244,2,10,,,2026-07-28 21:13:37,Income,Cash,Computer Incomes,"10,72"
18245,2,15,,,2026-07-28 21:55:14,Income,Credit Card,Computer Incomes,"10,50"
18246,2,4,,,2026-07-28 23:05:28,Income,Cash,Computer Incomes,"3,60"
18247,2,14,,,2026-07-28 20:21:32,Income,Cash,Computer Incomes,"2,95"
18248,4,1,,,2026-07-28 16:33:08,Income,Cash,Computer Incomes,"2,62"
18249,5,24,,,2026-07-28 20:14:00,Income,Credit Card,Playstation Incomes,"10,39"
18250,1,23,,,2026-07-28 21:50:09,Income,Cash,Playstation Incomes,"2,73"
18251,5,10,,,2026-07-28 14:37:03,Income,Cash,Computer Incomes,"9,40"
18252,3,13,,,2026-07-28 23:29:27,Income,Cash,Computer Incomes,"10,39"
18253,5,13,,,2026-07-28 09:38:30,Income,Cash,Computer Incomes,"4,37"
18254,5,10,,,2026-07-28 15:12:53,Income,Credit Card,Computer Incomes,"7,76"
18255,2,4,,,2026-07-28 18:09:57,Income,Credit Card,Computer Incomes,"1,31"
18256,5,16,,,2026-07-28 10:18:53,Income,Credit Card,Computer Incomes,"9,18"
18257,1,2,,,2026-07-29 18:53:04,Income,Cash,Computer Incomes,"7,32"
18258,2,2,,51.0,2026-07-29 10:03:11,Income,Cash,Member Transactions,"23,47"
18259,1,14,,,2026-07-29 23:19:18,Income,Cash,Computer Incomes,"9,45"
18260,1,8,31.0,,2026-07-29 13:41:04,Income,Cash,Order Incomes,"10,37"
18261,3,7,,,2026-07-29 17:41:40,Income,Cash,Computer Incomes,"17,68"
18262,4,4,,,2026-07-29 09:22:44,Income,Cash,Computer Incomes,"7,93"
18263,4,16,,,2026-07-29 16:31:56,Income,Cash,Computer Incomes,"15,24"
18264,3,11,,,2026-07-29 12:43:24,Income,Cash,Computer Incomes,"25,29"
18265,4,24,,,2026-07-29 17:28:28,Income,Cash,Playstation Incomes,"20,11"
18266,3,9,,,2026-07-29 13:21:51,Income,Cash,Computer Incomes,"19,50"
18267,3,9,,,2026-07-29 15:14:28,Income,Cash,Computer Incomes,"26,81"
18268,5,5,,,2026-07-29 17:55:29,Income,Credit Card,Computer Incomes,"26,51"
18269,2,23,,,2026-07-29 23:50:17,Income,Cash,Playstation Incomes,"19,50"
18270,4,24,,,2026-07-29 11:44:20,Income,Cash,Playstation Incomes,"25,90"
18271,3,8,,,2026-07-29 17:34:28,Income,Cash,Computer Incomes,"26,81"
18272,5,14,,,2026-07-29 12:24:00,Income,Cash,Computer Incomes,"22,24"
18273,1,10,,,2026-07-29 23:57:47,Income,Cash,Computer Incomes,"27,72"
18274,4,13,,,2026-07-29 18:02:23,Income,Cash,Computer Incomes,"16,15"
18275,2,6,,,2026-07-29 16:51:21,Income,Cash,Computer Incomes,"26,81"
18276,2,13,,,2026-07-30 09:00:01,Income,Credit Card,Computer Incomes,"15,38"
18277,1,4,4.0,,2026-07-30 12:20:39,Income,Credit Card,Order Incomes,"14,56"
18278,1,12,,,2026-07-30 11:07:33,Income,Cash,Computer Incomes,"3,64"
18279,1,7,,,2026-07-30 11:25:44,Income,Cash,Computer Incomes,"9,60"
18280,2,6,,,2026-07-30 18:00:53,Income,Cash,Computer Incomes,"7,78"
18281,5,14,,,2026-07-30 16:11:16,Income,Cash,Computer Incomes,"7,12"
18282,3,6,,,2026-07-30 21:27:12,Income,Cash,Computer Incomes,"9,27"
18283,5,23,,,2026-07-30 21:43:04,Income,Cash,Playstation Incomes,"16,38"
18284,1,24,,,2026-07-30 18:23:32,Income,Cash,Playstation Incomes,"4,47"
18285,5,23,,,2026-07-30 17:39:45,Income,Cash,Playstation Incomes,"1,82"
18286,3,14,,,2026-07-30 15:11:05,Income,Cash,Computer Incomes,"4,46"
18287,5,4,,,2026-07-30 12:29:40,Income,Cash,Computer Incomes,"12,40"
18288,3,2,,,2026-07-30 22:25:52,Income,Cash,Computer Incomes,"2,81"
18289,4,24,,,2026-07-30 14:19:41,Income,Cash,Playstation Incomes,"9,59"
18290,5,11,,,2026-07-30 10:39:23,Income,Cash,Computer Incomes,"15,37"
18291,2,23,,,2026-07-30 15:05:37,Income,Cash,Playstation Incomes,"12,89"
18292,2,24,,,2026-07-30 20:39:47,Income,Cash,Playstation Incomes,"10,08"
18293,4,15,,,2026-07-30 19:09:28,Income,Cash,Computer Incomes,"5,45"
18294,2,2,46.0,,2026-07-30 19:58:43,Income,Cash,Order Incomes,"9,92"
18295,1,23,,,2026-07-30 11:15:08,Income,Credit Card,Playstation Incomes,"16,37"
18296,5,24,,,2026-07-30 09:31:42,Income,Credit Card,Playstation Incomes,"13,06"
18297,2,5,35.0,,2026-07-31 11:41:46,Income,Cash,Order Incomes,"29,45"
18298,4,13,,,2026-07-31 15:52:31,Income,Cash,Computer Incomes,"4,26"
18299,3,23,,,2026-07-31 13:44:13,Income,Cash,Playstation Incomes,"12,15"
18300,5,12,,,2026-07-31 15:41:24,Income,Cash,Computer Incomes,"30,06"
18301,5,24,,,2026-07-31 16:46:39,Income,Cash,Playstation Incomes,"28,54"
18302,2,5,,,2026-07-31 10:31:02,Income,Cash,Computer Incomes,"3,95"
18303,3,11,,,2026-07-31 14:30:17,Income,Cash,Computer Incomes,"3,95"
18304,4,5,,,2026-07-31 14:52:10,Income,Cash,Computer Incomes,"5,47"
18305,1,6,,38.0,2026-07-31 23:09:31,Income,Cash,Member Transactions,"3,95"
18306,3,8,,,2026-07-31 18:44:51,Income,Cash,Computer Incomes,"25,51"
18307,1,3,,,2026-07-31 10:15:52,Income,Cash,Computer Incomes,"13,06"
18308,2,5,,59.0,2026-07-31 16:14:30,Income,Cash,Member Transactions,"4,56"
18309,4,9,,,2026-07-31 09:23:53,Income,Cash,Computer Incomes,"3,65"
18310,5,12,,,2026-07-31 12:41:46,Income,Cash,Computer Incomes,"24,29"
18311,2,8,,39.0,2026-07-31 09:22:01,Income,Cash,Member Transactions,"26,72"
18312,1,5,,48.0,2026-07-31 19:27:37,Income,Cash,Member Transactions,"21,25"
18313,4,9,,,2026-07-31 22:11:10,Income,Cash,Computer Incomes,"6,37"
18314,2,6,,,2026-07-31 11:22:49,Income,Cash,Computer Incomes,"14,87"
18315,5,23,,,2026-07-31 23:34:39,Income,Cash,Playstation Incomes,"8,80"
18316,3,13,,,2026-07-31 22:49:34,Income,Cash,Computer Incomes,"3,64"
18317,1,24,,,2026-07-31 09:35:24,Income,Cash,Playstation Incomes,"17,00"
18318,5,7,,,2026-07-31 17:33:17,Income,Cash,Computer Incomes,"21,85"
18319,3,4,,,2026-07-31 22:06:03,Income,Cash,Computer Incomes,"29,75"
18320,4,6,35.0,,2026-07-31 21:54:24,Income,Cash,Order Incomes,"17,30"
18321,4,9,,,2026-07-31 09:22:39,Income,Cash,Computer Incomes,"26,10"
18322,3,7,,,2026-07-31 09:08:03,Income,Cash,Computer Incomes,"13,05"
18323,1,23,,,2026-07-31 14:06:32,Income,Cash,Playstation Incomes,"12,44"
18324,3,5,,,2026-07-31 12:27:07,Income,Cash,Computer Incomes,"24,28"
18325,4,7,,,2026-07-31 09:21:34,Income,Cash,Computer Incomes,"9,71"
18326,1,11,36.0,,2026-07-31 10:16:19,Income,Cash,Order Incomes,"25,50"
18327,2,7,,,2026-07-31 10:55:27,Income,Cash,Computer Incomes,"13,66"
18328,3,13,,,2026-07-31 10:56:31,Income,Cash,Computer Incomes,"27,32"
18329,4,13,,,2026-07-31 12:05:43,Income,Cash,Computer Incomes,"8,50"
18330,4,24,,,2026-07-31 23:25:30,Income,Cash,Playstation Incomes,"18,21"
18331,3,7,29.0,,2026-08-01 23:00:51,Income,Cash,Order Incomes,"10,45"
18332,5,10,,,2026-08-01 13:24:04,Income,Cash,Computer Incomes,"5,44"
18333,3,23,,,2026-08-01 22:12:23,Income,Credit Card,Playstation Incomes,"19,85"
18334,1,24,,,2026-08-01 09:43:02,Income,Cash,Playstation Incomes,"17,97"
18335,5,10,,,2026-08-01 09:28:20,Income,Cash,Computer Incomes,"2,93"
18336,3,23,,,2026-08-01 22:30:04,Income,Cash,Playstation Incomes,"18,18"
18337,4,16,,,2026-08-01 17:27:27,Income,Cash,Computer Incomes,"10,03"
18338,2,24,,,2026-08-01 13:54:48,Income,Cash,Playstation Incomes,"17,77"
18339,2,23,,,2026-08-01 17:07:05,Income,Credit Card,Playstation Incomes,"16,72"
18340,2,9,,,2026-08-01 19:51:32,Income,Cash,Computer Incomes,"14,63"
18341,4,16,,,2026-08-01 12:57:02,Income,Cash,Computer Incomes,"19,85"
18342,1,5,,,2026-08-01 10:27:59,Income,Cash,Computer Incomes,"6,48"
18343,4,1,,,2026-08-01 17:14:16,Income,Cash,Computer Incomes,"2,09"
18344,2,24,,,2026-08-01 15:15:53,Income,Cash,Playstation Incomes,"12,54"
18345,5,2,,18.0,2026-08-01 22:13:17,Income,Cash,Member Transactions,"15,88"
18346,4,23,,,2026-08-01 12:32:08,Income,Cash,Playstation Incomes,"19,65"
18347,2,5,22.0,,2026-08-01 14:19:14,Income,Cash,Order Incomes,"18,39"
18348,4,24,,,2026-08-01 17:36:15,Income,Cash,Playstation Incomes,"3,35"
18349,1,23,,,2026-08-01 22:38:39,Income,Cash,Playstation Incomes,"15,26"
18350,4,6,6.0,,2026-08-01 09:13:09,Income,Cash,Order Incomes,"7,94"
18351,2,14,25.0,,2026-08-01 15:31:09,Income,Cash,Order Incomes,"15,88"
18352,2,10,12.0,,2026-08-01 16:56:35,Income,Cash,Order Incomes,"15,88"
18353,3,1,,,2026-08-01 11:43:13,Income,Cash,Computer Incomes,"6,05"
18354,4,9,,38.0,2026-08-01 14:59:59,Income,Cash,Member Transactions,"10,23"
18355,2,2,,,2026-08-01 14:21:09,Income,Cash,Computer Incomes,"12,74"
18356,5,9,,,2026-08-01 11:09:33,Income,Cash,Computer Incomes,"17,76"
18357,2,6,,,2026-08-01 13:17:12,Income,Credit Card,Computer Incomes,"16,50"
18358,5,1,33.0,,2026-08-01 14:52:02,Income,Cash,Order Incomes,"5,43"
18359,3,11,,27.0,2026-08-01 18:12:38,Income,Cash,Member Transactions,"6,05"
18360,5,1,,,2026-08-01 17:59:21,Income,Cash,Computer Incomes,"7,93"
18361,3,1,,,2026-08-01 15:33:24,Income,Cash,Computer Incomes,"9,19"
18362,1,8,,,2026-08-01 20:14:14,Income,Cash,Computer Incomes,"10,23"
18363,4,24,,,2026-08-01 23:18:49,Income,Cash,Playstation Incomes,"16,71"
18364,3,23,,,2026-08-01 22:37:50,Income,Cash,Playstation Incomes,"20,47"
18365,5,11,,,2026-08-02 18:50:10,Income,Cash,Computer Incomes,"11,21"
18366,1,24,,,2026-08-02 11:14:29,Income,Cash,Playstation Incomes,"12,48"
18367,1,2,,,2026-08-02 23:01:05,Income,Credit Card,Computer Incomes,"3,98"
18368,2,5,12.0,,2026-08-02 12:26:58,Income,Cash,Order Incomes,"6,88"
18369,2,11,,,2026-08-02 19:13:21,Income,Cash,Computer Incomes,"9,04"
18370,2,15,2.0,,2026-08-02 14:18:23,Income,Credit Card,Order Incomes,"4,52"
18371,4,23,,,2026-08-02 17:48:31,Income,Cash,Playstation Incomes,"10,13"
18372,3,10,8.0,,2026-08-02 20:00:18,Income,Credit Card,Order Incomes,"11,76"
18373,4,2,,,2026-08-02 10:54:44,Income,Cash,Computer Incomes,"9,77"
18374,2,24,,,2026-08-02 19:28:43,Income,Cash,Playstation Incomes,"14,29"
18375,4,15,,,2026-08-02 11:15:00,Income,Cash,Computer Incomes,"12,12"
18376,1,6,4.0,,2026-08-02 09:19:55,Income,Cash,Order Incomes,"6,69"
18377,4,7,,,2026-08-02 12:54:06,Income,Cash,Computer Incomes,"3,62"
18378,1,16,,,2026-08-02 21:16:44,Income,Cash,Computer Incomes,"9,77"
18379,2,11,,,2026-08-02 15:16:10,Income,Credit Card,Computer Incomes,"6,14"
18380,3,23,,,2026-08-02 15:44:55,Income,Cash,Playstation Incomes,"3,97"
18381,5,14,,,2026-08-02 20:16:10,Income,Cash,Computer Incomes,"16,63"
18382,3,6,,,2026-08-02 17:35:06,Income,Cash,Computer Incomes,"5,42"
18383,2,24,,,2026-08-02 21:02:33,Income,Cash,Playstation Incomes,"3,61"
18384,3,7,,,2026-08-02 20:48:38,Income,Cash,Computer Incomes,"9,03"
18385,3,23,,,2026-08-02 20:50:20,Income,Cash,Playstation Incomes,"4,15"
18386,2,24,,,2026-08-02 12:26:40,Income,Cash,Playstation Incomes,"6,32"
18387,3,5,,,2026-08-02 09:51:20,Income,Cash,Computer Incomes,"3,97"
18388,2,3,,,2026-08-03 13:38:15,Income,Cash,Computer Incomes,"9,11"
18389,4,6,,,2026-08-03 19:03:10,Income,Cash,Computer Incomes,"17,82"
18390,1,1,,43.0,2026-08-03 21:05:01,Income,Cash,Member Transactions,"6,14"
18391,4,3,,,2026-08-03 16:42:13,Income,Cash,Computer Incomes,"17,62"
18392,5,4,,,2026-08-03 17:48:19,Income,Cash,Computer Incomes,"16,83"
18393,2,13,,63.0,2026-08-03 14:26:49,Income,Cash,Member Transactions,"10,10"
18394,1,5,,,2026-08-03 23:43:29,Income,Cash,Computer Incomes,"10,10"
18395,5,15,43.0,,2026-08-03 20:44:03,Income,Cash,Order Incomes,"4,76"
18396,2,23,,,2026-08-03 19:47:29,Income,Cash,Playstation Incomes,"13,66"
18397,2,16,,,2026-08-03 23:21:47,Income,Cash,Computer Incomes,"6,93"
18398,1,24,,,2026-08-03 23:18:17,Income,Cash,Playstation Incomes,"14,26"
18399,4,11,47.0,,2026-08-03 20:17:45,Income,Cash,Order Incomes,"2,57"
18400,5,5,,,2026-08-03 13:00:56,Income,Cash,Computer Incomes,"5,54"
18401,5,14,,,2026-08-03 10:55:01,Income,Cash,Computer Incomes,"11,28"
18402,2,4,1.0,,2026-08-03 18:29:59,Income,Cash,Order Incomes,"1,97"
18403,1,6,,,2026-08-03 21:06:00,Income,Cash,Computer Incomes,"7,32"
18404,5,2,,,2026-08-03 18:26:08,Income,Cash,Computer Incomes,"3,36"
18405,3,11,,62.0,2026-08-03 09:31:48,Income,Cash,Member Transactions,"15,43"
18406,4,23,,,2026-08-03 09:58:53,Income,Cash,Playstation Incomes,"14,64"
18407,4,16,,,2026-08-03 09:44:52,Income,Credit Card,Computer Incomes,"9,50"
18408,5,15,,,2026-08-03 15:38:34,Income,Cash,Computer Incomes,"7,32"
18409,3,16,,,2026-08-03 15:06:39,Income,Credit Card,Computer Incomes,"11,67"
18410,4,3,,,2026-08-03 20:24:24,Income,Cash,Computer Incomes,"15,43"
18411,4,10,,,2026-08-04 14:43:12,Income,Cash,Computer Incomes,"18,25"
18412,1,11,,,2026-08-04 13:25:49,Income,Cash,Computer Incomes,"21,55"
18413,5,16,2.0,,2026-08-04 23:59:12,Income,Cash,Order Incomes,"6,60"
18414,4,14,,,2026-08-04 18:24:15,Income,Cash,Computer Incomes,"20,89"
18415,3,4,,,2026-08-04 11:21:49,Income,Credit Card,Computer Incomes,"18,47"
18416,4,5,,49.0,2026-08-04 13:56:07,Income,Cash,Member Transactions,"12,31"
18417,2,5,,,2026-08-04 13:43:30,Income,Credit Card,Computer Incomes,"19,79"
18418,1,14,,,2026-08-04 22:11:31,Income,Credit Card,Computer Incomes,"4,40"
18419,1,7,23.0,,2026-08-04 15:34:25,Income,Cash,Order Incomes,"16,05"
18420,3,15,,,2026-08-04 12:34:33,Income,Cash,Computer Incomes,"11,44"
18421,2,10,,,2026-08-04 17:42:23,Income,Credit Card,Computer Incomes,"5,06"
18422,5,15,,,2026-08-04 12:32:36,Income,Cash,Computer Incomes,"11,65"
18423,2,24,,,2026-08-04 09:47:39,Income,Credit Card,Playstation Incomes,"14,06"
18424,4,16,,,2026-08-04 15:36:39,Income,Cash,Computer Incomes,"13,40"
18425,4,1,,,2026-08-04 15:57:00,Income,Cash,Computer Incomes,"11,65"
18426,5,15,,,2026-08-04 11:07:36,Income,Cash,Computer Incomes,"19,78"
18427,1,1,,,2026-08-04 16:56:04,Income,Cash,Computer Incomes,"12,74"
18428,5,12,,,2026-08-04 16:07:02,Income,Credit Card,Computer Incomes,"20,66"
18429,4,11,,61.0,2026-08-04 20:30:15,Income,Credit Card,Member Transactions,"4,17"
18430,4,12,4.0,,2026-08-04 17:11:32,Income,Cash,Order Incomes,"3,73"
18431,5,3,,,2026-08-04 14:10:33,Income,Cash,Computer Incomes,"4,39"
18432,3,23,,,2026-08-04 19:09:06,Income,Credit Card,Playstation Incomes,"10,99"
18433,4,1,25.0,,2026-08-04 11:32:35,Income,Cash,Order Incomes,"12,96"
18434,3,6,,,2026-08-05 19:03:40,Income,Cash,Computer Incomes,"21,90"
18435,1,10,47.0,,2026-08-05 09:37:21,Income,Cash,Order Incomes,"5,65"
18436,3,8,,,2026-08-05 16:59:40,Income,Cash,Computer Incomes,"4,95"
18437,2,12,,,2026-08-05 18:50:34,Income,Cash,Computer Incomes,"19,43"
18438,2,8,,,2026-08-05 16:13:56,Income,Cash,Computer Incomes,"30,37"
18439,1,2,43.0,,2026-08-05 20:50:16,Income,Cash,Order Incomes,"5,65"
18440,3,10,,,2026-08-05 09:22:34,Income,Credit Card,Computer Incomes,"34,96"
18441,4,15,,,2026-08-05 11:28:59,Income,Cash,Computer Incomes,"27,19"
18442,3,16,,,2026-08-05 20:10:28,Income,Cash,Computer Incomes,"6,71"
18443,1,16,49.0,,2026-08-05 18:15:14,Income,Cash,Order Incomes,"3,89"
18444,3,24,,,2026-08-05 11:50:43,Income,Cash,Playstation Incomes,"13,42"
18445,3,2,,,2026-08-05 23:10:35,Income,Credit Card,Computer Incomes,"31,78"
18446,2,23,,,2026-08-05 09:34:57,Income,Cash,Playstation Incomes,"5,30"
18447,3,15,,,2026-08-05 18:42:30,Income,Cash,Computer Incomes,"28,96"
18448,4,15,,,2026-08-05 16:43:27,Income,Cash,Computer Incomes,"15,53"
18449,1,5,21.0,,2026-08-05 21:56:59,Income,Credit Card,Order Incomes,"7,41"
18450,4,24,,,2026-08-05 14:52:13,Income,Cash,Playstation Incomes,"8,12"
18451,1,15,33.0,,2026-08-05 23:11:27,Income,Cash,Order Incomes,"17,65"
18452,5,23,,,2026-08-05 19:27:10,Income,Cash,Playstation Incomes,"7,06"
18453,2,8,,,2026-08-05 14:12:28,Income,Credit Card,Computer Incomes,"6,70"
18454,5,2,,,2026-08-05 11:25:27,Income,Cash,Computer Incomes,"22,95"
18455,5,14,19.0,,2026-08-05 15:17:43,Income,Cash,Order Incomes,"7,76"
18456,2,24,,,2026-08-05 13:27:01,Income,Cash,Playstation Incomes,"9,53"
18457,1,2,,,2026-08-05 16:40:21,Income,Cash,Computer Incomes,"9,18"
18458,5,3,,,2026-08-06 11:14:03,Income,Cash,Computer Incomes,"24,34"
18459,5,8,,9.0,2026-08-06 18:53:32,Income,Cash,Member Transactions,"13,03"
18460,3,10,,,2026-08-06 13:36:16,Income,Credit Card,Computer Incomes,"8,85"
18461,4,23,,,2026-08-06 13:43:53,Income,Credit Card,Playstation Incomes,"10,82"
18462,5,14,,2.0,2026-08-06 10:29:12,Income,Cash,Member Transactions,"7,13"
18463,2,24,,,2026-08-06 23:45:17,Income,Cash,Playstation Incomes,"21,88"
18464,4,16,,,2026-08-06 17:44:48,Income,Cash,Computer Incomes,"21,64"
18465,3,13,,,2026-08-06 10:05:55,Income,Cash,Computer Incomes,"3,94"
18466,1,10,,,2026-08-06 12:47:52,Income,Credit Card,Computer Incomes,"9,10"
18467,5,23,,,2026-08-06 20:40:52,Income,Credit Card,Playstation Incomes,"19,17"
18468,4,16,,,2026-08-06 13:30:38,Income,Cash,Computer Incomes,"16,96"
18469,5,24,,,2026-08-06 19:16:34,Income,Cash,Playstation Incomes,"14,01"
18470,5,15,43.0,,2026-08-06 18:05:05,Income,Cash,Order Incomes,"10,07"
18471,4,23,,,2026-08-06 13:16:21,Income,Cash,Playstation Incomes,"11,06"
18472,5,10,,,2026-08-06 15:08:37,Income,Cash,Computer Incomes,"21,38"
18473,4,3,,,2026-08-06 18:03:55,Income,Credit Card,Computer Incomes,"5,65"
18474,4,24,,,2026-08-06 12:03:03,Income,Cash,Playstation Incomes,"9,34"
18475,1,5,,,2026-08-06 21:56:41,Income,Cash,Computer Incomes,"22,61"
18476,1,4,,,2026-08-06 22:57:11,Income,Credit Card,Computer Incomes,"12,29"
18477,3,2,,,2026-08-06 12:50:34,Income,Cash,Computer Incomes,"22,12"
18478,3,6,,,2026-08-06 14:28:47,Income,Cash,Computer Incomes,"10,32"
18479,3,6,38.0,,2026-08-07 23:46:55,Income,Cash,Order Incomes,"9,22"
18480,2,23,,,2026-08-07 22:29:41,Income,Cash,Playstation Incomes,"3,84"
18481,5,10,,,2026-08-07 16:38:46,Income,Cash,Computer Incomes,"11,91"
18482,3,10,40.0,,2026-08-07 11:58:47,Income,Cash,Order Incomes,"3,84"
18483,3,3,40.0,,2026-08-07 20:32:23,Income,Cash,Order Incomes,"3,46"
18484,1,15,26.0,,2026-08-07 21:17:42,Income,Cash,Order Incomes,"5,00"
18485,3,6,,,2026-08-07 12:35:13,Income,Cash,Computer Incomes,"17,28"
18486,3,5,,,2026-08-07 15:53:05,Income,Cash,Computer Incomes,"16,71"
18487,2,16,,,2026-08-07 15:25:57,Income,Cash,Computer Incomes,"3,84"
18488,3,24,,,2026-08-07 13:11:06,Income,Cash,Playstation Incomes,"11,33"
18489,5,23,,,2026-08-07 20:27:33,Income,Cash,Playstation Incomes,"8,84"
18490,4,4,25.0,,2026-08-07 16:04:39,Income,Cash,Order Incomes,"9,41"
18491,5,14,39.0,,2026-08-07 19:37:02,Income,Cash,Order Incomes,"5,38"
18492,3,15,,,2026-08-07 20:01:26,Income,Cash,Computer Incomes,"11,72"
18493,5,3,,,2026-08-07 15:25:21,Income,Credit Card,Computer Incomes,"18,24"
18494,1,8,,,2026-08-07 22:22:14,Income,Cash,Computer Incomes,"16,51"
18495,2,24,,,2026-08-07 17:40:54,Income,Cash,Playstation Incomes,"14,97"
18496,3,1,,57.0,2026-08-07 21:25:38,Income,Cash,Member Transactions,"3,83"
18497,5,23,,,2026-08-07 12:51:03,Income,Cash,Playstation Incomes,"13,82"
18498,2,12,,,2026-08-07 12:07:05,Income,Cash,Computer Incomes,"15,74"
18499,4,3,31.0,,2026-08-07 21:28:00,Income,Cash,Order Incomes,"15,93"
18500,4,6,,,2026-08-07 21:28:05,Income,Cash,Computer Incomes,"14,58"
18501,2,11,32.0,,2026-08-07 10:10:37,Income,Cash,Order Incomes,"4,41"
18502,3,12,,,2026-08-07 13:46:28,Income,Cash,Computer Incomes,"4,03"
18503,4,7,48.0,,2026-08-07 13:46:52,Income,Cash,Order Incomes,"4,99"
18504,3,4,,,2026-08-07 23:42:10,Income,Cash,Computer Incomes,"2,11"
18505,1,10,9.0,,2026-08-07 14:44:49,Income,Cash,Order Incomes,"7,87"
18506,4,15,23.0,,2026-08-07 11:02:10,Income,Credit Card,Order Incomes,"10,94"
18507,5,14,,40.0,2026-08-07 18:30:38,Income,Cash,Member Transactions,"7,67"
18508,4,13,,,2026-08-07 22:22:58,Income,Cash,Computer Incomes,"4,41"
18509,5,1,,,2026-08-07 23:25:56,Income,Cash,Computer Incomes,"11,32"
18510,2,12,,,2026-08-07 14:49:06,Income,Cash,Computer Incomes,"14,20"
18511,5,11,,,2026-08-07 17:58:24,Income,Credit Card,Computer Incomes,"9,40"
18512,2,12,,,2026-08-08 10:45:20,Income,Cash,Computer Incomes,"15,27"
18513,5,24,,,2026-08-08 20:19:38,Income,Credit Card,Playstation Incomes,"5,48"
18514,2,2,,,2026-08-08 21:52:19,Income,Cash,Computer Incomes,"13,28"
18515,1,23,,,2026-08-08 10:26:26,Income,Cash,Playstation Incomes,"7,80"
18516,4,8,,,2026-08-08 17:57:21,Income,Cash,Computer Incomes,"4,82"
18517,2,7,,,2026-08-08 19:32:21,Income,Cash,Computer Incomes,"9,96"
18518,2,9,,,2026-08-08 19:34:32,Income,Cash,Computer Incomes,"6,47"
18519,4,7,,,2026-08-08 14:13:15,Income,Cash,Computer Incomes,"11,45"
18520,2,11,,,2026-08-08 10:17:51,Income,Cash,Computer Incomes,"9,79"
18521,4,6,,,2026-08-08 15:15:29,Income,Cash,Computer Incomes,"1,66"
18522,3,3,,38.0,2026-08-08 09:26:12,Income,Cash,Member Transactions,"8,30"
18523,1,2,,,2026-08-08 14:52:19,Income,Cash,Computer Incomes,"8,13"
18524,2,24,,,2026-08-08 20:04:12,Income,Cash,Playstation Incomes,"8,96"
18525,1,2,,,2026-08-08 15:12:28,Income,Cash,Computer Incomes,"5,31"
18526,2,1,,,2026-08-08 21:32:14,Income,Cash,Computer Incomes,"13,11"
18527,3,6,,,2026-08-08 09:55:38,Income,Cash,Computer Incomes,"5,48"
18528,2,7,,,2026-08-08 20:54:53,Income,Cash,Computer Incomes,"10,12"
18529,2,7,3.0,,2026-08-08 23:25:09,Income,Cash,Order Incomes,"2,49"
18530,4,1,,,2026-08-08 21:10:55,Income,Cash,Computer Incomes,"8,47"
18531,2,8,21.0,,2026-08-08 13:16:27,Income,Cash,Order Incomes,"10,29"
18532,3,8,,,2026-08-08 19:51:26,Income,Cash,Computer Incomes,"12,11"
18533,3,14,,,2026-08-08 14:32:00,Income,Cash,Computer Incomes,"1,82"
18534,3,4,,51.0,2026-08-08 12:30:39,Income,Cash,Member Transactions,"5,64"
18535,1,23,,,2026-08-08 23:43:48,Income,Cash,Playstation Incomes,"1,99"
18536,3,12,24.0,,2026-08-08 10:18:34,Income,Cash,Order Incomes,"10,28"
18537,5,14,1.0,,2026-08-08 17:08:25,Income,Cash,Order Incomes,"10,28"
18538,2,24,,,2026-08-08 09:40:35,Income,Cash,Playstation Incomes,"16,58"
18539,3,6,15.0,,2026-08-08 10:00:24,Income,Cash,Order Incomes,"1,65"
18540,4,3,,,2026-08-08 14:24:21,Income,Cash,Computer Incomes,"1,65"
18541,2,11,,,2026-08-08 12:52:23,Income,Cash,Computer Incomes,"12,44"
18542,1,12,,,2026-08-08 12:26:52,Income,Cash,Computer Incomes,"9,62"
18543,2,5,,,2026-08-08 17:54:49,Income,Cash,Computer Incomes,"13,76"
18544,4,13,,,2026-08-08 15:59:49,Income,Cash,Computer Incomes,"7,79"
18545,3,23,,,2026-08-08 10:20:06,Income,Credit Card,Playstation Incomes,"7,63"
18546,1,16,,,2026-08-08 16:15:34,Income,Cash,Computer Incomes,"15,09"
18547,3,24,,,2026-08-08 14:31:48,Income,Credit Card,Playstation Incomes,"5,47"
18548,4,23,,,2026-08-08 12:01:58,Income,Cash,Playstation Incomes,"15,26"
18549,2,24,,,2026-08-08 17:41:22,Income,Cash,Playstation Incomes,"2,15"
18550,4,10,,,2026-08-08 11:42:15,Income,Cash,Computer Incomes,"10,11"
18551,1,13,,,2026-08-08 11:35:51,Income,Cash,Computer Incomes,"13,10"
18552,2,23,,,2026-08-09 13:01:06,Income,Cash,Playstation Incomes,"3,18"
18553,4,24,,,2026-08-09 10:49:34,Income,Cash,Playstation Incomes,"6,67"
18554,2,23,,,2026-08-09 19:31:12,Income,Cash,Playstation Incomes,"12,27"
18555,1,24,,,2026-08-09 15:05:59,Income,Cash,Playstation Incomes,"6,06"
18556,1,23,,,2026-08-09 09:08:32,Income,Cash,Playstation Incomes,"9,70"
18557,3,24,,,2026-08-09 22:55:33,Income,Credit Card,Playstation Incomes,"12,27"
18558,4,23,,,2026-08-09 22:01:18,Income,Cash,Playstation Incomes,"5,76"
18559,5,2,,,2026-08-09 14:11:59,Income,Cash,Computer Incomes,"12,57"
18560,2,4,,,2026-08-09 16:32:21,Income,Cash,Computer Incomes,"7,42"
18561,4,11,43.0,,2026-08-09 19:08:22,Income,Credit Card,Order Incomes,"4,84"
18562,2,1,,,2026-08-09 16:57:28,Income,Cash,Computer Incomes,"13,92"
18563,3,3,,,2026-08-09 16:54:43,Income,Cash,Computer Incomes,"9,53"
18564,1,3,6.0,,2026-08-09 17:03:22,Income,Cash,Order Incomes,"7,72"
18565,5,24,,,2026-08-09 17:47:09,Income,Cash,Playstation Incomes,"12,26"
18566,1,5,,,2026-08-09 21:27:57,Income,Credit Card,Computer Incomes,"12,11"
18567,3,13,,,2026-08-09 16:14:23,Income,Cash,Computer Incomes,"14,83"
18568,3,23,,,2026-08-09 18:12:25,Income,Cash,Playstation Incomes,"14,08"
18569,4,24,,,2026-08-09 17:58:38,Income,Cash,Playstation Incomes,"14,08"
18570,3,4,,,2026-08-10 17:51:41,Income,Cash,Computer Incomes,"17,40"
18571,2,12,,,2026-08-10 21:44:41,Income,Cash,Computer Incomes,"12,18"
18572,2,12,,,2026-08-10 19:41:21,Income,Cash,Computer Incomes,"18,95"
18573,5,15,,,2026-08-10 15:56:01,Income,Cash,Computer Incomes,"9,86"
18574,4,23,,,2026-08-10 10:59:52,Income,Credit Card,Playstation Incomes,"13,15"
18575,5,1,30.0,,2026-08-10 15:28:16,Income,Cash,Order Incomes,"3,48"
18576,5,24,,,2026-08-10 22:44:09,Income,Cash,Playstation Incomes,"4,45"
18577,2,15,38.0,,2026-08-10 19:29:46,Income,Cash,Order Incomes,"2,90"
18578,3,10,,,2026-08-10 12:21:15,Income,Cash,Computer Incomes,"16,05"
18579,1,15,,,2026-08-10 18:28:51,Income,Cash,Computer Incomes,"7,74"
18580,3,23,,,2026-08-10 23:44:54,Income,Cash,Playstation Incomes,"17,98"
18581,5,2,,,2026-08-10 15:21:52,Income,Cash,Computer Incomes,"11,22"
18582,3,7,,,2026-08-10 18:42:27,Income,Credit Card,Computer Incomes,"4,84"
18583,5,15,,,2026-08-10 18:07:37,Income,Cash,Computer Incomes,"3,29"
18584,4,15,,,2026-08-10 18:43:51,Income,Credit Card,Computer Incomes,"5,03"
18585,5,24,,,2026-08-10 10:14:03,Income,Cash,Playstation Incomes,"17,59"
18586,2,10,,,2026-08-10 10:18:23,Income,Cash,Computer Incomes,"8,11"
18587,1,4,,,2026-08-10 09:05:46,Income,Cash,Computer Incomes,"2,12"
18588,1,6,,,2026-08-10 13:57:04,Income,Cash,Computer Incomes,"5,21"
18589,1,23,,,2026-08-10 11:00:12,Income,Cash,Playstation Incomes,"18,75"
18590,4,15,,,2026-08-10 14:08:19,Income,Cash,Computer Incomes,"1,93"
18591,2,13,,,2026-08-10 12:53:55,Income,Cash,Computer Incomes,"5,21"
18592,5,24,,,2026-08-10 19:31:27,Income,Cash,Playstation Incomes,"3,67"
18593,4,9,22.0,,2026-08-11 11:29:03,Income,Cash,Order Incomes,"12,81"
18594,2,16,,,2026-08-11 17:37:56,Income,Cash,Computer Incomes,"31,09"
18595,5,5,2.0,,2026-08-11 19:34:42,Income,Cash,Order Incomes,"9,51"
18596,5,13,,,2026-08-11 11:40:58,Income,Cash,Computer Incomes,"10,25"
18597,1,3,,,2026-08-11 12:15:28,Income,Cash,Computer Incomes,"8,05"
18598,4,23,,,2026-08-11 13:10:46,Income,Cash,Playstation Incomes,"12,81"
18599,5,7,28.0,,2026-08-11 14:58:04,Income,Cash,Order Incomes,"25,97"
18600,3,24,,,2026-08-11 23:01:20,Income,Cash,Playstation Incomes,"10,98"
18601,2,1,,,2026-08-11 12:25:28,Income,Cash,Computer Incomes,"27,42"
18602,2,14,,,2026-08-11 17:05:18,Income,Cash,Computer Incomes,"5,12"
18603,3,9,,,2026-08-11 11:06:49,Income,Cash,Computer Incomes,"36,20"
18604,4,14,,,2026-08-11 14:32:46,Income,Cash,Computer Incomes,"34,74"
18605,2,13,,,2026-08-11 22:30:29,Income,Cash,Computer Incomes,"26,69"
18606,5,9,11.0,,2026-08-11 21:54:41,Income,Credit Card,Order Incomes,"29,98"
18607,2,23,,,2026-08-11 23:25:10,Income,Cash,Playstation Incomes,"15,72"
18608,4,7,,19.0,2026-08-11 16:12:20,Income,Cash,Member Transactions,"4,75"
18609,2,24,,,2026-08-12 11:57:50,Income,Cash,Playstation Incomes,"3,75"
18610,2,23,,,2026-08-12 09:44:55,Income,Cash,Playstation Incomes,"10,53"
18611,5,9,13.0,,2026-08-12 17:21:15,Income,Cash,Order Incomes,"11,93"
18612,1,1,,,2026-08-12 23:42:51,Income,Cash,Computer Incomes,"17,55"
18613,1,24,,,2026-08-12 11:48:32,Income,Credit Card,Playstation Incomes,"17,08"
18614,4,5,,,2026-08-12 13:55:24,Income,Cash,Computer Incomes,"3,05"
18615,3,2,,,2026-08-12 13:46:34,Income,Cash,Computer Incomes,"19,41"
18616,5,15,,,2026-08-12 14:26:43,Income,Cash,Computer Incomes,"20,34"
18617,1,23,,,2026-08-12 12:56:12,Income,Cash,Playstation Incomes,"20,58"
18618,3,2,,,2026-08-12 22:13:08,Income,Cash,Computer Incomes,"14,03"
18619,3,11,,,2026-08-12 12:47:17,Income,Cash,Computer Incomes,"2,80"
18620,3,5,,,2026-08-12 15:38:46,Income,Cash,Computer Incomes,"7,48"
18621,3,11,,,2026-08-12 18:04:18,Income,Cash,Computer Incomes,"17,07"
18622,3,24,,,2026-08-12 21:26:16,Income,Credit Card,Playstation Incomes,"12,16"
18623,4,8,,,2026-08-12 17:47:24,Income,Cash,Computer Incomes,"18,70"
18624,4,5,16.0,,2026-08-12 19:41:27,Income,Cash,Order Incomes,"14,49"
18625,2,23,,,2026-08-13 10:10:17,Income,Cash,Playstation Incomes,"24,32"
18626,2,16,,,2026-08-13 17:01:41,Income,Cash,Computer Incomes,"33,62"
18627,3,12,37.0,,2026-08-13 22:16:42,Income,Credit Card,Order Incomes,"3,94"
18628,5,12,9.0,,2026-08-13 21:30:23,Income,Cash,Order Incomes,"19,67"
18629,2,10,,,2026-08-13 22:54:10,Income,Cash,Computer Incomes,"20,39"
18630,3,24,,,2026-08-13 10:16:41,Income,Cash,Playstation Incomes,"30,05"
18631,1,8,20.0,,2026-08-13 22:45:42,Income,Cash,Order Incomes,"6,44"
18632,5,2,,,2026-08-13 14:22:13,Income,Credit Card,Computer Incomes,"23,61"
18633,4,23,,,2026-08-13 11:23:31,Income,Cash,Playstation Incomes,"17,89"
18634,5,24,,,2026-08-13 20:09:17,Income,Cash,Playstation Incomes,"35,05"
18635,4,23,,,2026-08-13 18:34:45,Income,Cash,Playstation Incomes,"9,29"
18636,2,6,,16.0,2026-08-13 14:52:14,Income,Cash,Member Transactions,"16,45"
18637,4,9,,7.0,2026-08-13 17:03:14,Income,Cash,Member Transactions,"25,39"
18638,1,5,,,2026-08-13 10:00:37,Income,Cash,Computer Incomes,"8,94"
18639,1,24,,,2026-08-13 13:11:49,Income,Cash,Playstation Incomes,"5,72"
18640,1,23,,,2026-08-13 22:38:56,Income,Credit Card,Playstation Incomes,"27,89"
18641,2,10,15.0,,2026-08-13 21:49:07,Income,Cash,Order Incomes,"24,31"
18642,2,9,47.0,,2026-08-13 11:17:06,Income,Cash,Order Incomes,"33,25"
18643,2,14,,,2026-08-13 20:40:33,Income,Cash,Computer Incomes,"3,93"
18644,3,7,,,2026-08-14 14:04:08,Income,Credit Card,Computer Incomes,"7,49"
18645,5,24,,,2026-08-14 12:57:05,Income,Cash,Playstation Incomes,"11,10"
18646,5,23,,,2026-08-14 17:54:28,Income,Cash,Playstation Incomes,"25,79"
18647,3,9,,,2026-08-14 11:11:56,Income,Cash,Computer Incomes,"17,47"
18648,2,5,,,2026-08-14 10:29:40,Income,Cash,Computer Incomes,"22,74"
18649,2,24,,,2026-08-14 11:13:52,Income,Cash,Playstation Incomes,"14,98"
18650,2,5,5.0,,2026-08-14 14:46:51,Income,Cash,Order Incomes,"25,51"
18651,3,13,,,2026-08-14 22:59:17,Income,Credit Card,Computer Incomes,"24,41"
18652,4,7,,,2026-08-14 17:18:21,Income,Cash,Computer Incomes,"26,90"
18653,1,6,,,2026-08-14 18:27:40,Income,Cash,Computer Incomes,"18,03"
18654,4,23,,,2026-08-14 19:34:22,Income,Cash,Playstation Incomes,"13,59"
18655,5,7,,,2026-08-14 22:20:56,Income,Cash,Computer Incomes,"14,98"
18656,5,24,,,2026-08-14 19:29:11,Income,Cash,Playstation Incomes,"13,87"
18657,4,23,,,2026-08-14 23:51:56,Income,Cash,Playstation Incomes,"5,55"
18658,2,9,,,2026-08-14 15:05:32,Income,Cash,Computer Incomes,"4,71"
18659,4,8,,,2026-08-14 20:50:11,Income,Cash,Computer Incomes,"27,45"
18660,2,11,,42.0,2026-08-14 15:36:48,Income,Credit Card,Member Transactions,"8,87"
18661,5,24,,,2026-08-14 11:21:16,Income,Cash,Playstation Incomes,"26,34"
18662,5,6,,,2026-08-14 15:39:28,Income,Cash,Computer Incomes,"19,96"
18663,2,9,,,2026-08-14 17:36:14,Income,Cash,Computer Incomes,"12,47"
18664,4,16,,,2026-08-14 22:05:30,Income,Cash,Computer Incomes,"23,01"
18665,4,3,,,2026-08-14 13:38:08,Income,Credit Card,Computer Incomes,"4,71"
18666,3,2,,,2026-08-14 19:43:43,Income,Cash,Computer Incomes,"13,58"
18667,4,9,,29.0,2026-08-14 19:34:17,Income,Cash,Member Transactions,"11,92"
18668,1,10,,,2026-08-14 17:30:33,Income,Cash,Computer Incomes,"8,59"
18669,4,23,,,2026-08-14 14:30:47,Income,Cash,Playstation Incomes,"18,02"
18670,2,24,,,2026-08-14 21:06:02,Income,Cash,Playstation Incomes,"9,42"
18671,3,23,,,2026-08-14 15:19:27,Income,Cash,Playstation Incomes,"16,91"
18672,3,4,23.0,,2026-08-14 13:01:30,Income,Cash,Order Incomes,"8,31"
18673,2,7,,,2026-08-14 22:32:07,Income,Cash,Computer Incomes,"15,80"
18674,5,5,,,2026-08-14 12:23:19,Income,Cash,Computer Incomes,"25,78"
18675,1,6,5.0,,2026-08-15 23:01:18,Income,Cash,Order Incomes,"2,13"
18676,5,5,,,2026-08-15 19:54:52,Income,Cash,Computer Incomes,"2,52"
18677,4,5,,,2026-08-15 21:32:41,Income,Cash,Computer Incomes,"9,48"
18678,2,3,,,2026-08-15 12:02:59,Income,Cash,Computer Incomes,"9,87"
18679,3,11,,,2026-08-15 23:53:35,Income,Cash,Computer Incomes,"14,90"
18680,3,16,,,2026-08-15 09:53:30,Income,Cash,Computer Incomes,"6,00"
18681,2,8,16.0,,2026-08-15 12:39:50,Income,Cash,Order Incomes,"13,35"
18682,1,16,,,2026-08-15 17:35:22,Income,Cash,Computer Incomes,"18,38"
18683,1,12,27.0,,2026-08-15 18:29:02,Income,Cash,Order Incomes,"13,35"
18684,5,10,,,2026-08-15 11:00:21,Income,Cash,Computer Incomes,"11,03"
18685,1,12,,,2026-08-15 11:50:49,Income,Cash,Computer Incomes,"2,33"
18686,2,12,,,2026-08-15 20:51:45,Income,Credit Card,Computer Incomes,"8,52"
18687,2,2,,,2026-08-15 13:20:34,Income,Cash,Computer Incomes,"4,84"
18688,3,4,,,2026-08-15 16:08:15,Income,Cash,Computer Incomes,"9,87"
18689,3,13,,64.0,2026-08-15 23:37:55,Income,Cash,Member Transactions,"18,77"
18690,4,16,,,2026-08-15 12:55:44,Income,Credit Card,Computer Incomes,"4,26"
18691,2,9,,19.0,2026-08-15 23:55:06,Income,Cash,Member Transactions,"19,15"
18692,1,7,6.0,,2026-08-15 16:24:49,Income,Cash,Order Incomes,"16,83"
18693,3,14,,,2026-08-15 18:45:32,Income,Cash,Computer Incomes,"14,12"
18694,1,1,,30.0,2026-08-15 23:00:49,Income,Cash,Member Transactions,"5,03"
18695,4,5,,,2026-08-15 22:54:24,Income,Cash,Computer Incomes,"3,29"
18696,1,24,,,2026-08-15 09:43:52,Income,Cash,Playstation Incomes,"12,76"
18697,2,23,,,2026-08-15 10:54:22,Income,Cash,Playstation Incomes,"17,02"
18698,1,14,,,2026-08-15 16:11:11,Income,Cash,Computer Incomes,"11,60"
18699,3,4,16.0,,2026-08-15 11:51:58,Income,Cash,Order Incomes,"16,05"
18700,2,7,,,2026-08-15 16:55:46,Income,Cash,Computer Incomes,"15,66"
18701,3,5,,,2026-08-15 16:14:16,Income,Cash,Computer Incomes,"11,02"
18702,2,24,,,2026-08-15 15:04:24,Income,Cash,Playstation Incomes,"15,86"
18703,2,5,,,2026-08-15 15:14:42,Income,Cash,Computer Incomes,"14,69"
18704,5,7,,,2026-08-15 14:48:25,Income,Credit Card,Computer Incomes,"4,06"
18705,5,16,,18.0,2026-08-15 17:21:07,Income,Credit Card,Member Transactions,"6,38"
18706,5,5,,,2026-08-15 15:29:45,Income,Cash,Computer Incomes,"3,86"
18707,2,16,,,2026-08-15 21:34:49,Income,Credit Card,Computer Incomes,"10,63"
18708,3,2,,,2026-08-15 18:09:34,Income,Credit Card,Computer Incomes,"11,60"
18709,5,14,,,2026-08-15 10:51:46,Income,Cash,Computer Incomes,"8,51"
18710,2,16,34.0,,2026-08-15 17:23:32,Income,Cash,Order Incomes,"9,67"
18711,3,23,,,2026-08-15 15:10:29,Income,Cash,Playstation Incomes,"2,12"
18712,5,6,,,2026-08-15 23:14:44,Income,Cash,Computer Incomes,"8,31"
18713,5,6,,,2026-08-15 20:49:47,Income,Cash,Computer Incomes,"15,08"
18714,1,14,,41.0,2026-08-15 20:37:27,Income,Cash,Member Transactions,"15,28"
18715,2,1,,,2026-08-15 09:22:12,Income,Credit Card,Computer Incomes,"14,50"
18716,1,4,,,2026-08-15 09:06:36,Income,Cash,Computer Incomes,"5,22"
18717,1,15,,,2026-08-15 10:42:42,Income,Cash,Computer Incomes,"12,57"
18718,3,24,,,2026-08-16 23:36:32,Income,Cash,Playstation Incomes,"18,11"
18719,5,2,,,2026-08-16 21:32:59,Income,Credit Card,Computer Incomes,"15,10"
18720,4,23,,,2026-08-16 09:44:13,Income,Cash,Playstation Incomes,"19,12"
18721,1,24,,,2026-08-16 12:31:54,Income,Cash,Playstation Incomes,"8,05"
18722,3,16,35.0,,2026-08-16 12:30:36,Income,Cash,Order Incomes,"18,45"
18723,4,23,,,2026-08-16 20:42:41,Income,Cash,Playstation Incomes,"27,17"
18724,4,5,,,2026-08-16 12:13:48,Income,Cash,Computer Incomes,"13,75"
18725,5,24,,,2026-08-16 18:36:39,Income,Cash,Playstation Incomes,"21,13"
18726,3,1,,,2026-08-16 16:26:25,Income,Cash,Computer Incomes,"4,02"
18727,4,23,,,2026-08-16 22:43:06,Income,Cash,Playstation Incomes,"22,13"
18728,1,5,,,2026-08-16 21:11:18,Income,Cash,Computer Incomes,"14,75"
18729,5,2,,,2026-08-16 13:54:15,Income,Cash,Computer Incomes,"6,37"
18730,3,10,,,2026-08-16 16:20:00,Income,Cash,Computer Incomes,"17,43"
18731,2,13,,,2026-08-16 11:16:56,Income,Cash,Computer Incomes,"20,12"
18732,1,15,,,2026-08-16 16:12:21,Income,Cash,Computer Incomes,"26,49"
18733,2,10,22.0,,2026-08-17 13:26:34,Income,Credit Card,Order Incomes,"5,86"
18734,2,10,,,2026-08-17 16:54:51,Income,Cash,Computer Incomes,"25,49"
18735,5,9,,,2026-08-17 19:10:43,Income,Cash,Computer Incomes,"5,86"
18736,5,8,,,2026-08-17 11:58:36,Income,Cash,Computer Incomes,"20,32"
18737,5,4,2.0,,2026-08-17 17:59:57,Income,Cash,Order Incomes,"28,93"
18738,4,5,,,2026-08-17 13:36:36,Income,Cash,Computer Incomes,"18,25"
18739,3,7,43.0,,2026-08-17 14:32:47,Income,Cash,Order Incomes,"30,65"
18740,4,13,,,2026-08-17 10:52:49,Income,Cash,Computer Incomes,"3,45"
18741,4,8,22.0,,2026-08-17 15:23:02,Income,Cash,Order Incomes,"20,32"
18742,3,12,,,2026-08-17 13:28:06,Income,Cash,Computer Incomes,"25,13"
18743,5,5,41.0,,2026-08-17 20:38:31,Income,Cash,Order Incomes,"31,33"
18744,3,16,,,2026-08-17 19:18:07,Income,Cash,Computer Incomes,"4,47"
18745,1,24,,,2026-08-17 09:44:56,Income,Cash,Playstation Incomes,"24,10"
18746,4,5,,,2026-08-17 21:43:14,Income,Cash,Computer Incomes,"22,72"
18747,3,23,,,2026-08-17 22:02:38,Income,Cash,Playstation Incomes,"26,85"
18748,3,8,,,2026-08-17 14:14:26,Income,Cash,Computer Incomes,"22,03"
18749,5,8,4.0,,2026-08-17 14:36:22,Income,Cash,Order Incomes,"18,93"
18750,3,10,,,2026-08-17 19:29:23,Income,Cash,Computer Incomes,"4,47"
18751,5,13,,,2026-08-18 12:03:16,Income,Cash,Computer Incomes,"21,45"
18752,2,10,,,2026-08-18 17:51:36,Income,Cash,Computer Incomes,"21,45"
18753,3,24,,,2026-08-18 16:14:38,Income,Cash,Playstation Incomes,"16,85"
18754,1,8,,,2026-08-18 14:28:23,Income,Cash,Computer Incomes,"30,33"
18755,1,1,,,2026-08-18 13:36:21,Income,Cash,Computer Incomes,"3,37"
18756,4,14,,,2026-08-18 13:18:09,Income,Credit Card,Computer Incomes,"22,67"
18757,4,11,,,2026-08-18 23:24:49,Income,Cash,Computer Incomes,"25,43"
18758,5,4,,,2026-08-18 22:01:31,Income,Cash,Computer Incomes,"29,41"
18759,5,14,34.0,,2026-08-18 14:40:02,Income,Cash,Order Incomes,"20,22"
18760,1,14,,,2026-08-18 16:06:29,Income,Cash,Computer Incomes,"20,22"
18761,4,7,,,2026-08-18 20:52:55,Income,Cash,Computer Incomes,"12,56"
18762,3,13,,,2026-08-18 22:59:21,Income,Cash,Computer Incomes,"7,97"
18763,2,9,,,2026-08-18 10:42:19,Income,Credit Card,Computer Incomes,"7,66"
18764,3,23,,,2026-08-18 21:03:19,Income,Credit Card,Playstation Incomes,"29,40"
18765,4,16,,,2026-08-18 09:46:38,Income,Cash,Computer Incomes,"10,10"
18766,4,13,,2.0,2026-08-18 12:53:05,Income,Cash,Member Transactions,"22,97"
18767,3,4,,,2026-08-18 11:48:25,Income,Cash,Computer Incomes,"19,29"
18768,1,12,26.0,,2026-08-18 16:16:30,Income,Credit Card,Order Incomes,"3,36"
18769,1,9,,,2026-08-18 14:17:51,Income,Cash,Computer Incomes,"12,86"
18770,4,9,,,2026-08-18 11:04:56,Income,Cash,Computer Incomes,"13,78"
18771,3,14,,,2026-08-18 18:45:58,Income,Cash,Computer Incomes,"18,99"
18772,3,24,,,2026-08-19 16:15:16,Income,Cash,Playstation Incomes,"19,19"
18773,4,11,,,2026-08-19 20:12:37,Income,Cash,Computer Incomes,"9,31"
18774,3,14,,,2026-08-19 09:09:40,Income,Cash,Computer Incomes,"18,22"
18775,4,13,,,2026-08-19 21:35:55,Income,Cash,Computer Incomes,"17,64"
18776,1,4,,,2026-08-19 12:46:44,Income,Cash,Computer Incomes,"12,80"
18777,1,7,,,2026-08-19 15:53:45,Income,Cash,Computer Incomes,"8,34"
18778,2,6,,,2026-08-19 12:56:30,Income,Cash,Computer Incomes,"16,87"
18779,1,23,,,2026-08-19 14:31:08,Income,Cash,Playstation Incomes,"2,14"
18780,3,13,,,2026-08-19 20:34:56,Income,Cash,Computer Incomes,"5,24"
18781,2,24,,,2026-08-19 14:06:55,Income,Cash,Playstation Incomes,"4,46"
18782,1,9,,,2026-08-19 10:50:38,Income,Cash,Computer Incomes,"13,57"
18783,4,13,,,2026-08-19 09:24:27,Income,Credit Card,Computer Incomes,"11,25"
18784,3,15,,,2026-08-19 20:40:38,Income,Credit Card,Computer Incomes,"7,36"
18785,3,4,26.0,,2026-08-19 13:49:13,Income,Cash,Order Incomes,"6,58"
18786,5,9,,,2026-08-19 20:00:11,Income,Credit Card,Computer Incomes,"19,18"
18787,5,23,,,2026-08-19 18:50:34,Income,Cash,Playstation Incomes,"3,68"
18788,2,2,,,2026-08-19 11:39:52,Income,Credit Card,Computer Incomes,"9,30"
18789,4,15,,,2026-08-19 09:46:15,Income,Cash,Computer Incomes,"8,91"
18790,2,6,,,2026-08-19 10:05:47,Income,Cash,Computer Incomes,"5,42"
18791,5,6,,,2026-08-19 14:38:45,Income,Cash,Computer Incomes,"15,69"
18792,3,6,,1.0,2026-08-19 19:26:29,Income,Cash,Member Transactions,"13,37"
18793,3,14,9.0,,2026-08-19 21:04:22,Income,Cash,Order Incomes,"13,76"
18794,4,12,18.0,,2026-08-19 12:46:59,Income,Cash,Order Incomes,"16,86"
18795,1,3,,,2026-08-20 15:33:03,Income,Cash,Computer Incomes,"5,73"
18796,1,11,,,2026-08-20 19:45:01,Income,Cash,Computer Incomes,"6,78"
18797,5,9,,26.0,2026-08-20 17:37:23,Income,Cash,Member Transactions,"5,88"
18798,1,13,,,2026-08-20 16:36:42,Income,Cash,Computer Incomes,"4,82"
18799,4,6,,,2026-08-20 23:29:41,Income,Cash,Computer Incomes,"12,51"
18800,3,15,,,2026-08-20 12:11:51,Income,Cash,Computer Incomes,"11,15"
18801,1,14,13.0,,2026-08-20 19:57:12,Income,Cash,Order Incomes,"6,48"
18802,2,1,,,2026-08-20 22:47:51,Income,Cash,Computer Incomes,"8,14"
18803,5,12,,,2026-08-20 11:07:49,Income,Cash,Computer Incomes,"12,66"
18804,1,7,40.0,,2026-08-20 20:56:47,Income,Credit Card,Order Incomes,"8,89"
18805,2,24,,,2026-08-20 22:28:38,Income,Cash,Playstation Incomes,"7,69"
18806,1,15,,,2026-08-20 20:19:27,Income,Cash,Computer Incomes,"4,66"
18807,2,23,,,2026-08-20 13:42:48,Income,Cash,Playstation Incomes,"13,85"
18808,4,24,,,2026-08-20 21:17:38,Income,Cash,Playstation Incomes,"3,16"
18809,2,11,49.0,,2026-08-20 19:13:30,Income,Cash,Order Incomes,"9,33"
18810,1,6,,,2026-08-20 12:45:58,Income,Credit Card,Computer Incomes,"12,95"
18811,2,23,,,2026-08-20 20:31:18,Income,Cash,Playstation Incomes,"14,90"
18812,2,11,,,2026-08-20 16:59:30,Income,Cash,Computer Incomes,"3,31"
18813,2,6,,28.0,2026-08-20 09:20:32,Income,Cash,Member Transactions,"12,19"
18814,5,16,,,2026-08-20 21:20:01,Income,Credit Card,Computer Incomes,"13,10"
18815,2,5,31.0,,2026-08-20 14:26:27,Income,Cash,Order Incomes,"6,47"
18816,4,24,,,2026-08-20 18:45:54,Income,Cash,Playstation Incomes,"5,27"
18817,1,23,,,2026-08-20 19:39:26,Income,Cash,Playstation Incomes,"14,60"
18818,1,24,,,2026-08-21 14:51:19,Income,Cash,Playstation Incomes,"4,24"
18819,1,16,,,2026-08-21 20:41:44,Income,Cash,Computer Incomes,"21,19"
18820,3,9,,,2026-08-21 18:39:52,Income,Cash,Computer Incomes,"12,48"
18821,4,11,42.0,,2026-08-21 09:29:27,Income,Cash,Order Incomes,"15,07"
18822,2,1,14.0,,2026-08-21 13:42:17,Income,Credit Card,Order Incomes,"17,66"
18823,1,16,,,2026-08-21 21:55:07,Income,Cash,Computer Incomes,"20,72"
18824,2,5,,,2026-08-21 19:15:29,Income,Cash,Computer Incomes,"6,83"
18825,4,9,22.0,,2026-08-21 18:52:43,Income,Cash,Order Incomes,"12,01"
18826,3,1,,,2026-08-21 11:26:53,Income,Cash,Computer Incomes,"23,07"
18827,4,11,1.0,,2026-08-21 11:10:29,Income,Cash,Order Incomes,"7,77"
18828,4,23,,,2026-08-21 21:15:40,Income,Cash,Playstation Incomes,"20,72"
18829,5,14,,,2026-08-21 14:27:50,Income,Cash,Computer Incomes,"11,77"
18830,2,2,28.0,,2026-08-21 13:22:01,Income,Credit Card,Order Incomes,"4,01"
18831,2,16,,,2026-08-21 17:44:15,Income,Cash,Computer Incomes,"18,60"
18832,3,16,,,2026-08-21 14:40:56,Income,Cash,Computer Incomes,"23,31"
18833,3,16,,,2026-08-21 19:59:24,Income,Cash,Computer Incomes,"5,18"
18834,3,12,,,2026-08-21 19:21:47,Income,Cash,Computer Incomes,"8,24"
18835,4,24,,,2026-08-21 18:36:47,Income,Credit Card,Playstation Incomes,"4,95"
18836,4,6,,12.0,2026-08-21 14:25:30,Income,Cash,Member Transactions,"16,95"
18837,5,13,,,2026-08-21 16:56:33,Income,Cash,Computer Incomes,"18,36"
18838,1,12,40.0,,2026-08-21 23:39:40,Income,Cash,Order Incomes,"21,89"
18839,1,11,,,2026-08-21 14:02:48,Income,Credit Card,Computer Incomes,"16,71"
18840,1,9,24.0,,2026-08-21 13:33:48,Income,Cash,Order Incomes,"14,59"
18841,3,6,3.0,,2026-08-21 19:22:28,Income,Cash,Order Incomes,"18,12"
18842,1,14,,,2026-08-21 21:13:56,Income,Cash,Computer Incomes,"20,24"
18843,1,23,,,2026-08-21 19:32:41,Income,Cash,Playstation Incomes,"15,30"
18844,1,6,8.0,,2026-08-21 16:07:02,Income,Cash,Order Incomes,"14,12"
18845,2,11,,16.0,2026-08-21 18:58:14,Income,Cash,Member Transactions,"11,06"
18846,2,15,44.0,,2026-08-21 20:34:54,Income,Cash,Order Incomes,"3,53"
18847,1,2,,,2026-08-21 12:56:09,Income,Cash,Computer Incomes,"5,41"
18848,2,9,,,2026-08-21 14:51:22,Income,Cash,Computer Incomes,"6,12"
18849,5,6,,36.0,2026-08-21 12:31:11,Income,Cash,Member Transactions,"2,35"
18850,4,4,,62.0,2026-08-21 15:12:43,Income,Cash,Member Transactions,"8,00"
18851,5,11,38.0,,2026-08-21 20:15:21,Income,Credit Card,Order Incomes,"19,77"
18852,5,15,,,2026-08-21 19:20:21,Income,Cash,Computer Incomes,"12,71"
18853,1,14,,,2026-08-21 13:37:40,Income,Cash,Computer Incomes,"2,82"
18854,5,24,,,2026-08-21 19:19:50,Income,Cash,Playstation Incomes,"6,35"
18855,1,6,,,2026-08-21 12:29:19,Income,Cash,Computer Incomes,"21,65"
18856,1,13,,,2026-08-21 17:38:07,Income,Cash,Computer Incomes,"8,23"
18857,5,23,,,2026-08-22 16:46:30,Income,Cash,Playstation Incomes,"20,20"
18858,2,24,,,2026-08-22 18:06:45,Income,Cash,Playstation Incomes,"6,06"
18859,4,15,,,2026-08-22 11:54:58,Income,Credit Card,Computer Incomes,"18,69"
18860,4,13,46.0,,2026-08-22 21:42:32,Income,Cash,Order Incomes,"8,59"
18861,4,3,,,2026-08-22 19:52:09,Income,Cash,Computer Incomes,"7,33"
18862,3,9,30.0,,2026-08-22 14:58:04,Income,Cash,Order Incomes,"8,08"
18863,3,12,,,2026-08-22 14:41:49,Income,Cash,Computer Incomes,"15,15"
18864,1,11,,,2026-08-22 15:37:22,Income,Cash,Computer Incomes,"15,15"
18865,5,16,24.0,,2026-08-22 23:49:34,Income,Cash,Order Incomes,"4,30"
18866,1,9,45.0,,2026-08-22 14:08:54,Income,Cash,Order Incomes,"10,10"
18867,3,1,,,2026-08-22 23:27:32,Income,Cash,Computer Incomes,"14,90"
18868,3,15,,,2026-08-22 13:58:45,Income,Cash,Computer Incomes,"9,60"
18869,1,23,,,2026-08-22 15:49:54,Income,Cash,Playstation Incomes,"17,17"
18870,1,8,,49.0,2026-08-22 20:10:50,Income,Cash,Member Transactions,"6,06"
18871,5,5,,63.0,2026-08-22 12:13:23,Income,Credit Card,Member Transactions,"13,39"
18872,1,13,9.0,,2026-08-22 17:17:48,Income,Credit Card,Order Incomes,"14,14"
18873,1,4,,13.0,2026-08-22 09:32:41,Income,Cash,Member Transactions,"12,12"
18874,2,24,,,2026-08-22 17:07:18,Income,Cash,Playstation Incomes,"15,15"
18875,2,4,,,2026-08-22 11:33:05,Income,Cash,Computer Incomes,"21,46"
18876,1,2,,,2026-08-22 16:05:45,Income,Credit Card,Computer Incomes,"6,82"
18877,1,23,,,2026-08-22 21:05:14,Income,Cash,Playstation Incomes,"25,00"
18878,4,24,,,2026-08-22 17:27:02,Income,Cash,Playstation Incomes,"14,40"
18879,3,15,,,2026-08-22 16:16:59,Income,Cash,Computer Incomes,"17,93"
18880,1,2,47.0,,2026-08-22 19:35:44,Income,Cash,Order Incomes,"6,56"
18881,5,6,,,2026-08-22 09:16:40,Income,Credit Card,Computer Incomes,"24,74"
18882,4,2,,65.0,2026-08-22 17:22:34,Income,Cash,Member Transactions,"6,05"
18883,4,8,15.0,,2026-08-22 14:17:18,Income,Cash,Order Incomes,"12,62"
18884,4,2,13.0,,2026-08-22 18:31:55,Income,Cash,Order Incomes,"25,24"
18885,1,23,,,2026-08-22 20:34:04,Income,Cash,Playstation Incomes,"11,36"
18886,1,10,,,2026-08-22 09:08:48,Income,Credit Card,Computer Incomes,"5,80"
18887,2,24,,,2026-08-22 15:47:27,Income,Cash,Playstation Incomes,"24,99"
18888,5,14,19.0,,2026-08-22 15:01:28,Income,Cash,Order Incomes,"19,43"
18889,2,14,43.0,,2026-08-22 23:26:05,Income,Cash,Order Incomes,"13,12"
18890,5,12,,21.0,2026-08-22 20:01:20,Income,Cash,Member Transactions,"23,98"
18891,2,10,,,2026-08-22 18:51:36,Income,Cash,Computer Incomes,"16,66"
18892,3,23,,,2026-08-22 13:39:14,Income,Cash,Playstation Incomes,"11,86"
18893,5,9,,,2026-08-22 10:25:37,Income,Cash,Computer Incomes,"12,87"
18894,2,3,,,2026-08-22 13:52:27,Income,Cash,Computer Incomes,"10,35"
18895,5,15,,,2026-08-22 14:54:59,Income,Cash,Computer Incomes,"6,56"
18896,5,16,34.0,,2026-08-22 16:55:37,Income,Cash,Order Incomes,"20,19"
18897,4,15,,,2026-08-22 15:38:51,Income,Cash,Computer Incomes,"25,24"
18898,5,9,,,2026-08-23 18:41:56,Income,Cash,Computer Incomes,"7,24"
18899,4,5,,,2026-08-23 16:08:42,Income,Cash,Computer Incomes,"10,18"
18900,3,3,,,2026-08-23 13:00:01,Income,Cash,Computer Incomes,"7,24"
18901,5,11,,,2026-08-23 13:55:45,Income,Cash,Computer Incomes,"16,38"
18902,2,16,,,2026-08-23 15:44:09,Income,Cash,Computer Incomes,"3,45"
18903,3,11,,,2026-08-23 09:00:48,Income,Cash,Computer Incomes,"14,48"
18904,1,3,22.0,,2026-08-23 20:13:41,Income,Cash,Order Incomes,"10,69"
18905,5,3,,,2026-08-23 20:32:36,Income,Cash,Computer Incomes,"16,90"
18906,1,8,26.0,,2026-08-23 09:16:37,Income,Cash,Order Incomes,"3,45"
18907,5,24,,,2026-08-23 19:45:15,Income,Cash,Playstation Incomes,"4,49"
18908,3,7,,,2026-08-23 22:56:06,Income,Cash,Computer Incomes,"16,37"
18909,5,23,,,2026-08-23 23:52:55,Income,Credit Card,Playstation Incomes,"8,44"
18910,1,9,,,2026-08-23 13:44:18,Income,Cash,Computer Incomes,"16,03"
18911,3,7,,27.0,2026-08-23 10:27:08,Income,Cash,Member Transactions,"2,06"
18912,2,24,,,2026-08-23 23:04:08,Income,Credit Card,Playstation Incomes,"14,99"
18913,3,15,,,2026-08-23 09:11:40,Income,Cash,Computer Incomes,"16,37"
18914,2,23,,,2026-08-23 10:00:58,Income,Cash,Playstation Incomes,"14,13"
18915,3,8,,,2026-08-24 09:21:36,Income,Cash,Computer Incomes,"22,22"
18916,3,24,,,2026-08-24 11:54:08,Income,Cash,Playstation Incomes,"37,03"
18917,2,8,7.0,,2026-08-24 15:14:53,Income,Cash,Order Incomes,"14,43"
18918,5,11,,,2026-08-24 10:36:00,Income,Cash,Computer Incomes,"28,46"
18919,3,4,,,2026-08-24 22:54:23,Income,Credit Card,Computer Incomes,"37,42"
18920,1,10,15.0,,2026-08-24 20:16:02,Income,Cash,Order Incomes,"5,46"
18921,1,5,,,2026-08-24 19:52:08,Income,Cash,Computer Incomes,"9,36"
18922,4,23,,,2026-08-24 13:55:47,Income,Cash,Playstation Incomes,"19,49"
18923,4,10,,,2026-08-24 13:18:23,Income,Cash,Computer Incomes,"31,18"
18924,5,9,,,2026-08-24 12:21:58,Income,Cash,Computer Incomes,"30,40"
18925,2,16,,,2026-08-24 11:29:08,Income,Cash,Computer Incomes,"20,66"
18926,5,24,,,2026-08-24 12:46:03,Income,Cash,Playstation Incomes,"15,97"
18927,4,13,,40.0,2026-08-24 10:37:33,Income,Cash,Member Transactions,"8,57"
18928,1,9,,42.0,2026-08-24 10:45:02,Income,Credit Card,Member Transactions,"11,69"
18929,2,9,,,2026-08-24 09:22:45,Income,Cash,Computer Incomes,"16,75"
18930,5,4,,,2026-08-24 18:38:34,Income,Cash,Computer Incomes,"24,16"
18931,5,23,,,2026-08-24 19:58:40,Income,Credit Card,Playstation Incomes,"21,43"
18932,5,5,37.0,,2026-08-24 09:54:56,Income,Cash,Order Incomes,"24,55"
18933,1,2,23.0,,2026-08-24 22:11:18,Income,Cash,Order Incomes,"15,19"
18934,3,16,18.0,,2026-08-25 23:11:37,Income,Cash,Order Incomes,"20,34"
18935,5,1,36.0,,2026-08-25 13:35:47,Income,Credit Card,Order Incomes,"15,56"
18936,2,24,,,2026-08-25 21:39:40,Income,Cash,Playstation Incomes,"27,52"
18937,4,12,,,2026-08-25 16:42:52,Income,Credit Card,Computer Incomes,"8,38"
18938,2,4,3.0,,2026-08-25 14:35:45,Income,Cash,Order Incomes,"12,57"
18939,3,2,,,2026-08-25 23:44:31,Income,Cash,Computer Incomes,"24,53"
18940,2,9,,,2026-08-25 20:46:08,Income,Cash,Computer Incomes,"17,34"
18941,5,6,,,2026-08-25 20:16:32,Income,Cash,Computer Incomes,"43,66"
18942,4,23,,,2026-08-25 20:27:49,Income,Cash,Playstation Incomes,"8,97"
18943,5,7,1.0,,2026-08-25 16:30:48,Income,Cash,Order Incomes,"28,71"
18944,1,15,,,2026-08-25 15:34:03,Income,Cash,Computer Incomes,"9,57"
18945,5,9,9.0,,2026-08-25 16:56:09,Income,Cash,Order Incomes,"22,72"
18946,1,3,,,2026-08-25 22:43:37,Income,Cash,Computer Incomes,"9,57"
18947,5,16,,,2026-08-25 17:06:00,Income,Credit Card,Computer Incomes,"16,74"
18948,4,11,,,2026-08-26 09:23:06,Income,Cash,Computer Incomes,"15,03"
18949,2,8,,,2026-08-26 14:11:54,Income,Cash,Computer Incomes,"28,35"
18950,4,24,,,2026-08-26 15:34:33,Income,Cash,Playstation Incomes,"8,89"
18951,3,11,,,2026-08-26 19:55:49,Income,Credit Card,Computer Incomes,"33,13"
18952,3,6,,,2026-08-26 12:25:15,Income,Cash,Computer Incomes,"30,74"
18953,4,5,,,2026-08-26 13:32:19,Income,Cash,Computer Incomes,"21,86"
18954,5,6,,,2026-08-26 21:26:08,Income,Credit Card,Computer Incomes,"33,13"
18955,3,23,,,2026-08-26 18:18:25,Income,Cash,Playstation Incomes,"10,93"
18956,5,3,,,2026-08-26 16:53:51,Income,Cash,Computer Incomes,"16,40"
18957,3,24,,,2026-08-26 13:19:43,Income,Cash,Playstation Incomes,"19,13"
18958,2,23,,,2026-08-26 18:25:48,Income,Cash,Playstation Incomes,"29,04"
18959,2,1,,,2026-08-26 11:19:42,Income,Cash,Computer Incomes,"22,88"
18960,4,24,,,2026-08-26 12:32:10,Income,Cash,Playstation Incomes,"19,12"
18961,5,23,,,2026-08-26 09:19:07,Income,Cash,Playstation Incomes,"17,41"
18962,3,10,,,2026-08-26 20:00:15,Income,Cash,Computer Incomes,"23,56"
18963,5,15,,,2026-08-26 11:19:53,Income,Cash,Computer Incomes,"30,39"
18964,2,12,,,2026-08-26 19:25:26,Income,Cash,Computer Incomes,"23,90"
18965,1,13,,,2026-08-27 10:45:59,Income,Credit Card,Computer Incomes,"22,48"
18966,2,5,,,2026-08-27 15:47:53,Income,Cash,Computer Incomes,"5,97"
18967,4,1,,,2026-08-27 09:06:37,Income,Cash,Computer Incomes,"12,39"
18968,3,24,,,2026-08-27 16:30:44,Income,Cash,Playstation Incomes,"17,67"
18969,3,23,,,2026-08-27 12:28:14,Income,Cash,Playstation Incomes,"10,10"
18970,5,14,,,2026-08-27 13:50:07,Income,Credit Card,Computer Incomes,"16,98"
18971,5,13,,,2026-08-27 18:13:45,Income,Cash,Computer Incomes,"5,74"
18972,5,3,,,2026-08-27 15:05:10,Income,Cash,Computer Incomes,"13,53"
18973,1,24,,,2026-08-27 15:20:08,Income,Cash,Playstation Incomes,"16,28"
18974,1,14,,,2026-08-27 12:33:44,Income,Cash,Computer Incomes,"9,63"
18975,5,23,,,2026-08-27 12:06:52,Income,Credit Card,Playstation Incomes,"16,51"
18976,2,12,,,2026-08-27 16:51:20,Income,Cash,Computer Incomes,"18,57"
18977,5,10,,,2026-08-27 14:00:18,Income,Cash,Computer Incomes,"16,05"
18978,3,13,,,2026-08-27 23:05:50,Income,Cash,Computer Incomes,"7,56"
18979,4,15,,53.0,2026-08-27 13:35:33,Income,Cash,Member Transactions,"6,42"
18980,1,5,,,2026-08-27 13:18:23,Income,Cash,Computer Incomes,"13,30"
18981,4,3,,50.0,2026-08-27 15:20:50,Income,Cash,Member Transactions,"5,50"
18982,4,4,,49.0,2026-08-27 12:33:45,Income,Cash,Member Transactions,"13,53"
18983,2,8,,,2026-08-28 23:16:52,Income,Credit Card,Computer Incomes,"11,81"
18984,3,24,,,2026-08-28 09:25:20,Income,Cash,Playstation Incomes,"17,06"
18985,5,4,,,2026-08-28 16:53:53,Income,Cash,Computer Incomes,"14,11"
18986,1,5,,,2026-08-28 10:04:14,Income,Cash,Computer Incomes,"15,75"
18987,5,12,,,2026-08-28 13:54:31,Income,Cash,Computer Incomes,"11,16"
18988,2,16,,,2026-08-28 18:01:19,Income,Cash,Computer Incomes,"21,33"
18989,1,23,,,2026-08-28 23:37:50,Income,Credit Card,Playstation Incomes,"31,50"
18990,1,14,11.0,,2026-08-28 13:05:10,Income,Cash,Order Incomes,"10,17"
18991,3,6,,,2026-08-28 13:18:28,Income,Credit Card,Computer Incomes,"16,41"
18992,2,3,,,2026-08-28 12:44:24,Income,Cash,Computer Incomes,"6,57"
18993,5,8,,,2026-08-28 10:31:32,Income,Cash,Computer Incomes,"22,64"
18994,2,5,14.0,,2026-08-28 12:56:20,Income,Cash,Order Incomes,"23,62"
18995,3,12,,47.0,2026-08-28 17:58:03,Income,Credit Card,Member Transactions,"27,56"
18996,1,24,,,2026-08-28 10:00:36,Income,Cash,Playstation Incomes,"32,15"
18997,1,6,,,2026-08-28 12:39:13,Income,Cash,Computer Incomes,"5,25"
18998,2,7,,,2026-08-28 18:26:07,Income,Cash,Computer Incomes,"31,50"
18999,5,2,,29.0,2026-08-28 13:41:09,Income,Cash,Member Transactions,"26,89"
19000,5,15,1.0,,2026-08-28 11:48:36,Income,Cash,Order Incomes,"30,50"
19001,5,16,,,2026-08-28 20:17:17,Income,Cash,Computer Incomes,"21,32"
19002,5,23,,,2026-08-28 17:38:26,Income,Credit Card,Playstation Incomes,"29,19"
19003,5,8,,,2026-08-28 15:33:12,Income,Cash,Computer Incomes,"3,93"
19004,5,5,,,2026-08-28 11:38:12,Income,Cash,Computer Incomes,"4,26"
19005,3,24,,,2026-08-28 10:30:20,Income,Cash,Playstation Incomes,"23,29"
19006,4,11,,,2026-08-28 09:20:38,Income,Cash,Computer Incomes,"12,46"
19007,5,5,,,2026-08-28 13:20:08,Income,Cash,Computer Incomes,"20,01"
19008,4,23,,,2026-08-28 11:24:18,Income,Cash,Playstation Incomes,"27,22"
19009,3,8,3.0,,2026-08-28 17:37:09,Income,Cash,Order Incomes,"17,71"
19010,5,24,,,2026-08-28 20:46:04,Income,Cash,Playstation Incomes,"30,83"
19011,5,1,,,2026-08-28 14:24:02,Income,Cash,Computer Incomes,"13,77"
19012,4,9,,,2026-08-28 09:56:04,Income,Cash,Computer Incomes,"5,57"
19013,1,9,,,2026-08-29 12:36:48,Income,Cash,Computer Incomes,"19,35"
19014,2,12,,,2026-08-29 11:42:51,Income,Cash,Computer Incomes,"26,26"
19015,2,13,26.0,,2026-08-29 12:40:17,Income,Credit Card,Order Incomes,"25,98"
19016,5,2,,34.0,2026-08-29 12:28:56,Income,Credit Card,Member Transactions,"4,15"
19017,5,11,,,2026-08-29 23:20:45,Income,Cash,Computer Incomes,"5,26"
19018,1,3,,,2026-08-29 15:50:34,Income,Cash,Computer Incomes,"7,74"
19019,1,15,,,2026-08-29 13:52:35,Income,Cash,Computer Incomes,"8,85"
19020,5,12,,,2026-08-29 17:17:45,Income,Credit Card,Computer Incomes,"27,09"
19021,5,10,,,2026-08-29 22:09:18,Income,Cash,Computer Incomes,"26,26"
19022,5,14,,20.0,2026-08-29 19:13:54,Income,Cash,Member Transactions,"6,36"
19023,1,23,,,2026-08-29 16:47:06,Income,Cash,Playstation Incomes,"4,70"
19024,2,14,,,2026-08-29 20:57:22,Income,Cash,Computer Incomes,"15,48"
19025,4,24,,,2026-08-29 17:23:05,Income,Cash,Playstation Incomes,"23,77"
19026,3,13,,,2026-08-29 14:07:55,Income,Credit Card,Computer Incomes,"5,26"
19027,4,8,,,2026-08-29 14:10:24,Income,Cash,Computer Incomes,"24,05"
19028,2,4,,,2026-08-29 13:36:09,Income,Cash,Computer Incomes,"15,20"
19029,1,8,,,2026-08-29 16:56:26,Income,Cash,Computer Incomes,"12,15"
19030,5,11,,,2026-08-29 10:55:45,Income,Cash,Computer Incomes,"14,36"
19031,2,23,,,2026-08-29 18:23:08,Income,Cash,Playstation Incomes,"14,64"
19032,2,5,5.0,,2026-08-29 12:53:59,Income,Cash,Order Incomes,"11,05"
19033,2,24,,,2026-08-29 23:45:24,Income,Cash,Playstation Incomes,"16,58"
19034,5,16,16.0,,2026-08-29 21:50:48,Income,Cash,Order Incomes,"5,25"
19035,4,23,,,2026-08-29 21:00:00,Income,Cash,Playstation Incomes,"9,94"
19036,1,2,,,2026-08-29 23:45:50,Income,Cash,Computer Incomes,"21,83"
19037,1,6,16.0,,2026-08-29 09:57:59,Income,Cash,Order Incomes,"4,42"
19038,3,14,,,2026-08-29 20:40:42,Income,Cash,Computer Incomes,"25,14"
19039,4,2,17.0,,2026-08-29 23:12:55,Income,Cash,Order Incomes,"7,73"
19040,2,24,,,2026-08-29 14:38:43,Income,Credit Card,Playstation Incomes,"8,84"
19041,5,14,,,2026-08-29 13:07:57,Income,Cash,Computer Incomes,"17,68"
19042,4,13,12.0,,2026-08-29 16:23:38,Income,Cash,Order Incomes,"19,06"
19043,4,3,,,2026-08-29 09:01:09,Income,Credit Card,Computer Incomes,"17,96"
19044,5,13,31.0,,2026-08-29 09:31:09,Income,Cash,Order Incomes,"24,31"
19045,2,23,,,2026-08-29 18:59:08,Income,Credit Card,Playstation Incomes,"7,46"
19046,2,16,,,2026-08-29 12:43:30,Income,Cash,Computer Incomes,"16,02"
19047,4,7,,,2026-08-29 19:11:55,Income,Cash,Computer Incomes,"4,97"
19048,2,24,,,2026-08-30 22:04:36,Income,Credit Card,Playstation Incomes,"17,73"
19049,2,8,,,2026-08-30 12:50:18,Income,Credit Card,Computer Incomes,"4,54"
19050,5,8,,9.0,2026-08-30 19:57:24,Income,Cash,Member Transactions,"15,05"
19051,5,14,,52.0,2026-08-30 11:38:14,Income,Cash,Member Transactions,"16,91"
19052,3,11,,,2026-08-30 15:40:17,Income,Cash,Computer Incomes,"11,55"
19053,3,8,,,2026-08-30 17:32:23,Income,Credit Card,Computer Incomes,"10,31"
19054,3,23,,,2026-08-30 22:36:15,Income,Cash,Playstation Incomes,"13,61"
19055,5,24,,,2026-08-30 13:17:34,Income,Credit Card,Playstation Incomes,"7,63"
19056,5,1,19.0,,2026-08-30 11:26:49,Income,Credit Card,Order Incomes,"9,27"
19057,3,7,,,2026-08-30 10:44:35,Income,Credit Card,Computer Incomes,"18,13"
19058,1,5,,39.0,2026-08-30 14:13:03,Income,Cash,Member Transactions,"19,78"
19059,4,2,,,2026-08-30 21:18:15,Income,Cash,Computer Incomes,"17,72"
19060,2,2,,,2026-08-30 22:29:14,Income,Cash,Computer Incomes,"16,90"
19061,1,16,,,2026-08-30 23:20:05,Income,Cash,Computer Incomes,"9,68"
19062,5,23,,,2026-08-30 20:09:18,Income,Cash,Playstation Incomes,"12,16"
19063,4,6,,,2026-08-30 17:38:31,Income,Cash,Computer Incomes,"4,74"
19064,4,10,,,2026-08-30 10:42:49,Income,Credit Card,Computer Incomes,"2,47"
19065,3,5,,,2026-08-30 11:40:26,Income,Cash,Computer Incomes,"19,16"
19066,1,15,,,2026-08-30 19:19:01,Income,Credit Card,Computer Incomes,"8,24"
19067,4,1,,,2026-08-30 21:41:59,Income,Cash,Computer Incomes,"13,19"
19068,3,24,,,2026-08-31 23:57:31,Income,Cash,Playstation Incomes,"5,18"
19069,2,7,48.0,,2026-08-31 19:25:30,Income,Cash,Order Incomes,"11,76"
19070,4,8,,,2026-08-31 15:02:23,Income,Cash,Computer Incomes,"8,47"
19071,2,5,,,2026-08-31 22:02:56,Income,Cash,Computer Incomes,"14,81"
19072,3,14,,,2026-08-31 15:19:02,Income,Cash,Computer Incomes,"7,29"
19073,4,10,,28.0,2026-08-31 13:09:47,Income,Cash,Member Transactions,"7,29"
19074,4,10,,,2026-08-31 09:35:38,Income,Cash,Computer Incomes,"7,53"
19075,1,5,,,2026-08-31 17:20:06,Income,Cash,Computer Incomes,"2,36"
19076,1,23,,,2026-08-31 13:06:01,Income,Cash,Playstation Incomes,"23,04"
19077,2,7,,,2026-08-31 14:27:33,Income,Cash,Computer Incomes,"14,58"
19078,2,16,,,2026-08-31 15:04:07,Income,Cash,Computer Incomes,"5,64"
19079,2,5,,,2026-08-31 10:36:02,Income,Cash,Computer Incomes,"9,87"
19080,3,24,,,2026-08-31 20:43:50,Income,Cash,Playstation Incomes,"8,69"
19081,4,23,,,2026-08-31 09:48:29,Income,Credit Card,Playstation Incomes,"7,75"
19082,5,24,,,2026-08-31 19:57:50,Income,Credit Card,Playstation Incomes,"17,39"
19083,4,3,23.0,,2026-08-31 20:27:40,Income,Credit Card,Order Incomes,"22,79"
19084,2,2,,,2026-08-31 11:44:07,Income,Cash,Computer Incomes,"10,10"
19085,4,4,,,2026-08-31 10:27:09,Income,Cash,Computer Incomes,"17,15"
19086,4,16,,,2026-08-31 17:35:08,Income,Cash,Computer Incomes,"9,40"
19087,2,23,,,2026-08-31 16:27:40,Income,Cash,Playstation Incomes,"18,56"
19088,4,11,1.0,,2026-08-31 10:51:37,Income,Credit Card,Order Incomes,"11,51"
19089,5,24,,,2026-08-31 13:10:06,Income,Cash,Playstation Incomes,"8,93"
19090,2,15,46.0,,2026-08-31 15:37:51,Income,Cash,Order Incomes,"22,56"
19091,4,15,,,2026-09-01 15:02:35,Income,Cash,Computer Incomes,"8,82"
19092,2,4,,,2026-09-01 11:42:49,Income,Cash,Computer Incomes,"19,73"
19093,1,4,,,2026-09-01 16:16:59,Income,Cash,Computer Incomes,"41,56"
19094,3,12,,,2026-09-01 17:56:16,Income,Cash,Computer Incomes,"28,13"
19095,4,2,42.0,,2026-09-01 10:29:25,Income,Cash,Order Incomes,"24,77"
19096,5,23,,,2026-09-01 22:08:32,Income,Cash,Playstation Incomes,"23,51"
19097,4,6,,,2026-09-01 17:32:34,Income,Credit Card,Computer Incomes,"40,30"
19098,5,24,,,2026-09-01 12:36:40,Income,Cash,Playstation Incomes,"25,18"
19099,1,9,,,2026-09-01 17:09:09,Income,Cash,Computer Incomes,"6,71"
19100,3,4,,,2026-09-01 21:55:43,Income,Cash,Computer Incomes,"17,62"
19101,4,4,28.0,,2026-09-01 11:32:04,Income,Cash,Order Incomes,"23,50"
19102,1,15,,,2026-09-01 21:27:02,Income,Cash,Computer Incomes,"36,93"
19103,4,23,,,2026-09-01 23:52:28,Income,Cash,Playstation Incomes,"18,04"
19104,4,16,,,2026-09-01 22:45:47,Income,Cash,Computer Incomes,"32,31"
19105,1,5,,,2026-09-01 22:22:28,Income,Cash,Computer Incomes,"36,09"
19106,4,4,,,2026-09-02 09:38:26,Income,Credit Card,Computer Incomes,"9,59"
19107,2,3,,,2026-09-02 09:09:44,Income,Cash,Computer Incomes,"12,48"
19108,3,15,,,2026-09-02 23:18:56,Income,Cash,Computer Incomes,"4,47"
19109,2,24,,,2026-09-02 16:54:47,Income,Credit Card,Playstation Incomes,"4,73"
19110,1,9,,,2026-09-02 14:19:06,Income,Cash,Computer Incomes,"9,99"
19111,3,6,13.0,,2026-09-02 11:36:10,Income,Credit Card,Order Incomes,"8,02"
19112,2,14,,,2026-09-02 21:41:21,Income,Cash,Computer Incomes,"8,67"
19113,1,9,,,2026-09-02 09:08:14,Income,Cash,Computer Incomes,"8,40"
19114,4,11,,23.0,2026-09-02 14:23:26,Income,Cash,Member Transactions,"12,08"
19115,5,23,,,2026-09-02 22:00:04,Income,Cash,Playstation Incomes,"13,00"
19116,2,24,,,2026-09-02 22:04:30,Income,Cash,Playstation Incomes,"12,60"
19117,1,3,,,2026-09-02 14:35:21,Income,Cash,Computer Incomes,"3,54"
19118,4,5,,,2026-09-02 17:49:00,Income,Credit Card,Computer Incomes,"8,27"
19119,5,4,,,2026-09-02 21:38:29,Income,Cash,Computer Incomes,"4,07"
19120,3,13,,15.0,2026-09-02 20:17:19,Income,Cash,Member Transactions,"12,60"
19121,3,6,,,2026-09-02 21:00:00,Income,Cash,Computer Incomes,"8,01"
19122,3,7,,,2026-09-02 23:39:15,Income,Cash,Computer Incomes,"11,94"
19123,1,9,33.0,,2026-09-03 22:05:15,Income,Cash,Order Incomes,"20,30"
19124,5,23,,,2026-09-03 16:11:19,Income,Cash,Playstation Incomes,"14,91"
19125,1,14,,,2026-09-03 18:35:52,Income,Cash,Computer Incomes,"19,99"
19126,3,4,,,2026-09-03 18:30:44,Income,Cash,Computer Incomes,"25,69"
19127,1,24,,,2026-09-03 14:09:51,Income,Cash,Playstation Incomes,"26,33"
19128,3,2,30.0,,2026-09-03 20:31:43,Income,Credit Card,Order Incomes,"20,62"
19129,2,9,31.0,,2026-09-03 15:26:53,Income,Credit Card,Order Incomes,"27,60"
19130,2,11,,,2026-09-03 17:31:59,Income,Credit Card,Computer Incomes,"12,69"
19131,3,4,,,2026-09-03 09:08:54,Income,Cash,Computer Incomes,"8,25"
19132,1,23,,,2026-09-03 12:16:01,Income,Cash,Playstation Incomes,"28,22"
19133,3,24,,,2026-09-03 22:27:00,Income,Cash,Playstation Incomes,"5,07"
19134,1,3,,,2026-09-03 17:28:04,Income,Cash,Computer Incomes,"23,15"
19135,2,13,,,2026-09-03 21:44:05,Income,Cash,Computer Incomes,"15,54"
19136,4,12,36.0,,2026-09-03 20:05:23,Income,Cash,Order Incomes,"12,36"
19137,5,5,,,2026-09-03 13:46:15,Income,Cash,Computer Incomes,"7,92"
19138,5,10,,,2026-09-03 18:57:29,Income,Cash,Computer Incomes,"15,85"
19139,2,4,,45.0,2026-09-04 12:06:25,Income,Cash,Member Transactions,"15,65"
19140,2,23,,,2026-09-04 19:22:44,Income,Cash,Playstation Incomes,"18,09"
19141,4,11,,,2026-09-04 10:46:52,Income,Cash,Computer Incomes,"15,25"
19142,1,13,,,2026-09-04 11:11:34,Income,Cash,Computer Incomes,"2,85"
19143,2,6,,,2026-09-04 21:53:52,Income,Cash,Computer Incomes,"19,11"
19144,4,13,,53.0,2026-09-04 18:41:38,Income,Cash,Member Transactions,"3,26"
19145,4,3,,38.0,2026-09-04 12:05:00,Income,Cash,Member Transactions,"9,56"
19146,1,5,,,2026-09-04 22:15:10,Income,Credit Card,Computer Incomes,"7,93"
19147,5,5,,,2026-09-04 23:35:45,Income,Cash,Computer Incomes,"13,42"
19148,2,8,,,2026-09-04 19:30:37,Income,Cash,Computer Incomes,"10,37"
19149,4,24,,,2026-09-04 11:26:49,Income,Cash,Playstation Incomes,"4,48"
19150,3,5,10.0,,2026-09-04 15:50:21,Income,Cash,Order Incomes,"12,20"
19151,3,8,,,2026-09-04 20:12:44,Income,Credit Card,Computer Incomes,"13,01"
19152,4,13,,11.0,2026-09-04 18:10:16,Income,Cash,Member Transactions,"20,33"
19153,2,5,,,2026-09-04 16:02:38,Income,Cash,Computer Incomes,"11,18"
19154,5,6,,,2026-09-04 21:45:52,Income,Credit Card,Computer Incomes,"16,87"
19155,3,13,,,2026-09-04 20:45:25,Income,Cash,Computer Incomes,"17,89"
19156,4,10,28.0,,2026-09-04 23:41:43,Income,Cash,Order Incomes,"13,21"
19157,3,16,26.0,,2026-09-04 09:22:52,Income,Credit Card,Order Incomes,"15,04"
19158,4,6,,,2026-09-04 21:26:46,Income,Credit Card,Computer Incomes,"19,71"
19159,3,7,,,2026-09-04 15:53:18,Income,Cash,Computer Incomes,"16,86"
19160,5,4,,,2026-09-04 12:18:32,Income,Cash,Computer Incomes,"17,47"
19161,5,11,41.0,,2026-09-04 11:17:16,Income,Cash,Order Incomes,"13,81"
19162,1,10,,,2026-09-04 17:05:24,Income,Cash,Computer Incomes,"9,75"
19163,2,8,29.0,,2026-09-04 18:54:13,Income,Cash,Order Incomes,"3,04"
19164,4,23,,,2026-09-04 20:56:54,Income,Credit Card,Playstation Incomes,"3,25"
19165,2,4,,,2026-09-04 23:38:53,Income,Cash,Computer Incomes,"16,05"
19166,1,13,,,2026-09-04 19:32:00,Income,Credit Card,Computer Incomes,"16,25"
19167,5,15,,,2026-09-04 10:50:18,Income,Cash,Computer Incomes,"8,12"
19168,5,10,,,2026-09-04 23:27:53,Income,Cash,Computer Incomes,"17,27"
19169,4,7,,,2026-09-04 09:58:30,Income,Cash,Computer Incomes,"11,99"
19170,3,24,,,2026-09-04 15:39:08,Income,Cash,Playstation Incomes,"13,41"
19171,5,3,,,2026-09-04 10:08:14,Income,Cash,Computer Incomes,"16,25"
19172,1,3,,,2026-09-04 17:32:42,Income,Cash,Computer Incomes,"16,86"
19173,2,6,21.0,,2026-09-05 20:37:26,Income,Cash,Order Incomes,"7,84"
19174,5,12,,,2026-09-05 14:50:13,Income,Cash,Computer Incomes,"11,05"
19175,1,23,,,2026-09-05 12:55:10,Income,Cash,Playstation Incomes,"19,59"
19176,1,6,,,2026-09-05 17:09:40,Income,Cash,Computer Incomes,"25,65"
19177,2,2,,,2026-09-05 23:56:09,Income,Cash,Computer Incomes,"7,48"
19178,2,6,,5.0,2026-09-05 14:33:25,Income,Cash,Member Transactions,"6,42"
19179,1,8,,,2026-09-05 12:37:22,Income,Cash,Computer Incomes,"33,49"
19180,1,11,44.0,,2026-09-05 17:02:43,Income,Cash,Order Incomes,"5,35"
19181,4,24,,,2026-09-05 14:20:20,Income,Cash,Playstation Incomes,"15,68"
19182,1,23,,,2026-09-05 13:39:05,Income,Cash,Playstation Incomes,"6,42"
19183,1,10,,,2026-09-05 22:33:00,Income,Cash,Computer Incomes,"33,49"
19184,4,13,3.0,,2026-09-05 15:46:00,Income,Cash,Order Incomes,"16,03"
19185,5,5,,25.0,2026-09-05 21:49:05,Income,Credit Card,Member Transactions,"27,78"
19186,3,4,7.0,,2026-09-05 15:02:03,Income,Credit Card,Order Incomes,"20,30"
19187,5,12,,,2026-09-05 20:21:02,Income,Cash,Computer Incomes,"21,01"
19188,3,11,,,2026-09-05 16:06:52,Income,Cash,Computer Incomes,"5,34"
19189,3,3,,,2026-09-05 15:55:59,Income,Cash,Computer Incomes,"13,17"
19190,3,13,,,2026-09-05 18:35:59,Income,Credit Card,Computer Incomes,"29,20"
19191,4,15,,,2026-09-05 09:35:49,Income,Cash,Computer Incomes,"18,16"
19192,3,5,,33.0,2026-09-05 11:40:37,Income,Cash,Member Transactions,"22,79"
19193,2,12,23.0,,2026-09-05 21:52:07,Income,Cash,Order Incomes,"7,47"
19194,5,12,,63.0,2026-09-05 23:08:44,Income,Cash,Member Transactions,"17,45"
19195,5,7,,,2026-09-05 12:01:15,Income,Cash,Computer Incomes,"14,60"
19196,2,1,,,2026-09-05 23:06:05,Income,Cash,Computer Incomes,"14,24"
19197,2,10,36.0,,2026-09-05 21:08:18,Income,Cash,Order Incomes,"12,82"
19198,4,11,,,2026-09-05 22:56:13,Income,Cash,Computer Incomes,"25,64"
19199,1,12,,8.0,2026-09-05 14:02:14,Income,Cash,Member Transactions,"4,63"
19200,5,7,,,2026-09-05 19:21:47,Income,Cash,Computer Incomes,"10,32"
19201,3,13,,,2026-09-06 18:22:22,Income,Cash,Computer Incomes,"32,59"
19202,5,10,,,2026-09-06 13:04:59,Income,Cash,Computer Incomes,"14,32"
19203,3,5,,,2026-09-06 19:58:03,Income,Cash,Computer Incomes,"22,72"
19204,1,14,,,2026-09-06 11:02:22,Income,Cash,Computer Incomes,"32,59"
19205,2,5,,,2026-09-06 17:36:18,Income,Cash,Computer Incomes,"8,40"
19206,5,2,,,2026-09-06 11:26:34,Income,Cash,Computer Incomes,"35,06"
19207,2,4,,,2026-09-06 23:11:48,Income,Cash,Computer Incomes,"8,40"
19208,5,15,,,2026-09-06 12:43:30,Income,Cash,Computer Incomes,"47,90"
19209,4,2,,,2026-09-06 17:33:47,Income,Cash,Computer Incomes,"40,48"
19210,4,4,29.0,,2026-09-06 16:39:34,Income,Cash,Order Incomes,"46,90"
19211,2,24,,,2026-09-06 21:44:10,Income,Cash,Playstation Incomes,"17,28"
19212,4,23,,,2026-09-06 10:48:12,Income,Cash,Playstation Incomes,"28,14"
19213,5,7,,,2026-09-06 11:19:37,Income,Cash,Computer Incomes,"14,81"
19214,3,3,2.0,,2026-09-06 20:17:17,Income,Cash,Order Incomes,"17,77"
19215,4,4,,,2026-09-07 22:43:46,Income,Credit Card,Computer Incomes,"23,62"
19216,1,12,,,2026-09-07 15:38:38,Income,Cash,Computer Incomes,"30,67"
19217,1,1,,,2026-09-07 18:58:08,Income,Cash,Computer Incomes,"13,19"
19218,4,9,9.0,,2026-09-07 17:20:23,Income,Cash,Order Incomes,"3,68"
19219,4,24,,,2026-09-07 16:18:50,Income,Cash,Playstation Incomes,"25,76"
19220,4,1,39.0,,2026-09-07 20:03:47,Income,Cash,Order Incomes,"15,64"
19221,2,16,,,2026-09-07 16:02:24,Income,Cash,Computer Incomes,"23,62"
19222,5,13,,,2026-09-07 10:46:46,Income,Cash,Computer Incomes,"5,83"
19223,2,13,,,2026-09-07 22:50:29,Income,Cash,Computer Incomes,"8,59"
19224,3,10,,,2026-09-07 21:33:32,Income,Cash,Computer Incomes,"3,68"
19225,1,9,,,2026-09-07 10:40:59,Income,Cash,Computer Incomes,"16,87"
19226,2,6,,,2026-09-07 15:41:33,Income,Credit Card,Computer Incomes,"27,91"
19227,2,3,,,2026-09-07 19:54:20,Income,Cash,Computer Incomes,"6,44"
19228,5,14,,,2026-09-07 16:18:46,Income,Cash,Computer Incomes,"14,11"
19229,5,11,37.0,,2026-09-07 23:41:43,Income,Cash,Order Incomes,"25,75"
19230,4,8,,,2026-09-07 17:18:54,Income,Cash,Computer Incomes,"10,73"
19231,5,11,43.0,,2026-09-07 11:43:03,Income,Cash,Order Incomes,"30,05"
19232,1,23,,,2026-09-07 22:14:36,Income,Cash,Playstation Incomes,"21,15"
19233,3,24,,,2026-09-07 23:33:22,Income,Cash,Playstation Incomes,"19,62"
19234,3,23,,,2026-09-07 23:04:31,Income,Cash,Playstation Incomes,"14,10"
19235,1,1,,,2026-09-08 17:43:45,Income,Cash,Computer Incomes,"27,96"
19236,1,1,,,2026-09-08 23:44:33,Income,Cash,Computer Incomes,"16,17"
19237,2,8,,,2026-09-08 15:43:31,Income,Cash,Computer Incomes,"7,43"
19238,2,24,,,2026-09-08 17:14:26,Income,Cash,Playstation Incomes,"26,65"
19239,2,13,,,2026-09-08 16:40:12,Income,Cash,Computer Incomes,"30,59"
19240,2,5,,,2026-09-08 09:51:46,Income,Cash,Computer Incomes,"42,38"
19241,5,7,,25.0,2026-09-08 16:51:33,Income,Credit Card,Member Transactions,"22,71"
19242,2,11,24.0,,2026-09-08 11:25:03,Income,Cash,Order Incomes,"30,58"
19243,2,9,,19.0,2026-09-08 20:28:54,Income,Cash,Member Transactions,"12,23"
19244,5,8,,,2026-09-08 17:48:21,Income,Cash,Computer Incomes,"4,80"
19245,1,23,,,2026-09-08 16:50:29,Income,Cash,Playstation Incomes,"5,24"
19246,3,24,,,2026-09-08 22:25:57,Income,Cash,Playstation Incomes,"22,28"
19247,5,16,,,2026-09-08 16:51:29,Income,Cash,Computer Incomes,"29,27"
19248,5,3,,,2026-09-08 14:25:58,Income,Cash,Computer Incomes,"15,29"
19249,4,5,1.0,,2026-09-08 11:03:11,Income,Cash,Order Incomes,"31,89"
19250,2,13,,,2026-09-09 09:03:33,Income,Credit Card,Computer Incomes,"4,19"
19251,4,15,,,2026-09-09 22:07:27,Income,Cash,Computer Incomes,"13,21"
19252,4,3,,,2026-09-09 18:50:44,Income,Cash,Computer Incomes,"20,03"
19253,2,9,,33.0,2026-09-09 15:37:58,Income,Cash,Member Transactions,"11,66"
19254,3,13,11.0,,2026-09-09 15:22:50,Income,Cash,Order Incomes,"11,44"
19255,4,23,,,2026-09-09 09:54:14,Income,Credit Card,Playstation Incomes,"10,12"
19256,3,24,,,2026-09-09 15:02:59,Income,Cash,Playstation Incomes,"7,48"
19257,3,1,,,2026-09-09 16:43:11,Income,Cash,Computer Incomes,"7,70"
19258,3,15,,,2026-09-09 13:17:14,Income,Cash,Computer Incomes,"5,28"
19259,3,2,,,2026-09-09 14:00:12,Income,Cash,Computer Incomes,"4,18"
19260,5,12,,,2026-09-09 09:08:29,Income,Cash,Computer Incomes,"6,38"
19261,1,14,,,2026-09-09 15:04:27,Income,Cash,Computer Incomes,"14,96"
19262,4,16,,66.0,2026-09-09 23:36:34,Income,Cash,Member Transactions,"20,90"
19263,2,10,,,2026-09-09 16:34:16,Income,Cash,Computer Incomes,"4,18"
19264,4,5,,,2026-09-09 22:34:18,Income,Credit Card,Computer Incomes,"9,68"
19265,3,13,,,2026-09-09 10:55:09,Income,Cash,Computer Incomes,"3,30"
19266,2,6,,,2026-09-09 15:46:57,Income,Cash,Computer Incomes,"4,40"
19267,3,2,,,2026-09-09 16:27:42,Income,Cash,Computer Incomes,"7,48"
19268,5,1,,,2026-09-10 11:55:09,Income,Cash,Computer Incomes,"2,91"
19269,1,23,,,2026-09-10 20:21:24,Income,Cash,Playstation Incomes,"7,28"
19270,1,15,5.0,,2026-09-10 15:29:47,Income,Cash,Order Incomes,"16,59"
19271,4,24,,,2026-09-10 19:27:32,Income,Credit Card,Playstation Incomes,"12,23"
19272,3,15,,,2026-09-10 10:38:07,Income,Cash,Computer Incomes,"26,19"
19273,5,16,,,2026-09-10 19:40:35,Income,Cash,Computer Incomes,"20,08"
19274,3,3,,,2026-09-10 20:23:10,Income,Credit Card,Computer Incomes,"26,19"
19275,3,9,,,2026-09-10 11:15:18,Income,Cash,Computer Incomes,"23,28"
19276,3,4,,,2026-09-10 15:10:07,Income,Cash,Computer Incomes,"8,15"
19277,4,11,,,2026-09-10 14:13:01,Income,Credit Card,Computer Incomes,"17,75"
19278,2,11,,,2026-09-10 18:23:45,Income,Cash,Computer Incomes,"18,92"
19279,1,2,,,2026-09-10 21:34:34,Income,Cash,Computer Incomes,"26,48"
19280,4,6,,,2026-09-10 20:14:32,Income,Cash,Computer Incomes,"18,33"
19281,2,5,32.0,,2026-09-10 10:32:36,Income,Cash,Order Incomes,"23,27"
19282,3,6,7.0,,2026-09-10 23:44:09,Income,Cash,Order Incomes,"9,01"
19283,4,3,40.0,,2026-09-10 14:03:22,Income,Cash,Order Incomes,"5,52"
19284,1,16,,,2026-09-10 14:41:03,Income,Cash,Computer Incomes,"20,94"
19285,5,10,,,2026-09-10 10:24:19,Income,Cash,Computer Incomes,"13,09"
19286,1,23,,,2026-09-10 19:51:29,Income,Cash,Playstation Incomes,"4,94"
19287,3,1,26.0,,2026-09-10 13:13:29,Income,Cash,Order Incomes,"22,11"
19288,1,24,,,2026-09-11 23:38:49,Income,Cash,Playstation Incomes,"12,82"
19289,5,8,,,2026-09-11 10:11:35,Income,Cash,Computer Incomes,"8,23"
19290,2,23,,,2026-09-11 16:44:48,Income,Credit Card,Playstation Incomes,"13,52"
19291,5,6,,,2026-09-11 09:21:56,Income,Credit Card,Computer Incomes,"2,79"
19292,3,2,,,2026-09-11 19:59:42,Income,Cash,Computer Incomes,"1,82"
19293,3,7,,,2026-09-11 22:26:05,Income,Cash,Computer Incomes,"6,55"
19294,1,2,,,2026-09-11 14:56:09,Income,Cash,Computer Incomes,"11,85"
19295,1,11,,,2026-09-11 09:17:48,Income,Cash,Computer Incomes,"13,94"
19296,5,3,5.0,,2026-09-11 09:43:08,Income,Cash,Order Incomes,"10,04"
19297,5,6,,,2026-09-11 14:44:59,Income,Cash,Computer Incomes,"3,77"
19298,1,6,,,2026-09-11 18:23:29,Income,Cash,Computer Incomes,"11,57"
19299,2,4,,,2026-09-11 11:10:33,Income,Cash,Computer Incomes,"4,60"
19300,5,24,,,2026-09-11 19:09:23,Income,Cash,Playstation Incomes,"8,23"
19301,4,23,,,2026-09-11 13:21:23,Income,Cash,Playstation Incomes,"4,46"
19302,5,4,,,2026-09-11 22:56:53,Income,Cash,Computer Incomes,"13,24"
19303,2,11,,,2026-09-11 09:42:47,Income,Cash,Computer Incomes,"6,41"
19304,5,1,,,2026-09-11 14:52:13,Income,Cash,Computer Incomes,"4,60"
19305,3,24,,,2026-09-11 15:58:19,Income,Cash,Playstation Incomes,"10,31"
19306,5,5,,,2026-09-11 20:12:19,Income,Credit Card,Computer Incomes,"8,08"
19307,4,6,,,2026-09-11 09:52:00,Income,Credit Card,Computer Incomes,"5,15"
19308,5,11,,,2026-09-11 09:43:31,Income,Cash,Computer Incomes,"3,76"
19309,2,12,,,2026-09-11 19:26:38,Income,Cash,Computer Incomes,"7,38"
19310,2,11,,,2026-09-11 13:34:43,Income,Cash,Computer Incomes,"12,95"
19311,5,23,,,2026-09-11 11:21:22,Income,Cash,Playstation Incomes,"7,66"
19312,1,7,,,2026-09-11 10:51:50,Income,Credit Card,Computer Incomes,"13,93"
19313,1,4,23.0,,2026-09-11 14:55:04,Income,Cash,Order Incomes,"12,26"
19314,4,12,17.0,,2026-09-11 19:14:38,Income,Cash,Order Incomes,"4,18"
19315,2,7,,,2026-09-11 11:13:10,Income,Credit Card,Computer Incomes,"8,91"
19316,2,24,,,2026-09-11 17:07:03,Income,Credit Card,Playstation Incomes,"7,66"
19317,1,23,,,2026-09-11 14:22:29,Income,Cash,Playstation Incomes,"12,12"
19318,4,24,,,2026-09-11 15:23:57,Income,Cash,Playstation Incomes,"11,56"
19319,1,8,37.0,,2026-09-11 13:56:23,Income,Credit Card,Order Incomes,"9,75"
19320,5,7,2.0,,2026-09-11 12:41:28,Income,Cash,Order Incomes,"13,79"
19321,1,9,,,2026-09-11 21:28:46,Income,Cash,Computer Incomes,"12,95"
19322,1,23,,,2026-09-11 19:30:42,Income,Cash,Playstation Incomes,"3,90"
19323,4,9,,,2026-09-11 09:57:35,Income,Cash,Computer Incomes,"6,82"
19324,4,24,,,2026-09-11 23:04:16,Income,Cash,Playstation Incomes,"10,31"
19325,5,3,,,2026-09-11 11:01:51,Income,Cash,Computer Incomes,"9,61"
19326,5,23,,,2026-09-11 13:09:42,Income,Cash,Playstation Incomes,"4,18"
19327,3,12,,,2026-09-11 15:05:43,Income,Credit Card,Computer Incomes,"3,76"
19328,1,7,25.0,,2026-09-12 19:13:52,Income,Cash,Order Incomes,"3,05"
19329,5,5,,,2026-09-12 19:35:14,Income,Cash,Computer Incomes,"9,30"
19330,1,6,,,2026-09-12 15:22:48,Income,Cash,Computer Incomes,"2,44"
19331,5,4,17.0,,2026-09-12 18:27:55,Income,Cash,Order Incomes,"13,27"
19332,5,12,,64.0,2026-09-12 14:30:35,Income,Credit Card,Member Transactions,"12,51"
19333,2,24,,,2026-09-12 10:35:01,Income,Cash,Playstation Incomes,"1,99"
19334,1,16,,,2026-09-12 11:47:30,Income,Cash,Computer Incomes,"1,99"
19335,5,23,,,2026-09-12 19:58:43,Income,Cash,Playstation Incomes,"14,34"
19336,1,6,,,2026-09-12 17:30:49,Income,Cash,Computer Incomes,"6,56"
19337,1,6,,,2026-09-12 15:27:15,Income,Cash,Computer Incomes,"4,27"
19338,5,4,,,2026-09-12 14:49:34,Income,Cash,Computer Incomes,"13,42"
19339,4,24,,,2026-09-12 21:47:00,Income,Cash,Playstation Incomes,"14,49"
19340,2,23,,,2026-09-12 21:18:56,Income,Cash,Playstation Incomes,"9,15"
19341,1,8,,,2026-09-12 15:32:23,Income,Cash,Computer Incomes,"5,80"
19342,5,24,,,2026-09-12 11:51:55,Income,Cash,Playstation Incomes,"15,10"
19343,5,1,,,2026-09-12 20:57:25,Income,Credit Card,Computer Incomes,"11,74"
19344,3,1,,60.0,2026-09-12 22:35:21,Income,Cash,Member Transactions,"11,29"
19345,4,16,3.0,,2026-09-12 17:03:59,Income,Cash,Order Incomes,"5,19"
19346,1,8,,,2026-09-12 12:34:15,Income,Cash,Computer Incomes,"6,26"
19347,4,10,,,2026-09-12 14:31:18,Income,Cash,Computer Incomes,"12,66"
19348,5,2,,,2026-09-12 11:32:20,Income,Cash,Computer Incomes,"8,84"
19349,5,23,,,2026-09-12 09:05:58,Income,Cash,Playstation Incomes,"13,41"
19350,2,14,,,2026-09-12 20:26:36,Income,Cash,Computer Incomes,"10,51"
19351,3,14,,,2026-09-12 10:33:17,Income,Cash,Computer Incomes,"4,57"
19352,2,5,29.0,,2026-09-12 16:56:43,Income,Credit Card,Order Incomes,"13,87"
19353,2,2,,,2026-09-12 10:48:42,Income,Cash,Computer Incomes,"13,72"
19354,5,11,,,2026-09-12 10:10:49,Income,Cash,Computer Incomes,"5,48"
19355,2,14,,,2026-09-12 14:04:13,Income,Cash,Computer Incomes,"8,08"
19356,3,5,,,2026-09-12 20:22:42,Income,Cash,Computer Incomes,"3,65"
19357,2,3,,,2026-09-12 20:23:44,Income,Cash,Computer Incomes,"9,90"
19358,2,8,,,2026-09-12 10:36:44,Income,Cash,Computer Incomes,"13,41"
19359,4,3,,,2026-09-12 15:11:10,Income,Cash,Computer Incomes,"12,50"
19360,1,10,,,2026-09-12 14:25:29,Income,Credit Card,Computer Incomes,"5,03"
19361,5,15,,54.0,2026-09-12 14:05:27,Income,Cash,Member Transactions,"13,72"
19362,1,4,,,2026-09-12 19:02:49,Income,Cash,Computer Incomes,"4,26"
19363,3,14,38.0,,2026-09-12 10:10:10,Income,Cash,Order Incomes,"14,17"
19364,2,8,,,2026-09-12 19:26:00,Income,Cash,Computer Incomes,"14,94"
19365,3,12,,64.0,2026-09-12 09:27:47,Income,Cash,Member Transactions,"9,14"
19366,5,4,,,2026-09-12 17:11:43,Income,Cash,Computer Incomes,"9,60"
19367,2,16,,,2026-09-12 19:25:30,Income,Cash,Computer Incomes,"3,20"
19368,1,14,,,2026-09-12 20:55:05,Income,Cash,Computer Incomes,"11,73"
19369,4,12,,,2026-09-12 09:17:56,Income,Credit Card,Computer Incomes,"9,90"
19370,4,24,,,2026-09-13 21:04:09,Income,Cash,Playstation Incomes,"16,25"
19371,5,7,,,2026-09-13 23:01:55,Income,Cash,Computer Incomes,"15,07"
19372,3,11,22.0,,2026-09-13 10:02:05,Income,Cash,Order Incomes,"8,72"
19373,1,4,,,2026-09-13 11:27:34,Income,Cash,Computer Incomes,"17,66"
19374,2,9,,,2026-09-13 19:48:48,Income,Cash,Computer Incomes,"18,14"
19375,2,8,,,2026-09-13 16:44:51,Income,Cash,Computer Incomes,"14,60"
19376,3,3,,,2026-09-13 22:59:18,Income,Cash,Computer Incomes,"4,71"
19377,4,9,,,2026-09-13 12:16:17,Income,Cash,Computer Incomes,"22,84"
19378,2,8,,,2026-09-13 20:57:35,Income,Cash,Computer Incomes,"12,96"
19379,3,1,,,2026-09-13 15:45:12,Income,Cash,Computer Incomes,"4,48"
19380,2,9,5.0,,2026-09-13 16:20:49,Income,Cash,Order Incomes,"15,55"
19381,3,8,,,2026-09-13 20:08:31,Income,Credit Card,Computer Incomes,"14,83"
19382,3,15,,,2026-09-13 23:42:44,Income,Cash,Computer Incomes,"7,29"
19383,2,1,,45.0,2026-09-13 20:42:36,Income,Cash,Member Transactions,"9,18"
19384,4,23,,,2026-09-13 21:47:41,Income,Cash,Playstation Incomes,"15,77"
19385,1,4,,,2026-09-13 09:19:16,Income,Cash,Computer Incomes,"14,83"
19386,3,3,,,2026-09-13 19:56:45,Income,Cash,Computer Incomes,"14,12"
19387,2,5,,,2026-09-13 11:25:11,Income,Cash,Computer Incomes,"16,24"
19388,5,9,,,2026-09-13 21:32:12,Income,Cash,Computer Incomes,"18,60"
19389,5,1,,65.0,2026-09-13 12:00:17,Income,Cash,Member Transactions,"23,07"
19390,2,12,,,2026-09-14 18:47:54,Income,Credit Card,Computer Incomes,"13,97"
19391,5,2,,,2026-09-14 11:53:21,Income,Cash,Computer Incomes,"18,62"
19392,3,10,33.0,,2026-09-14 14:01:12,Income,Cash,Order Incomes,"19,03"
19393,5,12,,,2026-09-14 23:45:20,Income,Cash,Computer Incomes,"17,00"
19394,3,11,,,2026-09-14 19:51:55,Income,Cash,Computer Incomes,"6,28"
19395,4,15,,,2026-09-14 22:55:48,Income,Credit Card,Computer Incomes,"12,55"
19396,1,12,,,2026-09-14 23:53:33,Income,Credit Card,Computer Incomes,"2,23"
19397,3,24,,,2026-09-14 21:06:15,Income,Cash,Playstation Incomes,"5,47"
19398,1,11,,9.0,2026-09-14 13:20:58,Income,Credit Card,Member Transactions,"15,78"
19399,4,5,,,2026-09-14 23:40:11,Income,Cash,Computer Incomes,"8,49"
19400,4,13,,24.0,2026-09-14 11:31:24,Income,Cash,Member Transactions,"6,47"
19401,5,6,,,2026-09-14 18:46:58,Income,Cash,Computer Incomes,"9,30"
19402,3,9,13.0,,2026-09-14 11:18:21,Income,Cash,Order Incomes,"17,40"
19403,5,23,,,2026-09-14 12:48:08,Income,Cash,Playstation Incomes,"3,03"
19404,1,10,,,2026-09-14 15:41:18,Income,Cash,Computer Incomes,"8,70"
19405,2,3,,,2026-09-14 11:41:03,Income,Cash,Computer Incomes,"9,10"
19406,1,6,,,2026-09-14 23:10:05,Income,Cash,Computer Incomes,"5,05"
19407,1,2,,34.0,2026-09-14 09:39:47,Income,Credit Card,Member Transactions,"5,66"
19408,5,6,,,2026-09-15 11:19:26,Income,Cash,Computer Incomes,"20,14"
19409,5,3,,,2026-09-15 19:27:15,Income,Cash,Computer Incomes,"20,14"
19410,1,2,,,2026-09-15 23:31:12,Income,Cash,Computer Incomes,"10,39"
19411,2,24,,,2026-09-15 14:26:00,Income,Cash,Playstation Incomes,"9,75"
19412,2,5,,1.0,2026-09-15 17:35:08,Income,Cash,Member Transactions,"15,05"
19413,3,23,,,2026-09-15 09:45:45,Income,Cash,Playstation Incomes,"6,79"
19414,5,24,,,2026-09-15 21:03:17,Income,Cash,Playstation Incomes,"20,35"
19415,2,4,,,2026-09-15 10:40:57,Income,Cash,Computer Incomes,"7,63"
19416,5,15,,,2026-09-15 14:32:05,Income,Cash,Computer Incomes,"18,23"
19417,1,23,,,2026-09-15 23:28:36,Income,Cash,Playstation Incomes,"18,66"
19418,5,11,43.0,,2026-09-15 17:06:33,Income,Cash,Order Incomes,"3,18"
19419,3,24,,,2026-09-15 10:30:38,Income,Cash,Playstation Incomes,"6,15"
19420,1,23,,,2026-09-15 14:51:01,Income,Cash,Playstation Incomes,"11,65"
19421,4,6,,,2026-09-15 18:00:24,Income,Cash,Computer Incomes,"20,13"
19422,5,2,,,2026-09-15 21:53:02,Income,Cash,Computer Incomes,"6,35"
19423,1,5,,,2026-09-15 15:14:14,Income,Cash,Computer Incomes,"12,08"
19424,2,16,,,2026-09-15 21:00:06,Income,Credit Card,Computer Incomes,"4,87"
19425,4,24,,,2026-09-15 09:42:32,Income,Cash,Playstation Incomes,"7,62"
19426,3,23,,,2026-09-15 21:20:21,Income,Cash,Playstation Incomes,"16,53"
19427,5,11,,,2026-09-15 19:47:52,Income,Cash,Computer Incomes,"3,17"
19428,5,5,47.0,,2026-09-15 22:45:55,Income,Cash,Order Incomes,"3,81"
19429,5,3,,58.0,2026-09-16 22:09:32,Income,Cash,Member Transactions,"7,30"
19430,1,10,39.0,,2026-09-16 09:01:13,Income,Cash,Order Incomes,"8,58"
19431,4,24,,,2026-09-16 17:36:48,Income,Cash,Playstation Incomes,"5,66"
19432,4,15,,,2026-09-16 19:46:42,Income,Cash,Computer Incomes,"2,74"
19433,2,23,,,2026-09-16 21:45:54,Income,Credit Card,Playstation Incomes,"5,11"
19434,5,7,,,2026-09-16 19:09:58,Income,Cash,Computer Incomes,"16,78"
19435,2,4,,,2026-09-16 15:50:20,Income,Credit Card,Computer Incomes,"3,29"
19436,4,2,,,2026-09-16 10:18:54,Income,Cash,Computer Incomes,"12,04"
19437,4,6,,,2026-09-16 13:42:29,Income,Cash,Computer Incomes,"7,12"
19438,2,24,,,2026-09-16 18:40:59,Income,Cash,Playstation Incomes,"13,50"
19439,3,6,,,2026-09-16 21:03:43,Income,Cash,Computer Incomes,"15,13"
19440,4,15,,,2026-09-16 20:57:02,Income,Cash,Computer Incomes,"13,31"
19441,4,2,,,2026-09-16 11:33:35,Income,Cash,Computer Incomes,"12,40"
19442,1,13,,36.0,2026-09-16 15:45:44,Income,Cash,Member Transactions,"2,00"
19443,5,12,,,2026-09-16 13:03:38,Income,Cash,Computer Incomes,"14,04"
19444,3,23,,,2026-09-16 16:06:01,Income,Cash,Playstation Incomes,"2,00"
19445,1,3,,14.0,2026-09-16 19:47:28,Income,Cash,Member Transactions,"18,23"
19446,1,5,,,2026-09-16 09:49:49,Income,Cash,Computer Incomes,"14,22"
19447,2,24,,,2026-09-16 11:49:14,Income,Cash,Playstation Incomes,"11,85"
19448,5,14,46.0,,2026-09-16 18:39:31,Income,Cash,Order Incomes,"10,57"
19449,3,2,,,2026-09-16 17:43:01,Income,Cash,Computer Incomes,"2,18"
19450,1,4,27.0,,2026-09-16 12:30:58,Income,Cash,Order Incomes,"10,21"
19451,4,14,,,2026-09-17 17:05:00,Income,Cash,Computer Incomes,"23,16"
19452,3,14,,,2026-09-17 09:59:53,Income,Credit Card,Computer Incomes,"11,58"
19453,1,23,,,2026-09-17 10:39:14,Income,Credit Card,Playstation Incomes,"13,96"
19454,4,12,,,2026-09-17 15:11:52,Income,Cash,Computer Incomes,"23,16"
19455,1,2,,,2026-09-17 11:22:20,Income,Cash,Computer Incomes,"18,71"
19456,1,4,,,2026-09-17 17:34:13,Income,Cash,Computer Incomes,"10,69"
19457,3,24,,,2026-09-17 19:35:58,Income,Cash,Playstation Incomes,"13,95"
19458,5,16,,,2026-09-17 22:13:08,Income,Credit Card,Computer Incomes,"14,54"
19459,1,3,,,2026-09-17 09:48:51,Income,Cash,Computer Incomes,"27,90"
19460,4,1,,,2026-09-17 12:49:35,Income,Cash,Computer Incomes,"13,35"
19461,5,11,,,2026-09-17 19:36:36,Income,Cash,Computer Incomes,"14,54"
19462,4,12,2.0,,2026-09-17 10:21:30,Income,Credit Card,Order Incomes,"16,32"
19463,3,23,,,2026-09-17 15:49:06,Income,Cash,Playstation Incomes,"25,23"
19464,2,2,28.0,,2026-09-17 18:48:11,Income,Cash,Order Incomes,"9,79"
19465,5,14,,29.0,2026-09-18 21:07:35,Income,Cash,Member Transactions,"23,59"
19466,2,16,5.0,,2026-09-18 15:26:59,Income,Cash,Order Incomes,"8,03"
19467,3,16,,,2026-09-18 10:50:32,Income,Cash,Computer Incomes,"22,62"
19468,4,14,,,2026-09-18 15:13:03,Income,Cash,Computer Incomes,"19,95"
19469,4,13,,44.0,2026-09-18 20:41:12,Income,Cash,Member Transactions,"3,17"
19470,5,1,,,2026-09-18 11:49:18,Income,Cash,Computer Incomes,"9,98"
19471,3,2,,,2026-09-18 09:45:23,Income,Cash,Computer Incomes,"2,92"
19472,4,16,,,2026-09-18 23:06:17,Income,Cash,Computer Incomes,"12,41"
19473,2,10,24.0,,2026-09-18 13:02:07,Income,Cash,Order Incomes,"6,33"
19474,2,24,,,2026-09-18 20:25:10,Income,Cash,Playstation Incomes,"24,08"
19475,2,11,,,2026-09-18 11:19:13,Income,Cash,Computer Incomes,"11,68"
19476,3,1,,,2026-09-18 19:08:02,Income,Cash,Computer Incomes,"14,11"
19477,5,13,46.0,,2026-09-18 13:21:14,Income,Cash,Order Incomes,"22,14"
19478,5,23,,,2026-09-18 13:04:28,Income,Cash,Playstation Incomes,"10,46"
19479,4,15,,,2026-09-18 21:58:28,Income,Cash,Computer Incomes,"18,00"
19480,5,13,32.0,,2026-09-18 20:38:34,Income,Cash,Order Incomes,"18,00"
19481,3,7,,,2026-09-18 15:31:26,Income,Cash,Computer Incomes,"4,63"
19482,1,1,35.0,,2026-09-18 13:28:39,Income,Cash,Order Incomes,"24,07"
19483,4,15,,,2026-09-18 23:14:52,Income,Cash,Computer Incomes,"5,59"
19484,4,7,,1.0,2026-09-18 18:13:29,Income,Cash,Member Transactions,"19,21"
19485,5,2,,,2026-09-18 19:44:25,Income,Cash,Computer Incomes,"20,67"
19486,3,10,,,2026-09-18 19:23:05,Income,Cash,Computer Incomes,"20,67"
19487,4,12,,,2026-09-18 11:57:59,Income,Cash,Computer Incomes,"2,91"
19488,2,24,,,2026-09-18 21:45:07,Income,Cash,Playstation Incomes,"6,56"
19489,3,3,,,2026-09-18 23:16:40,Income,Cash,Computer Incomes,"14,10"
19490,3,13,,,2026-09-18 16:45:51,Income,Cash,Computer Incomes,"8,02"
19491,2,23,,,2026-09-18 21:16:15,Income,Cash,Playstation Incomes,"11,18"
19492,4,1,,,2026-09-18 23:07:34,Income,Cash,Computer Incomes,"6,07"
19493,5,10,,,2026-09-18 12:38:52,Income,Credit Card,Computer Incomes,"18,23"
19494,4,24,,,2026-09-18 14:28:18,Income,Cash,Playstation Incomes,"8,51"
19495,3,4,,,2026-09-18 12:18:18,Income,Cash,Computer Incomes,"23,34"
19496,2,10,,,2026-09-18 18:09:34,Income,Cash,Computer Incomes,"4,62"
19497,3,15,39.0,,2026-09-18 19:30:49,Income,Cash,Order Incomes,"24,07"
19498,2,4,,,2026-09-18 12:40:34,Income,Cash,Computer Incomes,"6,07"
19499,2,23,,,2026-09-19 21:48:53,Income,Cash,Playstation Incomes,"12,08"
19500,1,7,,,2026-09-19 17:42:34,Income,Credit Card,Computer Incomes,"14,34"
19501,2,4,,,2026-09-19 18:39:48,Income,Cash,Computer Incomes,"5,66"
19502,1,9,42.0,,2026-09-19 14:31:14,Income,Cash,Order Incomes,"13,96"
19503,5,24,,,2026-09-19 12:32:51,Income,Cash,Playstation Incomes,"3,97"
19504,3,13,22.0,,2026-09-19 13:27:05,Income,Cash,Order Incomes,"8,68"
19505,2,23,,,2026-09-19 22:03:39,Income,Cash,Playstation Incomes,"12,64"
19506,1,4,,,2026-09-19 18:53:50,Income,Cash,Computer Incomes,"7,93"
19507,3,3,49.0,,2026-09-19 20:33:43,Income,Credit Card,Order Incomes,"4,91"
19508,4,24,,,2026-09-19 12:03:03,Income,Credit Card,Playstation Incomes,"5,66"
19509,5,15,26.0,,2026-09-19 11:09:21,Income,Cash,Order Incomes,"5,66"
19510,4,23,,,2026-09-19 09:49:52,Income,Cash,Playstation Incomes,"1,89"
19511,2,6,2.0,,2026-09-19 10:11:38,Income,Credit Card,Order Incomes,"5,85"
19512,4,8,,,2026-09-19 16:18:56,Income,Credit Card,Computer Incomes,"7,74"
19513,5,10,5.0,,2026-09-19 21:02:00,Income,Cash,Order Incomes,"18,68"
19514,2,1,,,2026-09-19 20:32:52,Income,Cash,Computer Incomes,"9,81"
19515,5,24,,,2026-09-19 19:20:16,Income,Cash,Playstation Incomes,"18,87"
19516,3,9,,,2026-09-19 18:43:56,Income,Credit Card,Computer Incomes,"15,66"
19517,5,11,,,2026-09-19 10:59:03,Income,Credit Card,Computer Incomes,"2,27"
19518,4,23,,,2026-09-19 14:19:47,Income,Cash,Playstation Incomes,"13,96"
19519,2,24,,,2026-09-19 14:37:55,Income,Cash,Playstation Incomes,"15,85"
19520,1,23,,,2026-09-19 19:31:53,Income,Cash,Playstation Incomes,"9,06"
19521,3,24,,,2026-09-19 11:23:44,Income,Cash,Playstation Incomes,"13,20"
19522,4,16,,,2026-09-19 15:47:10,Income,Cash,Computer Incomes,"11,88"
19523,3,6,,,2026-09-19 16:36:26,Income,Cash,Computer Incomes,"9,43"
19524,3,13,47.0,,2026-09-19 20:22:29,Income,Cash,Order Incomes,"15,65"
19525,3,11,,,2026-09-19 15:57:40,Income,Cash,Computer Incomes,"18,29"
19526,2,23,,,2026-09-19 09:04:28,Income,Cash,Playstation Incomes,"18,67"
19527,4,24,,,2026-09-19 12:22:43,Income,Cash,Playstation Incomes,"17,92"
19528,2,5,7.0,,2026-09-19 13:32:10,Income,Cash,Order Incomes,"2,26"
19529,3,11,,,2026-09-19 12:43:39,Income,Cash,Computer Incomes,"14,33"
19530,1,6,,,2026-09-19 13:23:37,Income,Cash,Computer Incomes,"2,82"
19531,4,13,,,2026-09-19 16:08:46,Income,Cash,Computer Incomes,"18,86"
19532,5,23,,,2026-09-19 19:49:28,Income,Credit Card,Playstation Incomes,"10,56"
19533,5,14,,,2026-09-19 13:38:01,Income,Cash,Computer Incomes,"8,11"
19534,3,5,,,2026-09-19 16:27:01,Income,Cash,Computer Incomes,"13,58"
19535,3,24,,,2026-09-19 22:56:59,Income,Cash,Playstation Incomes,"16,41"
19536,1,23,,,2026-09-20 18:14:20,Income,Cash,Playstation Incomes,"34,93"
19537,1,8,,,2026-09-20 20:51:54,Income,Cash,Computer Incomes,"20,87"
19538,5,15,,,2026-09-20 13:17:43,Income,Cash,Computer Incomes,"20,42"
19539,2,2,,,2026-09-20 18:12:37,Income,Cash,Computer Incomes,"34,48"
19540,3,10,,,2026-09-20 14:44:24,Income,Cash,Computer Incomes,"14,97"
19541,3,6,,,2026-09-20 17:44:41,Income,Cash,Computer Incomes,"34,92"
19542,1,24,,,2026-09-20 13:18:23,Income,Cash,Playstation Incomes,"41,72"
19543,3,14,,,2026-09-20 19:27:36,Income,Cash,Computer Incomes,"9,07"
19544,3,14,48.0,,2026-09-20 17:40:01,Income,Cash,Order Incomes,"28,12"
19545,3,4,,,2026-09-20 09:36:30,Income,Cash,Computer Incomes,"23,13"
19546,3,11,5.0,,2026-09-20 23:58:40,Income,Cash,Order Incomes,"24,49"
19547,1,12,,,2026-09-20 14:27:12,Income,Cash,Computer Incomes,"16,78"
19548,1,23,,,2026-09-20 23:07:29,Income,Cash,Playstation Incomes,"43,54"
19549,1,6,,,2026-09-20 17:33:15,Income,Cash,Computer Incomes,"20,41"
19550,4,1,,,2026-09-20 14:18:36,Income,Cash,Computer Incomes,"13,60"
19551,5,2,,,2026-09-21 16:29:14,Income,Cash,Computer Incomes,"19,18"
19552,3,16,49.0,,2026-09-21 18:55:09,Income,Cash,Order Incomes,"25,67"
19553,4,16,,12.0,2026-09-21 16:39:25,Income,Cash,Member Transactions,"16,70"
19554,2,6,,,2026-09-21 23:06:08,Income,Cash,Computer Incomes,"11,14"
19555,3,4,,,2026-09-21 13:59:25,Income,Cash,Computer Incomes,"8,05"
19556,5,2,47.0,,2026-09-21 21:49:21,Income,Cash,Order Incomes,"22,27"
19557,1,16,,,2026-09-21 13:05:02,Income,Cash,Computer Incomes,"21,03"
19558,3,16,,,2026-09-21 10:23:33,Income,Cash,Computer Incomes,"7,43"
19559,3,24,,,2026-09-21 22:41:55,Income,Cash,Playstation Incomes,"7,42"
19560,3,23,,,2026-09-21 13:27:02,Income,Credit Card,Playstation Incomes,"3,71"
19561,2,1,,,2026-09-21 22:24:48,Income,Credit Card,Computer Incomes,"25,35"
19562,1,3,,,2026-09-21 19:37:43,Income,Credit Card,Computer Incomes,"18,24"
19563,2,24,,,2026-09-21 23:00:54,Income,Cash,Playstation Incomes,"18,55"
19564,5,14,28.0,,2026-09-21 22:17:59,Income,Cash,Order Incomes,"10,51"
19565,3,23,,,2026-09-21 15:48:02,Income,Cash,Playstation Incomes,"11,13"
19566,4,10,,,2026-09-21 17:17:08,Income,Cash,Computer Incomes,"27,83"
19567,5,12,,,2026-09-21 13:41:59,Income,Cash,Computer Incomes,"12,06"
19568,1,13,35.0,,2026-09-22 23:06:02,Income,Cash,Order Incomes,"8,64"
19569,1,24,,,2026-09-22 16:39:15,Income,Cash,Playstation Incomes,"11,37"
19570,3,12,,,2026-09-22 18:05:44,Income,Cash,Computer Incomes,"5,92"
19571,2,1,,13.0,2026-09-22 18:14:52,Income,Cash,Member Transactions,"10,24"
19572,1,3,,37.0,2026-09-22 15:21:17,Income,Cash,Member Transactions,"5,92"
19573,1,23,,,2026-09-22 21:53:44,Income,Credit Card,Playstation Incomes,"5,69"
19574,2,24,,,2026-09-22 17:37:45,Income,Cash,Playstation Incomes,"20,46"
19575,2,14,2.0,,2026-09-22 20:28:07,Income,Cash,Order Incomes,"8,41"
19576,3,2,,,2026-09-22 12:34:45,Income,Cash,Computer Incomes,"17,05"
19577,4,12,,,2026-09-22 11:30:13,Income,Cash,Computer Incomes,"7,27"
19578,4,4,,,2026-09-22 17:44:18,Income,Cash,Computer Incomes,"15,46"
19579,5,4,46.0,,2026-09-22 13:40:05,Income,Cash,Order Incomes,"10,91"
19580,5,7,,,2026-09-22 12:11:19,Income,Cash,Computer Incomes,"12,73"
19581,1,11,,,2026-09-22 10:07:07,Income,Cash,Computer Incomes,"9,77"
19582,3,6,40.0,,2026-09-22 21:04:01,Income,Cash,Order Incomes,"22,50"
19583,1,10,,,2026-09-23 14:20:14,Income,Cash,Computer Incomes,"14,68"
19584,1,16,,,2026-09-23 15:14:54,Income,Cash,Computer Incomes,"20,82"
19585,3,14,9.0,,2026-09-23 18:31:39,Income,Cash,Order Incomes,"6,15"
19586,4,14,,,2026-09-23 20:08:49,Income,Cash,Computer Incomes,"16,38"
19587,4,10,,,2026-09-23 17:07:09,Income,Cash,Computer Incomes,"19,11"
19588,2,9,1.0,,2026-09-23 17:43:17,Income,Cash,Order Incomes,"10,92"
19589,3,23,,,2026-09-23 15:09:33,Income,Credit Card,Playstation Incomes,"29,01"
19590,4,24,,,2026-09-23 17:32:53,Income,Cash,Playstation Incomes,"7,84"
19591,1,23,,,2026-09-23 15:43:18,Income,Cash,Playstation Incomes,"29,00"
19592,1,16,14.0,,2026-09-23 20:37:14,Income,Cash,Order Incomes,"3,75"
19593,1,10,49.0,,2026-09-23 14:26:03,Income,Cash,Order Incomes,"33,44"
19594,5,14,,,2026-09-23 15:04:54,Income,Cash,Computer Incomes,"23,54"
19595,1,24,,,2026-09-23 11:38:06,Income,Cash,Playstation Incomes,"9,55"
19596,5,9,,,2026-09-23 12:46:16,Income,Credit Card,Computer Incomes,"17,40"
19597,2,7,,1.0,2026-09-24 23:57:21,Income,Credit Card,Member Transactions,"10,27"
19598,5,15,,,2026-09-24 21:28:38,Income,Cash,Computer Incomes,"11,26"
19599,5,23,,,2026-09-24 09:16:17,Income,Cash,Playstation Incomes,"6,46"
19600,5,8,,,2026-09-24 20:09:13,Income,Cash,Computer Incomes,"10,60"
19601,5,24,,,2026-09-24 09:30:19,Income,Cash,Playstation Incomes,"4,14"
19602,3,14,,,2026-09-24 20:55:57,Income,Cash,Computer Incomes,"15,23"
19603,5,12,,62.0,2026-09-24 18:48:23,Income,Credit Card,Member Transactions,"9,28"
19604,2,4,,,2026-09-24 12:19:25,Income,Cash,Computer Incomes,"8,28"
19605,1,5,39.0,,2026-09-24 22:48:18,Income,Cash,Order Incomes,"13,58"
19606,2,13,,,2026-09-24 09:27:35,Income,Cash,Computer Incomes,"13,58"
19607,2,4,,54.0,2026-09-24 20:57:31,Income,Cash,Member Transactions,"16,06"
19608,2,13,,,2026-09-24 21:21:39,Income,Cash,Computer Incomes,"8,94"
19609,4,13,11.0,,2026-09-24 13:57:00,Income,Cash,Order Incomes,"14,57"
19610,4,23,,,2026-09-24 21:36:56,Income,Credit Card,Playstation Incomes,"8,94"
19611,3,11,,,2026-09-24 20:10:12,Income,Cash,Computer Incomes,"13,07"
19612,5,7,,,2026-09-24 09:42:39,Income,Cash,Computer Incomes,"15,89"
19613,1,4,,,2026-09-24 19:53:53,Income,Cash,Computer Incomes,"11,58"
19614,4,4,,,2026-09-24 15:58:38,Income,Cash,Computer Incomes,"12,25"
19615,5,24,,,2026-09-24 12:57:20,Income,Cash,Playstation Incomes,"16,22"
19616,1,4,,,2026-09-24 10:04:18,Income,Cash,Computer Incomes,"10,76"
19617,2,13,,,2026-09-24 18:20:33,Income,Credit Card,Computer Incomes,"1,65"
19618,3,23,,,2026-09-24 10:51:13,Income,Cash,Playstation Incomes,"5,95"
19619,1,24,,,2026-09-24 23:22:07,Income,Cash,Playstation Incomes,"13,40"
19620,4,13,,,2026-09-24 23:23:26,Income,Cash,Computer Incomes,"11,75"
19621,1,11,8.0,,2026-09-25 17:26:15,Income,Cash,Order Incomes,"17,17"
19622,1,9,,,2026-09-25 19:21:04,Income,Cash,Computer Incomes,"5,36"
19623,5,13,,,2026-09-25 17:36:34,Income,Cash,Computer Incomes,"16,25"
19624,4,13,,,2026-09-25 12:43:34,Income,Cash,Computer Incomes,"6,83"
19625,5,12,26.0,,2026-09-25 23:00:49,Income,Credit Card,Order Incomes,"14,22"
19626,3,23,,,2026-09-25 18:04:32,Income,Cash,Playstation Incomes,"15,51"
19627,4,11,,,2026-09-25 23:15:28,Income,Cash,Computer Incomes,"3,70"
19628,4,24,,,2026-09-25 14:16:46,Income,Cash,Playstation Incomes,"3,88"
19629,5,23,,,2026-09-25 17:13:53,Income,Cash,Playstation Incomes,"9,42"
19630,4,24,,,2026-09-25 22:21:55,Income,Cash,Playstation Incomes,"11,63"
19631,1,8,,,2026-09-25 22:20:59,Income,Cash,Computer Incomes,"7,57"
19632,5,15,,,2026-09-25 10:05:06,Income,Cash,Computer Incomes,"7,20"
19633,5,12,,,2026-09-25 15:08:14,Income,Cash,Computer Incomes,"16,43"
19634,3,23,,,2026-09-25 15:11:02,Income,Cash,Playstation Incomes,"8,86"
19635,1,12,,,2026-09-25 13:23:28,Income,Cash,Computer Incomes,"11,63"
19636,2,24,,,2026-09-25 23:35:12,Income,Cash,Playstation Incomes,"14,95"
19637,1,13,,,2026-09-25 11:29:06,Income,Cash,Computer Incomes,"2,40"
19638,2,15,,,2026-09-25 18:57:35,Income,Credit Card,Computer Incomes,"8,31"
19639,3,10,,,2026-09-25 13:32:53,Income,Cash,Computer Incomes,"6,10"
19640,4,6,48.0,,2026-09-25 14:08:16,Income,Cash,Order Incomes,"4,80"
19641,4,1,12.0,,2026-09-25 22:50:09,Income,Cash,Order Incomes,"16,62"
19642,5,3,26.0,,2026-09-25 17:57:30,Income,Cash,Order Incomes,"4,79"
19643,2,5,,47.0,2026-09-25 14:11:53,Income,Cash,Member Transactions,"14,21"
19644,4,4,,,2026-09-25 14:56:21,Income,Cash,Computer Incomes,"16,24"
19645,3,10,19.0,,2026-09-25 16:33:14,Income,Cash,Order Incomes,"3,32"
19646,1,2,,,2026-09-25 09:39:49,Income,Cash,Computer Incomes,"5,16"
19647,5,13,,,2026-09-25 10:48:55,Income,Cash,Computer Incomes,"6,45"
19648,2,15,,,2026-09-25 17:02:22,Income,Cash,Computer Incomes,"6,82"
19649,2,23,,,2026-09-25 12:01:08,Income,Credit Card,Playstation Incomes,"15,13"
19650,1,3,,,2026-09-25 22:33:14,Income,Credit Card,Computer Incomes,"18,27"
19651,3,6,,,2026-09-25 12:43:57,Income,Credit Card,Computer Incomes,"7,75"
19652,3,24,,,2026-09-25 23:40:51,Income,Credit Card,Playstation Incomes,"3,32"
19653,3,14,35.0,,2026-09-25 23:52:03,Income,Credit Card,Order Incomes,"6,82"
19654,4,23,,,2026-09-25 19:45:54,Income,Cash,Playstation Incomes,"8,85"
19655,4,8,37.0,,2026-09-25 13:22:11,Income,Cash,Order Incomes,"18,45"
19656,1,16,,,2026-09-25 23:23:31,Income,Cash,Computer Incomes,"10,52"
19657,5,3,,,2026-09-25 11:06:58,Income,Cash,Computer Incomes,"3,69"
19658,3,3,10.0,,2026-09-25 20:55:31,Income,Cash,Order Incomes,"17,34"
19659,3,16,20.0,,2026-09-25 10:39:24,Income,Cash,Order Incomes,"7,56"
19660,3,1,,,2026-09-25 20:24:11,Income,Cash,Computer Incomes,"4,42"
19661,2,24,,,2026-09-26 21:52:29,Income,Cash,Playstation Incomes,"17,40"
19662,4,23,,,2026-09-26 17:08:51,Income,Cash,Playstation Incomes,"5,71"
19663,3,8,31.0,,2026-09-26 10:35:31,Income,Cash,Order Incomes,"10,06"
19664,5,1,,,2026-09-26 13:59:03,Income,Cash,Computer Incomes,"5,44"
19665,4,9,9.0,,2026-09-26 21:50:49,Income,Cash,Order Incomes,"3,00"
19666,4,1,11.0,,2026-09-26 15:37:32,Income,Cash,Order Incomes,"12,78"
19667,1,16,46.0,,2026-09-26 22:36:11,Income,Cash,Order Incomes,"8,43"
19668,4,15,23.0,,2026-09-26 18:52:00,Income,Cash,Order Incomes,"26,37"
19669,4,6,,,2026-09-26 09:16:23,Income,Cash,Computer Incomes,"17,40"
19670,5,1,,,2026-09-26 17:16:02,Income,Cash,Computer Incomes,"15,23"
19671,2,13,,,2026-09-26 10:42:19,Income,Cash,Computer Incomes,"24,74"
19672,3,6,,,2026-09-26 16:40:41,Income,Cash,Computer Incomes,"12,24"
19673,1,8,,,2026-09-26 10:09:35,Income,Cash,Computer Incomes,"19,31"
19674,4,10,,,2026-09-26 12:37:35,Income,Cash,Computer Incomes,"26,37"
19675,5,12,,,2026-09-26 13:24:10,Income,Credit Card,Computer Incomes,"21,21"
19676,5,10,31.0,,2026-09-26 23:47:32,Income,Cash,Order Incomes,"5,99"
19677,4,24,,,2026-09-26 23:40:52,Income,Cash,Playstation Incomes,"11,96"
19678,4,14,,25.0,2026-09-26 20:07:52,Income,Cash,Member Transactions,"17,39"
19679,3,1,,,2026-09-26 20:46:10,Income,Cash,Computer Incomes,"19,84"
19680,1,9,,,2026-09-26 14:26:17,Income,Cash,Computer Incomes,"11,41"
19681,4,12,,,2026-09-26 12:27:19,Income,Cash,Computer Incomes,"2,71"
19682,3,15,,,2026-09-26 12:12:11,Income,Cash,Computer Incomes,"19,30"
19683,4,23,,,2026-09-26 18:01:14,Income,Credit Card,Playstation Incomes,"19,30"
19684,1,9,,,2026-09-26 13:46:46,Income,Cash,Computer Incomes,"4,34"
19685,3,5,,,2026-09-26 19:02:37,Income,Cash,Computer Incomes,"5,43"
19686,2,12,,,2026-09-26 09:41:28,Income,Cash,Computer Incomes,"8,69"
19687,4,9,48.0,,2026-09-26 12:38:33,Income,Cash,Order Incomes,"25,55"
19688,5,2,,,2026-09-26 13:26:03,Income,Cash,Computer Incomes,"13,32"
19689,3,15,,,2026-09-26 15:48:50,Income,Cash,Computer Incomes,"4,62"
19690,4,12,,,2026-09-26 11:33:52,Income,Credit Card,Computer Incomes,"19,30"
19691,4,6,14.0,,2026-09-26 09:28:38,Income,Cash,Order Incomes,"10,05"
19692,2,9,,66.0,2026-09-26 15:14:46,Income,Cash,Member Transactions,"13,59"
19693,1,14,,,2026-09-27 18:07:11,Income,Cash,Computer Incomes,"22,45"
19694,4,24,,,2026-09-27 09:23:30,Income,Cash,Playstation Incomes,"9,38"
19695,3,4,,,2026-09-27 20:53:27,Income,Cash,Computer Incomes,"24,79"
19696,5,16,,,2026-09-27 17:24:59,Income,Cash,Computer Incomes,"26,13"
19697,5,14,,,2026-09-27 10:48:27,Income,Cash,Computer Incomes,"31,49"
19698,3,11,,14.0,2026-09-27 10:32:12,Income,Cash,Member Transactions,"21,44"
19699,1,9,,,2026-09-27 22:25:33,Income,Cash,Computer Incomes,"7,37"
19700,1,1,,,2026-09-27 11:54:23,Income,Cash,Computer Incomes,"29,48"
19701,4,6,,,2026-09-27 12:26:38,Income,Cash,Computer Incomes,"19,43"
19702,4,3,,,2026-09-27 11:21:43,Income,Cash,Computer Incomes,"15,41"
19703,3,7,,,2026-09-27 14:38:46,Income,Cash,Computer Incomes,"23,12"
19704,3,7,,,2026-09-27 19:07:57,Income,Cash,Computer Incomes,"23,45"
19705,5,11,,27.0,2026-09-27 21:24:11,Income,Credit Card,Member Transactions,"25,13"
19706,5,15,,,2026-09-27 16:47:14,Income,Cash,Computer Incomes,"33,50"
19707,4,23,,,2026-09-27 18:36:43,Income,Cash,Playstation Incomes,"3,69"
19708,5,24,,,2026-09-27 14:42:21,Income,Cash,Playstation Incomes,"10,71"
19709,4,5,,,2026-09-27 13:40:12,Income,Cash,Computer Incomes,"13,39"
19710,4,8,,,2026-09-27 19:45:38,Income,Cash,Computer Incomes,"7,70"
19711,3,12,,,2026-09-27 10:18:51,Income,Cash,Computer Incomes,"27,80"
19712,2,14,,,2026-09-28 16:41:08,Income,Cash,Computer Incomes,"4,50"
19713,5,23,,,2026-09-28 10:31:36,Income,Credit Card,Playstation Incomes,"11,25"
19714,5,3,,,2026-09-28 20:17:16,Income,Cash,Computer Incomes,"24,42"
19715,1,7,,,2026-09-28 20:55:27,Income,Cash,Computer Incomes,"4,82"
19716,4,2,,,2026-09-28 14:34:06,Income,Cash,Computer Incomes,"16,71"
19717,1,10,30.0,,2026-09-28 19:01:29,Income,Cash,Order Incomes,"22,17"
19718,5,24,,,2026-09-28 16:27:33,Income,Cash,Playstation Incomes,"26,67"
19719,4,2,,,2026-09-28 18:55:03,Income,Cash,Computer Incomes,"26,34"
19720,5,16,44.0,,2026-09-28 23:39:24,Income,Cash,Order Incomes,"5,79"
19721,1,11,,,2026-09-28 20:40:06,Income,Cash,Computer Incomes,"15,73"
19722,3,11,28.0,,2026-09-28 19:07:40,Income,Cash,Order Incomes,"20,23"
19723,3,23,,,2026-09-28 17:22:39,Income,Credit Card,Playstation Incomes,"28,90"
19724,3,7,,,2026-09-28 13:36:13,Income,Cash,Computer Incomes,"8,03"
19725,4,9,,,2026-09-28 20:48:45,Income,Credit Card,Computer Incomes,"28,58"
19726,3,10,48.0,,2026-09-28 09:45:29,Income,Cash,Order Incomes,"18,30"
19727,2,2,1.0,,2026-09-28 22:16:30,Income,Cash,Order Incomes,"22,48"
19728,2,12,,,2026-09-29 09:47:59,Income,Cash,Computer Incomes,"3,90"
19729,4,10,,,2026-09-29 18:49:14,Income,Cash,Computer Incomes,"16,68"
19730,2,4,,,2026-09-29 19:59:37,Income,Cash,Computer Incomes,"5,01"
19731,4,16,,,2026-09-29 16:55:57,Income,Cash,Computer Incomes,"26,40"
19732,4,2,,,2026-09-29 21:54:14,Income,Cash,Computer Incomes,"18,62"
19733,3,8,,,2026-09-29 14:22:52,Income,Cash,Computer Incomes,"4,45"
19734,5,24,,,2026-09-29 22:32:18,Income,Credit Card,Playstation Incomes,"21,96"
19735,1,16,,,2026-09-29 15:11:48,Income,Cash,Computer Incomes,"25,57"
19736,2,23,,,2026-09-29 09:06:49,Income,Credit Card,Playstation Incomes,"6,94"
19737,3,1,,,2026-09-29 19:03:18,Income,Cash,Computer Incomes,"21,11"
19738,1,24,,,2026-09-29 12:13:46,Income,Cash,Playstation Incomes,"5,00"
19739,5,16,,,2026-09-29 14:40:30,Income,Cash,Computer Incomes,"10,83"
19740,5,23,,,2026-09-29 14:28:35,Income,Cash,Playstation Incomes,"17,22"
19741,2,15,,,2026-09-29 09:03:47,Income,Cash,Computer Incomes,"24,17"
19742,3,13,,,2026-09-29 15:36:40,Income,Cash,Computer Incomes,"26,39"
19743,2,4,,12.0,2026-09-29 13:54:09,Income,Cash,Member Transactions,"19,45"
19744,4,1,47.0,,2026-09-29 19:06:28,Income,Cash,Order Incomes,"3,05"
19745,3,14,,,2026-09-30 21:37:17,Income,Credit Card,Computer Incomes,"6,40"
19746,2,24,,,2026-09-30 18:54:44,Income,Credit Card,Playstation Incomes,"9,42"
19747,3,11,,,2026-09-30 11:05:43,Income,Cash,Computer Incomes,"15,81"
19748,5,23,,,2026-09-30 09:33:25,Income,Cash,Playstation Incomes,"3,38"
19749,5,24,,,2026-09-30 17:20:29,Income,Cash,Playstation Incomes,"16,87"
19750,2,14,,,2026-09-30 09:37:39,Income,Cash,Computer Incomes,"7,46"
19751,3,14,,,2026-09-30 23:15:45,Income,Cash,Computer Incomes,"10,13"
19752,1,1,,,2026-09-30 23:58:18,Income,Cash,Computer Incomes,"7,81"
19753,2,14,,,2026-09-30 21:46:17,Income,Cash,Computer Incomes,"13,14"
19754,1,5,,,2026-09-30 19:44:50,Income,Cash,Computer Incomes,"15,98"
19755,1,14,8.0,,2026-09-30 20:32:30,Income,Cash,Order Incomes,"10,83"
19756,3,23,,,2026-09-30 18:48:07,Income,Cash,Playstation Incomes,"11,00"
19757,3,16,14.0,,2026-09-30 19:50:43,Income,Cash,Order Incomes,"3,01"
19758,4,13,,,2026-09-30 13:14:34,Income,Cash,Computer Incomes,"2,84"
19759,5,7,,,2026-09-30 16:01:26,Income,Credit Card,Computer Incomes,"2,84"
19760,4,3,,16.0,2026-09-30 15:41:33,Income,Cash,Member Transactions,"5,68"
19761,5,11,,,2026-09-30 11:20:19,Income,Cash,Computer Incomes,"7,28"
19762,1,7,,,2026-09-30 17:59:16,Income,Cash,Computer Incomes,"16,33"
19763,1,5,38.0,,2026-09-30 17:20:51,Income,Cash,Order Incomes,"13,67"
19764,5,24,,,2026-10-01 13:47:14,Income,Cash,Playstation Incomes,"7,35"
19765,5,23,,,2026-10-01 16:17:28,Income,Cash,Playstation Incomes,"13,39"
19766,1,24,,,2026-10-01 20:45:38,Income,Cash,Playstation Incomes,"18,58"
19767,1,4,,,2026-10-01 09:39:47,Income,Cash,Computer Incomes,"3,24"
19768,4,3,10.0,,2026-10-01 19:23:17,Income,Cash,Order Incomes,"5,62"
19769,2,14,,50.0,2026-10-01 14:33:27,Income,Cash,Member Transactions,"18,15"
19770,4,3,,,2026-10-01 16:08:28,Income,Credit Card,Computer Incomes,"11,23"
19771,2,16,,,2026-10-01 09:40:40,Income,Credit Card,Computer Incomes,"18,36"
19772,4,9,,,2026-10-01 13:40:20,Income,Cash,Computer Incomes,"14,25"
19773,2,9,,,2026-10-01 14:51:42,Income,Cash,Computer Incomes,"12,74"
19774,1,4,,,2026-10-01 17:31:50,Income,Cash,Computer Incomes,"20,08"
19775,3,23,,,2026-10-01 22:01:41,Income,Cash,Playstation Incomes,"5,83"
19776,1,8,,34.0,2026-10-01 22:04:36,Income,Credit Card,Member Transactions,"12,09"
19777,3,6,,56.0,2026-10-01 15:56:04,Income,Cash,Member Transactions,"5,39"
19778,2,10,,,2026-10-01 21:28:34,Income,Cash,Computer Incomes,"4,10"
19779,3,4,,,2026-10-01 23:41:16,Income,Cash,Computer Incomes,"9,71"
19780,5,24,,,2026-10-02 11:03:04,Income,Cash,Playstation Incomes,"29,22"
19781,4,14,,,2026-10-02 12:53:11,Income,Cash,Computer Incomes,"32,24"
19782,4,23,,,2026-10-02 21:57:30,Income,Cash,Playstation Incomes,"23,84"
19783,4,1,,,2026-10-02 18:15:11,Income,Cash,Computer Incomes,"20,15"
19784,4,7,,,2026-10-02 17:05:16,Income,Cash,Computer Incomes,"27,20"
19785,1,11,,,2026-10-02 22:34:24,Income,Cash,Computer Incomes,"15,79"
19786,2,13,,,2026-10-02 20:53:14,Income,Credit Card,Computer Incomes,"22,50"
19787,3,12,,45.0,2026-10-02 11:57:51,Income,Cash,Member Transactions,"23,51"
19788,4,4,,,2026-10-02 23:33:05,Income,Cash,Computer Incomes,"5,04"
19789,5,4,,,2026-10-02 14:09:05,Income,Cash,Computer Incomes,"30,89"
19790,4,6,,,2026-10-02 14:51:29,Income,Cash,Computer Incomes,"28,88"
19791,5,8,,54.0,2026-10-02 14:43:43,Income,Cash,Member Transactions,"24,85"
19792,5,24,,,2026-10-02 16:15:30,Income,Credit Card,Playstation Incomes,"3,69"
19793,1,1,,,2026-10-02 20:10:26,Income,Cash,Computer Incomes,"8,39"
19794,2,1,,,2026-10-02 13:15:17,Income,Cash,Computer Incomes,"14,77"
19795,3,23,,,2026-10-02 12:06:30,Income,Cash,Playstation Incomes,"6,71"
19796,1,1,,,2026-10-02 23:15:32,Income,Cash,Computer Incomes,"16,11"
19797,2,7,,64.0,2026-10-02 12:23:22,Income,Cash,Member Transactions,"28,20"
19798,5,24,,,2026-10-02 13:04:43,Income,Cash,Playstation Incomes,"7,05"
19799,4,23,,,2026-10-02 21:24:12,Income,Cash,Playstation Incomes,"17,79"
19800,1,8,21.0,,2026-10-02 12:28:43,Income,Cash,Order Incomes,"4,70"
19801,4,4,,23.0,2026-10-02 13:51:37,Income,Cash,Member Transactions,"16,45"
19802,1,7,,,2026-10-02 11:22:59,Income,Credit Card,Computer Incomes,"21,82"
19803,5,13,,,2026-10-02 23:50:29,Income,Credit Card,Computer Incomes,"19,47"
19804,4,24,,,2026-10-02 20:33:29,Income,Cash,Playstation Incomes,"32,23"
19805,2,23,,,2026-10-02 12:15:34,Income,Credit Card,Playstation Incomes,"12,08"
19806,4,3,,,2026-10-02 19:51:47,Income,Cash,Computer Incomes,"20,81"
19807,4,24,,,2026-10-02 11:20:20,Income,Cash,Playstation Incomes,"26,52"
19808,4,4,,,2026-10-03 19:44:28,Income,Cash,Computer Incomes,"15,15"
19809,3,3,43.0,,2026-10-03 20:27:30,Income,Cash,Order Incomes,"5,87"
19810,5,9,35.0,,2026-10-03 09:51:23,Income,Cash,Order Incomes,"5,68"
19811,3,2,,,2026-10-03 16:33:57,Income,Credit Card,Computer Incomes,"14,01"
19812,4,15,,,2026-10-03 12:53:48,Income,Cash,Computer Incomes,"12,69"
19813,5,23,,,2026-10-03 10:25:07,Income,Cash,Playstation Incomes,"17,23"
19814,1,1,,,2026-10-03 22:08:40,Income,Cash,Computer Incomes,"6,63"
19815,4,3,,,2026-10-03 22:32:44,Income,Cash,Computer Incomes,"16,47"
19816,5,8,,,2026-10-03 19:23:54,Income,Cash,Computer Incomes,"4,93"
19817,1,24,,,2026-10-03 15:35:34,Income,Credit Card,Playstation Incomes,"14,20"
19818,4,14,,,2026-10-03 14:58:52,Income,Cash,Computer Incomes,"4,93"
19819,1,10,,,2026-10-03 23:12:33,Income,Cash,Computer Incomes,"16,85"
19820,1,3,,,2026-10-03 21:48:48,Income,Cash,Computer Incomes,"16,85"
19821,1,23,,,2026-10-03 18:23:43,Income,Cash,Playstation Incomes,"12,50"
19822,5,24,,,2026-10-03 15:58:22,Income,Cash,Playstation Incomes,"17,61"
19823,1,13,42.0,,2026-10-03 17:43:03,Income,Cash,Order Incomes,"5,49"
19824,5,14,43.0,,2026-10-03 14:51:36,Income,Cash,Order Incomes,"6,44"
19825,2,23,,,2026-10-03 13:13:10,Income,Cash,Playstation Incomes,"10,60"
19826,3,12,,,2026-10-03 16:35:34,Income,Cash,Computer Incomes,"12,87"
19827,3,5,,46.0,2026-10-03 16:33:25,Income,Cash,Member Transactions,"9,08"
19828,1,4,29.0,,2026-10-03 13:29:43,Income,Cash,Order Incomes,"13,24"
19829,5,24,,,2026-10-03 16:57:12,Income,Cash,Playstation Incomes,"11,92"
19830,2,15,,,2026-10-03 19:32:03,Income,Cash,Computer Incomes,"7,00"
19831,2,3,,,2026-10-03 20:11:28,Income,Cash,Computer Incomes,"2,83"
19832,4,4,,65.0,2026-10-03 16:53:46,Income,Cash,Member Transactions,"17,98"
19833,1,23,,,2026-10-03 13:55:43,Income,Credit Card,Playstation Incomes,"14,38"
19834,2,10,,,2026-10-03 15:51:27,Income,Cash,Computer Incomes,"2,27"
19835,3,14,,,2026-10-03 13:47:52,Income,Cash,Computer Incomes,"11,92"
19836,2,16,,,2026-10-03 11:09:36,Income,Cash,Computer Incomes,"6,24"
19837,3,12,40.0,,2026-10-03 19:16:29,Income,Credit Card,Order Incomes,"8,13"
19838,5,24,,,2026-10-03 09:16:43,Income,Cash,Playstation Incomes,"18,73"
19839,1,13,,,2026-10-03 10:13:03,Income,Cash,Computer Incomes,"17,98"
19840,5,10,,65.0,2026-10-03 13:44:14,Income,Cash,Member Transactions,"3,02"
19841,4,3,39.0,,2026-10-03 13:27:44,Income,Cash,Order Incomes,"9,65"
19842,4,8,,,2026-10-03 21:53:06,Income,Cash,Computer Incomes,"2,27"
19843,4,3,,,2026-10-03 12:00:54,Income,Cash,Computer Incomes,"5,67"
19844,4,13,,,2026-10-03 10:47:21,Income,Cash,Computer Incomes,"4,73"
19845,4,23,,,2026-10-03 14:40:45,Income,Cash,Playstation Incomes,"9,65"
19846,5,3,,,2026-10-03 23:51:08,Income,Credit Card,Computer Incomes,"17,98"
19847,4,13,,,2026-10-03 09:34:25,Income,Cash,Computer Incomes,"16,08"
19848,1,16,,,2026-10-04 11:05:15,Income,Cash,Computer Incomes,"7,81"
19849,5,5,,,2026-10-04 18:28:45,Income,Cash,Computer Incomes,"21,57"
19850,3,13,,,2026-10-04 11:14:16,Income,Cash,Computer Incomes,"21,11"
19851,3,3,3.0,,2026-10-04 18:41:48,Income,Cash,Order Incomes,"2,30"
19852,3,10,,,2026-10-04 15:05:22,Income,Cash,Computer Incomes,"21,34"
19853,4,12,,,2026-10-04 13:04:27,Income,Cash,Computer Incomes,"20,88"
19854,2,13,,,2026-10-04 19:49:17,Income,Cash,Computer Incomes,"19,05"
19855,3,16,,,2026-10-04 19:38:58,Income,Credit Card,Computer Incomes,"10,79"
19856,2,4,,,2026-10-04 21:08:33,Income,Cash,Computer Incomes,"19,97"
19857,3,24,,,2026-10-04 22:55:41,Income,Credit Card,Playstation Incomes,"17,90"
19858,3,3,,,2026-10-04 16:47:17,Income,Cash,Computer Incomes,"9,18"
19859,2,23,,,2026-10-04 12:08:53,Income,Cash,Playstation Incomes,"11,93"
19860,5,13,46.0,,2026-10-04 09:18:53,Income,Cash,Order Incomes,"8,25"
19861,2,6,,,2026-10-04 13:39:41,Income,Cash,Computer Incomes,"22,25"
19862,2,14,,,2026-10-04 18:31:22,Income,Cash,Computer Incomes,"4,81"
19863,2,9,,,2026-10-04 23:07:41,Income,Cash,Computer Incomes,"14,45"
19864,1,4,,32.0,2026-10-04 20:24:32,Income,Cash,Member Transactions,"9,86"
19865,1,5,,,2026-10-04 16:50:15,Income,Credit Card,Computer Incomes,"18,58"
19866,4,14,42.0,,2026-10-04 17:41:44,Income,Cash,Order Incomes,"5,27"
19867,4,7,,29.0,2026-10-04 15:04:10,Income,Credit Card,Member Transactions,"9,17"
19868,2,16,24.0,,2026-10-05 15:12:23,Income,Cash,Order Incomes,"3,32"
19869,2,10,,,2026-10-05 22:12:15,Income,Cash,Computer Incomes,"17,53"
19870,3,24,,,2026-10-05 17:10:52,Income,Cash,Playstation Incomes,"18,70"
19871,1,8,,,2026-10-05 13:15:02,Income,Cash,Computer Incomes,"12,47"
19872,1,23,,,2026-10-05 17:10:26,Income,Cash,Playstation Incomes,"13,83"
19873,2,9,22.0,,2026-10-05 11:48:55,Income,Cash,Order Incomes,"9,55"
19874,2,5,,1.0,2026-10-05 22:21:03,Income,Cash,Member Transactions,"6,24"
19875,3,9,,,2026-10-05 23:03:22,Income,Cash,Computer Incomes,"5,07"
19876,3,24,,,2026-10-05 12:27:56,Income,Cash,Playstation Incomes,"6,04"
19877,4,3,,48.0,2026-10-05 11:38:22,Income,Credit Card,Member Transactions,"14,81"
19878,3,7,,,2026-10-05 14:48:58,Income,Credit Card,Computer Incomes,"7,99"
19879,4,14,,,2026-10-05 22:03:48,Income,Cash,Computer Incomes,"18,11"
19880,1,15,,,2026-10-05 14:22:08,Income,Cash,Computer Incomes,"10,71"
19881,1,13,15.0,,2026-10-05 12:32:49,Income,Credit Card,Order Incomes,"6,23"
19882,1,9,,,2026-10-05 23:58:27,Income,Cash,Computer Incomes,"15,58"
19883,2,23,,,2026-10-05 14:06:32,Income,Cash,Playstation Incomes,"10,90"
19884,3,24,,,2026-10-05 20:55:17,Income,Cash,Playstation Incomes,"16,36"
19885,5,23,,,2026-10-05 16:45:33,Income,Cash,Playstation Incomes,"2,72"
19886,3,13,,,2026-10-05 13:47:15,Income,Cash,Computer Incomes,"2,72"
19887,1,8,,,2026-10-05 22:56:36,Income,Cash,Computer Incomes,"5,84"
19888,2,1,,,2026-10-05 09:59:49,Income,Cash,Computer Incomes,"2,72"
19889,2,24,,,2026-10-05 23:45:21,Income,Cash,Playstation Incomes,"15,77"
19890,5,15,,,2026-10-05 12:32:52,Income,Cash,Computer Incomes,"14,41"
19891,2,10,,,2026-10-05 21:27:10,Income,Cash,Computer Incomes,"3,31"
19892,2,2,,,2026-10-06 16:40:21,Income,Credit Card,Computer Incomes,"32,00"
19893,3,23,,,2026-10-06 12:56:59,Income,Cash,Playstation Incomes,"25,60"
19894,3,13,,,2026-10-06 14:15:08,Income,Cash,Computer Incomes,"7,68"
19895,1,14,,,2026-10-06 15:35:37,Income,Credit Card,Computer Incomes,"20,48"
19896,1,6,,,2026-10-06 20:38:11,Income,Credit Card,Computer Incomes,"14,51"
19897,3,3,,,2026-10-06 21:49:37,Income,Cash,Computer Incomes,"9,82"
19898,3,2,,,2026-10-06 09:00:41,Income,Credit Card,Computer Incomes,"16,64"
19899,5,1,,29.0,2026-10-06 10:27:09,Income,Cash,Member Transactions,"20,90"
19900,2,12,,,2026-10-06 11:19:47,Income,Cash,Computer Incomes,"8,10"
19901,5,16,,,2026-10-06 11:12:20,Income,Credit Card,Computer Incomes,"39,24"
19902,1,7,,,2026-10-06 10:42:37,Income,Cash,Computer Incomes,"26,87"
19903,5,5,,,2026-10-06 23:17:15,Income,Credit Card,Computer Incomes,"23,46"
19904,1,9,,52.0,2026-10-06 15:26:19,Income,Cash,Member Transactions,"23,03"
19905,2,13,,,2026-10-06 21:59:19,Income,Cash,Computer Incomes,"30,28"
19906,2,3,,,2026-10-06 10:39:45,Income,Cash,Computer Incomes,"25,59"
19907,5,6,,,2026-10-06 13:19:38,Income,Credit Card,Computer Incomes,"24,74"
19908,3,24,,,2026-10-06 23:32:15,Income,Credit Card,Playstation Incomes,"5,54"
19909,5,9,,17.0,2026-10-06 13:40:36,Income,Cash,Member Transactions,"5,11"
19910,2,1,41.0,,2026-10-07 22:51:42,Income,Cash,Order Incomes,"20,31"
19911,5,14,43.0,,2026-10-07 22:44:21,Income,Cash,Order Incomes,"39,06"
19912,1,3,,31.0,2026-10-07 12:31:05,Income,Cash,Member Transactions,"7,43"
19913,5,14,,,2026-10-07 17:35:17,Income,Credit Card,Computer Incomes,"12,50"
19914,4,10,,,2026-10-07 17:18:14,Income,Cash,Computer Incomes,"3,91"
19915,4,14,,,2026-10-07 14:06:06,Income,Cash,Computer Incomes,"19,14"
19916,4,23,,,2026-10-07 10:35:31,Income,Cash,Playstation Incomes,"20,70"
19917,4,4,,,2026-10-07 13:23:21,Income,Cash,Computer Incomes,"26,56"
19918,5,24,,,2026-10-07 13:13:48,Income,Cash,Playstation Incomes,"22,27"
19919,5,23,,,2026-10-07 16:59:19,Income,Cash,Playstation Incomes,"9,77"
19920,3,13,,,2026-10-07 11:25:12,Income,Cash,Computer Incomes,"21,09"
19921,4,16,,,2026-10-07 12:48:38,Income,Cash,Computer Incomes,"6,24"
19922,2,3,,17.0,2026-10-07 14:11:17,Income,Cash,Member Transactions,"31,24"
19923,5,13,,,2026-10-07 11:21:46,Income,Cash,Computer Incomes,"33,97"
19924,2,24,,,2026-10-07 18:46:26,Income,Cash,Playstation Incomes,"5,46"
19925,1,14,,,2026-10-07 17:02:09,Income,Credit Card,Computer Incomes,"3,90"
19926,3,3,,,2026-10-07 18:06:12,Income,Cash,Computer Incomes,"4,29"
19927,3,12,,,2026-10-07 14:53:57,Income,Cash,Computer Incomes,"16,40"
19928,3,5,15.0,,2026-10-08 22:29:45,Income,Cash,Order Incomes,"3,24"
19929,3,23,,,2026-10-08 13:33:32,Income,Cash,Playstation Incomes,"11,45"
19930,3,1,2.0,,2026-10-08 09:42:15,Income,Cash,Order Incomes,"9,46"
19931,1,11,,,2026-10-08 10:18:57,Income,Cash,Computer Incomes,"20,91"
19932,5,4,21.0,,2026-10-08 22:29:08,Income,Cash,Order Incomes,"17,43"
19933,1,14,,,2026-10-08 15:41:19,Income,Cash,Computer Incomes,"19,42"
19934,1,16,,,2026-10-08 13:51:33,Income,Cash,Computer Incomes,"15,19"
19935,4,13,,,2026-10-08 11:31:11,Income,Cash,Computer Incomes,"8,96"
19936,4,11,,,2026-10-08 11:11:35,Income,Cash,Computer Incomes,"19,92"
19937,1,5,,,2026-10-08 10:34:52,Income,Cash,Computer Incomes,"13,69"
19938,3,4,,,2026-10-08 21:05:40,Income,Cash,Computer Incomes,"7,72"
19939,4,4,,66.0,2026-10-08 13:04:01,Income,Cash,Member Transactions,"5,73"
19940,1,5,38.0,,2026-10-08 09:15:37,Income,Cash,Order Incomes,"20,90"
19941,1,24,,,2026-10-08 21:33:05,Income,Cash,Playstation Incomes,"18,16"
19942,4,11,4.0,,2026-10-08 18:54:40,Income,Credit Card,Order Incomes,"18,41"
19943,2,4,49.0,,2026-10-08 14:35:17,Income,Cash,Order Incomes,"2,98"
19944,2,4,,,2026-10-08 14:47:28,Income,Cash,Computer Incomes,"8,71"
19945,1,23,,,2026-10-08 19:38:49,Income,Cash,Playstation Incomes,"14,93"
19946,4,14,,,2026-10-08 12:58:08,Income,Cash,Computer Incomes,"20,40"
19947,4,15,,,2026-10-08 13:06:59,Income,Cash,Computer Incomes,"15,92"
19948,5,4,,,2026-10-08 09:34:14,Income,Cash,Computer Incomes,"7,96"
19949,3,4,,,2026-10-08 13:06:11,Income,Credit Card,Computer Incomes,"9,95"
19950,2,2,,,2026-10-09 16:57:09,Income,Cash,Computer Incomes,"20,98"
19951,4,13,,,2026-10-09 21:39:38,Income,Cash,Computer Incomes,"16,06"
19952,4,14,,,2026-10-09 20:28:17,Income,Cash,Computer Incomes,"12,44"
19953,2,3,8.0,,2026-10-09 12:13:55,Income,Cash,Order Incomes,"5,70"
19954,2,24,,,2026-10-09 19:13:16,Income,Cash,Playstation Incomes,"13,99"
19955,3,23,,,2026-10-09 23:41:56,Income,Cash,Playstation Incomes,"14,51"
19956,1,14,,,2026-10-09 12:36:48,Income,Cash,Computer Incomes,"22,80"
19957,3,5,,,2026-10-09 11:02:53,Income,Cash,Computer Incomes,"10,88"
19958,2,9,,,2026-10-09 19:09:11,Income,Cash,Computer Incomes,"17,10"
19959,3,24,,,2026-10-09 22:16:45,Income,Cash,Playstation Incomes,"15,54"
19960,1,11,47.0,,2026-10-09 17:44:42,Income,Cash,Order Incomes,"3,89"
19961,4,4,,,2026-10-09 17:46:22,Income,Credit Card,Computer Incomes,"24,09"
19962,4,23,,,2026-10-09 13:08:35,Income,Credit Card,Playstation Incomes,"11,66"
19963,3,15,,,2026-10-09 12:55:47,Income,Credit Card,Computer Incomes,"12,18"
19964,3,1,30.0,,2026-10-09 14:54:10,Income,Cash,Order Incomes,"11,40"
19965,4,24,,,2026-10-09 22:49:53,Income,Cash,Playstation Incomes,"16,84"
19966,4,7,,,2026-10-09 22:23:31,Income,Credit Card,Computer Incomes,"4,67"
19967,1,10,,17.0,2026-10-09 11:51:22,Income,Credit Card,Member Transactions,"22,80"
19968,4,23,,,2026-10-09 09:57:05,Income,Cash,Playstation Incomes,"6,47"
19969,3,9,,,2026-10-09 15:28:46,Income,Credit Card,Computer Incomes,"13,20"
19970,5,1,,59.0,2026-10-09 10:28:09,Income,Cash,Member Transactions,"12,94"
19971,3,6,,,2026-10-09 16:18:57,Income,Cash,Computer Incomes,"7,76"
19972,1,9,24.0,,2026-10-09 16:43:56,Income,Cash,Order Incomes,"14,76"
19973,3,16,,,2026-10-09 11:04:48,Income,Cash,Computer Incomes,"5,95"
19974,1,14,,,2026-10-09 20:37:55,Income,Cash,Computer Incomes,"6,99"
19975,1,13,,,2026-10-09 11:32:51,Income,Cash,Computer Incomes,"9,06"
19976,5,16,14.0,,2026-10-09 09:05:49,Income,Cash,Order Incomes,"11,65"
19977,5,1,,,2026-10-09 16:10:03,Income,Cash,Computer Incomes,"2,84"
19978,3,16,,,2026-10-09 13:39:05,Income,Cash,Computer Incomes,"18,38"
19979,1,24,,,2026-10-09 16:57:05,Income,Cash,Playstation Incomes,"10,35"
19980,2,23,,,2026-10-10 10:19:07,Income,Cash,Playstation Incomes,"9,69"
19981,4,9,,,2026-10-10 23:06:40,Income,Cash,Computer Incomes,"38,34"
19982,2,16,,,2026-10-10 13:07:44,Income,Cash,Computer Incomes,"22,08"
19983,2,14,,,2026-10-10 22:42:42,Income,Cash,Computer Incomes,"33,69"
19984,4,12,,,2026-10-10 13:37:41,Income,Cash,Computer Incomes,"38,34"
19985,4,24,,,2026-10-10 20:34:44,Income,Credit Card,Playstation Incomes,"12,40"
19986,2,9,32.0,,2026-10-10 13:30:32,Income,Credit Card,Order Incomes,"13,94"
19987,2,8,,,2026-10-10 18:31:33,Income,Cash,Computer Incomes,"13,17"
19988,1,3,,,2026-10-10 23:39:14,Income,Cash,Computer Incomes,"6,59"
19989,5,5,,,2026-10-10 10:02:23,Income,Cash,Computer Incomes,"22,08"
19990,2,13,,,2026-10-10 12:53:19,Income,Cash,Computer Incomes,"25,17"
19991,3,16,,,2026-10-10 10:11:35,Income,Cash,Computer Incomes,"32,14"
19992,5,8,,,2026-10-10 14:43:07,Income,Cash,Computer Incomes,"13,94"
19993,2,23,,,2026-10-10 19:24:56,Income,Cash,Playstation Incomes,"14,71"
19994,3,24,,,2026-10-10 20:27:58,Income,Cash,Playstation Incomes,"36,78"
19995,2,23,,,2026-10-10 20:21:19,Income,Cash,Playstation Incomes,"4,64"
19996,3,10,,14.0,2026-10-10 18:34:04,Income,Cash,Member Transactions,"12,00"
19997,1,1,,,2026-10-10 09:46:10,Income,Cash,Computer Incomes,"6,96"
19998,5,5,,,2026-10-10 10:13:17,Income,Cash,Computer Incomes,"37,17"
19999,1,6,,,2026-10-10 23:04:06,Income,Cash,Computer Incomes,"14,71"
20000,3,14,,,2026-10-10 17:22:31,Income,Cash,Computer Incomes,"20,52"
20001,2,9,,37.0,2026-10-10 17:19:46,Income,Cash,Member Transactions,"30,58"
20002,3,15,,,2026-10-10 09:16:05,Income,Cash,Computer Incomes,"22,45"
20003,5,12,,,2026-10-10 22:29:02,Income,Cash,Computer Incomes,"27,49"
20004,5,12,,,2026-10-10 18:05:15,Income,Cash,Computer Incomes,"3,87"
20005,1,24,,,2026-10-10 23:04:23,Income,Cash,Playstation Incomes,"35,23"
20006,1,9,,1.0,2026-10-10 15:14:11,Income,Cash,Member Transactions,"18,58"
20007,2,15,,,2026-10-10 12:37:02,Income,Cash,Computer Incomes,"23,61"
20008,1,4,,,2026-10-11 21:38:49,Income,Cash,Computer Incomes,"19,48"
20009,4,12,,,2026-10-11 13:21:32,Income,Cash,Computer Incomes,"30,93"
20010,1,2,,,2026-10-11 20:21:22,Income,Cash,Computer Incomes,"20,24"
20011,3,11,,,2026-10-11 14:17:59,Income,Cash,Computer Incomes,"33,22"
20012,1,23,,,2026-10-11 16:56:47,Income,Cash,Playstation Incomes,"6,88"
20013,2,1,23.0,,2026-10-11 09:46:42,Income,Cash,Order Incomes,"30,17"
20014,2,24,,,2026-10-11 10:50:14,Income,Credit Card,Playstation Incomes,"27,50"
20015,3,11,,,2026-10-11 20:13:24,Income,Cash,Computer Incomes,"29,41"
20016,1,10,15.0,,2026-10-11 09:12:09,Income,Cash,Order Incomes,"7,26"
20017,4,23,,,2026-10-11 14:43:48,Income,Credit Card,Playstation Incomes,"10,69"
20018,2,24,,,2026-10-11 20:40:40,Income,Cash,Playstation Incomes,"24,81"
20019,1,6,,48.0,2026-10-11 12:51:24,Income,Cash,Member Transactions,"4,20"
20020,2,16,,,2026-10-11 22:42:19,Income,Cash,Computer Incomes,"9,54"
20021,2,23,,,2026-10-11 14:32:42,Income,Cash,Playstation Incomes,"8,40"
20022,2,12,,,2026-10-11 12:51:21,Income,Cash,Computer Incomes,"22,52"
20023,1,13,,,2026-10-11 22:22:00,Income,Cash,Computer Incomes,"24,05"
20024,5,24,,,2026-10-11 18:56:26,Income,Cash,Playstation Incomes,"6,87"
20025,5,23,,,2026-10-11 16:04:14,Income,Cash,Playstation Incomes,"7,25"
20026,3,15,,,2026-10-11 10:19:41,Income,Cash,Computer Incomes,"22,52"
20027,3,10,,,2026-10-11 20:52:22,Income,Cash,Computer Incomes,"5,72"
20028,1,13,,,2026-10-12 09:01:51,Income,Cash,Computer Incomes,"28,46"
20029,5,13,,66.0,2026-10-12 19:12:59,Income,Cash,Member Transactions,"34,08"
20030,5,24,,,2026-10-12 11:51:56,Income,Cash,Playstation Incomes,"17,60"
20031,5,2,,60.0,2026-10-12 11:16:21,Income,Cash,Member Transactions,"12,36"
20032,3,7,,,2026-10-12 20:58:21,Income,Cash,Computer Incomes,"12,74"
20033,2,2,,46.0,2026-10-12 10:27:28,Income,Cash,Member Transactions,"31,08"
20034,2,1,,,2026-10-12 10:15:22,Income,Cash,Computer Incomes,"18,35"
20035,2,10,12.0,,2026-10-12 20:20:48,Income,Cash,Order Incomes,"5,62"
20036,2,23,,,2026-10-12 11:06:23,Income,Cash,Playstation Incomes,"25,09"
20037,2,1,,50.0,2026-10-12 19:11:38,Income,Cash,Member Transactions,"27,71"
20038,4,2,,,2026-10-12 22:56:26,Income,Cash,Computer Incomes,"31,46"
20039,3,24,,,2026-10-12 23:18:34,Income,Cash,Playstation Incomes,"31,07"
20040,2,23,,,2026-10-12 10:03:02,Income,Cash,Playstation Incomes,"10,48"
20041,1,2,47.0,,2026-10-12 19:27:43,Income,Cash,Order Incomes,"17,22"
20042,2,24,,,2026-10-12 11:13:48,Income,Cash,Playstation Incomes,"8,98"
20043,3,5,15.0,,2026-10-12 13:38:09,Income,Cash,Order Incomes,"25,46"
20044,5,9,44.0,,2026-10-12 18:33:07,Income,Cash,Order Incomes,"26,21"
20045,5,12,,,2026-10-12 20:52:57,Income,Credit Card,Computer Incomes,"13,85"
20046,4,23,,,2026-10-12 21:39:41,Income,Cash,Playstation Incomes,"11,98"
20047,4,5,,9.0,2026-10-12 11:51:56,Income,Credit Card,Member Transactions,"4,11"
20048,2,6,,,2026-10-13 21:53:24,Income,Credit Card,Computer Incomes,"18,99"
20049,5,11,,,2026-10-13 20:37:45,Income,Cash,Computer Incomes,"12,39"
20050,4,3,,,2026-10-13 09:57:27,Income,Cash,Computer Incomes,"6,61"
20051,3,12,,,2026-10-13 10:08:21,Income,Cash,Computer Incomes,"25,32"
20052,3,11,,,2026-10-13 22:23:06,Income,Cash,Computer Incomes,"23,94"
20053,1,15,,,2026-10-13 20:24:39,Income,Cash,Computer Incomes,"4,68"
20054,1,5,,,2026-10-13 17:03:37,Income,Cash,Computer Incomes,"20,37"
20055,3,9,35.0,,2026-10-13 20:14:13,Income,Cash,Order Incomes,"22,84"
20056,3,4,,,2026-10-13 19:46:45,Income,Cash,Computer Incomes,"8,54"
20057,4,1,47.0,,2026-10-13 13:28:02,Income,Cash,Order Incomes,"5,23"
20058,4,10,,2.0,2026-10-13 17:39:19,Income,Credit Card,Member Transactions,"16,23"
20059,4,24,,,2026-10-13 19:21:19,Income,Cash,Playstation Incomes,"16,23"
20060,1,12,,,2026-10-13 19:07:35,Income,Cash,Computer Incomes,"18,43"
20061,1,5,,,2026-10-13 16:10:05,Income,Cash,Computer Incomes,"26,14"
20062,1,23,,,2026-10-13 15:41:05,Income,Cash,Playstation Incomes,"14,85"
20063,4,11,,,2026-10-13 13:52:38,Income,Cash,Computer Incomes,"11,55"
20064,5,24,,,2026-10-13 16:04:50,Income,Cash,Playstation Incomes,"5,77"
20065,4,9,,,2026-10-14 09:09:44,Income,Cash,Computer Incomes,"12,78"
20066,5,6,,,2026-10-14 17:40:25,Income,Cash,Computer Incomes,"13,36"
20067,2,5,27.0,,2026-10-14 18:32:58,Income,Cash,Order Incomes,"16,26"
20068,2,11,22.0,,2026-10-14 21:12:42,Income,Credit Card,Order Incomes,"10,46"
20069,2,7,,,2026-10-14 16:52:49,Income,Cash,Computer Incomes,"5,52"
20070,4,5,,,2026-10-14 18:50:03,Income,Cash,Computer Incomes,"11,91"
20071,1,23,,,2026-10-14 23:17:56,Income,Cash,Playstation Incomes,"11,91"
20072,1,24,,,2026-10-14 14:16:50,Income,Credit Card,Playstation Incomes,"6,39"
20073,1,16,,,2026-10-14 13:33:11,Income,Cash,Computer Incomes,"18,88"
20074,4,15,,,2026-10-14 11:25:52,Income,Cash,Computer Incomes,"26,43"
20075,2,7,,,2026-10-14 18:16:26,Income,Cash,Computer Incomes,"23,22"
20076,4,12,,,2026-10-14 15:01:42,Income,Cash,Computer Incomes,"2,90"
20077,2,12,,7.0,2026-10-14 13:48:18,Income,Cash,Member Transactions,"22,64"
20078,3,12,,58.0,2026-10-14 23:08:23,Income,Cash,Member Transactions,"13,93"
20079,1,23,,,2026-10-14 19:09:06,Income,Cash,Playstation Incomes,"9,58"
20080,4,15,,41.0,2026-10-14 18:46:22,Income,Cash,Member Transactions,"7,83"
20081,1,24,,,2026-10-14 11:00:46,Income,Cash,Playstation Incomes,"11,32"
20082,2,15,,,2026-10-14 18:16:59,Income,Cash,Computer Incomes,"7,54"
20083,2,10,,,2026-10-14 14:34:01,Income,Cash,Computer Incomes,"19,74"
20084,5,13,,,2026-10-14 23:46:45,Income,Cash,Computer Incomes,"26,71"
20085,3,23,,,2026-10-14 13:15:15,Income,Cash,Playstation Incomes,"11,90"
20086,3,7,,,2026-10-15 17:17:34,Income,Cash,Computer Incomes,"11,40"
20087,2,13,,24.0,2026-10-15 23:56:39,Income,Cash,Member Transactions,"36,64"
20088,4,15,,,2026-10-15 21:04:02,Income,Cash,Computer Incomes,"33,38"
20089,4,14,7.0,,2026-10-15 13:46:22,Income,Cash,Order Incomes,"26,87"
20090,1,24,,,2026-10-15 18:03:45,Income,Credit Card,Playstation Incomes,"22,39"
20091,1,23,,,2026-10-15 11:24:19,Income,Cash,Playstation Incomes,"34,19"
20092,2,24,,,2026-10-15 12:14:24,Income,Cash,Playstation Incomes,"7,74"
20093,5,3,,,2026-10-15 18:19:36,Income,Credit Card,Computer Incomes,"15,87"
20094,2,23,,,2026-10-15 21:20:30,Income,Cash,Playstation Incomes,"39,48"
20095,1,11,,,2026-10-15 21:56:42,Income,Credit Card,Computer Incomes,"9,36"
20096,2,14,,,2026-10-15 20:01:05,Income,Cash,Computer Incomes,"29,71"
20097,4,24,,,2026-10-15 10:22:56,Income,Cash,Playstation Incomes,"36,63"
20098,3,5,2.0,,2026-10-15 15:38:14,Income,Credit Card,Order Incomes,"18,72"
20099,2,1,,,2026-10-15 11:43:50,Income,Cash,Computer Incomes,"17,50"
20100,5,12,,,2026-10-15 17:00:19,Income,Cash,Computer Incomes,"27,27"
20101,2,23,,,2026-10-15 11:22:54,Income,Cash,Playstation Incomes,"25,23"
20102,2,13,,,2026-10-15 10:52:26,Income,Cash,Computer Incomes,"6,91"
20103,2,6,,,2026-10-16 14:51:15,Income,Cash,Computer Incomes,"23,20"
20104,1,15,,,2026-10-16 22:41:52,Income,Cash,Computer Incomes,"2,85"
20105,1,3,,,2026-10-16 10:21:39,Income,Cash,Computer Incomes,"13,50"
20106,5,5,,,2026-10-16 17:56:39,Income,Cash,Computer Incomes,"7,58"
20107,4,24,,,2026-10-16 16:57:15,Income,Cash,Playstation Incomes,"12,79"
20108,5,8,,,2026-10-16 14:50:22,Income,Cash,Computer Incomes,"19,65"
20109,5,15,,,2026-10-16 09:51:48,Income,Cash,Computer Incomes,"9,47"
20110,2,12,,,2026-10-16 10:45:38,Income,Cash,Computer Incomes,"19,18"
20111,1,7,,,2026-10-16 09:05:20,Income,Cash,Computer Incomes,"5,92"
20112,3,12,,,2026-10-16 21:10:24,Income,Cash,Computer Incomes,"14,21"
20113,5,4,,,2026-10-16 21:46:14,Income,Cash,Computer Incomes,"14,44"
20114,3,23,,,2026-10-16 09:36:49,Income,Cash,Playstation Incomes,"13,97"
20115,3,6,,,2026-10-16 10:35:19,Income,Credit Card,Computer Incomes,"10,42"
20116,4,11,,,2026-10-16 14:29:50,Income,Cash,Computer Incomes,"15,15"
20117,5,10,,,2026-10-16 12:24:29,Income,Cash,Computer Incomes,"5,45"
20118,3,24,,,2026-10-16 21:38:58,Income,Cash,Playstation Incomes,"3,56"
20119,3,23,,,2026-10-16 12:46:57,Income,Cash,Playstation Incomes,"5,91"
20120,2,8,,,2026-10-16 18:41:52,Income,Cash,Computer Incomes,"11,12"
20121,4,3,,,2026-10-16 14:56:05,Income,Cash,Computer Incomes,"15,85"
20122,2,24,,,2026-10-16 13:55:48,Income,Credit Card,Playstation Incomes,"6,86"
20123,2,23,,,2026-10-16 23:57:25,Income,Cash,Playstation Incomes,"20,82"
20124,5,16,,,2026-10-16 14:34:11,Income,Cash,Computer Incomes,"8,99"
20125,2,9,,63.0,2026-10-16 22:12:50,Income,Cash,Member Transactions,"5,91"
20126,4,24,,,2026-10-16 17:28:50,Income,Cash,Playstation Incomes,"9,23"
20127,4,23,,,2026-10-16 21:18:06,Income,Cash,Playstation Incomes,"18,46"
20128,5,4,,,2026-10-16 17:41:22,Income,Cash,Computer Incomes,"12,30"
20129,3,4,,,2026-10-16 13:14:10,Income,Cash,Computer Incomes,"8,28"
20130,1,2,,,2026-10-16 10:49:11,Income,Cash,Computer Incomes,"20,11"
20131,4,15,,,2026-10-16 12:37:14,Income,Cash,Computer Incomes,"18,22"
20132,4,3,,,2026-10-16 13:32:35,Income,Cash,Computer Incomes,"14,91"
20133,4,15,,,2026-10-16 14:57:42,Income,Cash,Computer Incomes,"7,33"
20134,3,8,,49.0,2026-10-16 13:01:28,Income,Cash,Member Transactions,"21,06"
20135,4,1,,,2026-10-16 23:52:56,Income,Credit Card,Computer Incomes,"22,72"
20136,4,24,,,2026-10-16 22:11:56,Income,Credit Card,Playstation Incomes,"13,49"
20137,2,23,,,2026-10-16 16:12:52,Income,Cash,Playstation Incomes,"4,97"
20138,3,6,,,2026-10-16 13:11:55,Income,Cash,Computer Incomes,"20,59"
20139,1,4,,64.0,2026-10-16 09:36:22,Income,Cash,Member Transactions,"9,70"
20140,1,1,,,2026-10-16 14:53:03,Income,Cash,Computer Incomes,"5,91"
20141,4,4,,,2026-10-16 23:32:08,Income,Cash,Computer Incomes,"16,09"
20142,2,24,,,2026-10-16 09:14:19,Income,Cash,Playstation Incomes,"6,39"
20143,2,12,,,2026-10-16 11:19:40,Income,Cash,Computer Incomes,"5,20"
20144,1,23,,,2026-10-16 14:09:27,Income,Cash,Playstation Incomes,"7,57"
20145,5,24,,,2026-10-17 12:23:31,Income,Cash,Playstation Incomes,"9,29"
20146,4,10,,,2026-10-17 18:27:36,Income,Cash,Computer Incomes,"4,78"
20147,4,13,,,2026-10-17 21:46:00,Income,Cash,Computer Incomes,"8,76"
20148,5,23,,,2026-10-17 12:50:05,Income,Credit Card,Playstation Incomes,"6,37"
20149,2,4,,,2026-10-17 19:53:05,Income,Cash,Computer Incomes,"2,66"
20150,5,8,,,2026-10-17 10:03:04,Income,Cash,Computer Incomes,"19,10"
20151,5,11,19.0,,2026-10-17 18:51:09,Income,Credit Card,Order Incomes,"22,82"
20152,2,1,,,2026-10-17 21:22:06,Income,Cash,Computer Incomes,"10,35"
20153,3,6,,,2026-10-17 14:56:32,Income,Cash,Computer Incomes,"19,63"
20154,4,24,,,2026-10-17 09:25:36,Income,Cash,Playstation Incomes,"20,17"
20155,2,14,,,2026-10-17 19:37:17,Income,Cash,Computer Incomes,"26,27"
20156,5,4,11.0,,2026-10-17 17:32:28,Income,Cash,Order Incomes,"6,64"
20157,5,23,,,2026-10-17 21:37:19,Income,Cash,Playstation Incomes,"24,67"
20158,4,24,,,2026-10-17 10:30:41,Income,Cash,Playstation Incomes,"4,25"
20159,1,4,,,2026-10-17 16:34:18,Income,Cash,Computer Incomes,"24,41"
20160,1,3,32.0,,2026-10-17 15:24:24,Income,Cash,Order Incomes,"4,77"
20161,5,15,24.0,,2026-10-17 11:17:30,Income,Cash,Order Incomes,"8,75"
20162,1,4,,2.0,2026-10-17 20:38:19,Income,Cash,Member Transactions,"13,52"
20163,1,4,,,2026-10-17 17:28:25,Income,Cash,Computer Incomes,"5,57"
20164,3,2,,,2026-10-17 22:16:16,Income,Cash,Computer Incomes,"15,65"
20165,3,4,,,2026-10-17 11:25:31,Income,Cash,Computer Incomes,"11,93"
20166,3,23,,,2026-10-17 20:13:10,Income,Cash,Playstation Incomes,"13,52"
20167,3,7,,,2026-10-17 18:59:00,Income,Cash,Computer Incomes,"5,57"
20168,3,12,,,2026-10-17 19:25:29,Income,Credit Card,Computer Incomes,"25,73"
20169,3,10,,,2026-10-17 20:20:16,Income,Cash,Computer Incomes,"20,95"
20170,2,7,,,2026-10-17 23:40:36,Income,Credit Card,Computer Incomes,"15,38"
20171,4,4,,,2026-10-17 12:42:55,Income,Cash,Computer Incomes,"18,30"
20172,3,3,,,2026-10-17 18:36:36,Income,Cash,Computer Incomes,"5,04"
20173,3,24,,,2026-10-17 20:01:32,Income,Cash,Playstation Incomes,"21,22"
20174,1,10,,,2026-10-17 12:38:13,Income,Credit Card,Computer Incomes,"2,91"
20175,5,5,4.0,,2026-10-17 18:47:35,Income,Cash,Order Incomes,"11,67"
20176,2,6,,,2026-10-17 15:43:25,Income,Cash,Computer Incomes,"14,85"
20177,5,23,,,2026-10-17 14:34:31,Income,Cash,Playstation Incomes,"20,95"
20178,5,9,,,2026-10-17 23:26:57,Income,Cash,Computer Incomes,"25,99"
20179,4,2,,,2026-10-18 16:11:55,Income,Cash,Computer Incomes,"30,14"
20180,2,3,15.0,,2026-10-18 14:22:00,Income,Cash,Order Incomes,"30,60"
20181,2,1,,,2026-10-18 10:40:49,Income,Credit Card,Computer Incomes,"6,50"
20182,3,24,,,2026-10-18 09:58:12,Income,Credit Card,Playstation Incomes,"6,50"
20183,5,23,,,2026-10-18 15:27:49,Income,Cash,Playstation Incomes,"28,29"
20184,1,1,,47.0,2026-10-18 23:01:03,Income,Cash,Member Transactions,"36,16"
20185,3,24,,,2026-10-18 18:08:12,Income,Cash,Playstation Incomes,"26,89"
20186,2,9,,,2026-10-18 17:58:02,Income,Cash,Computer Incomes,"33,84"
20187,5,1,,,2026-10-18 23:18:27,Income,Cash,Computer Incomes,"28,74"
20188,5,4,32.0,,2026-10-18 09:33:44,Income,Cash,Order Incomes,"38,48"
20189,2,7,,,2026-10-18 15:16:42,Income,Cash,Computer Incomes,"44,97"
20190,1,4,,,2026-10-18 09:52:28,Income,Cash,Computer Incomes,"15,29"
20191,4,9,,,2026-10-18 10:00:48,Income,Cash,Computer Incomes,"32,91"
20192,5,3,,,2026-10-18 12:09:56,Income,Cash,Computer Incomes,"31,99"
20193,3,4,,,2026-10-19 12:17:46,Income,Cash,Computer Incomes,"12,70"
20194,5,15,,39.0,2026-10-19 15:35:35,Income,Cash,Member Transactions,"8,82"
20195,3,13,,,2026-10-19 17:09:02,Income,Credit Card,Computer Incomes,"7,76"
20196,4,2,,,2026-10-19 23:35:06,Income,Credit Card,Computer Incomes,"4,59"
20197,3,4,,,2026-10-19 23:11:53,Income,Cash,Computer Incomes,"4,24"
20198,1,13,,14.0,2026-10-19 09:01:51,Income,Credit Card,Member Transactions,"18,34"
20199,1,9,15.0,,2026-10-19 10:42:37,Income,Cash,Order Incomes,"20,81"
20200,1,23,,,2026-10-19 11:04:34,Income,Cash,Playstation Incomes,"25,04"
20201,1,3,,,2026-10-19 16:48:39,Income,Cash,Computer Incomes,"6,00"
20202,2,9,,,2026-10-19 15:08:52,Income,Cash,Computer Incomes,"6,00"
20203,2,24,,,2026-10-19 17:35:06,Income,Cash,Playstation Incomes,"10,94"
20204,2,13,39.0,,2026-10-19 20:18:25,Income,Cash,Order Incomes,"14,46"
20205,3,13,,34.0,2026-10-19 09:20:19,Income,Cash,Member Transactions,"9,87"
20206,3,23,,,2026-10-19 17:42:15,Income,Cash,Playstation Incomes,"35,25"
20207,1,15,,,2026-10-19 14:48:31,Income,Credit Card,Computer Incomes,"7,05"
20208,5,24,,,2026-10-19 11:47:44,Income,Cash,Playstation Incomes,"29,61"
20209,5,4,,,2026-10-19 13:56:15,Income,Credit Card,Computer Incomes,"32,08"
20210,3,12,8.0,,2026-10-19 10:33:46,Income,Cash,Order Incomes,"19,03"
20211,1,14,,,2026-10-19 19:26:38,Income,Cash,Computer Incomes,"17,62"
20212,4,10,,,2026-10-19 21:44:54,Income,Cash,Computer Incomes,"7,75"
20213,4,8,,,2026-10-19 22:45:03,Income,Cash,Computer Incomes,"15,86"
20214,4,7,,,2026-10-19 15:09:27,Income,Cash,Computer Incomes,"18,68"
20215,3,4,,,2026-10-19 23:52:11,Income,Cash,Computer Incomes,"31,38"
20216,2,2,3.0,,2026-10-19 21:27:45,Income,Cash,Order Incomes,"8,81"
20217,5,23,,,2026-10-20 17:58:59,Income,Cash,Playstation Incomes,"18,47"
20218,5,6,16.0,,2026-10-20 21:42:29,Income,Credit Card,Order Incomes,"20,97"
20219,1,24,,,2026-10-20 15:25:23,Income,Cash,Playstation Incomes,"15,03"
20220,1,11,,,2026-10-20 11:18:57,Income,Cash,Computer Incomes,"24,42"
20221,3,23,,,2026-10-20 20:27:06,Income,Cash,Playstation Incomes,"7,20"
20222,5,10,,,2026-10-20 22:27:50,Income,Cash,Computer Incomes,"28,80"
20223,2,24,,,2026-10-20 10:10:50,Income,Cash,Playstation Incomes,"5,01"
20224,3,13,,,2026-10-20 14:56:47,Income,Cash,Computer Incomes,"17,84"
20225,2,23,,,2026-10-20 19:55:28,Income,Cash,Playstation Incomes,"26,91"
20226,3,8,,47.0,2026-10-20 14:41:42,Income,Credit Card,Member Transactions,"16,27"
20227,4,16,,,2026-10-20 10:46:35,Income,Cash,Computer Incomes,"10,01"
20228,1,14,,,2026-10-20 21:54:46,Income,Cash,Computer Incomes,"9,70"
20229,5,12,,58.0,2026-10-20 17:27:58,Income,Cash,Member Transactions,"22,84"
20230,2,4,30.0,,2026-10-20 13:23:12,Income,Cash,Order Incomes,"8,76"
20231,5,4,,,2026-10-20 23:11:23,Income,Cash,Computer Incomes,"30,98"
20232,1,5,27.0,,2026-10-20 17:14:35,Income,Cash,Order Incomes,"5,32"
20233,4,11,,47.0,2026-10-20 23:06:30,Income,Cash,Member Transactions,"5,32"
20234,2,7,,,2026-10-20 17:47:29,Income,Cash,Computer Incomes,"18,77"
20235,5,13,2.0,,2026-10-20 17:15:52,Income,Cash,Order Incomes,"26,91"
20236,1,13,,,2026-10-20 11:28:02,Income,Cash,Computer Incomes,"11,89"
20237,2,14,,,2026-10-20 17:26:23,Income,Cash,Computer Incomes,"27,54"
20238,1,24,,,2026-10-21 19:34:29,Income,Cash,Playstation Incomes,"22,75"
20239,3,23,,,2026-10-21 09:29:36,Income,Cash,Playstation Incomes,"4,30"
20240,2,3,,,2026-10-21 16:21:46,Income,Cash,Computer Incomes,"23,77"
20241,2,13,31.0,,2026-10-21 12:54:09,Income,Credit Card,Order Incomes,"13,15"
20242,4,9,,,2026-10-21 17:57:28,Income,Cash,Computer Incomes,"11,89"
20243,2,11,,,2026-10-21 16:34:43,Income,Cash,Computer Incomes,"4,55"
20244,1,6,,,2026-10-21 12:57:49,Income,Cash,Computer Incomes,"5,57"
20245,3,4,,,2026-10-21 16:40:33,Income,Cash,Computer Incomes,"13,91"
20246,5,16,21.0,,2026-10-21 23:17:52,Income,Credit Card,Order Incomes,"17,19"
20247,2,9,,,2026-10-21 23:55:01,Income,Cash,Computer Incomes,"14,91"
20248,1,14,,,2026-10-21 10:31:24,Income,Credit Card,Computer Incomes,"10,36"
20249,5,24,,,2026-10-21 22:01:14,Income,Cash,Playstation Incomes,"18,70"
20250,3,6,,,2026-10-21 23:32:25,Income,Cash,Computer Incomes,"22,49"
20251,4,23,,,2026-10-21 21:36:47,Income,Cash,Playstation Incomes,"15,41"
20252,1,4,,,2026-10-21 16:23:33,Income,Cash,Computer Incomes,"3,53"
20253,3,1,,,2026-10-21 14:55:51,Income,Cash,Computer Incomes,"17,94"
20254,4,14,,,2026-10-21 19:59:23,Income,Cash,Computer Incomes,"23,00"
20255,3,11,14.0,,2026-10-22 10:32:26,Income,Cash,Order Incomes,"30,70"
20256,4,24,,,2026-10-22 11:06:09,Income,Cash,Playstation Incomes,"5,58"
20257,2,15,,,2026-10-22 17:46:03,Income,Cash,Computer Incomes,"4,65"
20258,4,6,,,2026-10-22 09:46:33,Income,Cash,Computer Incomes,"22,01"
20259,1,1,26.0,,2026-10-22 13:43:32,Income,Cash,Order Incomes,"14,88"
20260,4,14,,,2026-10-22 20:45:26,Income,Credit Card,Computer Incomes,"22,32"
20261,4,16,,41.0,2026-10-22 11:12:15,Income,Cash,Member Transactions,"17,67"
20262,1,11,,,2026-10-22 22:47:57,Income,Cash,Computer Incomes,"30,38"
20263,3,23,,,2026-10-22 16:35:30,Income,Credit Card,Playstation Incomes,"27,59"
20264,3,5,3.0,,2026-10-22 10:55:26,Income,Cash,Order Incomes,"10,23"
20265,1,15,,,2026-10-22 21:03:01,Income,Credit Card,Computer Incomes,"12,40"
20266,4,14,,,2026-10-22 11:03:13,Income,Cash,Computer Incomes,"16,12"
20267,1,5,,,2026-10-22 16:36:07,Income,Cash,Computer Incomes,"7,44"
20268,1,10,16.0,,2026-10-22 16:09:17,Income,Cash,Order Incomes,"18,91"
20269,5,4,,12.0,2026-10-22 15:40:42,Income,Cash,Member Transactions,"23,56"
20270,5,15,,,2026-10-22 23:53:08,Income,Cash,Computer Incomes,"12,09"
20271,1,7,,,2026-10-22 16:11:20,Income,Cash,Computer Incomes,"16,12"
20272,1,5,,,2026-10-22 10:47:20,Income,Cash,Computer Incomes,"17,67"
20273,2,16,,,2026-10-22 10:05:25,Income,Cash,Computer Incomes,"17,67"
20274,4,4,,,2026-10-22 17:14:38,Income,Cash,Computer Incomes,"7,13"
20275,5,5,,,2026-10-23 19:50:31,Income,Cash,Computer Incomes,"4,20"
20276,4,13,20.0,,2026-10-23 16:28:32,Income,Credit Card,Order Incomes,"10,59"
20277,3,3,,39.0,2026-10-23 17:53:05,Income,Cash,Member Transactions,"3,20"
20278,1,9,46.0,,2026-10-23 17:47:52,Income,Cash,Order Incomes,"8,59"
20279,2,6,,,2026-10-23 18:10:07,Income,Cash,Computer Incomes,"9,39"
20280,5,5,,,2026-10-23 09:06:03,Income,Credit Card,Computer Incomes,"7,19"
20281,3,11,,,2026-10-23 10:41:39,Income,Cash,Computer Incomes,"3,00"
20282,2,1,26.0,,2026-10-23 21:08:58,Income,Cash,Order Incomes,"5,40"
20283,4,4,,,2026-10-23 12:15:55,Income,Cash,Computer Incomes,"10,79"
20284,4,5,,,2026-10-23 23:05:12,Income,Credit Card,Computer Incomes,"3,60"
20285,1,11,,,2026-10-23 13:29:50,Income,Cash,Computer Incomes,"17,38"
20286,5,16,47.0,,2026-10-23 22:48:59,Income,Cash,Order Incomes,"17,98"
20287,3,24,,,2026-10-23 21:27:57,Income,Cash,Playstation Incomes,"5,20"
20288,3,10,,8.0,2026-10-23 13:47:18,Income,Cash,Member Transactions,"16,18"
20289,2,5,,,2026-10-23 11:26:47,Income,Cash,Computer Incomes,"17,78"
20290,5,11,,,2026-10-23 12:04:51,Income,Cash,Computer Incomes,"19,77"
20291,4,23,,,2026-10-23 13:37:25,Income,Cash,Playstation Incomes,"18,17"
20292,4,16,,,2026-10-23 19:20:59,Income,Cash,Computer Incomes,"17,57"
20293,3,16,,,2026-10-23 09:59:48,Income,Cash,Computer Incomes,"10,18"
20294,5,24,,,2026-10-23 19:25:26,Income,Cash,Playstation Incomes,"5,79"
20295,1,4,,,2026-10-23 22:39:55,Income,Cash,Computer Incomes,"7,98"
20296,5,12,,21.0,2026-10-23 18:30:45,Income,Cash,Member Transactions,"12,37"
20297,1,4,9.0,,2026-10-23 19:35:28,Income,Cash,Order Incomes,"8,18"
20298,4,2,20.0,,2026-10-23 14:02:47,Income,Cash,Order Incomes,"12,77"
20299,2,14,,48.0,2026-10-23 14:02:28,Income,Cash,Member Transactions,"8,78"
20300,1,5,,,2026-10-23 13:00:15,Income,Cash,Computer Incomes,"11,78"
20301,5,16,,,2026-10-23 17:44:21,Income,Cash,Computer Incomes,"2,99"
20302,5,23,,,2026-10-23 11:58:41,Income,Cash,Playstation Incomes,"5,79"
20303,2,4,,,2026-10-23 14:44:50,Income,Cash,Computer Incomes,"6,78"
20304,2,4,,,2026-10-23 19:24:26,Income,Cash,Computer Incomes,"6,98"
20305,3,5,,,2026-10-23 14:48:22,Income,Cash,Computer Incomes,"4,19"
20306,2,24,,,2026-10-23 11:26:50,Income,Cash,Playstation Incomes,"17,17"
20307,5,8,,,2026-10-23 18:07:59,Income,Cash,Computer Incomes,"2,99"
20308,4,6,,,2026-10-23 17:03:05,Income,Cash,Computer Incomes,"10,78"
20309,4,13,,43.0,2026-10-23 17:10:26,Income,Cash,Member Transactions,"12,37"
20310,5,9,,,2026-10-23 10:46:17,Income,Cash,Computer Incomes,"6,78"
20311,4,23,,,2026-10-23 11:23:27,Income,Cash,Playstation Incomes,"7,38"
20312,1,24,,,2026-10-23 22:46:41,Income,Credit Card,Playstation Incomes,"3,99"
20313,5,23,,,2026-10-24 09:16:20,Income,Cash,Playstation Incomes,"18,80"
20314,4,24,,,2026-10-24 11:33:07,Income,Cash,Playstation Incomes,"6,82"
20315,1,14,,,2026-10-24 21:30:48,Income,Cash,Computer Incomes,"9,40"
20316,5,23,,,2026-10-24 21:58:23,Income,Cash,Playstation Incomes,"13,87"
20317,3,12,,,2026-10-24 22:07:18,Income,Credit Card,Computer Incomes,"15,28"
20318,5,2,,,2026-10-24 14:30:03,Income,Cash,Computer Incomes,"19,74"
20319,5,9,,,2026-10-24 19:43:00,Income,Cash,Computer Incomes,"23,26"
20320,3,5,23.0,,2026-10-24 20:08:32,Income,Cash,Order Incomes,"7,29"
20321,5,15,21.0,,2026-10-24 15:58:56,Income,Credit Card,Order Incomes,"3,06"
20322,4,5,,,2026-10-24 17:19:42,Income,Cash,Computer Incomes,"19,51"
20323,2,24,,,2026-10-24 22:24:58,Income,Cash,Playstation Incomes,"2,35"
20324,3,23,,,2026-10-24 11:30:22,Income,Cash,Playstation Incomes,"23,03"
20325,5,12,,,2026-10-24 16:51:20,Income,Cash,Computer Incomes,"22,56"
20326,2,6,,,2026-10-24 15:52:08,Income,Cash,Computer Incomes,"21,85"
20327,4,15,,,2026-10-24 17:24:00,Income,Cash,Computer Incomes,"5,41"
20328,1,11,43.0,,2026-10-24 13:29:36,Income,Credit Card,Order Incomes,"15,75"
20329,2,2,,,2026-10-24 12:13:08,Income,Credit Card,Computer Incomes,"17,39"
20330,4,24,,,2026-10-24 09:06:36,Income,Cash,Playstation Incomes,"4,47"
20331,4,16,,,2026-10-24 15:32:10,Income,Cash,Computer Incomes,"7,29"
20332,1,1,,,2026-10-24 19:58:46,Income,Cash,Computer Incomes,"4,70"
20333,1,2,,,2026-10-24 10:57:53,Income,Cash,Computer Incomes,"16,21"
20334,4,10,,,2026-10-24 12:53:27,Income,Cash,Computer Incomes,"16,44"
20335,1,1,,,2026-10-24 15:11:09,Income,Cash,Computer Incomes,"15,74"
20336,3,11,,,2026-10-24 16:21:04,Income,Cash,Computer Incomes,"9,39"
20337,1,14,,,2026-10-24 12:57:38,Income,Cash,Computer Incomes,"11,27"
20338,1,13,,,2026-10-24 11:12:27,Income,Credit Card,Computer Incomes,"2,34"
20339,4,7,,,2026-10-24 22:56:05,Income,Cash,Computer Incomes,"13,15"
20340,1,23,,,2026-10-24 12:53:53,Income,Cash,Playstation Incomes,"21,84"
20341,4,2,,,2026-10-24 17:43:10,Income,Cash,Computer Incomes,"8,45"
20342,3,4,,,2026-10-24 13:26:59,Income,Credit Card,Computer Incomes,"12,45"
20343,4,11,,,2026-10-24 09:33:17,Income,Credit Card,Computer Incomes,"5,16"
20344,3,24,,,2026-10-24 13:56:08,Income,Cash,Playstation Incomes,"3,99"
20345,3,4,,,2026-10-24 14:09:08,Income,Cash,Computer Incomes,"15,27"
20346,2,9,33.0,,2026-10-24 15:44:57,Income,Cash,Order Incomes,"5,63"
20347,3,9,,,2026-10-24 20:27:44,Income,Cash,Computer Incomes,"2,81"
20348,1,13,,,2026-10-24 11:05:42,Income,Cash,Computer Incomes,"12,21"
20349,3,3,,,2026-10-24 19:45:05,Income,Credit Card,Computer Incomes,"20,90"
20350,4,6,,42.0,2026-10-25 19:46:35,Income,Cash,Member Transactions,"13,13"
20351,4,11,4.0,,2026-10-25 22:57:37,Income,Cash,Order Incomes,"12,02"
20352,4,5,,,2026-10-25 09:23:27,Income,Cash,Computer Incomes,"8,66"
20353,3,14,,,2026-10-25 12:19:53,Income,Cash,Computer Incomes,"17,60"
20354,5,23,,,2026-10-25 12:37:56,Income,Cash,Playstation Incomes,"17,04"
20355,1,16,,,2026-10-25 19:26:55,Income,Credit Card,Computer Incomes,"10,62"
20356,4,14,,,2026-10-25 10:36:46,Income,Cash,Computer Incomes,"13,13"
20357,1,8,,,2026-10-25 19:15:07,Income,Cash,Computer Incomes,"24,31"
20358,2,14,41.0,,2026-10-25 17:06:03,Income,Cash,Order Incomes,"19,28"
20359,5,2,,,2026-10-25 21:42:17,Income,Cash,Computer Incomes,"21,23"
20360,1,15,,,2026-10-25 20:13:07,Income,Cash,Computer Incomes,"4,46"
20361,4,11,10.0,,2026-10-25 22:56:02,Income,Cash,Order Incomes,"10,61"
20362,1,10,,,2026-10-25 23:20:15,Income,Cash,Computer Incomes,"19,27"
20363,1,24,,,2026-10-25 16:32:17,Income,Cash,Playstation Incomes,"21,50"
20364,4,23,,,2026-10-26 12:04:49,Income,Cash,Playstation Incomes,"19,26"
20365,3,1,,,2026-10-26 23:48:46,Income,Cash,Computer Incomes,"20,30"
20366,1,24,,,2026-10-26 09:39:24,Income,Cash,Playstation Incomes,"4,69"
20367,4,4,,,2026-10-26 10:15:34,Income,Cash,Computer Incomes,"20,56"
20368,5,2,,,2026-10-26 16:47:26,Income,Cash,Computer Incomes,"15,88"
20369,5,16,,,2026-10-26 18:29:57,Income,Cash,Computer Incomes,"16,14"
20370,1,23,,,2026-10-26 18:19:56,Income,Cash,Playstation Incomes,"24,98"
20371,3,7,,26.0,2026-10-26 11:27:29,Income,Cash,Member Transactions,"15,88"
20372,5,3,,,2026-10-26 12:24:16,Income,Cash,Computer Incomes,"4,43"
20373,1,9,,,2026-10-26 10:18:09,Income,Cash,Computer Incomes,"14,05"
20374,3,14,,,2026-10-26 12:53:24,Income,Cash,Computer Incomes,"5,72"
20375,4,24,,,2026-10-26 14:30:50,Income,Cash,Playstation Incomes,"17,43"
20376,2,9,,,2026-10-26 13:10:33,Income,Cash,Computer Incomes,"23,67"
20377,3,2,,,2026-10-26 16:43:41,Income,Cash,Computer Incomes,"5,72"
20378,3,4,35.0,,2026-10-26 19:57:30,Income,Cash,Order Incomes,"9,36"
20379,1,10,,,2026-10-26 14:07:51,Income,Cash,Computer Incomes,"15,09"
20380,3,10,,40.0,2026-10-26 09:42:40,Income,Cash,Member Transactions,"12,48"
20381,5,7,,,2026-10-26 17:12:56,Income,Credit Card,Computer Incomes,"3,64"
20382,3,23,,,2026-10-26 14:24:26,Income,Cash,Playstation Incomes,"4,68"
20383,4,6,,,2026-10-26 19:33:28,Income,Cash,Computer Incomes,"19,51"
20384,1,6,19.0,,2026-10-26 15:53:15,Income,Cash,Order Incomes,"19,25"
20385,1,24,,,2026-10-26 21:19:28,Income,Cash,Playstation Incomes,"10,66"
20386,4,6,,,2026-10-26 17:17:03,Income,Cash,Computer Incomes,"19,25"
20387,5,16,,,2026-10-26 21:20:05,Income,Cash,Computer Incomes,"19,51"
20388,5,23,,,2026-10-27 17:10:03,Income,Cash,Playstation Incomes,"15,48"
20389,5,5,42.0,,2026-10-27 23:00:43,Income,Cash,Order Incomes,"20,73"
20390,4,6,,,2026-10-27 18:32:07,Income,Cash,Computer Incomes,"10,78"
20391,4,11,,,2026-10-27 11:28:48,Income,Cash,Computer Incomes,"17,41"
20392,4,2,,,2026-10-27 11:41:50,Income,Credit Card,Computer Incomes,"11,89"
20393,4,24,,,2026-10-27 23:59:56,Income,Cash,Playstation Incomes,"17,14"
20394,3,11,14.0,,2026-10-27 10:28:21,Income,Cash,Order Incomes,"13,82"
20395,4,1,,1.0,2026-10-27 19:10:49,Income,Cash,Member Transactions,"5,53"
20396,5,9,,,2026-10-27 09:52:05,Income,Cash,Computer Incomes,"11,61"
20397,4,23,,,2026-10-27 20:47:11,Income,Cash,Playstation Incomes,"17,41"
20398,4,12,23.0,,2026-10-27 16:56:59,Income,Cash,Order Incomes,"4,69"
20399,1,5,,,2026-10-27 23:52:15,Income,Cash,Computer Incomes,"9,67"
20400,4,10,,,2026-10-27 16:36:35,Income,Cash,Computer Incomes,"7,46"
20401,4,11,,33.0,2026-10-27 09:08:46,Income,Cash,Member Transactions,"26,52"
20402,4,24,,,2026-10-27 09:41:02,Income,Credit Card,Playstation Incomes,"14,36"
20403,5,8,13.0,,2026-10-27 16:45:58,Income,Cash,Order Incomes,"17,40"
20404,2,23,,,2026-10-27 10:23:30,Income,Cash,Playstation Incomes,"5,80"
20405,5,13,,,2026-10-27 22:33:18,Income,Cash,Computer Incomes,"6,63"
20406,1,2,,,2026-10-28 10:38:06,Income,Cash,Computer Incomes,"3,01"
20407,2,4,,,2026-10-28 17:17:54,Income,Cash,Computer Incomes,"16,26"
20408,3,4,,,2026-10-28 19:16:11,Income,Cash,Computer Incomes,"11,24"
20409,5,1,,,2026-10-28 11:47:56,Income,Cash,Computer Incomes,"8,83"
20410,1,16,,,2026-10-28 15:53:34,Income,Cash,Computer Incomes,"5,22"
20411,5,10,,,2026-10-28 09:15:43,Income,Cash,Computer Incomes,"14,45"
20412,4,14,,38.0,2026-10-28 12:30:34,Income,Cash,Member Transactions,"10,44"
20413,5,16,,,2026-10-28 18:32:03,Income,Cash,Computer Incomes,"3,82"
20414,1,15,,,2026-10-28 22:45:32,Income,Cash,Computer Incomes,"10,84"
20415,3,13,,,2026-10-28 21:58:26,Income,Cash,Computer Incomes,"6,82"
20416,3,15,,,2026-10-28 10:52:12,Income,Cash,Computer Incomes,"8,42"
20417,5,4,,,2026-10-28 18:56:13,Income,Credit Card,Computer Incomes,"12,64"
20418,3,24,,,2026-10-28 19:42:09,Income,Cash,Playstation Incomes,"2,00"
20419,5,23,,,2026-10-28 13:03:33,Income,Credit Card,Playstation Incomes,"2,20"
20420,2,24,,,2026-10-28 11:32:01,Income,Cash,Playstation Incomes,"17,65"
20421,4,1,,,2026-10-28 20:08:33,Income,Cash,Computer Incomes,"16,05"
20422,3,2,,,2026-10-28 18:11:59,Income,Cash,Computer Incomes,"12,43"
20423,3,15,,,2026-10-28 19:57:15,Income,Cash,Computer Incomes,"19,46"
20424,2,1,,,2026-10-29 18:34:11,Income,Credit Card,Computer Incomes,"20,64"
20425,1,23,,,2026-10-29 10:57:31,Income,Cash,Playstation Incomes,"5,07"
20426,3,10,,,2026-10-29 10:48:48,Income,Cash,Computer Incomes,"22,19"
20427,3,9,,,2026-10-29 20:56:15,Income,Cash,Computer Incomes,"12,46"
20428,1,3,38.0,,2026-10-29 11:01:49,Income,Cash,Order Incomes,"15,19"
20429,1,14,,,2026-10-29 13:41:57,Income,Cash,Computer Incomes,"35,82"
20430,3,24,,,2026-10-29 20:38:21,Income,Cash,Playstation Incomes,"29,20"
20431,1,23,,,2026-10-29 15:12:32,Income,Cash,Playstation Incomes,"14,80"
20432,5,4,,63.0,2026-10-29 10:24:12,Income,Cash,Member Transactions,"6,62"
20433,3,24,,,2026-10-29 19:17:25,Income,Cash,Playstation Incomes,"38,53"
20434,5,4,,,2026-10-29 12:10:03,Income,Credit Card,Computer Incomes,"22,18"
20435,5,6,,,2026-10-29 09:50:45,Income,Cash,Computer Incomes,"20,63"
20436,3,14,,,2026-10-29 20:04:42,Income,Cash,Computer Incomes,"4,67"
20437,3,14,,,2026-10-29 12:00:50,Income,Credit Card,Computer Incomes,"19,07"
20438,4,2,4.0,,2026-10-29 16:46:06,Income,Cash,Order Incomes,"29,97"
20439,2,23,,,2026-10-29 21:40:58,Income,Credit Card,Playstation Incomes,"15,95"
20440,5,9,,,2026-10-29 21:06:28,Income,Cash,Computer Incomes,"32,30"
20441,2,3,45.0,,2026-10-29 09:09:17,Income,Cash,Order Incomes,"26,46"
20442,3,15,,,2026-10-29 11:25:13,Income,Credit Card,Computer Incomes,"28,02"
20443,2,4,,58.0,2026-10-30 10:16:25,Income,Cash,Member Transactions,"1,70"
20444,2,5,,,2026-10-30 09:31:36,Income,Credit Card,Computer Incomes,"16,31"
20445,5,4,,,2026-10-30 16:36:09,Income,Cash,Computer Incomes,"6,80"
20446,5,24,,,2026-10-30 23:38:07,Income,Cash,Playstation Incomes,"13,42"
20447,4,23,,,2026-10-30 11:43:24,Income,Cash,Playstation Incomes,"12,23"
20448,4,24,,,2026-10-30 19:41:14,Income,Cash,Playstation Incomes,"13,59"
20449,4,3,,,2026-10-30 23:35:52,Income,Cash,Computer Incomes,"12,06"
20450,2,10,35.0,,2026-10-30 14:45:33,Income,Cash,Order Incomes,"9,18"
20451,3,3,,,2026-10-30 23:49:34,Income,Cash,Computer Incomes,"2,38"
20452,4,12,,,2026-10-30 14:23:09,Income,Cash,Computer Incomes,"7,82"
20453,5,8,21.0,,2026-10-30 16:45:57,Income,Cash,Order Incomes,"10,70"
20454,5,23,,,2026-10-30 21:41:57,Income,Cash,Playstation Incomes,"7,48"
20455,1,1,,,2026-10-30 20:40:03,Income,Cash,Computer Incomes,"6,12"
20456,4,24,,,2026-10-30 15:10:39,Income,Cash,Playstation Incomes,"11,04"
20457,2,16,,,2026-10-30 14:45:15,Income,Cash,Computer Incomes,"9,18"
20458,3,7,,,2026-10-30 17:53:41,Income,Credit Card,Computer Incomes,"6,80"
20459,1,10,,,2026-10-30 15:40:18,Income,Credit Card,Computer Incomes,"13,25"
20460,1,11,,55.0,2026-10-30 11:26:40,Income,Credit Card,Member Transactions,"16,31"
20461,4,1,,,2026-10-30 12:47:24,Income,Cash,Computer Incomes,"5,94"
20462,5,3,,56.0,2026-10-30 09:26:37,Income,Cash,Member Transactions,"10,01"
20463,1,16,,3.0,2026-10-30 20:50:58,Income,Cash,Member Transactions,"7,47"
20464,2,11,,,2026-10-30 11:29:58,Income,Cash,Computer Incomes,"11,88"
20465,4,11,,,2026-10-30 11:02:07,Income,Credit Card,Computer Incomes,"8,66"
20466,3,23,,,2026-10-30 15:12:09,Income,Cash,Playstation Incomes,"1,86"
20467,2,12,,,2026-10-30 10:03:35,Income,Cash,Computer Incomes,"8,15"
20468,3,1,,,2026-10-30 11:54:18,Income,Cash,Computer Incomes,"2,20"
20469,1,8,13.0,,2026-10-30 14:02:02,Income,Credit Card,Order Incomes,"6,62"
20470,5,3,,,2026-10-30 21:11:36,Income,Credit Card,Computer Incomes,"15,62"
20471,2,15,,,2026-10-30 21:41:45,Income,Cash,Computer Incomes,"2,71"
20472,4,11,,,2026-10-30 14:12:58,Income,Cash,Computer Incomes,"12,56"
20473,1,13,,,2026-10-30 09:30:29,Income,Credit Card,Computer Incomes,"1,69"
20474,2,11,41.0,,2026-10-30 20:45:59,Income,Cash,Order Incomes,"6,79"
20475,4,9,,,2026-10-30 15:12:36,Income,Cash,Computer Incomes,"6,45"
20476,4,7,,,2026-10-30 11:13:21,Income,Cash,Computer Incomes,"13,92"
20477,3,24,,,2026-10-30 13:53:12,Income,Cash,Playstation Incomes,"11,03"
20478,1,16,,,2026-10-30 19:03:44,Income,Cash,Computer Incomes,"1,86"
20479,1,15,,,2026-10-31 15:06:17,Income,Cash,Computer Incomes,"12,14"
20480,1,15,39.0,,2026-10-31 12:26:10,Income,Cash,Order Incomes,"32,24"
20481,3,23,,,2026-10-31 09:39:34,Income,Cash,Playstation Incomes,"23,23"
20482,5,7,,,2026-10-31 15:03:16,Income,Cash,Computer Incomes,"27,74"
20483,1,13,,,2026-10-31 20:54:17,Income,Cash,Computer Incomes,"26,00"
20484,5,2,,,2026-10-31 14:01:31,Income,Cash,Computer Incomes,"7,28"
20485,2,24,,,2026-10-31 22:24:55,Income,Credit Card,Playstation Incomes,"25,31"
20486,5,9,23.0,,2026-10-31 18:18:27,Income,Cash,Order Incomes,"8,67"
20487,2,4,,,2026-10-31 23:12:36,Income,Cash,Computer Incomes,"13,18"
20488,5,23,,,2026-10-31 23:48:03,Income,Cash,Playstation Incomes,"29,47"
20489,1,8,43.0,,2026-10-31 21:41:42,Income,Cash,Order Incomes,"5,20"
20490,2,5,,,2026-10-31 19:30:46,Income,Cash,Computer Incomes,"14,91"
20491,5,10,,,2026-10-31 16:49:23,Income,Cash,Computer Incomes,"25,66"
20492,3,24,,,2026-10-31 18:58:22,Income,Cash,Playstation Incomes,"13,18"
20493,5,3,,,2026-10-31 09:14:57,Income,Cash,Computer Incomes,"16,64"
20494,2,4,,,2026-10-31 16:27:18,Income,Cash,Computer Incomes,"3,46"
20495,4,10,19.0,,2026-10-31 12:57:24,Income,Cash,Order Incomes,"13,17"
20496,2,4,,,2026-10-31 22:59:28,Income,Cash,Computer Incomes,"10,39"
20497,3,15,,,2026-10-31 09:39:29,Income,Cash,Computer Incomes,"14,55"
20498,5,11,,,2026-10-31 10:38:47,Income,Cash,Computer Incomes,"21,49"
20499,4,23,,,2026-10-31 14:41:42,Income,Cash,Playstation Incomes,"18,02"
20500,5,6,,,2026-10-31 17:43:18,Income,Cash,Computer Incomes,"34,66"
20501,3,8,32.0,,2026-10-31 16:45:12,Income,Credit Card,Order Incomes,"33,62"
20502,3,4,,,2026-10-31 17:35:29,Income,Cash,Computer Incomes,"32,23"
20503,3,2,,,2026-10-31 12:42:59,Income,Credit Card,Computer Incomes,"18,71"
20504,1,9,,,2026-10-31 09:47:21,Income,Cash,Computer Incomes,"25,99"
20505,5,3,,52.0,2026-10-31 16:34:07,Income,Cash,Member Transactions,"30,50"
20506,3,3,5.0,,2026-10-31 18:05:35,Income,Cash,Order Incomes,"19,41"
20507,3,14,,61.0,2024-08-18 13:28:14,Income,Cash,Member Transactions,"28,87"
20508,2,15,,24.0,2024-08-18 20:10:23,Income,Cash,Member Transactions,"31,04"
20509,3,11,,21.0,2024-08-15 15:01:59,Income,Cash,Member Transactions,"29,70"
20510,5,9,,59.0,2024-08-16 21:24:48,Income,Cash,Member Transactions,"20,99"
20511,2,14,,64.0,2024-08-18 12:43:54,Income,Cash,Member Transactions,"23,67"
20512,5,12,,18.0,2024-08-18 14:08:38,Income,Cash,Member Transactions,"42,96"
20513,5,5,,53.0,2024-08-13 19:08:25,Income,Cash,Member Transactions,"14,24"
20514,1,2,,47.0,2024-10-17 16:43:07,Income,Cash,Member Transactions,"11,93"
20515,5,11,,6.0,2024-10-15 17:03:01,Income,Cash,Member Transactions,"13,32"
20516,5,12,,34.0,2024-10-18 11:25:43,Income,Cash,Member Transactions,"20,81"
20517,2,15,,62.0,2024-10-20 17:13:22,Income,Cash,Member Transactions,"18,01"
20518,1,7,,60.0,2024-10-20 14:23:25,Income,Cash,Member Transactions,"26,71"
20519,5,1,,9.0,2024-10-20 22:00:24,Income,Cash,Member Transactions,"35,89"
20520,1,16,,8.0,2024-10-20 20:50:16,Income,Cash,Member Transactions,"34,16"
20521,1,1,,41.0,2024-10-18 19:38:57,Income,Cash,Member Transactions,"41,60"
20522,2,14,,23.0,2024-10-17 11:32:47,Income,Cash,Member Transactions,"31,75"
20523,2,5,,35.0,2024-10-17 17:21:26,Income,Cash,Member Transactions,"23,89"
20524,1,5,,14.0,2024-10-19 12:00:04,Income,Cash,Member Transactions,"24,75"
20525,1,2,,51.0,2024-10-20 19:41:59,Income,Cash,Member Transactions,"6,26"
20526,4,7,,23.0,2024-10-18 13:29:36,Income,Cash,Member Transactions,"29,18"
20527,5,15,,59.0,2024-10-17 22:31:06,Income,Cash,Member Transactions,"32,79"
20528,5,9,,6.0,2024-10-15 22:56:52,Income,Cash,Member Transactions,"23,26"
20529,1,16,,62.0,2025-01-16 20:57:54,Income,Cash,Member Transactions,"9,40"
20530,4,3,,3.0,2025-01-18 18:51:12,Income,Cash,Member Transactions,"5,28"
20531,4,11,,44.0,2025-01-18 14:32:50,Income,Cash,Member Transactions,"14,77"
20532,3,14,,58.0,2025-01-13 13:48:48,Income,Cash,Member Transactions,"43,50"
20533,3,9,,59.0,2025-01-13 14:48:55,Income,Cash,Member Transactions,"29,38"
20534,3,4,,1.0,2025-01-18 16:36:31,Income,Cash,Member Transactions,"14,58"
20535,4,1,,32.0,2025-01-16 19:31:05,Income,Cash,Member Transactions,"28,71"
20536,1,3,,11.0,2025-01-15 10:37:23,Income,Cash,Member Transactions,"37,66"
20537,4,2,,3.0,2025-01-16 20:05:15,Income,Cash,Member Transactions,"28,64"
20538,5,3,,20.0,2025-01-15 19:02:18,Income,Cash,Member Transactions,"30,81"
20539,1,3,,1.0,2025-01-13 17:38:17,Income,Cash,Member Transactions,"32,03"
20540,5,6,,42.0,2025-03-18 16:30:29,Income,Cash,Member Transactions,"15,32"
20541,5,4,,2.0,2025-03-18 18:51:59,Income,Cash,Member Transactions,"44,85"
20542,4,2,,19.0,2025-03-21 20:54:08,Income,Cash,Member Transactions,"34,04"
20543,5,12,,36.0,2025-03-22 17:32:23,Income,Cash,Member Transactions,"40,94"
20544,3,15,,18.0,2025-03-19 18:34:24,Income,Cash,Member Transactions,"11,43"
20545,2,6,,33.0,2025-03-22 12:15:40,Income,Cash,Member Transactions,"5,72"
20546,5,16,,17.0,2025-03-20 17:07:06,Income,Cash,Member Transactions,"17,32"
20547,2,14,,30.0,2025-03-19 15:54:21,Income,Cash,Member Transactions,"43,92"
20548,5,5,,21.0,2025-03-22 17:26:26,Income,Cash,Member Transactions,"25,11"
20549,1,6,,19.0,2025-03-17 14:59:47,Income,Cash,Member Transactions,"27,88"
20550,4,9,,46.0,2025-03-17 21:27:29,Income,Cash,Member Transactions,"41,59"
20551,4,9,,46.0,2026-08-17 14:23:28,Income,Cash,Member Transactions,"43,67"
20552,3,3,,33.0,2026-08-17 13:20:31,Income,Cash,Member Transactions,"17,68"
20553,3,5,,46.0,2026-08-18 15:57:02,Income,Cash,Member Transactions,"8,89"
20554,1,16,,17.0,2026-08-19 19:01:25,Income,Cash,Member Transactions,"38,95"
20555,1,1,,26.0,2026-08-22 16:28:41,Income,Cash,Member Transactions,"37,40"
20556,5,10,,57.0,2026-08-21 21:57:06,Income,Cash,Member Transactions,"30,12"
20557,3,6,,15.0,2026-08-22 21:50:22,Income,Cash,Member Transactions,"20,02"
20558,2,11,,58.0,2026-08-23 15:50:24,Income,Cash,Member Transactions,"26,71"
20559,4,9,,52.0,2026-08-18 19:21:48,Income,Cash,Member Transactions,"6,55"
20560,2,13,,60.0,2026-08-21 10:07:52,Income,Cash,Member Transactions,"13,63"
20561,5,6,,47.0,2026-08-20 15:44:31,Income,Cash,Member Transactions,"32,98"
20562,4,9,,30.0,2026-10-16 11:59:41,Income,Cash,Member Transactions,"6,64"
20563,1,9,,62.0,2026-10-13 16:25:36,Income,Cash,Member Transactions,"38,44"
20564,1,1,,1.0,2026-10-16 10:57:57,Income,Cash,Member Transactions,"22,69"
20565,2,11,,61.0,2026-10-16 14:00:15,Income,Cash,Member Transactions,"34,52"
20566,2,11,,26.0,2026-10-16 16:02:11,Income,Cash,Member Transactions,"19,24"
